species,year,circumference,height,crown,district
0,1985,90,3,3,12
0,1985,114,3,2,12
4,1976,180,3,5,22
2,2023,20,1,1,11
2,2023,20,1,1,11
4,2023,20,1,1,11
2,2011,86,2,3,12
0,1990,146,3,4,12
0,1962,148,3,3,17
0,1969,96,3,3,17
0,1970,91,3,2,12
0,1985,74,2,2,12
0,2022,21,1,1,12
6,1986,124,2,3,22
0,2004,61,2,2,12
6,1986,132,3,4,22
0,2008,75,2,3,12
0,1996,75,2,2,17
4,2024,30,2,1,2
3,1980,103,2,2,10
3,1980,108,3,3,10
7,1929,215,3,3,1
0,1988,83,3,3,1
3,1972,140,2,3,22
0,1928,158,3,4,17
5,1932,241,2,4,22
3,1964,210,4,3,15
2,2024,24,1,1,19
0,1989,128,2,4,15
3,1957,201,4,3,15
3,1950,172,4,3,18
2,2024,24,1,1,19
3,1980,103,2,2,10
6,1960,195,4,3,12
5,1991,79,3,2,23
6,1970,115,3,3,12
6,1965,132,3,3,12
6,1965,113,3,3,12
5,1992,67,3,1,23
5,1967,144,3,4,23
0,2014,44,1,1,12
0,1980,120,3,2,12
6,1987,104,3,2,3
0,2017,39,2,2,3
7,1998,79,2,2,23
0,1965,144,4,3,12
1,1985,117,3,3,13
6,1965,155,4,3,12
6,1975,109,2,2,12
0,1986,96,3,3,12
2,2017,62,2,2,22
0,1975,118,3,4,12
0,1975,117,2,3,12
7,1987,119,3,3,23
6,1960,129,3,2,12
0,1980,87,3,2,12
4,2018,61,2,2,22
7,1991,122,2,2,23
3,2001,76,2,1,23
0,1960,194,3,3,12
1,1945,208,5,3,3
6,1980,108,2,2,12
0,1980,108,3,2,12
4,1992,98,3,3,2
0,1965,125,3,3,12
4,1992,126,3,3,2
3,2000,74,2,1,23
0,1970,129,4,3,10
0,2007,83,2,2,12
0,2002,87,3,3,12
0,2007,60,2,2,12
0,1980,101,3,2,12
6,1965,129,3,3,12
6,1985,118,3,2,12
0,1977,108,3,3,19
3,1970,223,4,3,11
0,1994,84,3,2,19
0,1979,102,3,5,19
0,1950,165,4,3,19
0,1998,85,2,1,19
5,1987,114,3,2,11
0,1995,106,3,2,11
2,2017,39,1,1,22
3,1940,145,2,2,19
5,1990,106,2,3,19
6,2001,47,1,1,19
5,1970,250,3,3,11
6,1940,126,2,4,19
5,2000,64,2,2,19
6,1947,97,2,4,19
5,1990,58,1,1,19
3,1998,110,2,2,10
6,1947,119,3,2,19
5,2010,32,2,1,21
6,1940,108,2,3,19
5,1990,93,3,3,21
7,1990,54,2,2,22
7,1950,131,2,3,22
0,2013,32,1,1,9
5,1996,65,2,2,21
7,1950,157,2,4,22
0,1970,103,2,3,22
7,1990,55,2,2,22
0,1975,88,2,3,22
6,1981,90,3,2,3
6,1940,125,2,4,19
1,1924,288,5,5,19
1,2011,70,2,2,19
1,1999,76,2,2,19
1,1949,266,4,4,19
1,1949,210,3,4,19
1,1944,228,4,4,19
3,1940,146,4,2,19
7,1990,56,2,2,22
5,1976,130,4,4,22
4,1979,125,2,3,22
0,1988,98,2,3,19
6,1988,98,3,3,19
6,1978,119,2,3,22
1,1961,149,2,3,17
5,1953,297,4,5,17
6,1988,97,3,4,22
3,1975,150,3,3,22
7,1980,150,2,3,22
5,2008,52,2,2,21
3,1980,137,3,3,22
7,1980,137,2,3,22
0,1980,154,3,4,21
3,1965,125,3,3,12
2,2025,19,1,1,10
2,2025,19,1,1,10
2,2025,20,1,1,10
2,2025,19,1,1,12
5,1990,109,3,3,22
3,1980,134,3,4,22
5,1990,103,3,3,22
3,1980,148,3,4,22
7,1958,153,4,5,3
0,1969,128,4,5,3
6,1975,109,3,3,3
4,1957,182,4,5,3
4,1964,150,4,5,3
4,2018,28,1,1,3
4,1967,146,4,4,3
5,2010,33,1,1,18
4,1961,172,4,4,3
0,2017,30,1,1,19
4,1959,185,4,4,9
4,1969,144,4,3,9
6,1980,61,2,2,10
0,2004,61,2,2,19
2,2012,55,1,2,10
3,2023,24,1,1,21
3,2015,60,2,1,9
6,1947,204,4,5,9
7,1960,172,4,5,9
1,1916,283,4,4,9
0,1990,64,2,2,19
1,1952,114,2,2,22
0,1990,58,2,2,19
1,1960,145,3,3,22
0,1940,77,2,2,19
3,1952,171,3,4,14
7,1950,162,3,3,12
7,1950,182,3,3,12
7,1998,104,2,2,10
1,1924,220,4,5,13
6,1992,100,4,3,13
0,2002,77,2,2,13
6,1962,185,4,3,13
0,2002,52,2,2,13
0,1977,156,3,4,13
5,1929,229,5,6,12
0,1985,89,3,3,10
0,1980,92,3,3,10
0,1972,121,3,4,10
5,1989,97,3,3,12
0,1995,89,2,2,21
0,1995,90,2,2,21
7,1940,254,4,5,22
0,2000,60,2,2,21
3,1972,175,4,3,10
7,1950,210,4,4,22
6,1970,140,3,3,10
6,1970,117,3,3,10
6,1970,113,3,2,10
7,1940,193,3,4,22
0,1970,159,4,3,10
5,1992,78,2,2,21
0,1970,174,3,3,10
0,1970,180,4,3,10
7,1965,125,3,3,22
0,1995,85,2,2,21
5,1988,92,2,2,21
5,1974,159,4,4,22
7,1990,98,3,2,21
5,1984,137,2,3,21
0,1970,126,3,2,10
6,1983,91,2,2,21
0,1997,114,2,2,23
7,2005,54,2,2,21
3,2005,58,2,1,21
3,2000,62,2,2,21
3,1990,101,3,3,21
3,2005,48,3,1,21
0,1975,144,2,2,21
3,2000,65,2,2,21
0,1997,104,2,2,23
0,1997,113,2,2,23
0,1985,114,3,3,21
3,1936,201,4,5,13
6,1973,141,3,3,20
4,1957,138,3,3,15
0,1995,116,3,3,22
3,1997,70,2,3,21
0,1986,82,2,2,10
0,1995,103,3,3,22
0,1985,121,2,3,21
0,1985,105,2,2,21
0,1995,83,3,3,22
0,1995,97,3,3,22
0,1995,93,3,3,22
0,1995,102,3,3,22
0,1980,125,2,3,20
0,1995,101,3,3,22
0,1995,83,3,3,22
0,1995,86,3,3,22
0,1995,92,3,3,22
0,1995,83,3,3,22
0,1995,73,2,3,22
0,1995,76,2,3,22
0,1995,73,2,2,22
7,1990,138,3,3,10
7,1990,141,3,3,10
0,1995,103,3,3,22
0,1995,90,3,3,22
0,1995,105,3,3,22
0,1995,109,3,3,22
0,1995,93,3,3,22
0,2022,26,1,1,14
0,1995,98,3,3,22
6,1995,91,2,3,20
0,1995,91,3,3,22
0,1995,78,3,3,22
0,1995,72,2,2,22
0,1995,77,3,3,22
0,1995,91,2,3,22
0,1995,109,3,3,22
0,1986,70,2,2,10
0,1986,86,2,2,10
3,2018,37,1,1,3
3,2018,39,1,1,3
3,2018,25,1,1,3
0,1981,122,2,2,11
0,1993,117,2,3,11
1,1931,266,4,4,17
5,1992,103,2,3,11
7,1949,209,4,3,17
0,1975,159,3,3,11
1,1959,180,3,3,17
6,1940,126,3,2,19
5,2005,84,2,3,12
0,1993,102,2,2,11
5,2001,71,2,2,2
5,1936,232,3,4,2
0,2008,80,2,2,12
0,1987,110,2,2,11
1,1919,229,3,3,17
1,1944,224,3,4,17
1,1951,207,4,3,17
3,1964,129,2,1,15
3,1935,97,3,2,17
1,2008,67,2,2,12
5,2013,55,1,1,13
3,1921,112,3,3,17
3,1965,148,4,3,21
5,2018,35,1,1,13
0,2012,55,2,2,12
2,2008,105,2,3,3
5,1966,133,3,3,20
2,2008,83,2,2,3
0,1970,132,3,3,20
3,1956,126,2,2,20
5,1970,147,5,4,2
1,1936,258,4,5,21
3,1965,131,3,3,6
3,1947,120,3,3,18
1,1992,120,3,4,13
3,1940,157,3,4,18
1,1992,118,3,3,13
4,1987,122,2,3,13
1,2007,82,2,2,13
4,2008,92,2,2,13
1,1982,143,3,3,13
1,1997,96,3,2,13
6,1975,111,3,3,12
6,1956,166,3,3,12
1,2007,70,1,2,13
0,2002,81,2,2,12
0,2004,69,2,2,12
3,1940,154,4,3,18
0,1970,116,3,3,12
0,1975,91,2,2,12
4,1967,191,4,3,13
4,1967,180,4,4,13
6,1960,149,3,3,12
4,1967,182,4,4,13
3,1947,116,3,2,18
1,1950,155,2,3,12
4,1967,182,4,3,13
1,2010,77,2,2,2
4,1987,130,4,3,13
7,1957,167,3,4,21
4,1999,61,2,2,21
1,1972,125,3,4,13
3,1940,138,2,2,18
3,1969,131,3,2,21
6,1990,87,2,3,11
1,1927,230,4,6,13
1,2002,76,2,2,13
4,1976,163,3,3,13
5,2008,40,2,2,13
1,1947,167,4,4,13
1,1947,180,4,5,13
1,1947,190,4,4,13
1,1972,122,3,4,13
1,1962,129,3,4,13
1,1947,180,4,5,13
1,1957,162,3,3,13
1,1937,183,3,4,13
1,1972,122,3,3,13
1,1962,154,4,5,13
1,1927,220,3,3,13
5,1972,118,3,4,13
3,1985,91,2,2,21
5,2008,41,2,2,13
5,1972,120,2,3,13
7,1989,114,2,3,21
5,1982,97,3,3,13
6,1964,164,3,4,22
4,2021,41,1,1,10
4,2021,39,1,1,10
0,1984,92,3,3,1
5,2000,90,2,2,11
3,1946,130,4,3,2
5,1980,54,2,2,11
6,1980,97,2,3,11
0,1980,83,2,2,11
0,1980,110,2,2,11
6,1980,82,2,2,11
6,1980,144,2,2,11
6,1980,82,2,2,11
6,1980,97,2,2,11
0,1980,85,2,2,11
0,1972,137,4,4,14
0,1980,70,2,2,11
7,1959,192,3,3,17
0,1980,62,2,2,11
0,1980,92,2,2,11
6,1971,158,3,3,17
1,1928,274,4,4,17
0,1980,102,2,2,11
2,1974,162,2,3,12
2,1970,172,2,3,12
0,1990,78,2,2,21
2,2000,90,2,3,13
2,2010,80,2,2,10
2,2023,24,1,1,10
0,1988,98,2,2,21
0,1987,82,3,2,13
5,1987,78,2,3,10
0,1992,124,2,1,13
2,1982,121,2,3,12
6,2000,57,2,2,12
0,1986,103,3,3,21
6,1989,99,3,3,3
2,1977,137,2,3,12
4,2023,33,1,1,10
0,2004,72,2,2,10
2,2022,25,1,1,21
0,1972,159,4,4,10
2,2021,20,1,1,21
6,1972,128,3,4,10
0,1990,96,3,3,10
2,2021,35,1,1,21
2,2020,48,1,1,21
2,2012,34,1,1,21
2,2010,51,1,1,21
2,2022,20,1,1,21
3,2022,25,1,1,21
6,1951,102,4,3,16
6,1939,186,3,3,16
6,1920,153,4,3,16
0,1983,68,3,2,16
7,1989,90,2,2,1
4,1948,195,4,5,1
7,1946,176,3,4,1
6,1975,98,3,2,22
4,1971,119,3,3,1
3,1908,139,2,2,17
6,1932,135,4,3,16
0,1952,100,4,2,16
7,1989,79,2,2,1
0,1977,102,3,3,1
0,1980,105,4,3,1
2,2014,75,2,2,1
2,2019,25,1,1,1
6,1969,128,3,3,1
0,1931,133,4,2,16
2,2014,30,1,1,1
4,1972,155,4,3,1
2,2014,33,1,1,1
2,2014,57,2,2,1
2,2014,75,2,2,1
2,2014,63,2,1,1
0,1939,122,4,2,16
0,1948,106,2,2,16
6,2004,62,2,2,1
2,2010,73,2,2,1
2,2014,57,2,2,1
4,1915,256,5,4,1
2,2014,75,2,2,1
2,2017,81,2,2,1
2,2014,88,2,2,1
1,1975,159,3,3,23
2,2014,73,2,2,1
2,2014,62,2,2,1
4,1959,168,4,5,1
4,1960,163,4,6,1
4,1978,135,3,4,1
4,1980,119,3,5,1
4,1976,129,4,5,1
0,1952,118,2,2,17
4,1953,185,4,6,1
4,1935,240,4,6,1
5,1987,129,3,3,10
7,1961,152,4,4,1
5,1987,72,2,2,10
5,1975,97,2,3,10
1,1949,210,4,4,12
2,2012,58,2,2,1
0,1983,91,3,3,1
2,2013,60,2,2,1
4,1958,220,4,5,22
2,2012,107,2,2,12
0,1979,105,4,4,1
4,1949,211,4,5,22
6,1997,76,2,2,19
6,1999,66,3,2,19
0,1975,109,2,3,22
7,1996,106,2,2,22
7,1969,205,3,3,22
5,1938,204,3,6,12
0,1989,74,2,3,12
0,1975,80,2,2,21
0,1975,93,2,3,21
1,2006,54,1,2,15
5,2010,39,1,1,12
0,2000,67,2,2,18
0,1987,124,3,3,18
1,1947,211,3,3,18
3,1962,143,3,4,12
0,1997,99,4,3,18
0,1987,144,3,3,18
5,1977,163,3,3,18
3,1947,226,3,3,18
5,1987,103,2,3,10
0,1954,175,4,6,12
0,1990,81,2,4,12
0,1980,104,3,4,12
2,1980,134,2,3,12
5,1987,100,2,3,10
2,2016,48,1,2,10
5,1987,92,2,4,10
5,1997,89,2,2,18
5,2007,75,2,2,23
0,1999,104,2,3,22
4,1975,138,3,3,10
0,1984,107,2,3,21
1,2009,94,3,2,2
1,1907,165,3,3,2
1,1957,112,3,3,2
0,1987,96,2,2,21
2,2020,38,2,2,2
2,2020,35,2,2,2
0,2006,80,2,2,21
1,1960,131,3,3,2
1,1995,107,3,2,2
1,1985,113,3,3,2
1,1998,72,3,2,2
1,1937,148,3,3,2
1,2014,48,2,1,2
6,1940,116,2,1,19
1,1962,137,3,3,2
5,1985,109,2,2,19
5,2000,77,2,2,19
6,1947,93,2,3,19
0,2001,73,2,2,10
5,1970,205,2,2,11
6,1940,146,3,3,19
5,2000,78,2,1,19
5,1995,61,2,2,19
0,2018,49,1,2,10
0,2018,45,1,1,10
6,1999,62,2,1,19
6,1947,99,3,3,19
0,2012,52,2,1,21
1,1985,90,3,2,10
1,1909,161,3,2,19
1,1903,170,4,3,19
1,1985,84,2,2,10
1,1902,172,3,3,19
1,1979,139,3,3,10
1,1940,158,3,3,19
1,1907,202,3,4,22
1,1940,155,3,3,19
1,1960,210,3,3,19
1,1947,102,2,2,19
2,2022,22,1,1,10
3,2023,20,1,1,21
1,1947,100,3,2,19
0,1996,67,2,2,21
1,1947,94,3,2,19
3,1989,109,2,2,19
2,2013,155,1,2,12
1,1930,223,3,3,10
1,1940,161,3,3,19
1,1940,138,3,3,19
1,1940,118,3,2,19
1,1947,102,3,2,19
1,1935,195,3,3,19
5,1989,100,2,2,19
3,1986,101,2,3,19
1,1947,102,3,2,19
3,1989,102,3,3,19
0,1986,107,2,4,19
1,1930,127,3,2,10
1,1940,162,2,4,19
0,1996,96,3,2,19
0,1979,71,2,2,19
1,1940,144,2,3,19
0,1975,109,2,3,22
5,1990,115,2,2,21
0,1977,84,2,2,19
0,1989,94,2,3,19
1,2020,33,2,1,2
5,1990,123,3,3,21
6,1984,122,2,2,19
2,2023,20,1,1,10
2,2023,20,1,1,10
4,1975,89,2,2,10
3,2001,85,3,3,15
5,1995,101,3,4,21
4,1975,105,2,3,10
4,1997,53,2,2,10
7,1988,123,2,2,10
7,1988,113,2,2,10
0,1980,116,3,3,10
3,1980,78,2,1,10
3,2023,25,1,1,21
3,1996,106,2,3,10
0,1960,131,3,3,10
0,1985,108,3,3,10
0,1990,101,3,2,10
0,2010,59,2,2,10
6,1985,78,2,2,10
0,1980,100,3,3,10
0,1944,192,4,4,20
2,2013,35,1,1,22
4,2015,37,2,1,10
0,2000,65,2,2,13
0,1997,80,2,2,13
7,1975,152,3,4,22
2,2023,20,1,1,11
2,2020,25,1,1,22
3,1947,132,2,3,18
2,2023,20,1,1,11
3,1957,98,2,2,18
4,1974,184,3,3,10
6,1976,78,2,3,10
3,2020,26,1,1,13
2,2014,26,1,1,13
7,1994,101,3,3,23
7,1992,91,2,2,23
2,2016,45,1,1,13
7,2015,42,2,2,22
0,1974,113,3,3,16
7,1967,144,3,3,15
6,1965,158,3,4,22
0,2004,113,3,2,11
0,1995,109,2,3,21
5,1965,217,3,6,21
0,1975,84,3,2,2
6,1985,101,3,3,22
0,1975,83,3,2,2
0,1997,78,3,3,22
6,1962,167,4,3,22
2,2021,18,1,1,2
7,2004,65,2,2,3
5,1969,130,2,3,13
1,2009,95,2,2,2
2,2015,62,1,2,16
2,2015,45,1,1,16
2,2015,62,1,2,16
2,2015,53,1,1,16
2,2015,76,1,2,16
2,2015,54,1,1,16
5,1986,104,3,3,11
5,1982,118,2,3,16
5,1980,164,3,4,11
5,1986,148,3,4,11
5,1986,141,3,4,11
5,1986,106,2,3,11
0,2022,26,1,1,10
2,1988,131,3,3,16
5,1986,132,3,4,11
5,1986,96,2,3,11
2,1985,119,3,3,16
5,1986,132,3,4,11
6,1985,107,2,3,19
2,1950,141,2,3,22
2,1950,177,2,3,22
2,1950,227,3,3,22
6,1976,48,1,2,22
7,1977,110,3,2,15
2,2015,81,2,2,16
6,1983,87,2,2,16
0,1993,88,2,2,16
0,1993,90,3,3,16
7,1972,125,3,3,15
0,1998,87,4,3,16
2,2015,74,1,2,16
5,1969,113,2,2,13
2,2023,20,1,1,1
0,1954,169,3,3,13
2,2021,18,1,1,2
2,2021,18,1,1,2
0,1945,141,3,3,2
6,1979,107,2,2,21
0,1970,111,3,3,2
2,2021,18,1,1,2
0,1964,139,2,3,21
0,1984,73,3,2,2
0,1975,108,3,4,22
2,2023,22,2,1,1
2,1988,106,2,2,16
2,1989,107,3,3,16
5,1986,130,3,4,11
5,1986,125,3,5,11
5,1986,126,3,4,11
5,1986,114,2,4,11
5,1986,106,2,4,11
2,1985,114,2,3,16
5,1989,95,2,3,16
5,1986,122,2,3,11
5,1986,111,2,4,11
5,1986,121,3,4,11
1,1980,125,2,2,21
5,1986,120,3,4,11
0,2011,79,1,1,11
5,1990,85,4,3,13
5,1971,143,3,4,22
5,1970,136,4,4,13
5,1996,115,3,2,13
1,2025,26,1,1,2
2,2015,78,1,2,16
3,1958,120,2,2,17
2,2015,81,2,2,16
2,2015,71,1,2,16
5,1986,147,2,4,11
5,1986,131,3,4,11
5,1986,85,2,3,11
2,2015,72,2,2,16
2,2015,78,1,2,16
6,1978,70,2,2,16
0,1988,67,2,2,16
5,1986,92,2,2,11
2,2015,68,1,2,16
2,2015,82,2,2,16
2,2015,85,2,2,16
2,2015,70,1,2,16
2,2023,20,1,1,11
0,1969,149,3,2,13
2,2023,20,1,1,11
5,1944,232,3,4,14
2,2023,20,1,1,11
0,1985,61,2,2,22
0,1945,132,3,3,2
2,2023,20,1,1,11
0,2002,45,3,2,2
0,1991,62,3,2,2
5,1986,158,3,4,11
3,2005,73,2,2,11
5,1986,102,2,3,11
0,1995,92,3,3,22
5,1986,142,3,4,11
3,2007,67,2,2,11
3,2006,83,2,2,11
5,2010,48,2,2,21
1,1950,168,4,4,13
1,1940,190,5,4,13
5,2005,57,2,2,21
6,1992,90,2,3,22
3,2007,49,2,1,2
3,2007,51,2,1,2
3,2024,26,1,1,2
3,2007,48,2,2,2
3,2007,63,2,2,2
0,1935,170,3,4,2
3,2007,60,2,2,2
0,1970,95,4,3,2
0,2002,45,3,2,2
0,1988,90,3,2,2
0,1986,96,3,3,2
3,2007,75,2,2,2
0,1970,131,3,3,2
5,2007,81,2,2,2
7,1981,105,3,3,3
2,2024,20,1,1,11
2,2015,46,2,2,11
2,2018,53,1,2,10
2,2024,20,1,1,11
0,1993,109,2,2,21
3,2005,82,2,2,11
0,1995,56,2,2,22
0,1995,71,2,3,22
3,2005,84,2,2,11
3,2005,80,2,2,11
6,1976,94,2,3,10
0,1986,67,3,3,2
2,2023,20,1,1,11
6,1972,139,3,3,10
2,2023,20,1,1,11
0,1985,74,3,2,2
0,1985,102,4,3,2
7,1980,84,2,2,11
6,1965,109,4,3,2
2,2018,17,1,1,11
6,1995,83,4,2,2
0,1969,128,3,3,10
0,1969,131,2,2,10
3,2007,73,2,2,2
3,2007,73,2,2,2
0,1969,136,3,3,10
3,2007,65,2,2,2
6,1970,109,3,3,2
3,2007,74,2,2,2
0,1970,102,3,3,2
0,1969,109,2,2,10
0,1970,97,3,3,2
5,2007,48,1,1,2
3,2007,66,2,2,2
3,2007,84,2,2,2
3,2007,77,2,2,2
3,1977,160,2,3,13
3,1988,119,3,3,13
2,2011,49,1,2,10
2,2024,20,1,1,11
2,2022,22,1,1,1
5,1983,86,2,2,21
2,2014,59,1,1,10
5,1992,74,2,2,10
0,2003,101,3,2,11
2,2015,65,2,3,11
0,2005,60,2,2,11
5,1992,99,3,2,10
0,2000,89,2,2,11
6,1975,76,2,3,22
5,1992,89,2,2,10
2,2023,20,1,1,11
3,1974,150,3,4,21
0,2004,54,2,2,21
0,1986,102,3,3,2
0,1985,61,2,2,22
0,1995,63,2,2,22
3,2003,107,1,2,11
0,1995,71,3,3,22
0,1995,76,2,3,22
0,1995,81,3,3,22
0,1974,143,3,3,21
0,1985,92,3,3,21
0,1969,124,3,3,21
0,2000,46,2,2,22
2,2021,18,1,1,11
0,2003,91,3,3,2
2,2018,30,1,1,22
6,1965,113,4,3,2
6,1991,67,3,2,2
6,1940,167,3,4,2
4,1984,281,3,5,10
4,1984,277,4,5,10
3,1988,130,2,2,13
3,1988,151,3,4,13
2,2019,139,1,2,10
0,1987,67,3,2,2
6,1985,52,2,2,2
0,1970,95,3,3,2
0,1970,78,3,3,2
3,1988,129,2,3,13
0,1970,114,4,4,2
3,1988,153,2,4,13
6,1965,111,3,3,2
2,2018,44,1,1,10
2,2013,62,1,1,10
2,2013,59,1,1,10
2,2018,18,1,1,11
6,1970,118,3,3,2
2,2013,81,1,2,10
2,2011,111,2,2,10
0,1940,116,3,3,2
2,2014,67,1,1,10
5,1992,69,2,1,10
6,1972,125,3,3,21
0,1945,129,3,3,2
6,1974,111,3,3,21
6,1984,85,3,2,2
2,2012,71,1,2,10
6,2000,83,1,2,11
3,2008,74,1,2,11
3,2009,85,1,2,11
0,2004,106,2,3,11
0,1983,118,3,3,21
0,1970,118,2,3,22
0,2000,50,2,1,22
1,2014,39,1,1,22
3,1950,190,4,4,22
1,1936,201,4,4,22
0,1969,164,4,4,21
1,1970,127,3,4,22
1,1926,216,4,4,22
1,1906,237,4,4,22
0,1994,89,2,2,21
1,1974,99,2,2,10
0,1950,149,3,4,2
0,1997,93,2,2,13
6,1935,126,2,2,2
6,1935,165,3,4,2
0,1955,145,3,3,2
2,2018,33,1,1,22
5,2013,46,1,1,13
0,1970,93,3,2,2
2,2020,25,1,1,22
2,2023,25,1,1,20
0,1995,65,3,2,2
0,1992,41,3,2,2
6,1980,68,3,2,2
0,1970,114,4,3,2
0,1970,109,4,3,2
0,1970,132,3,3,2
2,2019,181,1,2,10
0,1988,77,3,2,2
2,2019,145,1,2,10
1,1969,126,2,3,17
2,2009,37,1,1,16
2,2019,138,1,2,10
0,1970,94,3,3,2
2,2014,54,1,1,10
2,2015,62,1,1,10
2,2023,20,1,1,11
6,1986,39,3,2,2
0,1994,65,3,3,2
2,2018,45,1,1,10
2,2018,18,1,1,11
0,1993,109,3,3,2
6,1965,154,3,3,21
0,2002,64,3,2,2
1,2023,23,1,1,2
2,2015,25,1,1,11
5,1992,70,2,1,10
1,2023,20,1,1,2
2,2018,44,1,1,22
2,2019,44,1,1,10
0,1974,135,3,3,2
2,2018,43,1,2,22
0,2005,68,2,2,11
0,1994,91,3,2,2
0,2005,62,2,2,11
3,2024,23,1,1,15
0,1964,157,3,4,21
4,1921,295,4,4,21
3,2005,99,2,3,11
4,1922,212,4,3,21
0,1994,98,2,3,21
6,1984,119,3,3,21
2,2011,60,1,1,21
0,1995,56,2,2,21
0,1991,85,3,2,21
0,1986,132,4,3,2
6,1960,86,3,3,2
0,2014,32,2,1,2
6,1950,124,3,4,2
0,1945,135,3,3,2
0,1970,94,4,2,2
0,1970,104,3,3,2
1,1965,124,3,2,17
2,2019,35,1,1,10
2,2019,63,1,1,10
0,1975,114,3,4,2
2,2019,66,1,1,10
1,1976,104,3,2,17
0,1970,104,3,3,2
2,2019,68,1,1,10
1,1979,105,3,2,17
2,2018,20,1,1,11
0,1950,96,3,3,2
1,2023,23,1,1,2
2,2021,17,1,1,11
2,2021,18,1,1,11
0,1980,84,3,2,2
0,2001,53,2,2,22
6,1988,83,3,2,2
6,1991,63,3,2,2
0,1940,194,4,4,2
6,1985,72,3,2,2
6,1985,67,3,3,2
6,1984,86,3,2,2
0,1996,79,3,2,2
0,1987,108,3,3,21
4,1954,255,4,6,21
0,1984,135,2,4,21
0,2009,35,2,2,21
1,1954,242,3,5,21
6,2000,112,3,2,21
5,1990,102,2,3,21
1,1974,174,2,3,10
0,2012,33,1,1,21
2,2010,30,1,1,21
6,1950,89,3,2,2
1,1974,120,2,2,10
2,2020,26,1,1,22
3,1956,158,2,4,15
6,1974,81,2,0,10
0,1970,96,3,3,2
1,1932,165,3,3,17
1,1909,158,3,4,17
0,1960,90,4,3,2
1,1928,133,2,3,17
5,1988,158,3,3,19
7,1962,137,3,3,3
0,1986,107,4,3,2
6,1986,78,2,2,22
1,1965,126,3,3,2
2,2023,20,1,1,11
6,1986,81,4,2,2
0,2005,67,2,2,11
0,1993,111,3,3,23
1,1995,96,3,3,21
0,1985,103,3,3,2
6,1965,83,4,3,2
0,1994,81,2,2,22
6,1959,148,3,3,13
6,1965,90,4,2,2
0,2001,62,2,2,15
0,1908,260,3,4,15
1,1901,274,3,6,15
1,2014,25,1,1,23
6,1997,82,2,3,22
0,2000,82,2,3,22
0,2005,78,2,3,22
6,2003,70,3,2,2
0,1998,73,3,2,2
1,1975,107,2,2,16
2,2012,43,2,2,3
0,1965,81,3,2,2
2,2023,20,1,1,2
1,2023,25,1,1,2
6,1979,103,3,3,22
0,1985,86,3,2,2
6,1986,77,2,3,22
0,1935,165,3,4,2
3,1980,131,3,3,22
6,1957,73,1,2,19
4,2009,45,2,1,10
0,1987,114,2,3,2
0,1936,198,3,4,15
0,1933,201,3,3,15
0,2021,21,1,1,15
0,1942,178,3,4,15
0,1951,165,3,2,15
0,2021,19,1,1,15
0,1999,61,1,2,15
0,2001,65,1,2,15
0,1994,69,2,2,15
0,1955,161,3,4,15
2,2018,30,1,1,15
2,2010,48,2,2,3
0,2000,60,2,2,16
0,1965,91,3,2,2
1,1990,84,2,2,16
0,2002,67,3,2,2
0,1986,64,3,2,2
0,1997,89,3,2,23
6,1930,226,4,4,2
6,1958,194,3,3,22
2,2014,42,1,2,22
6,1970,114,2,2,21
7,1994,67,2,2,21
0,1943,179,2,2,15
5,1985,152,3,4,21
0,2018,32,1,1,15
5,1970,168,3,3,21
0,1982,109,3,4,7
6,1986,98,2,2,22
6,1995,108,2,3,22
1,2023,20,1,1,2
6,1969,139,3,3,21
0,1925,237,4,5,2
0,1970,110,3,3,2
0,1970,117,3,3,2
0,1997,52,3,2,2
1,1950,213,3,4,2
3,2007,66,2,2,2
0,1917,238,3,5,15
7,1948,130,2,3,17
0,2011,44,1,1,15
0,2013,31,1,1,15
3,1985,96,1,2,15
0,1904,267,3,4,15
0,1976,137,2,2,2
0,1945,178,3,4,15
1,1969,88,3,2,17
0,2013,27,1,1,15
0,1948,171,3,3,15
6,1952,161,2,3,16
6,2006,82,2,2,11
0,1992,75,1,1,15
0,2010,47,2,2,20
0,1993,81,3,2,2
0,1970,110,3,4,2
0,2002,72,3,2,2
0,1987,89,3,3,2
0,1950,128,3,4,2
1,2023,22,1,1,2
6,1985,42,1,1,22
0,1940,147,3,4,2
0,1975,81,2,3,22
6,1985,61,2,2,22
3,1962,183,3,4,22
6,1950,112,2,2,22
0,1945,140,3,3,2
6,1955,116,3,4,2
0,1991,97,4,3,2
0,1964,163,4,4,2
3,1989,124,2,3,23
5,1994,87,2,3,21
3,1998,94,2,2,23
3,1996,103,2,2,23
3,1998,85,2,2,23
0,1980,135,2,3,21
3,2006,62,2,3,2
5,1981,135,3,4,2
0,2020,40,1,1,22
6,2006,83,2,2,11
0,1997,78,2,2,22
0,1995,72,3,2,2
0,2010,36,2,1,20
0,2003,90,3,2,2
4,1959,188,2,5,13
4,1949,221,3,4,13
0,1995,84,3,3,2
4,1954,170,3,4,13
2,2000,169,2,3,16
0,2008,52,3,2,2
0,1968,150,4,4,2
0,2011,57,2,2,22
2,2018,17,1,1,11
6,2000,73,3,2,2
1,1984,198,2,4,21
0,2019,40,2,1,21
7,1974,145,3,4,21
5,2003,63,2,2,22
5,1947,200,3,5,22
6,1985,108,2,3,22
1,1965,183,3,3,21
1,1966,217,2,3,21
1,1954,250,4,3,21
1,1970,161,3,3,21
6,2006,88,3,2,11
1,1966,202,3,2,21
1,1954,218,3,3,21
1,1954,216,3,3,21
0,1940,174,3,5,2
0,1982,117,3,3,2
6,1947,100,2,3,19
0,1970,119,3,3,2
3,1974,145,3,3,22
1,2000,62,2,2,2
1,2014,79,2,2,2
0,1981,180,4,5,22
3,1977,100,2,2,18
3,2021,24,1,1,22
2,2018,18,1,1,11
3,1988,87,2,2,21
0,2005,83,2,2,21
0,2003,72,2,2,2
0,1998,85,2,3,2
4,1975,138,4,4,3
0,1992,78,3,2,15
7,1982,120,2,2,15
3,1968,175,3,4,21
3,1968,161,3,4,21
6,1982,120,3,3,13
6,1982,96,2,2,13
0,1997,51,1,1,13
0,2006,53,1,2,13
3,1956,109,2,2,20
5,1990,128,3,3,22
5,1990,98,3,2,22
5,1990,96,2,3,22
5,1990,76,2,2,22
5,1990,112,2,2,22
7,1964,141,3,4,21
1,2021,30,1,1,20
5,1912,220,3,3,17
5,1985,142,2,3,21
2,1969,183,3,3,2
2,2016,48,2,2,22
4,1957,111,3,3,15
7,1970,160,4,3,12
7,1960,166,4,3,12
7,1970,135,4,3,12
7,1997,94,3,3,13
5,1975,139,3,4,13
7,1948,196,3,5,3
0,1997,92,2,1,13
0,1997,99,2,1,13
0,1992,97,2,2,13
0,1997,86,2,1,13
0,1988,112,2,2,13
0,1960,142,3,4,8
3,2013,58,2,1,3
7,1965,150,3,3,12
1,1997,85,2,3,2
7,1980,97,2,2,12
7,1910,196,4,3,12
3,1960,140,3,3,12
5,1987,63,2,2,12
0,1985,85,2,3,9
0,1988,79,2,3,9
0,1987,79,2,2,9
1,2003,62,2,1,20
1,1950,143,3,3,17
1,1907,258,4,7,14
0,1995,95,3,4,22
4,2009,45,2,1,9
0,2010,75,2,3,12
1,2000,76,2,2,2
0,2025,43,1,1,14
7,1960,184,4,4,12
7,1960,160,3,4,12
7,1965,105,2,3,12
7,1965,166,3,4,12
7,1960,164,3,3,12
1,1960,126,2,3,22
0,1976,106,2,3,8
0,1980,96,2,3,8
1,1965,106,2,2,22
3,2013,59,2,2,3
3,2013,65,2,2,3
0,1965,144,3,4,8
0,1997,74,3,2,15
6,2011,38,2,1,12
5,1996,87,2,2,22
0,1977,85,3,3,15
0,2001,46,2,2,23
3,2019,21,1,1,12
2,2009,77,2,2,2
2,2016,58,2,1,2
0,1952,139,4,4,15
5,1996,82,2,2,22
5,1996,82,2,2,22
3,1974,164,3,3,21
0,1999,63,2,2,23
3,1954,213,4,4,21
7,1937,175,4,4,15
3,1966,176,3,4,21
0,2001,66,2,2,23
0,1976,107,2,2,10
4,2023,24,1,1,14
0,2004,75,2,2,10
5,1992,98,2,2,23
1,2008,83,2,2,2
0,2004,69,2,2,10
0,1976,91,2,2,10
0,1992,84,2,2,21
6,1967,161,3,4,23
5,1998,95,2,2,23
3,2013,51,2,1,3
1,1985,56,1,2,22
2,2016,35,1,1,22
7,1985,113,3,2,12
7,1982,114,3,3,13
3,2013,58,2,2,3
0,1992,68,3,2,15
0,1992,71,3,3,15
6,2016,34,1,1,3
6,2014,104,1,2,3
6,2002,62,2,2,15
6,1983,117,2,3,3
0,1975,188,3,4,22
4,1984,96,3,3,3
4,1988,87,3,3,3
7,1967,129,3,3,15
2,2021,27,1,1,10
0,1974,143,3,4,10
0,1974,117,2,3,10
2,2021,27,1,1,10
0,1969,134,2,2,10
5,1995,93,2,2,23
0,2007,68,2,2,21
0,1957,177,3,4,2
0,1987,118,4,3,21
7,2002,62,2,2,23
2,1997,84,2,2,2
1,1940,180,4,3,2
0,2007,73,3,2,21
7,1962,184,4,4,13
0,1996,104,2,2,13
7,1982,101,3,2,15
2,2011,60,2,2,3
5,2013,34,2,1,3
1,1984,110,2,3,3
1,1999,61,2,2,3
2,2012,44,2,1,1
2,2012,33,2,1,1
2,2018,32,2,1,1
2,2022,25,2,1,1
2,2022,25,2,1,1
0,1991,75,3,2,1
0,1991,83,3,2,1
0,1989,89,3,3,1
0,1992,89,3,2,1
0,1960,181,3,3,21
0,2009,39,2,2,21
0,2006,70,2,2,21
1,1963,181,3,4,23
1,1965,177,3,3,23
0,2006,69,2,2,21
6,1963,172,4,3,21
1,1939,258,4,4,23
0,1989,63,2,2,21
0,1983,78,3,2,23
0,1982,126,3,3,21
1,1969,156,3,4,23
0,1977,138,3,3,2
2,2016,45,2,2,22
2,2021,23,1,1,8
1,1978,128,2,3,2
1,1919,268,4,6,2
3,2013,49,2,2,3
0,2024,18,1,1,12
4,1988,127,2,4,23
7,1955,164,3,4,1
4,1999,123,2,4,23
2,2010,78,3,2,1
2,2010,56,2,2,1
4,1995,99,2,3,23
2,2010,58,3,2,1
2,2010,76,2,2,1
2,2021,31,2,1,1
2,2009,78,2,2,21
5,1960,253,3,3,17
5,1985,178,3,4,23
2,2022,26,1,1,21
2,1991,114,2,3,21
2,2018,59,1,2,21
2,2020,39,1,1,21
2,2013,48,2,1,3
3,1933,238,3,4,2
2,2013,45,1,1,3
2,1960,143,2,3,16
1,1974,132,2,3,2
2,2009,89,1,2,16
2,2007,110,2,3,12
0,2024,18,1,1,12
2,2021,32,2,1,1
2,2012,46,2,1,1
2,2021,24,1,1,1
2,2023,23,1,1,1
0,1996,64,2,2,1
0,1999,64,2,2,1
2,2023,23,1,1,1
0,1975,115,4,3,1
0,2005,53,3,2,1
2,2014,79,2,2,1
0,1980,105,3,3,1
2,2014,59,2,2,1
7,1973,152,3,3,21
7,1984,113,2,2,21
0,1976,129,3,3,21
3,1952,178,3,3,21
7,1982,113,2,3,21
7,1953,179,3,3,21
7,1950,128,3,3,2
2,2020,47,1,1,21
2,2020,53,1,1,21
2,2016,67,1,2,21
3,1973,158,3,3,21
2,2013,47,1,1,21
7,1974,142,2,2,21
1,1977,148,3,3,21
3,1973,152,3,4,21
7,2005,93,2,2,21
3,1960,177,3,3,21
0,2011,73,2,2,12
5,2001,60,2,2,17
5,2002,69,2,2,17
6,2011,58,2,2,12
1,2025,22,1,1,2
5,2007,40,2,1,3
5,2007,44,2,1,3
2,2010,64,3,2,1
2,2014,54,2,2,1
2,2014,82,3,2,1
1,1988,83,2,2,23
2,2021,39,2,1,1
2,2018,57,1,1,1
6,1997,67,3,2,1
6,1964,141,3,4,5
0,2005,65,2,2,1
2,2010,83,3,2,1
2,2014,65,2,2,1
0,1989,102,2,2,23
5,1995,85,2,2,22
5,1995,96,2,2,22
6,1976,107,3,3,3
5,2002,78,2,2,22
7,1949,169,4,5,3
2,2021,24,1,1,3
2,2021,22,1,1,3
6,2011,36,1,1,12
0,1994,90,2,2,2
3,2011,39,1,2,12
6,2011,33,2,1,12
1,1989,195,2,3,3
3,2011,36,2,2,12
4,1974,210,3,4,10
0,1989,97,2,3,22
0,1961,171,3,5,3
0,1979,123,3,3,22
0,1976,149,3,4,22
5,1983,228,3,4,2
0,1976,155,3,5,22
0,1976,123,3,3,22
2,2010,80,3,2,1
2,2010,89,3,2,1
2,2021,35,1,1,1
2,2014,75,2,2,1
5,1992,90,3,3,21
2,2011,70,2,2,1
0,1957,201,4,5,12
1,1947,196,4,4,13
7,1934,232,4,6,3
4,1977,193,4,5,13
4,1997,131,3,4,13
4,1981,84,3,3,22
0,1992,56,2,2,15
0,1998,67,2,2,9
3,1928,221,3,4,15
1,1962,92,2,2,17
0,1935,198,2,5,15
5,1972,163,3,4,21
5,1902,276,3,7,15
1,1947,101,1,2,19
1,1947,102,2,3,19
6,1920,152,1,2,14
4,1974,147,3,3,10
2,2018,26,1,1,14
0,1966,140,4,5,3
7,1949,198,3,4,2
4,1957,192,4,5,13
4,1988,140,4,4,13
2,2009,81,2,2,22
4,1975,145,2,3,22
4,1980,201,4,7,10
3,1963,145,3,3,16
3,1978,118,3,3,16
0,1994,63,2,2,16
0,1913,162,3,4,16
0,1947,110,3,3,19
3,1940,146,3,2,19
0,1981,79,3,2,22
0,1985,121,2,3,21
0,1951,167,3,4,15
1,1940,133,3,3,19
6,2019,26,2,1,13
1,1940,139,3,3,19
0,2002,49,1,1,15
0,1990,113,2,2,21
0,1997,46,2,1,15
6,1975,117,4,3,3
7,1975,107,2,3,22
3,1980,99,2,3,22
0,1980,106,4,4,3
6,1976,106,3,4,3
4,2007,113,3,4,13
0,1957,87,2,2,19
0,1940,194,3,4,19
0,1983,93,2,2,15
3,1962,140,3,5,15
0,2010,48,1,1,15
5,2008,95,2,1,15
5,2009,56,1,1,15
5,2004,60,1,1,15
5,2012,49,6,1,15
4,2025,32,1,1,15
0,2010,37,1,1,15
0,2010,46,1,1,15
0,1956,169,4,4,22
5,2016,28,2,1,3
0,1985,111,4,3,3
0,1990,77,2,3,3
0,2005,32,1,2,3
0,1998,54,2,2,3
6,1956,191,3,3,19
4,1967,190,3,6,13
4,1967,203,4,5,13
6,2002,39,2,1,22
4,1999,83,2,2,21
6,2011,40,1,2,12
5,1971,139,4,5,3
3,2002,55,1,1,15
0,1976,123,3,4,3
0,1984,106,3,3,3
5,2005,54,2,2,3
5,1916,245,4,7,22
7,1957,240,4,4,12
0,1997,77,2,3,3
7,1962,195,4,4,12
5,2007,50,3,2,3
0,1962,200,4,4,12
2,1980,192,2,2,21
7,1962,192,4,4,12
3,1995,77,3,2,2
4,1967,214,4,6,13
4,2007,68,2,2,13
4,1962,215,4,6,13
4,2007,86,2,2,13
5,2000,79,2,3,22
0,1967,138,2,4,13
0,2020,28,1,1,12
0,1981,148,3,5,22
1,1999,81,3,2,2
0,1981,106,3,4,22
0,1981,108,3,4,22
0,1981,157,3,5,22
5,1993,85,3,3,3
7,1962,233,4,4,12
7,1997,53,3,2,12
5,2007,48,3,2,3
5,2004,56,3,2,3
7,1997,52,3,2,12
7,1962,192,4,4,12
5,2007,47,2,2,3
0,1980,124,3,4,10
7,1980,139,3,4,10
1,1927,230,3,2,12
1,1920,196,4,3,10
2,2017,34,1,1,3
2,2011,50,1,2,3
2,2017,34,1,1,3
1,1992,69,2,2,21
0,1983,94,3,4,3
0,2000,76,2,1,21
0,1999,66,2,2,9
2,2011,29,1,1,3
4,1974,78,2,2,10
2,2019,23,1,1,3
2,2020,25,1,1,3
3,1987,106,2,2,21
0,1987,86,3,3,3
6,2006,49,2,2,9
6,1995,68,2,2,9
0,1997,62,2,3,22
7,1976,141,3,3,21
2,1980,122,2,4,3
0,1999,70,2,2,13
4,1993,127,2,4,23
0,1967,149,3,4,13
0,1967,148,3,4,13
2,2023,23,1,1,9
0,1972,133,3,4,13
2,2023,22,1,1,9
0,1944,212,4,5,13
0,1937,219,4,5,13
0,1957,152,3,4,13
0,1966,128,3,4,22
0,1994,59,2,2,16
6,2011,33,1,2,12
0,1976,114,3,3,22
1,1982,128,2,3,12
0,1935,142,3,3,10
0,1965,95,3,3,10
0,1935,147,3,4,10
3,1949,224,4,5,12
2,1990,158,2,3,12
1,1970,171,2,3,12
1,1955,211,2,3,12
2,1947,158,3,4,12
2,2010,34,1,1,3
2,2016,39,1,1,3
0,1986,103,3,3,3
6,1938,150,3,4,22
0,1972,108,3,4,22
4,1975,134,3,3,11
0,1982,104,2,3,13
0,1969,104,3,2,10
6,1972,139,3,4,13
0,1967,147,3,4,13
0,1997,75,2,2,13
5,2000,59,2,2,22
0,1952,173,3,4,13
0,1957,171,4,4,13
0,1967,145,4,3,13
0,1957,171,3,5,13
3,2000,78,2,2,11
0,1987,61,2,2,13
0,1965,119,2,2,10
7,1982,164,3,3,12
0,1977,138,3,4,12
4,2009,35,2,2,3
3,1960,117,2,3,22
0,1963,131,3,3,8
0,1969,121,4,3,8
0,1987,78,2,2,13
0,1937,208,4,5,13
0,1967,140,4,4,13
0,1967,130,3,5,13
0,1957,165,4,5,13
6,1977,113,2,3,13
6,1977,107,2,3,13
1,1990,94,2,3,22
1,1962,175,3,3,18
1,1977,137,3,3,18
2,2018,48,2,1,1
2,2012,52,2,2,1
6,1982,117,3,3,18
2,2020,48,2,1,1
4,2024,27,1,1,15
0,1926,220,3,5,15
0,2014,46,2,2,3
3,1905,273,4,5,15
0,2006,54,2,1,18
0,1966,164,4,3,18
1,1987,109,2,3,13
0,2005,88,2,2,9
4,1969,147,4,3,13
0,2005,63,2,2,9
0,2003,51,2,2,9
0,1961,143,4,3,9
1,1987,90,2,3,13
1,1987,92,2,3,13
2,2023,20,1,1,10
1,1957,152,3,3,13
1,1967,170,4,4,13
1,1992,97,3,2,13
0,2003,53,2,3,9
4,2010,76,1,1,11
2,2020,39,1,1,20
6,1985,121,3,3,9
4,2010,79,1,1,11
0,1977,150,4,4,13
0,1976,140,3,4,13
0,1967,122,3,4,13
0,1967,162,4,4,13
3,1962,114,2,2,14
3,1980,102,3,4,22
0,2007,62,2,2,9
0,2008,74,2,2,9
4,2007,72,2,1,10
4,1965,131,3,3,10
4,1965,130,3,2,10
4,1965,132,3,2,10
4,1940,233,3,4,10
3,1982,60,2,2,14
2,2016,63,2,2,9
2,2012,57,1,1,10
1,1988,102,3,3,3
1,1982,117,3,3,3
1,1977,131,3,3,3
5,1982,82,2,1,17
0,1990,80,2,3,9
3,1990,99,2,2,18
3,1947,139,3,2,14
4,2010,71,1,1,11
3,1980,124,2,2,18
4,2010,79,1,1,11
4,2010,71,1,1,11
0,1977,122,3,3,13
6,1946,178,4,4,9
5,1980,225,2,3,21
6,1970,240,2,3,21
0,2000,50,2,2,21
0,1947,186,4,6,13
5,1997,78,3,2,5
0,1992,64,1,1,13
5,1995,86,3,2,5
5,1999,69,3,2,5
3,1997,73,2,2,13
5,1985,109,4,3,5
2,2019,42,1,2,19
5,1978,131,2,3,21
5,1978,196,2,3,21
5,2004,50,2,2,21
5,1990,60,2,2,10
0,1999,54,3,3,12
3,1980,122,2,2,18
4,2010,82,1,1,11
4,2010,76,1,1,11
0,2005,51,2,2,9
7,1975,121,2,2,14
7,1975,105,2,2,14
0,1982,133,3,2,10
4,2010,61,1,1,11
0,1982,107,2,2,10
0,1982,133,3,3,10
5,1991,87,2,3,14
5,1983,110,2,2,14
4,2010,72,1,1,11
5,1970,161,2,3,14
5,1990,93,3,2,5
5,1987,115,3,4,5
7,1932,252,4,4,13
5,1979,137,4,3,5
3,1947,189,4,4,13
3,1997,88,2,2,13
5,1982,114,3,4,5
0,1997,96,3,2,13
0,2008,58,2,2,9
0,1996,71,2,2,13
0,1976,135,3,4,13
5,1998,90,2,3,5
0,2002,60,2,3,13
5,1997,94,2,3,5
4,1941,199,4,4,9
4,2012,32,2,1,9
0,2001,62,2,2,13
7,1957,149,4,3,15
1,1952,269,4,5,20
7,1967,120,4,4,15
6,1957,191,4,4,13
4,1963,165,3,6,4
3,1947,218,3,4,18
4,1999,90,2,3,4
4,1957,183,4,5,4
6,1977,176,3,3,13
0,2025,22,1,1,14
4,1957,182,3,5,4
5,2001,73,2,2,13
1,1968,162,3,4,23
6,1967,125,4,4,3
5,1975,90,2,2,14
7,1993,98,3,3,22
3,1975,100,2,3,22
0,2005,41,2,2,9
0,1981,122,4,4,22
4,2024,21,1,1,15
6,1940,200,3,4,18
0,1968,160,3,4,22
0,1981,120,3,4,22
7,1967,118,3,3,15
4,1998,88,2,3,4
1,1949,167,2,3,14
5,1991,110,3,3,23
4,1990,70,3,2,15
0,1950,198,4,5,4
4,1959,173,3,3,10
0,1966,98,3,2,15
4,1959,196,3,3,10
1,1967,180,3,3,13
5,2000,78,2,2,23
0,2010,73,2,2,4
6,1977,110,3,3,3
0,2008,48,2,2,13
1,1937,249,4,4,23
1,1956,194,4,4,23
7,2001,91,2,3,23
4,1985,110,3,3,9
4,2010,72,1,1,11
6,2002,62,3,2,9
0,1982,136,3,3,10
0,1992,77,2,3,9
0,1982,123,3,3,10
0,2006,55,2,2,9
0,1982,98,3,2,10
0,1982,134,3,3,10
0,1991,94,3,2,9
0,1982,119,3,2,10
0,1982,124,3,2,10
4,2015,21,1,1,21
0,1982,112,3,2,10
3,1926,227,2,4,15
0,1975,128,3,4,12
5,1916,246,2,3,15
0,1970,117,3,3,12
2,2024,27,1,1,15
3,1933,209,3,4,15
6,1962,138,4,3,9
6,1970,137,2,3,21
4,2012,26,2,1,9
7,1957,166,3,3,13
0,1987,105,3,2,13
4,2018,55,1,1,23
7,1950,170,3,4,4
1,1959,151,4,3,3
0,1988,124,3,2,13
0,1966,93,3,3,15
1,1975,145,4,3,20
1,1942,218,4,4,20
6,1946,132,3,3,15
7,1975,106,3,3,4
1,1945,212,4,5,20
1,1951,203,4,4,20
3,1980,127,2,2,18
6,1996,69,3,2,1
5,1989,78,2,2,21
5,1983,121,2,2,21
5,1977,110,2,2,21
5,1991,91,2,2,21
5,1904,273,3,6,15
2,2021,37,1,1,1
3,1968,159,4,4,2
2,2022,34,1,1,1
2,2024,24,1,1,1
3,1965,124,3,4,12
6,2009,41,2,2,9
0,1982,128,2,2,10
4,2010,91,1,1,11
1,1959,159,4,3,10
0,1998,67,3,2,10
1,1948,130,2,3,22
1,2008,78,1,1,23
6,1965,109,2,3,12
0,2011,32,1,1,13
0,1985,124,2,3,21
0,1985,110,2,2,10
0,1985,132,2,3,21
1,1957,142,2,3,14
5,2014,62,2,2,14
2,2005,93,2,2,11
1,1981,115,3,3,14
3,1969,124,2,3,4
3,1947,173,3,3,19
4,1918,246,5,5,1
6,1989,80,3,2,1
2,2017,33,2,1,1
5,1946,214,5,5,2
4,1910,253,4,6,1
6,1919,273,5,6,2
2,2013,39,1,1,1
2,2014,52,2,1,1
2,2010,47,2,1,1
7,1974,139,2,3,21
4,1920,238,4,5,1
2,2020,23,1,1,1
4,1979,125,3,3,1
2,2012,47,2,2,1
2,2014,64,2,2,1
1,1951,212,4,3,21
1,1959,161,4,2,10
4,2010,94,1,1,11
1,1996,91,2,2,23
6,1965,104,4,2,10
1,1959,126,4,2,10
0,1973,148,2,4,3
4,2010,70,1,1,11
0,1990,79,3,2,10
3,1987,103,2,2,22
4,2010,92,1,1,11
0,2003,79,2,2,22
0,2006,90,2,2,12
0,2000,82,2,2,21
7,1982,129,3,2,15
7,1967,151,3,3,15
7,1972,129,3,3,15
0,2012,64,2,2,15
5,1950,278,4,4,10
5,2009,43,2,1,23
4,1995,106,2,3,23
7,1992,102,2,2,15
1,1965,178,4,4,12
7,1956,150,4,4,4
1,1960,174,4,4,20
7,1978,83,2,2,10
1,1965,165,4,4,20
5,1978,86,2,1,10
1,1948,205,4,4,20
5,1937,234,5,6,2
2,2022,31,1,1,1
2,2014,59,2,2,1
0,1997,63,2,2,1
4,1919,242,6,6,1
3,1980,121,2,2,21
2,2014,31,2,1,1
6,2004,47,2,2,1
0,1985,106,4,2,2
0,1963,106,3,4,16
4,1949,178,2,4,22
0,1981,75,2,3,16
4,2010,88,1,1,11
1,1980,121,2,3,22
1,1959,131,3,3,10
6,1927,162,3,3,15
4,2010,87,1,1,11
1,1987,102,2,3,22
1,1995,101,2,2,23
3,2001,100,2,2,23
1,1959,165,3,3,10
2,2025,22,1,1,10
4,2010,71,1,1,11
1,1981,110,2,2,23
1,1970,74,2,2,10
1,1963,161,3,3,23
1,1981,91,2,2,17
6,2023,27,1,1,21
6,1987,113,3,2,20
3,2011,53,1,1,15
7,1927,172,2,3,14
0,1978,69,3,2,10
1,1982,117,5,4,20
0,1979,106,4,3,1
2,2025,19,1,1,1
2,2011,73,2,2,1
2,2017,47,2,1,1
1,1967,160,4,4,13
7,1988,113,2,2,21
2,2013,47,2,2,1
2,2018,38,1,1,1
7,1988,83,2,2,21
2,2018,37,1,2,1
0,2019,30,2,1,9
0,1974,142,3,4,23
1,1986,106,2,3,22
4,2010,88,1,1,11
5,1944,167,3,3,17
4,2010,82,1,1,11
1,1985,111,3,3,10
4,2010,57,1,1,11
3,1965,144,3,2,12
4,1965,176,3,3,10
1,1934,160,3,3,17
4,2010,75,1,1,11
1,1956,188,3,4,23
4,2010,76,1,1,11
1,1959,170,4,3,10
1,1970,90,3,2,10
7,1962,134,2,2,14
7,1972,165,3,3,14
2,2024,27,1,1,15
0,1997,127,3,3,13
0,2010,80,2,2,10
3,1930,158,3,3,10
0,1990,95,2,3,22
1,1985,122,3,3,16
7,1978,104,2,2,21
3,1978,110,2,2,21
7,1985,91,2,3,1
4,1951,176,4,5,4
2,2013,62,2,2,1
2,2013,60,2,2,1
2,2011,39,2,1,1
2,2010,34,2,1,1
5,1917,281,5,5,2
2,2013,39,2,1,1
2,2013,50,1,1,1
2,2013,55,2,2,1
1,1972,117,2,2,13
1,1959,178,3,2,10
6,2005,49,2,2,9
4,2010,80,1,1,11
2,2016,68,2,2,9
7,1979,107,3,2,10
0,1996,81,2,2,22
7,1978,130,3,2,10
1,1945,215,5,4,20
0,1940,146,3,5,19
6,1981,119,2,3,2
1,1987,114,2,2,13
2,1976,150,3,3,1
2,1969,166,3,4,1
4,2003,48,2,2,1
4,1999,79,2,2,1
0,1991,82,2,3,5
4,2000,68,2,2,1
3,1973,117,3,2,1
1,1967,193,4,4,13
0,1970,85,3,3,10
1,1959,125,3,3,10
1,1981,125,2,2,23
1,1981,152,2,3,23
1,1981,135,2,2,23
4,2010,84,1,1,11
2,2020,43,1,1,19
2,2013,76,2,2,9
4,1990,95,3,3,19
4,1990,104,2,3,19
4,2022,26,1,2,19
0,1976,106,3,3,22
0,2002,49,2,2,13
2,2013,111,2,2,9
6,1970,121,3,2,20
0,2002,58,2,1,13
6,1985,128,3,2,22
4,1980,129,3,3,19
4,1969,150,3,4,21
3,2023,23,1,1,10
3,2006,48,2,2,13
3,2000,57,2,2,10
3,1999,88,2,2,10
2,1974,147,2,3,21
1,1970,152,3,3,12
3,1997,82,1,2,10
3,1956,140,4,5,20
1,1974,141,2,2,12
2,2023,22,1,1,1
5,2022,25,1,1,2
6,1980,120,2,3,21
4,2010,74,1,1,11
5,1997,49,2,2,22
4,2010,90,1,1,11
4,2010,81,1,1,11
6,1992,67,2,2,22
5,2000,41,2,2,22
0,2005,83,2,2,21
3,1940,160,4,4,18
4,1949,201,4,5,22
0,2005,57,1,1,22
0,1985,119,2,3,21
6,1994,86,2,3,22
5,1988,134,2,2,11
0,2003,56,3,2,9
0,1994,108,2,2,17
5,1993,100,2,2,11
0,1984,105,2,2,17
7,1999,115,3,3,13
3,1956,171,4,4,20
3,1956,169,4,4,20
0,1994,105,3,3,20
6,1982,112,3,3,20
1,1995,88,2,2,3
4,1989,95,2,3,21
1,1913,242,3,5,15
2,2018,43,2,1,1
3,1984,120,4,3,1
7,1951,197,3,4,1
1,1957,193,4,4,13
7,1942,182,4,4,1
7,1933,232,3,4,1
3,1999,64,3,2,1
3,1985,94,3,2,1
2,2021,22,1,1,1
3,2003,33,1,1,21
4,2010,73,1,1,11
3,1980,103,2,2,10
4,1935,248,4,3,10
4,2010,94,1,1,11
6,1975,112,1,1,10
6,2016,56,1,1,19
4,2024,33,1,1,10
2,2018,68,2,2,9
6,1922,227,3,3,17
0,2001,64,2,2,11
1,1993,90,2,3,3
2,2019,26,2,1,3
1,1993,89,2,3,3
1,1985,112,3,2,3
1,1999,75,2,2,3
0,1946,138,3,3,20
2,2023,24,1,1,20
1,1995,85,2,2,3
0,1950,149,3,4,20
5,1947,91,3,2,19
1,1945,164,3,3,19
6,1983,90,2,3,5
2,2014,90,2,2,1
0,2010,46,2,1,21
2,2013,50,2,1,1
2,2020,26,2,1,1
7,1966,137,3,4,1
1,1985,97,2,2,22
4,1969,147,2,2,21
0,1972,120,4,3,1
7,1965,126,3,4,12
1,2000,96,2,2,13
6,2005,85,2,2,21
1,1987,107,2,3,13
1,1937,226,4,4,13
1,1987,113,3,3,13
1,1946,225,2,3,13
0,1967,172,3,4,13
0,1977,117,4,3,13
0,2019,43,2,2,13
0,1987,99,2,3,13
6,1976,130,3,4,22
3,1978,135,2,3,21
0,1967,151,4,4,13
4,2010,96,1,1,11
0,1987,78,2,2,13
0,1967,138,3,3,13
0,1992,84,2,2,13
0,1962,191,4,5,13
4,2010,99,1,1,11
0,2010,72,2,2,13
5,1997,61,2,2,22
0,1954,145,4,4,14
0,1997,61,1,2,22
7,2023,25,1,1,21
0,1995,60,2,2,22
1,1957,92,2,2,19
3,1995,90,2,2,3
1,1965,102,2,2,22
0,1996,70,3,3,1
2,2020,26,1,1,1
2,2013,52,2,1,1
0,1970,130,4,4,1
1,1988,75,2,2,22
3,1958,173,3,6,21
0,1995,72,3,2,1
0,1955,160,4,4,1
6,1985,84,3,3,1
0,1967,122,3,2,1
2,2014,64,2,2,1
0,1962,97,3,3,13
3,1999,65,2,2,21
4,2010,95,1,1,11
4,2010,87,1,1,11
4,2010,76,1,1,11
4,2010,72,1,1,11
1,2012,46,1,1,13
4,2010,64,1,1,11
4,2010,74,1,1,11
0,2013,38,2,1,22
7,1974,117,3,3,21
0,2013,36,2,1,22
0,1973,175,3,4,22
0,1971,97,3,3,22
6,1979,123,3,4,22
5,2013,39,2,2,22
7,1962,163,3,4,21
3,1955,210,3,3,22
2,2013,74,2,2,1
0,1988,85,3,2,1
4,1905,278,5,6,1
2,2013,44,2,1,1
0,1981,91,3,3,1
2,2014,61,2,2,1
2,2020,33,1,1,1
2,2018,35,1,1,1
2,2018,38,2,1,1
2,2020,37,2,1,1
2,2017,36,1,1,1
2,2014,59,2,2,1
2,2022,41,2,1,1
2,2025,20,1,1,1
2,2020,48,2,1,1
3,1995,92,3,2,1
6,2004,41,2,1,9
1,1977,99,2,2,13
4,2010,81,1,1,11
0,1999,57,2,2,9
1,1982,124,3,3,13
4,2010,70,1,1,11
1,1977,165,4,3,13
4,2010,84,1,1,11
1,1992,128,3,4,13
1,1932,231,4,6,13
4,2010,62,1,1,11
6,1989,78,2,2,9
0,1974,131,3,4,22
5,1991,52,2,2,14
6,1924,150,4,3,14
0,2003,62,3,3,22
0,1953,187,3,3,22
0,1960,169,3,3,22
7,1950,193,4,4,22
0,1984,110,3,3,22
3,1957,109,3,2,14
0,1976,131,3,3,21
1,1988,104,2,3,3
1,1996,83,2,2,3
1,1992,91,3,2,3
1,1983,113,3,3,3
6,1997,113,2,2,11
6,1980,105,3,3,10
1,1988,100,3,2,3
0,2009,56,2,1,21
2,2014,39,2,2,1
1,1972,149,4,4,18
0,1997,70,3,2,1
4,1998,121,4,3,1
1,1982,121,3,3,18
2,2017,37,2,1,1
0,1993,73,3,2,1
4,1956,199,4,5,1
2,2021,28,1,1,1
2,2021,32,1,1,1
4,1970,158,3,4,13
2,2017,46,2,1,1
0,1980,101,3,3,1
2,2017,39,2,1,1
2,2020,27,2,1,1
4,1949,211,4,5,1
0,1990,89,3,3,1
2,2022,29,1,1,1
3,1988,75,2,2,22
2,2017,54,2,1,1
2,2022,27,1,1,1
5,1998,74,2,2,2
6,1988,108,3,3,21
0,1977,135,3,4,13
0,1968,171,4,3,13
0,1968,166,4,3,13
7,1952,117,2,2,14
6,1974,132,2,3,21
7,1947,134,3,3,14
5,1970,170,3,5,23
0,1965,126,2,3,22
0,1989,101,3,4,2
3,1985,111,3,3,21
0,1975,146,3,4,21
6,1975,101,2,3,22
2,2015,45,1,1,22
0,2004,67,2,2,19
6,1985,115,2,3,21
0,1991,87,3,2,2
3,1981,116,2,2,14
6,1965,107,2,3,22
6,1985,65,2,2,22
6,1981,117,2,4,23
7,1996,116,2,3,13
6,1992,87,2,2,23
7,1986,131,3,3,13
0,1996,77,2,3,23
0,1995,81,3,3,2
0,2005,52,2,2,21
0,1973,135,4,4,2
7,1977,139,3,3,13
6,1985,102,3,2,23
1,1988,95,3,2,23
6,1989,92,2,3,23
1,1975,116,2,3,23
1,1982,124,2,2,23
7,1985,138,3,4,23
0,1965,102,2,2,22
0,1965,136,2,2,22
5,1953,189,4,6,2
6,1985,76,2,3,22
6,1990,50,2,1,22
6,1975,102,2,3,22
2,2016,40,1,1,22
6,1982,84,2,3,12
6,1985,70,2,2,22
0,1964,163,4,5,2
6,1975,110,2,3,22
5,1964,159,4,4,2
0,1987,143,3,3,12
6,1989,55,2,2,22
6,1987,73,2,2,12
7,1976,175,3,4,13
1,1991,104,2,2,23
7,2006,62,2,2,13
1,1943,163,5,3,16
1,1997,73,2,2,23
0,2000,74,2,2,23
7,1976,154,3,3,13
1,1998,70,2,2,16
0,1988,108,3,2,13
1,1947,122,2,3,19
0,1988,105,3,2,13
0,2012,44,2,2,2
5,2004,97,3,3,22
1,1975,88,2,2,22
7,1978,112,2,2,10
1,1975,107,2,3,23
5,1998,92,2,2,23
4,1953,230,4,6,12
6,1985,60,1,2,22
7,1993,90,3,3,13
7,1987,94,2,2,13
1,1968,129,4,2,16
1,1996,74,2,2,23
7,1996,95,2,2,13
1,1953,144,4,2,16
7,1986,115,2,2,13
1,1994,75,2,2,23
7,1976,113,3,3,13
7,1980,127,3,3,11
1,1966,117,2,2,14
1,1991,71,2,2,14
4,2022,25,1,1,23
0,1957,151,4,3,8
4,2022,27,1,1,23
1,1973,125,3,3,16
7,1940,118,2,3,19
3,1946,200,3,4,15
6,1979,127,3,4,22
4,1929,219,3,4,21
3,2022,28,1,1,2
6,1993,83,2,2,23
3,2022,28,1,1,2
1,2008,73,2,2,2
1,2014,46,1,1,2
0,1987,78,2,2,21
4,1935,212,5,6,9
1,1962,159,3,3,2
4,1995,163,3,5,2
4,1934,207,5,5,9
4,1914,260,5,6,9
4,1941,201,5,6,9
4,2021,21,1,1,9
4,1941,195,5,4,9
4,1918,245,5,3,9
4,1925,227,5,4,9
7,1940,157,3,2,19
0,1940,119,3,3,19
4,1941,209,5,5,9
4,1951,176,5,5,9
4,1933,235,4,5,9
0,2017,29,1,1,22
1,1988,87,3,2,16
0,1982,111,3,3,13
0,1973,110,3,3,8
6,1940,117,2,3,19
6,1947,125,4,3,19
6,1977,58,2,2,19
6,1977,103,2,2,13
6,1979,130,3,4,23
5,1990,96,2,3,22
0,1980,117,3,2,2
0,1953,174,4,4,1
2,2014,36,2,2,1
0,1984,110,3,3,1
2,2018,36,1,1,1
0,1953,163,4,4,1
0,1989,89,3,2,1
6,1984,85,2,2,1
0,1982,110,4,3,1
6,1935,204,5,5,1
2,2024,23,1,1,1
0,1968,127,4,3,1
5,1985,108,3,3,22
0,1973,147,3,4,9
2,2012,42,2,1,1
0,1903,202,3,4,19
3,1960,169,3,2,19
7,1975,124,3,3,22
7,1975,134,3,3,22
7,1942,171,3,1,14
5,2018,29,1,1,1
0,1930,152,4,4,2
3,1952,123,2,2,14
5,2018,28,1,1,1
0,1915,163,4,4,2
1,1920,192,4,3,2
2,2003,150,3,3,10
3,1937,150,3,3,14
2,2003,134,3,3,10
1,2000,52,3,2,2
2,2003,141,3,3,10
0,1992,56,2,2,15
7,1950,187,4,3,12
3,2005,61,3,1,18
6,2003,45,2,1,18
4,2007,65,2,2,9
4,1951,167,4,3,9
4,2015,55,2,2,9
3,1940,116,4,2,19
0,2003,39,2,1,18
0,1969,126,3,3,9
1,1996,75,2,2,23
1,1955,82,2,1,16
1,1981,104,2,2,17
1,2003,27,2,1,2
2,2012,56,2,2,1
1,1993,65,3,2,2
0,1960,144,4,3,1
2,2019,28,2,1,1
1,2002,42,3,2,2
2,2014,56,2,2,1
1,1970,100,3,2,2
2,2013,66,2,2,1
1,1977,216,4,4,13
2,2018,39,2,1,1
1,1977,103,2,3,13
2,2014,54,2,2,1
2,2014,50,2,2,1
1,1995,65,2,2,2
1,1920,158,3,3,2
2,2018,48,2,1,1
2,2014,55,2,2,1
2,2012,57,2,2,1
1,1930,108,3,2,2
0,2006,82,1,1,11
1,1940,181,4,2,2
1,2002,64,3,2,2
1,1995,92,3,2,2
0,2004,113,2,2,11
7,1980,146,2,3,11
7,1982,97,2,2,14
6,1990,100,2,2,14
6,1988,96,2,2,22
7,2015,51,1,1,19
7,1952,117,3,3,14
1,1930,183,4,3,2
0,1989,76,3,2,9
6,1979,105,3,3,9
3,1940,163,3,3,19
2,2019,49,2,2,2
0,1975,129,3,3,2
0,2024,56,2,2,19
0,1979,124,4,3,2
1,1930,211,3,4,15
3,2001,79,3,2,20
1,1998,38,2,2,2
1,1992,99,3,2,2
1,1980,86,3,2,2
1,1965,94,3,2,2
0,1957,116,3,3,15
1,1992,88,3,2,2
1,1992,108,3,2,2
0,1967,94,3,2,15
3,1955,190,3,3,2
3,1960,105,2,2,2
3,2018,18,1,1,22
0,1982,63,2,2,15
1,1955,138,3,2,2
1,1988,132,4,2,2
3,1991,40,2,2,22
1,1910,179,4,3,2
6,1995,98,2,2,22
1,1965,132,3,3,2
6,1988,102,2,2,22
1,1910,167,3,3,2
6,1988,87,2,2,22
6,1988,101,2,3,22
5,1955,119,3,3,14
1,1940,160,4,3,2
3,1950,86,3,2,14
7,1954,184,4,4,2
7,1940,149,3,3,19
0,1990,107,2,2,21
6,1997,75,2,1,23
5,1984,63,2,1,17
1,1977,138,3,3,18
1,1937,236,4,4,13
1,1947,188,4,3,13
1,1937,197,4,4,13
1,1947,171,4,4,13
0,1977,137,2,2,13
1,1937,239,4,3,13
2,1952,179,2,3,13
0,1967,96,3,3,15
0,1982,79,3,2,15
1,1965,141,3,3,2
1,1997,99,3,2,2
3,1977,113,2,2,15
1,2009,64,2,2,2
1,2012,58,2,1,2
1,2009,57,2,2,2
1,1960,154,3,3,2
1,1960,146,3,3,2
1,1965,161,3,3,2
2,2014,70,2,2,10
2,2014,73,2,2,10
1,1994,107,3,2,2
2,2014,74,2,2,10
1,1975,132,3,3,2
1,1992,97,3,2,2
1,1910,179,4,3,2
3,1977,100,2,2,14
3,1975,106,2,2,14
1,2005,104,3,2,2
0,1955,157,4,3,14
3,1982,87,2,3,14
0,1944,176,3,5,14
3,1939,187,4,6,14
5,1941,190,3,5,14
2,2021,32,1,1,11
2,2021,35,1,1,11
6,1937,213,4,4,13
3,1940,146,3,3,19
0,1993,91,3,3,13
0,1976,93,2,2,15
0,2003,60,2,2,13
0,2005,50,3,1,18
5,2011,36,1,1,21
0,1961,116,3,3,15
6,1986,66,2,2,15
2,2019,42,1,1,10
0,1993,105,3,3,13
0,1998,76,3,3,13
5,1998,70,3,2,21
1,1990,69,3,2,2
3,1937,207,3,7,15
3,1983,96,2,3,15
0,1998,33,2,2,2
3,1966,129,2,4,15
3,1990,73,2,2,15
1,2000,38,2,2,2
3,1972,114,2,2,15
0,1935,121,4,3,2
5,1911,257,3,4,15
0,1950,112,3,3,2
1,2017,35,2,1,2
3,1961,146,2,4,15
1,2012,43,2,1,2
0,1949,172,3,4,15
1,1988,98,3,2,2
6,1990,95,2,2,22
0,1968,158,3,4,22
1,1988,80,3,2,2
3,1925,217,4,4,14
1,1975,113,4,3,2
6,1978,120,2,3,21
1,2024,24,1,1,2
0,1982,115,2,3,21
7,1949,197,4,5,2
7,1960,172,4,4,2
2,2016,45,2,2,10
2,1987,141,3,3,10
5,2005,84,3,3,21
0,2003,76,2,3,13
5,2010,37,2,2,21
0,2007,46,2,1,13
0,1988,111,4,4,13
5,2005,57,3,2,21
0,1988,117,4,4,13
4,1982,130,3,3,20
0,1993,93,4,3,13
6,1988,121,4,4,13
4,1926,248,5,6,20
3,1992,79,2,3,15
1,1973,132,2,2,15
1,2000,78,3,2,2
1,2005,61,2,2,2
4,2003,87,2,2,23
1,2002,87,3,2,2
1,2009,93,2,2,2
1,1930,174,4,3,2
7,1973,126,2,3,21
1,1940,176,4,3,2
7,1998,95,2,2,2
7,1998,108,2,2,2
5,1987,90,2,2,14
0,2000,76,2,3,21
5,2003,68,2,2,2
5,1905,274,6,7,14
0,1988,97,2,3,21
7,1925,222,3,4,14
0,1986,82,2,3,22
7,1944,166,3,2,14
2,1987,163,3,3,10
2,1987,195,3,3,10
2,1985,155,3,2,21
6,1940,151,4,4,19
6,1940,112,3,3,19
6,1940,139,4,4,19
0,1998,90,3,4,19
6,2002,88,3,3,13
3,2016,51,2,2,14
3,1932,156,2,1,15
4,1984,119,3,4,20
0,1975,96,2,2,21
3,1947,129,3,3,15
0,1972,157,3,4,18
7,1975,129,3,4,22
1,1950,158,4,3,2
5,1987,75,2,3,14
3,1980,126,3,4,12
1,2011,38,2,2,2
5,2007,47,2,1,16
3,1965,174,3,3,14
7,1955,165,2,2,14
0,1995,77,2,2,14
0,1995,78,2,2,14
1,1992,103,3,2,2
0,1985,72,2,2,14
1,1990,62,3,2,2
0,2013,30,1,1,10
1,2009,43,3,2,2
5,1975,266,3,5,14
3,1926,214,4,3,14
0,1988,103,2,3,21
0,1985,135,2,3,21
1,1988,84,3,2,2
2,2006,113,2,2,10
6,1940,128,3,3,19
0,1967,87,4,3,19
6,1940,132,4,3,19
6,1940,151,4,3,19
6,1940,160,5,4,19
6,1926,160,3,4,19
6,1940,140,4,3,19
0,1947,110,3,4,19
6,1940,165,4,5,19
6,1947,117,3,4,19
6,1923,178,4,5,19
0,1940,123,4,3,19
0,1947,133,3,5,19
0,1940,132,4,3,19
3,1993,113,4,3,17
7,1968,158,3,4,22
6,1999,87,2,2,20
3,1983,123,2,3,20
0,2007,37,2,1,20
1,1950,111,3,2,2
1,1998,83,2,2,22
1,1998,96,2,2,22
1,1992,90,2,2,23
1,2012,47,1,2,22
1,1998,75,2,2,22
1,1998,75,2,2,22
5,1989,98,2,2,19
5,1996,133,2,3,22
4,1985,275,5,6,2
4,1985,242,5,6,2
5,1996,125,2,3,22
0,2025,37,1,1,14
5,1996,155,2,4,22
5,1996,133,2,3,22
0,1947,175,2,4,14
1,1993,95,3,2,2
1,1993,96,3,3,2
1,1950,143,4,3,2
0,1965,161,3,5,2
1,1970,134,3,3,2
0,1988,98,2,3,22
1,1988,106,3,3,2
0,1988,94,2,3,22
1,1940,146,3,3,2
6,2000,66,2,1,21
0,1947,112,4,3,19
6,1917,175,3,3,19
6,1940,139,3,4,19
0,2004,88,3,3,19
6,1940,124,4,4,19
6,1957,98,3,3,19
6,1947,105,3,3,19
6,1927,158,3,3,19
0,2000,71,2,3,19
6,1957,91,3,3,19
0,1947,95,3,3,19
0,2025,42,1,1,14
1,2018,43,1,1,2
5,1996,127,2,3,22
5,1996,112,2,3,22
5,1996,95,2,3,22
5,2025,36,1,1,14
1,1917,158,3,3,16
5,1996,141,2,3,22
6,1978,90,3,2,10
1,2019,42,2,1,2
5,1996,96,2,3,22
4,1999,109,2,2,23
5,1996,106,2,3,22
1,2017,29,2,1,2
5,1996,94,2,3,22
5,1996,170,2,3,22
0,1994,48,1,1,14
5,2020,33,1,1,22
5,2002,69,2,3,22
0,1989,98,3,2,19
5,2002,74,2,3,22
5,1996,110,2,3,22
5,1996,89,2,3,22
1,2021,16,1,1,2
5,1996,122,2,3,22
4,1985,214,5,5,2
4,1985,195,5,4,2
5,1993,74,2,2,21
0,1986,215,3,3,12
1,2001,101,3,2,2
0,1971,124,2,4,14
0,1988,95,2,3,22
3,1938,190,3,5,14
6,1987,123,3,4,21
2,2012,58,1,1,10
3,2001,92,2,2,11
0,1940,122,3,4,19
7,1935,167,4,4,11
0,1947,106,3,3,19
6,1940,120,3,3,19
3,1935,126,3,3,11
0,1940,150,4,4,19
0,1940,126,4,3,19
0,2004,54,1,2,19
4,2022,25,1,1,19
0,1947,110,3,3,19
3,1935,149,3,4,11
5,1993,73,2,2,21
0,2004,64,2,2,20
4,1949,194,3,5,1
4,1949,187,3,5,1
1,2023,24,1,1,2
5,1996,117,2,3,22
5,1996,107,2,3,22
5,1996,96,2,3,22
5,1996,129,2,4,22
1,2020,28,2,1,2
5,1996,120,2,3,22
0,2025,37,2,1,14
5,1996,109,3,3,22
1,2018,26,2,1,2
5,1996,95,2,3,22
4,1999,123,2,3,23
5,1996,105,3,3,22
5,1996,124,2,3,22
5,1996,104,2,3,22
5,1996,116,2,3,22
4,1987,108,3,3,23
5,1996,108,2,3,22
5,1996,113,2,3,22
1,2000,89,3,2,2
4,1993,121,3,3,23
0,2025,34,1,1,14
1,1948,214,3,3,23
0,2025,37,2,1,14
1,2024,23,1,1,2
6,1965,160,2,2,10
1,1975,91,3,3,2
0,1988,103,2,2,22
0,1994,72,2,2,22
1,1997,94,3,3,2
4,1977,105,3,3,8
1,1962,173,3,3,23
3,1935,145,3,3,11
6,1994,85,2,2,21
6,1937,192,4,4,8
0,1973,110,3,2,8
6,1940,164,4,5,19
6,1957,96,3,3,19
0,1991,85,2,2,23
0,1991,65,2,3,19
6,1940,133,3,3,19
0,2004,82,2,4,19
0,1991,100,2,3,23
0,1989,109,2,3,23
6,1996,62,2,1,23
4,2022,24,1,1,23
4,2022,24,1,1,23
0,2009,53,2,2,20
0,2011,48,2,2,20
4,1959,179,3,5,1
7,1998,81,1,1,21
7,1993,74,2,2,21
7,1986,115,2,2,21
5,2014,58,2,1,1
7,1980,137,3,2,21
7,1980,139,3,3,21
5,2018,30,1,1,1
4,1993,92,2,2,3
3,1980,107,2,2,21
1,2017,39,2,1,2
1,2017,48,2,1,2
1,2023,26,1,1,2
4,1976,157,3,5,23
4,1985,135,3,3,23
1,2023,20,1,1,2
0,1978,93,2,2,10
4,1980,152,3,4,23
1,2021,30,1,1,2
4,2003,136,2,3,23
0,1973,143,4,5,2
1,2003,89,2,2,22
1,2002,58,3,2,2
3,1947,104,2,4,19
0,1951,190,4,5,2
1,1987,119,2,3,23
3,2000,80,2,4,21
1,1980,113,2,2,23
3,1990,119,3,4,21
1,1950,137,4,3,2
1,1968,154,2,3,23
0,1975,117,3,2,8
4,2022,23,1,1,23
4,2022,25,1,1,23
4,2022,21,1,1,23
4,2022,24,1,1,23
4,2022,25,1,1,23
4,2022,23,1,1,23
7,1966,166,3,4,13
7,2001,73,2,2,13
6,1988,91,2,2,21
7,1988,146,3,3,21
0,2000,70,2,2,23
0,2005,61,2,2,23
1,1960,123,2,3,22
3,1965,168,3,4,22
1,1988,125,3,3,2
3,1968,156,3,4,22
0,1983,108,2,2,23
1,1975,117,3,2,2
0,1940,159,3,3,19
3,1937,195,2,4,14
0,2021,24,1,1,2
0,2001,66,2,1,23
6,1994,85,2,2,21
6,1989,74,3,2,21
1,1988,86,2,2,2
3,1936,143,3,2,15
0,1985,88,1,1,19
2,2020,46,2,2,2
2,2021,20,1,1,13
6,1963,112,3,3,16
2,2024,16,1,1,10
7,1993,99,2,2,23
1,1925,222,4,4,16
1,1906,262,3,3,16
3,2003,71,2,2,23
2,2002,66,1,1,16
2,2007,54,1,1,16
2,2015,24,2,1,22
3,1926,185,4,3,15
2,2014,74,2,2,2
2,2014,79,1,2,2
4,1999,135,3,3,2
1,1936,199,3,4,16
6,1982,112,3,3,2
0,2018,39,1,1,10
7,1985,123,3,2,23
7,1983,128,3,3,23
6,1980,125,2,2,18
6,1940,138,2,4,19
2,2015,38,1,1,22
2,1999,79,2,2,16
2,2004,60,1,1,16
5,1923,262,4,6,1
0,1971,74,2,2,16
0,1940,141,3,4,19
6,1940,138,2,3,19
7,1956,177,4,5,1
4,1999,90,3,2,2
4,1999,114,3,3,2
3,1941,142,3,3,15
4,1999,100,3,2,2
4,2000,96,3,3,2
4,2000,86,3,3,2
3,1956,119,3,3,15
3,1931,164,3,4,15
3,1936,157,3,4,15
4,2000,85,3,3,2
3,1941,144,3,3,15
3,1956,116,3,2,15
4,2000,107,3,3,2
4,2000,104,3,3,2
3,1956,131,2,4,15
4,2000,77,3,3,2
4,2000,137,2,2,11
4,2000,135,2,2,11
7,1999,88,2,2,10
4,2000,85,2,2,11
1,1947,236,3,3,13
4,2000,122,2,2,11
1,1920,185,4,3,2
4,2000,114,2,2,11
4,2000,117,2,2,11
1,1997,102,2,2,13
1,1957,183,3,3,13
4,2000,95,2,2,11
4,2000,91,2,2,11
4,2000,119,2,2,11
7,2006,44,1,1,21
7,1972,154,3,3,23
7,1965,176,3,4,23
7,1980,135,3,3,23
7,1964,186,3,3,23
7,1966,171,4,4,23
7,1964,168,3,3,23
7,1977,145,3,3,23
3,2007,42,2,2,21
3,1987,103,2,2,23
6,1990,77,2,2,18
6,1940,152,3,4,19
2,2022,47,1,1,16
7,1958,149,3,4,1
0,1940,155,3,4,19
0,1930,148,3,4,16
0,1924,174,3,4,19
0,1970,120,4,3,1
6,1991,78,3,2,1
0,1940,134,3,4,16
0,1961,143,4,4,1
0,1955,101,2,3,16
6,1932,143,3,3,2
6,1959,115,3,3,2
6,1924,163,4,3,2
6,1918,155,3,3,2
3,1988,87,2,2,3
0,1958,28,1,1,15
1,1945,245,4,5,10
5,1991,77,2,2,21
7,2020,24,1,1,10
4,2017,68,1,1,12
3,1969,132,4,3,1
0,1976,114,3,3,1
1,1901,273,4,5,16
1,1989,180,3,2,2
1,1991,152,3,3,2
1,1993,91,3,2,2
3,1933,206,3,3,16
6,1940,127,2,4,19
5,1921,246,3,3,16
1,1989,124,3,2,2
6,1980,91,3,2,11
5,1980,120,2,2,21
4,1998,80,3,2,1
0,2018,23,1,1,10
3,1937,195,3,3,16
1,1940,142,2,4,19
0,1995,83,3,3,1
1,1940,143,3,4,19
0,1981,103,3,3,1
1,1947,114,2,3,19
0,1985,140,2,3,12
0,1969,133,4,5,1
0,1939,197,4,5,1
0,1957,153,4,4,1
2,2021,20,2,1,3
4,1996,85,2,3,1
2,2021,27,1,1,1
5,1991,65,2,2,21
3,1975,92,2,2,10
6,1975,96,2,3,10
3,1975,94,2,2,10
3,1975,85,2,3,10
7,1948,200,4,3,21
2,2020,18,1,1,10
4,1989,107,3,3,19
3,1959,201,4,5,21
0,1985,138,2,3,21
0,1972,151,4,4,21
7,1950,148,3,2,12
2,2013,85,2,2,10
1,1940,120,2,2,19
1,1925,176,3,3,2
1,1997,110,3,2,2
1,1925,165,3,3,2
1,1950,139,3,3,2
1,1955,151,3,3,2
1,1970,153,3,3,2
6,1988,89,3,3,1
0,1972,91,3,3,15
0,1950,180,5,5,1
6,1962,143,4,4,1
5,2008,39,1,1,21
0,1986,111,2,3,15
2,2022,25,1,1,1
2,2022,22,1,1,1
1,1959,147,4,3,10
0,1980,81,3,2,10
1,1959,130,3,3,10
1,1990,84,3,2,10
4,1969,157,5,3,13
3,1975,168,3,4,21
2,2008,121,2,2,10
2,1987,140,3,2,10
2,1987,131,3,2,10
1,1950,143,3,3,2
1,1935,140,3,3,2
1,1935,141,3,3,2
1,1950,102,3,3,2
1,1935,153,3,4,2
6,1950,165,3,4,18
1,1999,132,3,2,2
1,1950,106,3,2,2
0,1992,79,2,3,1
0,2022,22,1,1,2
0,1940,134,3,3,18
4,1957,172,5,5,3
2,2009,83,2,2,10
5,1990,70,2,2,21
0,2000,62,2,2,1
5,1993,69,2,1,21
5,1986,112,2,2,21
1,1959,190,4,3,10
0,1919,181,3,4,17
2,1987,138,3,2,10
2,1987,209,3,3,10
2,1987,178,3,3,10
2,1987,205,3,3,10
2,2020,33,1,1,1
0,1942,133,3,2,17
2,2015,63,2,2,10
2,2003,79,2,2,22
1,2000,71,2,2,10
2,2019,47,2,2,10
6,1940,111,3,2,18
0,1940,137,3,4,18
0,1940,117,2,3,19
3,1926,185,4,4,15
3,1947,123,2,2,14
3,1941,143,2,3,15
7,1957,102,3,2,14
3,1957,97,2,2,14
3,1936,147,3,2,15
3,1956,112,3,2,15
3,1926,171,3,3,15
5,2005,33,2,1,22
5,2016,42,1,1,14
3,1941,140,2,2,15
3,1970,131,3,2,14
3,1956,114,3,2,15
3,1951,129,3,3,15
7,1967,89,2,2,14
4,1959,178,5,4,3
0,1981,99,4,4,3
0,1971,121,4,5,3
6,1957,149,4,4,15
3,1939,128,3,3,17
1,1959,187,3,2,10
1,1985,82,2,2,10
6,1952,139,3,4,15
2,2015,52,2,2,10
1,2005,64,2,2,10
2,2010,77,2,2,10
2,2006,106,2,2,10
2,2008,114,2,2,10
6,1960,195,4,5,12
2,2009,72,2,2,22
2,1979,135,2,3,2
3,1926,120,2,3,15
4,2022,71,2,2,2
3,1962,102,2,2,14
3,1998,63,2,2,15
3,1977,100,2,2,14
3,1936,157,3,3,15
3,1982,69,2,2,14
3,1957,113,2,2,14
3,1921,177,4,4,15
3,1942,135,3,3,14
3,1941,143,3,3,15
3,1947,132,3,2,14
2,2017,54,2,1,1
5,1991,84,2,2,21
5,1993,71,2,2,21
5,1993,80,2,2,21
5,1988,100,3,3,21
5,1990,86,2,2,21
5,1984,119,2,3,21
5,1988,94,2,2,21
5,1986,109,2,2,21
2,2008,60,2,2,22
2,2003,76,2,2,22
2,2005,79,2,2,22
4,1984,153,3,3,10
2,2003,81,2,2,22
0,1960,127,3,3,12
2,1987,136,3,3,10
2,2002,82,2,2,22
2,1987,141,3,3,10
3,1926,167,3,3,15
3,1966,92,3,2,15
6,1940,150,3,3,18
3,1951,114,2,2,15
3,1946,136,1,1,15
3,1941,136,2,3,15
3,1956,113,2,2,15
3,1946,132,3,3,15
3,1946,133,2,3,15
3,1956,110,2,3,15
0,2021,26,1,1,5
5,1990,81,2,2,21
5,2006,55,2,2,21
7,1993,83,2,2,21
3,1975,119,2,2,10
3,1979,111,3,2,17
1,1947,135,3,3,2
3,1979,113,2,2,17
0,2000,70,2,2,22
2,1987,103,3,2,10
2,1987,178,3,3,10
2,2012,89,1,1,10
2,2016,46,1,1,10
2,2010,47,1,1,10
3,1956,120,2,3,15
0,1995,72,2,2,22
0,1978,122,3,4,2
2,2021,28,1,1,5
7,1978,116,2,3,21
3,1974,153,3,3,21
1,1962,165,3,4,22
2,2008,78,2,1,10
1,1916,178,3,4,2
2,2009,90,2,1,10
2,2007,128,2,2,10
2,2010,62,1,1,10
2,2010,92,1,1,10
2,1988,99,2,2,22
2,2009,107,1,1,10
2,2008,101,2,1,10
0,1957,113,3,2,18
3,1936,155,3,3,15
0,1940,140,3,3,18
1,2006,60,2,2,2
0,2005,80,3,3,16
5,2006,44,1,1,22
3,1980,142,3,3,10
7,1948,204,4,5,21
1,1997,93,2,2,12
2,2019,50,1,1,10
2,2008,83,2,1,10
1,2009,53,2,2,22
2,2015,62,2,2,10
2,2017,34,1,1,1
7,1965,131,3,3,12
7,1965,159,4,4,12
4,1990,103,3,3,2
4,2000,68,2,2,2
3,1926,186,3,4,15
2,2024,19,1,1,10
2,2024,19,1,1,10
7,1987,88,2,2,15
7,1965,130,4,4,12
2,2018,53,2,2,10
2,2014,66,1,1,10
2,2021,20,1,1,13
0,1963,132,3,3,16
2,2021,20,1,1,13
2,2021,20,1,1,13
0,1987,74,3,2,12
2,2024,20,1,1,10
0,2005,100,2,2,21
5,1979,121,3,3,21
4,1979,122,3,3,3
0,2002,54,2,2,21
2,2024,20,1,1,10
2,2009,78,2,1,10
2,2014,86,1,1,10
2,2014,60,1,1,10
1,2002,93,2,2,2
6,1963,132,3,3,16
0,1963,162,3,4,16
2,2021,20,1,1,13
0,2004,110,2,3,16
6,1963,130,3,4,16
3,2003,64,2,2,23
3,1998,81,3,2,23
4,1961,147,4,4,21
1,1961,90,2,2,22
2,2018,35,1,1,1
7,1965,139,3,3,12
1,1957,122,3,3,15
1,1957,122,2,3,15
1,1962,117,3,3,15
1,1967,124,3,3,15
7,1936,151,3,3,2
6,1966,156,4,4,3
6,1972,119,3,3,13
3,1998,76,2,2,3
1,1907,164,3,3,2
1,1907,162,3,3,2
1,1995,60,3,2,2
1,1957,129,3,2,2
1,1907,136,3,3,2
1,2021,20,1,1,13
1,1907,141,3,3,2
1,1977,89,3,2,2
1,1962,147,3,3,2
1,1962,145,4,3,2
1,1967,129,3,3,2
1,1998,77,3,2,2
1,1927,130,3,3,2
1,2015,53,2,2,2
1,1967,151,3,3,2
0,2005,51,2,2,21
5,1995,92,2,3,22
0,1995,81,2,2,21
5,2005,46,2,2,19
0,1995,91,2,3,21
0,1990,105,2,2,21
4,2000,109,2,2,21
5,2007,49,2,2,22
1,1970,150,2,4,23
2,2020,26,1,1,5
7,1948,194,4,6,1
0,1999,81,3,3,2
0,2014,44,1,1,14
2,2019,34,1,1,10
6,1994,75,2,2,22
0,1982,121,3,3,22
2,2019,32,1,1,10
1,1972,143,3,3,2
1,1907,146,3,3,2
1,2019,45,2,2,2
1,1915,163,3,2,2
1,1980,39,3,2,2
1,1910,187,4,3,2
3,1972,121,3,3,1
3,1967,129,3,3,1
1,1920,129,3,3,2
1,1920,156,4,3,2
7,1995,102,2,2,12
1,2000,46,3,2,2
7,1983,115,2,3,12
7,1984,108,3,3,12
6,1944,179,5,5,1
7,1992,80,2,3,6
1,1959,179,3,3,23
4,1919,267,6,7,1
3,1957,149,3,3,6
2,2019,41,2,2,10
0,2002,93,2,2,23
0,1988,138,2,3,22
3,1991,64,2,2,15
1,2017,26,1,1,13
6,1989,80,2,2,15
1,1990,121,3,2,14
2,2019,31,1,1,10
4,1954,226,3,5,22
1,1988,108,4,2,2
2,1972,132,3,4,3
5,1971,143,3,5,2
3,1975,66,2,2,22
2,1982,110,2,3,3
2,1968,153,3,4,3
2,1961,168,3,4,3
1,1960,65,3,2,2
1,1957,88,3,2,2
1,1907,155,3,2,2
4,1990,94,3,3,12
1,1947,115,3,2,2
1,1907,165,3,3,2
1,1967,152,3,2,2
1,1907,152,3,3,2
5,2008,31,2,1,22
1,1995,99,3,2,2
1,1907,150,3,2,2
1,2019,61,2,2,2
1,2019,37,1,1,2
1,1925,125,3,2,2
1,2002,73,3,2,2
1,1940,119,3,2,2
1,1920,184,3,3,2
1,1910,170,4,3,2
3,1946,171,4,4,6
7,1956,193,3,3,23
1,1940,234,4,4,23
0,1997,69,2,3,23
1,1959,176,3,3,23
1,1959,184,3,3,23
1,1964,163,4,3,2
2,2015,52,1,1,15
0,1988,105,3,2,23
6,1940,137,4,3,19
2,1985,97,2,2,3
2,1970,140,3,3,3
2,1966,152,3,4,3
2,1965,161,3,4,3
2,1978,130,3,3,3
2,1966,146,3,4,3
4,1990,86,3,3,9
0,1979,102,3,3,9
0,1972,150,4,3,10
1,1930,147,3,2,2
1,1915,193,3,3,2
1,1915,144,3,3,2
1,1935,125,3,2,2
1,2024,20,1,1,2
0,1980,119,3,4,19
4,2000,65,2,2,2
4,2002,65,2,2,2
1,1959,189,3,4,23
7,1968,143,3,3,15
5,1983,86,4,4,17
2,1974,138,2,4,3
2,1980,115,3,3,3
7,1977,128,2,3,22
3,2013,59,2,1,3
7,2007,71,2,2,9
3,1982,115,3,3,22
5,1980,84,3,3,10
0,1990,121,2,3,11
1,1944,157,4,3,19
3,1951,138,3,3,15
3,1941,157,2,3,15
3,1931,159,3,3,15
3,1941,144,3,3,15
3,1965,149,3,3,15
3,1959,155,3,4,15
6,1971,116,3,3,15
1,1917,256,3,4,16
3,1949,165,3,3,17
6,1947,113,3,3,19
1,1929,221,3,3,16
3,1974,123,2,3,15
3,1983,97,2,3,15
0,2023,19,1,1,11
3,1980,103,2,4,15
6,1961,137,3,3,15
6,1966,128,3,3,15
3,1988,84,2,1,15
2,1975,171,3,3,11
1,1930,209,3,5,14
7,1997,87,2,3,14
0,2002,62,3,2,2
3,1941,111,2,2,16
7,1993,67,2,2,3
7,1989,78,2,2,3
0,1997,83,2,2,14
0,2008,50,1,1,3
6,1984,114,4,4,3
1,1947,106,2,2,18
3,1956,119,3,3,15
5,2009,33,1,1,19
3,1936,161,3,3,15
2,2008,69,1,2,11
6,2000,59,2,2,15
0,1957,100,3,3,19
0,1972,113,3,4,1
7,1983,106,3,2,2
6,1940,152,4,3,19
0,1974,110,3,3,1
0,1985,96,2,3,11
0,1975,118,3,3,11
7,1978,133,3,4,22
7,1990,101,2,3,22
7,1990,91,2,3,22
7,2014,55,2,2,2
7,2014,46,2,2,2
7,2018,39,1,1,2
7,2018,46,2,1,2
7,2014,59,2,2,2
1,1985,99,2,1,11
2,2021,23,1,1,1
4,1997,106,3,3,22
0,1999,100,2,2,2
0,1999,90,2,2,2
0,2003,79,2,2,2
5,1999,77,2,2,2
0,2008,63,2,1,17
0,1985,114,3,2,11
1,1974,117,2,2,13
0,1982,94,3,3,1
0,1962,142,3,4,1
5,2016,28,1,1,11
5,2016,31,1,1,11
5,2016,32,1,1,11
7,1956,154,4,3,2
5,2016,35,1,1,11
5,2016,32,1,1,11
7,1966,112,3,3,2
0,1979,101,3,3,1
5,2016,27,1,1,11
0,1990,80,2,2,1
0,1979,164,4,2,13
4,2019,57,2,2,2
7,1988,89,3,2,22
5,1970,90,2,3,10
7,1979,134,3,4,22
7,1988,99,2,2,22
7,1988,87,2,2,22
0,1998,82,2,2,11
1,1909,165,3,3,18
1,1940,128,2,3,18
1,1940,182,3,4,18
0,2004,82,2,3,11
3,1946,130,3,3,15
3,1936,157,4,4,15
7,2001,56,2,2,21
5,2005,72,2,2,19
5,1999,90,3,2,13
1,1984,151,4,4,13
7,1988,114,3,3,22
6,1982,90,3,2,4
3,1999,71,2,2,3
2,2020,11,1,1,19
7,1988,109,2,2,22
0,2016,56,2,2,4
7,1988,81,2,2,22
7,1988,83,2,2,22
5,1990,108,3,3,22
3,1976,130,2,2,21
1,1947,114,3,2,18
0,1984,67,2,2,19
3,1931,169,4,4,15
2,2023,20,1,1,6
3,1976,69,2,2,15
0,2001,52,2,2,1
4,2017,56,1,1,11
0,1986,82,3,2,1
4,2017,16,1,1,11
4,2007,52,1,1,11
4,2009,80,1,2,11
4,2009,90,2,2,11
4,2018,27,1,1,11
0,1988,85,3,2,1
4,2009,93,2,2,11
2,2001,60,2,2,11
2,2001,115,2,2,11
2,2001,112,2,2,11
0,1993,73,2,2,1
2,2001,140,2,3,11
2,2001,92,2,2,11
7,1979,153,3,4,22
0,1965,160,3,4,3
7,1979,119,3,4,22
1,1963,106,2,3,19
7,1976,155,3,4,22
0,1991,95,2,3,3
7,1979,124,3,4,22
5,1990,107,3,4,22
7,1966,159,3,4,22
5,2008,52,3,2,22
7,1982,125,3,4,23
2,2021,33,1,1,17
2,2022,23,1,1,17
3,1986,128,3,3,23
3,1996,111,2,3,23
0,2004,67,2,2,11
0,2000,100,2,3,21
2,2024,20,1,1,1
3,2007,78,2,2,2
2,2001,108,2,2,11
2,2001,96,2,2,11
2,2001,87,2,2,11
2,2005,91,2,2,12
3,1997,89,3,2,23
2,2020,21,1,1,3
6,1977,104,2,3,13
0,2016,47,2,1,4
0,1990,51,2,1,17
5,1969,85,3,2,3
0,1970,78,2,2,17
0,1974,80,3,3,17
0,1921,162,4,3,17
7,1941,187,3,4,9
3,2018,43,1,1,23
3,1999,74,2,2,3
1,1970,93,2,2,2
3,1958,177,4,4,3
1,1990,56,2,2,2
3,1974,137,3,2,3
5,2007,81,2,2,2
5,2007,67,2,2,2
3,1926,167,3,4,15
5,2007,71,2,2,2
5,2007,71,2,2,2
5,2007,70,2,2,2
5,2007,88,2,2,2
5,2007,61,2,2,2
3,2007,85,2,2,2
3,2018,33,1,1,2
3,2007,57,2,2,2
3,2007,58,2,1,2
3,2007,59,2,2,2
3,1960,111,3,2,2
3,1978,127,3,4,23
7,1960,122,3,3,2
2,1975,116,2,3,11
2,1975,150,2,4,11
1,1969,110,2,3,19
1,1919,257,3,5,19
1,1905,241,3,3,17
6,1948,170,2,2,15
2,2020,12,1,1,19
5,1978,142,2,3,21
6,1983,117,2,3,9
6,2004,63,2,2,3
5,1995,79,2,2,21
5,1996,89,2,1,13
6,1991,97,2,2,9
2,2021,20,1,1,3
3,2018,24,1,1,2
3,2007,69,2,1,2
3,2007,67,1,2,2
3,2007,57,2,2,2
3,2007,62,2,2,2
3,1946,131,2,2,15
3,1951,120,3,2,15
7,1966,146,3,3,13
5,1986,95,2,3,11
1,1972,116,2,2,13
3,1963,147,3,4,1
7,1967,137,3,3,1
3,1987,85,2,2,13
0,1967,127,3,4,1
0,1995,63,2,2,4
0,1999,75,2,2,3
0,2008,62,2,2,4
0,1984,99,3,3,4
6,2005,51,2,2,4
0,2008,56,2,2,4
0,2016,49,2,1,4
0,1992,78,2,3,4
0,1997,81,2,2,3
2,2023,24,1,1,9
0,1957,150,4,3,4
0,2008,50,2,2,4
2,2021,22,1,1,3
6,1992,92,2,2,3
5,1976,141,3,3,21
6,2005,61,2,2,3
5,1998,83,2,2,21
5,1998,78,2,2,21
0,2000,62,2,2,23
3,1926,172,3,3,15
6,1989,81,2,2,1
3,1981,108,3,2,1
0,1975,114,3,4,1
0,1964,136,3,4,1
6,1997,66,2,2,13
7,2002,56,2,2,3
7,2005,48,2,2,3
0,2008,63,2,2,13
0,1987,96,2,3,13
7,2001,63,2,2,3
1,2002,79,1,2,13
0,2008,63,2,2,4
0,2016,41,2,1,4
0,2016,51,2,1,4
0,2016,49,2,1,4
0,2005,67,2,2,4
0,1969,122,3,3,4
0,1985,97,3,4,4
0,1988,72,2,2,17
1,1921,229,4,5,3
7,1979,144,3,3,23
1,1970,104,3,3,2
5,1990,88,2,3,22
3,1926,193,3,3,15
3,1921,182,2,2,15
3,1977,112,3,3,15
0,1967,99,2,2,19
1,1920,188,3,4,10
7,1966,101,3,2,2
1,1972,145,4,3,2
1,1957,170,4,2,2
1,1970,128,3,2,2
1,1907,163,3,3,2
1,1907,171,4,3,2
1,1967,124,3,2,2
1,1995,68,3,2,2
1,1967,139,3,3,2
1,1907,155,3,3,2
1,1947,175,3,3,2
1,1937,138,3,3,2
1,1937,159,3,3,2
1,1967,165,4,3,2
1,1967,140,3,3,2
5,1980,137,2,3,10
0,2000,86,2,2,22
4,2016,30,2,1,3
3,1990,103,2,3,21
4,1982,139,3,4,23
6,1991,96,2,3,13
3,1997,76,3,2,23
1,1959,116,2,3,19
1,2013,32,1,2,2
1,1962,145,3,3,2
1,1962,158,3,3,2
1,1983,99,3,2,2
1,1910,178,4,3,2
1,1910,191,4,3,2
1,1975,70,3,2,2
1,1955,123,4,2,2
1,1910,209,4,3,2
1,2002,80,3,2,2
1,1957,145,4,2,2
3,1990,94,2,2,21
3,1990,113,2,3,21
2,2019,28,1,1,10
3,2000,81,2,2,21
3,1990,104,2,2,21
3,1995,89,2,2,21
7,1995,90,3,3,21
1,1937,146,3,4,14
1,1968,147,3,3,21
0,1978,120,2,3,21
1,1940,131,3,2,2
0,1976,146,3,4,13
0,1966,185,4,4,13
0,2008,61,2,2,13
0,2014,51,2,2,22
0,1976,142,3,3,13
0,1976,140,4,3,13
7,2001,85,2,3,22
7,1972,135,3,3,13
1,1986,73,2,2,2
7,1966,155,3,3,13
7,1962,202,4,3,13
2,2022,34,1,1,22
7,1962,174,4,4,13
2,2013,103,2,2,21
2,2012,93,2,2,21
2,2013,94,2,2,21
0,1989,113,4,3,19
2,2018,66,1,1,21
2,2015,66,2,1,21
5,1979,125,4,4,19
2,2015,49,1,1,21
3,1982,82,2,2,15
0,1979,156,4,5,19
3,1972,104,3,3,15
5,1989,97,3,3,19
0,1996,63,2,2,1
0,1984,88,3,2,1
0,1982,94,3,2,1
0,1977,107,3,2,1
0,1980,105,3,3,1
2,2015,28,1,1,12
0,1991,88,3,3,1
2,2020,32,1,1,1
2,2014,56,2,2,1
0,1951,166,4,4,1
2,2011,59,2,1,1
3,1978,115,4,3,1
6,1995,82,3,2,1
7,1957,139,3,7,15
0,1994,80,3,2,19
3,1957,134,2,3,15
0,1992,89,4,2,19
0,2004,50,2,1,19
0,1989,105,3,3,19
0,1999,136,4,3,19
0,1989,99,3,3,19
7,1966,165,4,5,13
3,1962,139,4,3,13
7,1977,114,4,3,13
3,1997,64,3,2,13
7,1952,178,4,3,13
7,1947,188,4,5,13
7,1947,194,4,4,13
7,1942,226,4,5,13
0,1987,100,3,3,13
7,1957,169,4,4,13
7,1962,169,4,4,13
5,2010,45,2,1,19
0,2010,47,2,2,19
0,2025,20,2,0,19
1,1907,231,3,4,15
6,1993,92,2,3,9
0,1989,127,3,3,22
2,2017,35,2,1,1
2,2017,61,2,2,1
6,1976,121,4,3,1
0,1990,72,3,2,1
0,1967,154,3,3,14
5,1985,118,4,3,19
5,1996,76,3,2,19
0,1984,85,3,2,19
0,1980,122,2,2,11
7,1966,131,4,3,13
6,1975,139,3,3,11
7,1976,112,3,2,13
7,1957,164,3,3,13
6,1975,142,2,2,11
7,1972,178,4,4,13
0,1999,56,1,1,11
6,1968,173,2,2,11
7,1972,161,4,3,13
6,1988,146,3,3,13
7,1972,146,3,3,13
7,1972,117,4,4,13
3,1997,64,2,2,13
7,1949,167,3,4,3
3,1982,43,1,1,14
3,1967,103,3,3,14
3,1975,80,2,2,14
3,1962,123,2,2,14
3,1972,115,3,2,14
2,2013,64,2,2,1
1,1915,241,3,3,3
2,2010,63,2,2,1
0,1989,76,2,2,1
0,1993,78,3,2,1
0,1970,125,4,4,8
0,1987,86,3,3,1
6,1994,64,2,2,8
6,1985,92,2,3,8
0,1952,162,4,5,8
6,1985,93,2,2,8
0,1945,175,4,3,8
0,1988,77,3,2,1
0,1996,90,2,3,8
0,1950,172,4,4,8
5,1986,112,3,3,19
0,2013,47,1,1,1
0,1999,54,2,2,21
0,1978,107,3,3,21
4,1944,207,5,4,21
0,1967,122,3,2,19
3,1947,184,3,3,19
0,2006,39,1,1,1
0,1992,84,2,3,8
2,2016,44,2,1,8
6,1974,116,3,3,8
0,1990,83,2,3,8
0,1988,103,3,3,8
0,1942,184,4,4,8
0,2002,47,2,2,8
2,2022,30,1,1,12
3,1940,134,2,3,19
0,1997,72,2,2,19
6,1968,139,5,3,1
6,1964,149,4,4,1
6,1954,174,5,4,1
6,1930,250,5,5,1
0,1954,156,4,3,19
4,1954,199,4,4,21
0,1957,80,2,2,18
0,1940,162,2,4,18
4,1974,126,2,3,21
4,1944,244,3,3,21
0,1956,166,3,6,15
0,1947,134,4,4,15
0,1999,55,2,2,15
6,1927,170,4,4,15
0,1922,183,4,4,15
6,1967,84,3,3,15
0,1988,120,3,2,13
6,1947,139,3,3,15
2,2009,80,2,2,1
1,1951,192,4,4,4
0,1959,120,3,4,10
0,1986,109,3,4,4
0,1981,121,2,4,4
4,1983,129,4,3,10
4,1961,191,3,4,4
2,2017,56,2,2,1
4,1959,188,3,4,4
4,1983,132,5,4,10
7,1968,157,3,4,22
0,1973,124,3,5,4
0,1980,102,3,4,4
0,1970,122,3,5,4
4,1990,126,3,3,1
6,1950,172,3,3,16
0,1992,69,2,2,8
6,1989,75,2,3,8
2,2014,70,2,2,1
2,2017,52,2,1,1
0,2001,86,2,3,16
7,1947,117,3,2,19
0,1988,77,2,2,16
0,2002,69,2,2,16
3,1953,143,3,3,2
6,1974,128,5,4,1
6,1994,88,2,3,1
6,1967,108,3,3,15
7,1978,105,2,3,21
2,2015,34,1,1,23
6,1998,64,2,2,15
0,1977,78,3,3,15
0,1987,70,2,2,15
0,1958,205,4,2,13
0,1987,65,2,2,15
6,1952,119,3,4,15
0,1983,99,3,3,4
0,1942,146,3,3,15
0,1947,144,4,4,15
6,1950,164,4,4,4
2,2009,71,2,2,1
0,1922,190,4,4,15
4,1983,171,4,4,10
0,1990,77,3,3,4
0,1992,88,2,3,4
2,2017,51,2,2,1
0,1987,76,2,2,15
0,1927,182,4,3,15
6,1945,175,3,5,4
0,1982,86,2,3,15
0,1960,145,3,4,1
0,1965,161,4,5,4
0,1973,114,3,4,4
0,1982,91,3,3,15
0,1977,98,3,3,15
7,1968,164,3,4,22
6,1982,60,2,2,15
0,1998,92,2,2,16
7,1940,137,3,3,19
2,2019,64,2,2,16
0,1999,61,2,3,8
0,1983,97,4,3,16
0,1991,75,2,3,8
2,2020,41,1,1,8
0,1999,58,2,2,8
0,1997,61,2,2,8
0,1999,61,2,2,8
6,1983,92,2,2,16
6,1973,98,2,3,16
6,1953,146,3,3,16
2,2023,26,1,1,12
1,2008,82,2,2,1
0,1964,165,4,5,9
2,2019,48,1,1,10
6,1934,200,3,7,15
7,1919,242,3,7,15
0,1993,91,4,2,13
7,1963,160,3,4,3
0,1997,79,2,2,15
1,1984,88,2,2,1
2,2017,27,1,1,1
1,1969,130,3,4,1
4,1977,158,3,4,1
0,2006,62,2,2,1
0,1950,182,2,3,19
5,1995,100,2,3,19
2,2017,56,2,2,1
5,1995,90,2,3,19
1,1940,108,2,2,19
0,1993,70,2,2,1
0,1990,84,3,2,1
0,1998,65,2,2,8
4,1955,199,4,5,1
3,1940,160,3,3,19
6,1963,139,1,1,16
0,1990,75,3,2,1
2,2024,17,1,1,8
0,1997,63,2,2,8
2,2023,20,1,1,12
6,1993,72,2,2,8
2,2016,59,2,2,8
2,2013,59,2,2,1
2,1974,137,3,3,9
2,2012,75,2,2,9
2,1966,150,3,4,9
2,2012,62,2,2,9
5,1983,89,3,3,23
5,1988,72,3,3,23
5,1982,89,2,4,23
5,1986,82,2,2,23
5,1991,57,3,1,23
0,1977,143,3,2,13
0,1977,149,3,2,13
7,1936,227,4,6,3
4,1986,100,3,3,3
0,1998,74,3,1,13
4,1961,175,3,4,3
6,1988,97,3,2,13
4,1976,146,3,3,3
6,1993,85,3,1,13
6,1998,84,3,1,13
2,2012,70,1,1,22
1,1940,120,3,3,19
1,2000,38,2,1,19
2,2013,78,2,2,1
1,1947,89,2,2,19
0,1985,89,2,2,1
5,2011,34,2,2,19
5,1995,88,2,2,19
2,2014,59,2,2,1
0,1990,88,2,2,1
0,1997,69,2,3,8
0,1981,95,2,3,8
7,1988,81,3,2,16
5,1953,175,4,4,16
0,1994,71,2,3,8
5,1973,134,3,3,16
0,1991,92,2,3,8
2,2012,63,2,2,8
2,2016,45,2,1,8
2,2014,29,2,1,1
2,2017,55,2,1,1
7,2003,56,2,1,19
2,2001,79,2,2,11
2,2022,30,1,1,1
0,2018,42,2,1,8
7,1940,147,3,3,19
0,1975,119,3,3,16
2,2023,20,1,1,12
2,2023,29,1,1,12
1,1967,95,2,2,19
5,1962,182,3,5,1
3,1942,181,4,4,3
2,2000,57,2,2,23
0,1990,103,2,3,3
1,1907,267,4,6,3
0,2001,58,2,2,19
0,1985,108,3,3,19
2,2014,62,2,2,1
4,1996,73,3,2,1
6,1974,111,3,4,4
4,1970,158,3,4,1
2,2009,75,2,2,1
2,2016,62,2,2,1
2,2013,61,2,2,1
2,2010,73,2,2,1
2,2023,28,1,1,1
0,1996,37,1,1,21
2,2017,54,2,1,1
2,2017,34,2,1,1
3,2003,81,2,2,19
1,1920,161,4,4,2
0,1982,90,2,3,8
2,2020,36,2,1,1
2,2017,54,2,1,1
6,1997,62,2,2,8
2,2021,24,1,1,8
2,2025,19,1,1,1
1,1940,155,3,3,19
6,1994,105,3,3,20
0,1995,84,2,2,3
2,2015,34,1,1,23
3,1962,139,3,3,3
3,1951,159,4,3,3
3,1956,153,4,4,3
2,2017,26,1,1,12
2,2014,59,2,2,1
2,2010,102,2,2,1
2,2021,43,1,1,1
0,1940,141,3,3,18
0,1947,110,2,2,18
0,1940,132,3,3,18
0,1957,115,3,3,18
0,1947,113,3,2,18
3,2013,45,2,2,9
3,2003,67,3,2,9
3,2013,34,2,1,9
3,2005,64,2,2,9
3,2008,57,3,2,9
3,1995,93,2,2,9
0,1947,123,3,3,14
5,1988,89,2,2,21
5,1985,66,2,2,21
5,1981,88,3,2,21
6,1983,115,3,3,1
5,2006,77,2,2,21
1,1940,147,3,3,19
7,1979,124,3,3,1
1,1947,41,1,2,19
5,1936,271,4,4,19
6,1932,229,5,5,1
0,1942,185,4,4,3
0,1987,56,2,2,14
3,1962,138,4,4,3
5,2010,54,2,2,22
3,1973,112,3,2,3
3,1948,168,5,4,3
0,1980,83,2,2,11
0,1964,150,4,3,3
2,2015,39,2,2,23
6,1982,97,2,2,1
2,2024,20,1,1,12
7,1947,108,2,2,19
1,1940,154,3,3,19
4,1986,183,4,5,2
4,1986,163,4,4,2
4,1915,254,5,5,1
3,2008,56,3,2,9
3,1998,88,3,2,9
6,1972,127,3,3,10
3,1985,113,3,3,10
0,1957,103,2,3,18
3,1940,133,3,2,19
6,1926,146,3,4,20
0,1987,85,3,3,7
6,1937,218,5,5,1
7,1999,72,2,2,1
0,1985,98,3,3,1
1,1943,198,4,4,1
0,1962,155,4,4,1
1,1923,254,5,6,1
2,2021,21,1,1,3
0,2015,35,2,1,1
0,1986,101,3,3,1
2,2015,37,2,2,23
5,1960,163,2,2,19
3,1940,209,3,4,19
1,2024,31,1,1,2
0,1981,131,2,3,19
2,2023,20,1,1,23
2,2016,39,1,1,1
2,2017,27,1,1,1
2,2017,29,1,1,1
1,2024,27,1,1,2
2,2017,35,2,1,1
2,2014,39,2,2,1
4,1908,293,7,6,1
4,1912,295,6,6,1
6,1989,76,3,2,1
0,1971,124,4,5,3
0,1960,150,3,5,3
4,1908,274,6,6,1
2,2023,31,1,1,1
2,2017,51,2,1,1
2,2022,33,1,1,1
2,2020,25,1,1,12
2,2012,69,2,2,1
0,1947,110,3,4,19
0,1940,108,3,3,19
0,1967,74,2,3,19
3,1940,130,4,2,19
3,1940,152,3,2,19
3,1940,158,3,3,19
3,1940,124,3,2,19
3,1940,163,3,2,19
3,1940,140,3,2,19
6,1951,199,4,4,22
0,1975,85,2,2,11
0,1940,131,4,3,19
0,1985,95,4,3,1
2,2016,34,1,1,1
2,2018,28,1,1,1
2,2016,47,2,2,1
2,2017,35,2,1,1
2,2021,25,1,1,1
2,2018,28,1,1,23
5,1973,139,3,3,19
2,2018,29,1,1,23
2,2018,26,1,1,1
2,2021,22,1,1,1
2,2018,26,1,1,1
0,1967,137,4,5,3
2,2021,35,1,1,1
3,1960,227,2,4,19
0,1991,99,4,2,19
4,2018,43,2,1,20
0,1998,126,3,2,12
6,1930,212,3,4,14
4,1982,104,3,3,20
4,1982,143,3,3,20
4,1987,157,4,5,20
5,2007,48,2,1,22
5,1994,66,2,1,21
1,1946,207,3,4,13
2,2022,25,1,1,12
1,1999,107,2,2,13
1,1999,79,2,2,13
1,2000,81,2,2,13
1,1987,97,1,2,13
1,1987,90,2,2,13
1,1947,159,4,2,13
1,1929,267,2,3,13
1,2005,53,1,1,13
1,2005,76,2,2,13
2,2023,20,1,1,1
2,2018,24,1,1,1
2,2018,43,1,1,14
2,2021,23,1,1,1
2,2022,25,1,1,23
2,2021,24,1,1,1
2,2021,23,1,1,1
2,2021,23,1,1,1
2,2018,24,1,1,1
2,2021,24,1,1,1
2,2018,24,1,1,1
3,1981,109,4,2,1
0,2005,43,3,2,1
0,1952,158,4,5,1
3,1986,95,4,2,1
6,1994,67,3,2,1
6,1971,133,4,3,1
3,1988,97,4,2,1
2,2021,24,1,1,1
0,1997,65,3,2,1
2,2023,23,1,1,1
7,1934,206,4,4,1
2,2014,47,2,2,1
3,1988,93,4,2,1
2,2021,33,1,1,1
2,2021,32,1,1,1
2,2011,66,2,2,1
0,2005,39,2,2,1
3,1963,155,5,4,1
3,1986,86,4,3,1
7,1935,195,3,2,1
6,1994,61,3,2,1
7,1947,192,5,5,1
3,1992,73,3,2,1
2,2023,21,2,1,23
0,1987,125,2,2,13
1,1921,229,2,5,14
7,1961,162,2,4,14
1,1983,113,2,2,22
4,1985,119,2,3,23
3,2007,60,2,2,22
5,1980,126,3,4,10
7,1997,95,2,3,22
0,1992,94,3,2,13
0,1982,81,2,2,13
0,1982,80,2,3,13
0,1997,78,2,2,13
0,2006,59,2,2,13
0,2002,65,3,2,13
0,1992,91,3,2,13
0,1972,136,4,3,13
2,2021,20,1,1,1
2,2022,24,1,1,1
2,2023,22,1,1,1
2,2023,21,1,1,1
2,2023,19,1,1,1
0,1950,169,3,4,19
1,1981,106,2,2,1
1,1973,127,3,3,1
1,1971,136,3,3,1
4,2022,61,2,1,1
0,1987,86,3,3,1
4,2022,60,2,2,1
7,1978,106,3,4,1
2,2014,52,3,2,1
2,2017,58,2,2,1
0,1997,98,2,3,22
2,2017,56,3,2,1
2,2017,48,2,1,1
2,2020,30,1,1,1
0,1983,91,4,3,1
0,1992,76,3,3,1
0,1984,85,4,1,1
2,2021,35,1,1,1
0,1999,64,3,2,1
2,2014,36,2,1,1
0,1956,114,3,3,20
1,1920,202,5,3,2
7,1999,59,2,2,22
3,1950,208,3,3,22
3,1955,128,3,3,22
6,1967,140,4,4,13
0,1992,75,2,2,13
0,2008,62,2,1,13
1,1984,88,2,2,1
1,1974,118,3,3,1
1,1980,100,2,3,1
0,1967,91,3,3,15
1,1967,131,3,4,1
1,1979,98,2,3,1
2,2018,32,1,1,19
1,1961,139,3,3,1
0,1969,163,4,3,19
5,1985,104,3,2,19
0,1977,106,3,2,1
3,1993,68,3,2,1
0,1967,127,3,3,1
2,2013,59,2,2,1
0,1988,76,3,2,1
2,2014,33,2,1,1
2,2021,33,1,1,1
2,2015,21,1,1,12
2,2021,20,1,1,1
3,1962,145,4,4,1
7,2006,49,2,2,22
2,2017,53,2,2,1
2,2021,22,1,1,1
7,2006,66,2,2,22
2,2014,23,2,1,1
0,1921,237,5,5,1
6,1995,76,3,2,1
2,2020,46,2,2,1
0,1961,145,4,3,1
2,2015,28,1,1,12
3,1999,50,2,2,22
1,1992,119,2,2,21
6,1999,65,2,2,21
5,2007,85,2,3,22
7,1979,142,4,3,23
7,1989,110,2,3,23
3,1995,111,3,3,21
7,1995,97,3,3,21
3,1920,169,3,3,19
3,1940,166,3,2,19
3,1940,135,3,2,19
5,2010,48,1,1,22
6,1957,81,2,1,19
0,1957,85,1,2,19
6,1957,90,3,3,19
0,1940,154,3,4,19
0,1988,85,1,2,14
0,1957,102,2,2,19
2,2022,20,1,1,23
5,2008,45,1,1,22
2,2022,20,1,1,23
0,1957,103,3,2,19
0,2009,84,2,2,10
0,1957,83,2,2,19
2,2015,35,1,1,23
0,1957,99,3,3,19
6,1975,121,2,2,11
0,1970,122,3,2,10
7,1962,187,4,4,22
0,1982,155,3,5,13
2,2023,20,1,1,11
2,2013,155,2,2,12
0,1975,91,3,2,11
5,1993,107,2,4,22
0,1995,108,2,4,22
5,1998,102,2,3,22
5,2011,62,2,2,22
5,1980,82,2,2,10
0,1985,61,2,2,11
5,2005,76,2,2,22
5,1980,72,2,2,10
5,1998,88,2,3,22
2,2023,20,1,1,23
0,1967,173,3,3,13
0,1957,171,4,5,13
4,2009,52,2,2,10
0,1995,86,2,3,2
4,2020,22,1,1,23
4,2020,23,1,1,23
0,1957,168,4,4,13
0,2010,58,2,2,13
2,2023,20,1,1,11
2,2023,20,1,1,11
2,2020,48,2,2,2
7,1991,51,1,1,17
2,2023,20,1,1,11
5,1993,112,3,3,22
5,2008,57,2,2,22
5,1998,94,2,3,22
5,1993,115,3,4,22
5,2008,64,2,2,22
5,2008,67,2,2,22
0,1980,67,2,1,11
5,2005,75,2,2,22
5,2003,91,2,3,22
4,2020,16,1,1,11
2,2020,43,2,2,2
2,2015,30,1,1,23
3,1949,170,4,3,16
2,2018,18,1,1,11
0,1980,120,2,2,11
0,1947,113,3,2,19
1,1991,97,2,2,2
1,1990,106,2,2,19
2,1977,168,3,3,19
0,1979,133,3,2,19
3,1967,167,4,3,19
0,2006,64,2,2,11
0,1997,89,2,2,13
5,2003,95,2,3,22
0,2017,30,1,1,22
5,1953,276,4,5,22
0,2003,85,2,3,22
1,2013,55,2,2,22
2,2022,21,1,1,23
2,2018,18,1,1,11
0,1953,157,3,3,9
0,1980,106,4,3,9
0,1967,79,2,2,19
0,1967,72,2,1,19
7,1970,140,3,2,11
0,1940,134,3,3,19
0,1977,58,2,2,19
3,1957,184,4,4,13
7,1952,195,4,4,13
7,1952,192,4,4,13
0,1955,188,4,4,9
3,1992,80,3,2,13
1,1966,103,2,2,13
1,1956,194,3,3,13
1,2000,93,3,2,2
1,1926,278,4,5,13
0,1975,113,3,3,11
0,2013,80,3,3,13
0,2001,90,2,2,13
0,1975,96,3,4,11
0,1975,101,2,3,11
3,1958,140,3,4,22
6,1975,77,2,2,22
6,1947,156,4,3,13
3,1980,144,3,3,22
0,1980,106,2,3,9
0,2007,51,1,2,9
6,1974,104,2,2,9
0,1957,101,3,2,19
0,2009,55,2,2,19
1,1970,108,2,2,22
6,1947,96,1,2,19
4,1961,130,3,3,21
0,1975,71,2,2,11
0,1975,108,3,3,11
1,1936,249,4,4,13
0,1975,111,3,3,11
6,1920,172,3,3,12
6,1945,130,3,3,12
6,1920,165,3,3,12
0,1975,90,3,3,11
5,1999,61,2,2,23
5,1999,60,2,2,23
6,1975,99,2,2,22
6,1970,257,2,2,11
1,2019,30,1,1,22
2,2014,39,1,1,22
4,1959,186,4,5,22
6,2005,89,2,2,11
6,1960,125,3,3,11
4,2005,66,2,2,11
1,1963,234,3,3,22
6,2008,62,2,2,20
0,1978,102,2,3,9
0,1987,116,3,3,13
5,1999,63,2,1,23
0,1975,88,2,2,11
5,1999,116,2,1,23
5,1999,74,2,1,23
5,1999,91,2,2,23
1,2008,22,1,1,23
0,2007,71,2,1,11
0,1975,137,3,3,11
0,1975,78,3,2,11
6,1991,62,2,1,15
5,1983,143,2,2,22
0,1983,149,3,3,22
0,1968,200,4,5,22
0,1992,69,2,2,21
2,2021,33,1,1,22
1,1983,141,3,3,22
4,1983,149,3,4,22
5,2005,74,2,2,11
6,1960,141,3,3,9
0,2008,55,2,1,10
1,1955,167,3,4,8
0,2005,58,2,2,10
1,1950,173,4,4,8
1,1962,141,3,4,8
1,1985,102,2,2,8
1,1941,202,4,5,8
1,1977,120,2,2,8
0,1977,151,3,3,13
0,1975,154,3,4,11
0,1975,88,2,2,11
0,1975,110,2,2,11
0,1975,98,2,2,11
4,1968,190,3,4,23
0,1997,47,2,2,13
4,2013,64,1,1,22
0,2018,51,1,1,15
1,1924,230,4,4,19
6,1983,154,3,3,22
3,2024,26,1,1,22
6,1978,105,3,3,22
6,1995,53,2,2,22
6,1983,86,2,3,22
1,1958,227,3,2,22
3,1988,88,3,2,9
3,1972,120,3,3,9
3,1971,130,4,3,9
3,1969,132,4,3,9
4,1931,219,5,6,9
4,1990,97,3,3,9
2,2011,60,1,1,22
0,1975,149,3,4,11
0,1995,71,2,2,8
0,1987,88,3,3,8
6,1956,152,3,4,8
6,1980,99,2,2,11
3,2004,84,2,2,23
0,2000,46,2,2,23
0,2000,54,2,2,23
5,1975,161,3,2,23
0,2001,70,2,2,23
0,1987,91,4,3,13
0,1990,105,3,3,23
5,1987,69,4,3,13
5,1987,123,4,4,13
1,1973,184,4,2,22
1,1968,198,3,2,22
1,1983,154,5,4,22
1,1983,149,5,3,22
1,1973,170,3,2,22
1,1963,202,2,1,22
2,2020,41,1,1,16
3,1994,131,2,2,23
0,1997,60,2,2,13
3,2002,91,2,2,23
1,1981,138,2,2,23
1,1976,157,2,3,23
4,1959,152,3,4,9
2,2024,19,1,1,9
1,1986,113,2,2,23
1,1993,69,2,2,16
2,1949,196,4,5,9
0,2007,49,2,2,16
1,1986,123,2,2,23
0,1997,83,2,2,13
2,1961,163,4,4,9
7,1988,143,5,5,13
2,1970,130,2,3,23
0,1937,201,4,5,8
1,1910,192,3,4,11
3,1996,87,2,2,22
0,1994,195,2,3,13
0,2000,70,2,2,23
0,2006,62,2,2,13
0,2003,43,2,1,23
1,1987,116,3,3,13
4,1988,146,4,5,13
0,1997,109,2,3,13
5,1993,105,2,3,23
6,1984,116,3,3,23
5,1997,24,1,1,13
0,1975,95,3,2,11
6,1994,63,2,1,13
1,1983,141,4,4,22
5,2018,27,1,1,22
1,1958,217,5,4,22
1,1983,150,5,2,22
6,1990,64,2,2,18
1,1968,188,3,2,22
1,1989,148,5,3,22
1,1994,117,4,2,22
1,1994,114,1,2,22
1,1984,163,5,4,22
1,1991,128,5,2,22
1,1991,119,4,2,22
1,1989,129,5,2,22
1,1974,175,5,3,22
0,1973,152,2,3,21
2,1980,187,2,4,23
2,1950,189,4,4,9
2,1953,175,4,4,9
2,1984,144,2,3,23
2,1984,174,2,3,23
2,1996,103,2,2,23
2,2005,92,1,2,11
0,1981,119,3,3,2
2,1936,254,4,5,9
2,1948,209,4,4,9
6,1985,89,3,3,14
3,1990,97,2,2,22
0,1992,78,2,2,9
0,1972,121,3,4,9
0,1963,144,3,4,9
0,1977,116,3,3,9
2,2024,19,1,1,19
2,2024,21,1,1,19
0,1975,117,3,2,11
0,1999,48,2,1,11
4,1979,133,2,3,13
4,1979,162,2,4,13
0,1940,128,3,2,18
3,1972,149,4,3,23
6,1909,191,4,3,18
4,1979,112,1,3,13
5,1978,94,3,2,13
7,2011,39,2,1,3
5,1963,202,3,2,13
0,1940,157,4,3,18
5,1998,38,1,1,13
4,1978,119,3,2,13
1,1974,180,5,3,22
1,1979,157,5,3,22
1,1974,182,5,3,22
1,1989,134,5,3,22
1,1989,129,4,4,22
2,2020,28,1,1,22
1,1984,148,4,4,22
1,1984,143,4,4,22
0,1938,129,3,3,17
1,1974,187,4,3,22
1,1959,222,5,3,22
1,1964,203,2,1,22
1,1979,165,5,3,22
1,1954,266,5,3,22
1,1984,159,5,3,22
5,2008,49,2,2,22
4,1975,209,3,3,11
4,2009,37,1,1,11
4,1970,196,3,3,11
4,1975,151,3,3,11
4,2009,64,3,3,11
7,2018,50,1,1,20
4,2010,51,2,1,11
0,1994,61,2,2,22
1,1987,62,2,2,22
4,1964,151,3,4,13
4,1979,132,2,3,13
0,1940,129,3,3,18
4,1979,215,3,4,13
3,1967,163,3,3,23
6,1940,169,3,3,18
0,1994,79,2,2,22
0,1975,76,3,2,11
1,1984,135,2,1,22
2,2013,132,2,2,12
1,1979,162,5,2,22
1,1974,176,5,3,22
1,1974,200,3,3,22
1,1989,151,2,2,22
1,1974,176,5,4,22
3,1972,118,2,4,16
3,1960,144,3,4,16
1,1969,196,5,3,22
2,2016,48,1,1,22
7,1951,162,3,4,16
1,1974,170,2,1,22
1,1994,110,3,2,22
4,2022,24,1,1,20
7,1950,160,3,3,16
1,1960,137,3,3,14
0,1980,95,3,3,2
0,1980,107,3,3,2
0,1970,93,3,2,2
0,1980,93,3,3,2
0,1975,67,2,2,11
6,1955,172,3,3,22
3,1961,185,4,4,23
5,1990,105,2,3,22
5,2000,42,2,2,22
3,1999,86,2,3,23
2,1995,91,1,2,14
1,1960,137,3,3,14
2,2008,59,1,2,19
0,1975,60,3,2,11
1,1989,142,4,2,22
1,1979,158,3,2,22
1,1964,211,5,4,22
1,1974,186,5,4,22
5,2000,77,2,2,22
5,2000,87,2,3,22
1,1994,128,4,2,22
1,1984,138,2,2,22
1,1989,121,4,3,22
1,1974,167,5,3,22
4,1984,113,2,3,14
1,1974,170,4,4,22
7,1975,145,3,4,20
6,1929,260,4,4,2
3,1951,142,3,3,20
6,1985,83,2,2,11
4,1952,184,4,5,1
6,1972,137,3,3,22
1,1940,133,3,2,19
0,1975,136,3,4,2
3,1977,114,2,3,21
4,2012,70,3,2,9
4,1949,189,5,4,9
0,1985,112,2,2,21
6,1975,75,2,2,11
0,1975,105,3,2,11
1,1969,131,2,3,19
0,1950,153,3,3,22
3,1991,68,2,2,22
3,1989,79,2,2,22
5,1985,113,2,3,22
3,2022,29,1,1,22
5,1964,220,2,2,22
1,1964,221,5,4,22
1,1980,115,2,2,22
1,2020,36,1,1,22
0,1947,99,3,3,19
1,2007,82,2,2,13
6,1987,127,3,2,13
6,1957,108,3,3,19
0,1947,119,2,3,19
6,1910,196,3,4,19
4,1943,195,5,4,9
4,1915,258,5,6,9
4,1933,209,5,5,9
5,1952,172,4,3,19
4,1920,247,5,6,9
4,1915,249,5,5,9
3,1980,137,3,3,14
7,1991,96,2,2,22
5,2001,71,2,2,16
2,2021,44,1,1,21
4,1957,224,4,6,13
2,2021,45,1,1,21
2,2021,46,1,1,21
2,2021,49,1,1,21
2,2021,51,1,1,21
6,1925,222,3,4,13
0,1975,69,2,2,11
0,2025,18,1,1,18
3,1995,72,2,1,11
1,2008,69,2,2,22
1,2005,78,2,2,22
0,2005,76,2,2,22
0,2005,73,2,3,22
1,2005,76,2,2,22
0,1983,149,2,4,22
1,2008,71,2,2,22
4,1969,161,2,4,13
0,1947,117,3,3,19
1,1951,141,2,2,22
6,1957,69,2,2,19
0,2013,52,2,2,22
0,2004,89,2,3,19
1,1950,148,3,3,22
1,1980,85,2,2,22
0,1920,167,3,3,19
0,1957,82,2,2,19
5,2008,48,1,2,22
1,1960,117,2,2,22
4,1943,191,5,5,9
4,1941,195,5,4,9
4,1932,224,5,6,9
0,1952,162,4,5,9
5,1978,113,4,3,19
6,1950,183,4,4,9
0,1985,82,3,2,19
2,2021,44,1,1,21
1,1948,210,4,3,13
1,1936,226,4,4,13
2,2015,34,1,1,23
2,2021,53,1,1,21
3,2003,72,2,3,13
1,1987,111,3,4,13
1,1963,160,3,3,13
0,1989,72,2,2,21
4,2016,31,1,1,22
5,1958,227,4,4,22
0,1980,53,2,2,11
0,2000,98,2,1,14
0,2011,58,2,2,22
0,2013,59,2,2,22
1,1970,112,2,2,22
1,1970,97,2,2,22
1,1970,91,2,2,22
1,1975,90,2,2,22
0,1940,145,3,4,19
1,1975,103,2,2,22
3,1940,137,3,2,19
4,1973,135,4,3,13
0,1956,162,4,3,19
6,1982,118,4,2,9
0,1996,62,2,1,19
0,2004,47,2,2,19
5,1935,148,4,4,9
0,1985,109,2,2,9
0,2011,44,1,1,19
6,1979,126,3,2,9
7,1983,118,4,3,9
0,2008,51,3,2,19
0,1947,130,3,2,19
0,1947,124,3,3,19
0,1957,103,3,2,19
5,1971,122,4,3,19
3,2006,90,2,2,22
3,1997,94,3,2,22
7,1991,102,3,3,22
5,1993,114,3,3,2
3,1965,216,4,4,22
6,1976,108,3,3,20
7,1991,102,3,2,2
0,1976,162,3,3,20
6,1966,143,3,3,20
7,1988,116,3,2,2
2,2023,32,1,1,1
2,2020,31,1,1,19
7,1994,85,2,2,2
2,2023,19,1,1,1
5,1984,87,2,3,22
5,1999,84,2,2,20
0,1946,172,3,4,20
0,2002,88,3,3,20
0,2007,56,2,2,2
6,1936,194,4,4,20
0,1997,79,2,2,2
0,1936,194,3,4,20
2,2013,53,2,2,21
5,1915,245,4,5,13
0,1992,100,3,5,2
3,1977,124,3,3,21
0,1950,132,4,5,2
5,1980,127,5,4,2
2,2020,26,1,1,19
0,1960,117,2,2,14
0,1995,119,3,2,20
6,1962,98,2,2,20
2,2020,36,1,1,20
0,1996,77,3,2,20
6,1966,113,3,2,20
2,2016,79,2,2,20
2,2016,39,2,2,20
2,2002,87,2,3,13
3,2023,20,1,1,2
2,2020,21,1,1,10
0,1936,149,3,4,20
1,1978,184,2,2,21
1,1998,56,1,1,21
0,1991,101,3,4,2
0,1998,80,3,3,2
5,1995,80,3,3,2
0,1978,122,3,4,2
2,2020,19,1,1,10
2,2020,25,1,1,19
1,1974,151,2,2,21
1,1988,105,2,3,21
1,1974,146,3,3,21
1,1973,153,3,3,21
1,1955,212,3,4,21
1,1986,121,2,2,21
1,1959,167,4,3,10
2,2017,21,1,1,10
0,2020,35,1,1,2
0,1988,103,2,3,23
0,1992,101,2,4,2
2,2020,37,1,1,21
1,1978,134,2,2,21
5,2002,82,3,2,2
1,1963,241,2,2,21
0,2006,54,2,2,2
0,1971,95,2,3,2
1,1935,200,4,5,13
1,1970,204,3,2,11
0,1977,78,2,2,19
3,1970,200,3,2,11
1,2011,59,2,2,10
0,1977,60,2,2,19
0,2003,47,2,2,19
0,1977,57,2,2,19
0,1977,66,2,2,19
4,1990,112,3,2,10
0,1957,96,3,2,19
4,1957,225,3,5,21
4,1974,131,3,3,21
5,1981,124,4,4,2
0,1996,74,2,2,23
1,1952,194,4,3,2
7,1984,141,2,2,23
5,1988,107,3,2,2
1,1979,116,3,3,2
0,2023,22,1,1,2
7,1984,117,2,2,23
5,1973,140,4,4,2
2,2013,56,2,2,20
5,1966,120,3,4,13
5,1991,58,2,2,13
5,1991,47,2,2,13
2,2020,34,1,1,19
5,1975,85,3,2,22
0,1957,88,2,2,19
0,1967,89,2,2,19
0,2005,41,1,1,19
0,1978,101,3,3,19
0,1984,121,3,3,19
0,1977,105,2,2,19
0,1947,91,2,2,19
0,1967,71,2,2,19
5,1933,250,5,5,2
4,1957,148,3,3,21
2,2020,28,1,2,23
4,1957,152,3,3,21
2,2024,20,1,1,23
6,1961,133,3,3,20
0,1981,126,3,5,2
4,1990,79,2,2,21
6,1995,81,2,2,20
3,1982,111,3,3,2
0,1995,94,2,2,11
1,2017,32,1,1,2
0,1978,89,3,3,2
5,2006,38,2,1,19
7,1984,137,2,2,23
4,2006,76,2,2,23
5,1974,140,4,5,2
1,1983,114,2,2,23
5,1975,93,3,2,22
2,1994,159,3,4,20
2,2014,39,1,1,20
6,1988,92,2,2,21
3,1947,136,3,2,15
0,1995,42,2,1,23
0,1953,195,3,6,2
0,1962,169,2,5,14
0,1986,113,3,5,10
0,2008,42,2,1,13
7,1984,158,3,3,23
4,1965,174,2,3,21
4,1976,115,2,3,21
6,1973,107,3,2,20
4,2020,48,2,1,23
4,1958,169,3,4,21
4,1957,227,3,5,21
1,1927,281,4,5,23
6,1976,128,4,3,2
5,1998,83,3,3,2
6,1992,89,3,2,2
0,2007,60,2,2,2
5,1998,97,2,2,23
4,2024,20,1,1,10
4,2024,20,1,1,10
4,2019,24,1,1,10
1,1927,294,4,5,23
7,1960,140,2,3,10
2,2020,33,1,1,19
1,1970,157,3,4,12
7,1960,125,2,2,10
0,2023,26,1,1,2
7,1960,182,3,4,3
0,1979,101,4,3,1
1,2005,57,2,2,22
6,1975,115,3,2,11
3,1975,129,2,3,2
7,1991,96,2,3,2
4,1957,191,3,5,21
4,1957,197,3,5,21
4,1957,192,3,4,21
1,1959,122,3,3,10
7,1942,213,4,4,13
4,1957,218,4,5,21
4,1957,188,3,4,21
4,1957,189,3,4,21
4,1957,181,3,4,21
1,1950,218,3,5,23
6,1981,88,2,3,21
6,1946,208,4,4,2
6,1981,101,2,3,21
2,2020,23,1,1,21
0,1982,100,2,3,21
2,2010,39,1,1,22
1,2021,23,1,1,2
0,1984,105,2,2,23
7,1973,163,3,4,23
5,2006,36,2,1,19
5,1975,133,3,4,22
5,1997,93,2,2,5
2,1994,167,3,4,20
0,1980,117,2,4,21
0,1986,81,3,2,20
7,2004,67,2,2,3
2,2021,35,1,1,20
2,1995,132,3,3,20
2,2022,37,1,1,20
5,1991,47,2,2,13
4,1965,190,3,2,21
5,1980,159,2,4,10
4,1986,101,2,2,21
4,1957,148,3,3,21
3,1983,119,2,3,2
4,1957,202,3,4,21
4,1937,276,5,5,21
5,1989,98,2,3,2
3,1980,120,3,4,2
5,1919,244,4,5,4
1,1940,246,4,5,23
6,1966,160,3,5,6
5,1987,86,3,2,18
7,1966,90,3,3,2
0,1987,69,3,2,18
7,1984,114,2,2,23
6,1976,133,4,5,6
2,2000,127,3,3,20
0,1999,98,2,2,11
1,1959,177,3,3,23
4,2009,80,2,1,10
3,1947,129,3,2,15
1,2015,46,1,1,23
0,2013,54,1,1,10
2,1994,137,3,4,20
1,1985,119,3,3,21
4,1943,228,4,5,13
2,2018,62,2,2,3
2,2014,78,2,2,20
7,2003,59,2,2,3
4,1991,85,3,2,3
1,1936,248,4,5,13
4,1957,227,4,5,21
4,1957,193,5,5,21
2,2020,22,1,1,19
7,1955,140,3,4,2
0,1996,90,3,4,2
5,2000,74,3,2,2
5,2006,41,2,1,19
0,1992,51,2,1,13
2,1967,163,2,4,2
1,1950,194,4,4,2
4,1943,242,4,5,13
3,1986,104,3,2,3
2,2014,95,2,2,20
1,2018,22,1,1,10
0,1980,142,3,4,10
0,2017,31,1,1,10
4,1979,103,3,4,22
6,1989,87,3,2,20
2,2014,48,1,2,20
7,1996,63,2,3,3
4,1989,86,2,3,22
2,1994,142,3,4,20
2,1994,160,3,4,20
2,2003,104,3,2,20
4,1957,227,4,5,21
4,1957,250,4,5,21
5,2021,25,1,1,21
3,1990,102,2,2,22
0,2006,53,2,2,13
0,2008,44,1,1,13
0,2006,45,1,1,13
4,1970,154,4,5,2
5,2004,60,3,2,2
7,1984,107,2,2,23
2,2014,82,2,2,20
4,1969,124,4,3,3
1,1959,202,4,3,10
5,1967,152,3,4,3
1,1979,128,3,3,21
2,2016,53,2,2,20
7,1981,172,3,3,20
7,1985,141,3,3,20
2,2016,67,2,2,20
3,1989,100,3,3,20
6,1970,139,3,3,11
2,2014,78,2,2,20
2,2014,69,2,2,20
1,1977,187,3,4,13
1,1963,172,4,4,9
3,1990,74,2,2,22
5,1995,122,2,2,22
0,1981,127,3,4,5
6,1987,135,2,2,22
0,1985,75,2,1,10
0,2003,45,2,2,13
0,1974,135,3,3,5
5,1975,132,3,4,2
4,1996,120,3,3,23
5,1990,98,4,3,2
0,1997,101,2,1,13
1,1998,75,2,2,2
0,1997,92,2,1,13
5,1982,112,3,3,2
0,1989,110,3,4,2
4,1943,232,4,4,13
1,1992,102,2,2,21
2,2013,66,2,2,10
1,2015,49,1,1,23
2,2013,59,1,1,10
4,1967,158,4,4,3
1,2015,55,2,2,23
6,1960,145,2,3,17
1,1920,232,3,3,10
2,2022,34,1,1,20
6,1975,98,2,2,11
2,2014,64,2,2,20
2,2001,115,3,3,20
3,1988,109,3,3,20
0,1985,107,3,3,20
1,1978,125,3,3,2
7,1981,175,4,4,20
3,1960,172,4,5,20
1,1939,227,3,4,13
0,2003,39,2,1,13
0,1996,85,3,3,5
0,1995,86,2,3,5
6,1975,111,3,2,21
0,2001,71,3,2,2
0,2006,60,2,2,2
4,1990,150,3,4,23
3,1982,98,3,3,13
7,1977,128,3,4,13
1,1948,206,4,6,13
0,2005,65,2,3,2
1,1948,181,3,4,13
6,1970,115,2,2,11
1,1932,246,4,5,20
0,2004,102,2,2,11
6,1917,146,3,3,20
0,2019,23,1,1,2
2,2001,143,3,3,20
2,1999,134,3,3,20
2,2016,85,2,2,20
2,2015,56,1,2,20
2,2020,26,1,2,23
6,1952,95,2,3,20
2,2018,48,2,1,20
0,1976,120,3,3,20
0,1998,87,2,2,2
6,1964,111,3,3,21
7,2003,56,2,2,13
2,2023,23,1,1,10
6,1975,107,3,2,21
0,2000,78,2,2,5
0,2000,71,2,2,22
4,1974,141,3,3,21
0,1999,80,2,3,21
6,1990,63,2,2,13
7,1988,136,3,4,13
7,1973,172,4,5,13
0,1983,66,2,2,11
4,1986,119,3,2,2
2,2015,76,2,2,20
3,1937,226,4,4,22
4,2020,24,2,1,23
2,2020,19,1,1,10
2,2018,55,2,1,20
2,2021,38,1,1,20
0,1977,87,3,2,20
6,1927,137,3,3,20
2,2015,85,3,2,20
2,2018,30,2,1,20
1,1997,86,3,3,13
3,2011,51,2,2,13
1,2002,62,3,3,13
7,2005,67,2,2,13
3,1970,132,2,2,10
3,2011,46,2,1,13
7,1988,143,3,3,13
5,1988,76,3,2,13
7,1988,115,3,4,13
0,1997,88,2,1,13
6,1981,85,3,3,13
0,1998,84,3,2,2
1,1945,191,3,2,16
3,1988,91,2,1,13
3,1978,122,3,2,2
0,1983,53,2,1,13
0,1993,76,3,1,13
4,1984,116,3,3,23
4,1956,196,5,5,2
0,2005,51,1,1,10
2,2014,107,2,2,20
2,2023,20,1,1,20
2,2014,62,2,2,20
2,2014,67,2,2,20
6,1971,80,2,2,20
0,2003,80,3,2,20
2,2015,67,2,2,20
6,1992,81,3,2,20
2,2014,78,2,2,20
6,1980,64,2,2,20
2,2013,41,2,2,10
0,2000,67,2,2,20
2,1950,170,3,2,16
2,1961,142,2,2,16
5,1911,166,3,5,2
1,1988,148,4,3,13
2,1979,130,2,4,2
0,1992,81,2,2,7
0,1946,174,3,4,20
1,1978,120,3,3,20
4,1970,202,3,5,22
1,1975,144,3,3,20
0,2009,57,2,2,2
0,1997,93,3,2,2
6,1970,76,2,2,10
0,1990,102,4,3,2
6,2001,78,4,2,2
4,1918,162,3,4,16
0,1971,141,4,5,2
0,1981,140,2,3,23
6,1972,67,2,2,20
0,1994,80,3,2,20
6,1952,141,3,3,20
0,2006,62,2,2,3
2,2018,57,2,1,20
6,1984,85,3,2,20
6,1972,88,3,2,20
2,2014,84,3,2,20
0,2005,42,2,2,3
3,1990,99,2,2,22
1,1984,125,4,4,13
0,1985,92,3,2,21
6,2003,65,2,2,13
7,1987,78,3,3,2
7,2008,75,2,2,10
0,1997,81,3,3,2
0,1984,117,2,2,23
0,2001,73,3,2,2
0,2004,63,3,1,2
1,1966,168,3,4,20
1,1962,170,3,4,20
1,1975,117,3,2,20
1,2023,27,1,1,20
1,1967,141,3,4,20
6,1956,177,4,4,20
2,1973,158,2,4,2
6,1974,141,2,2,21
5,1990,95,3,3,2
2,2016,46,1,1,15
5,1928,243,3,6,2
2,2020,47,1,1,15
0,1984,111,2,2,23
1,1946,160,3,3,14
0,1984,81,2,2,23
2,2014,86,2,2,20
2,2018,73,2,1,20
2,2015,70,2,2,20
2,2016,83,2,2,20
2,2014,80,3,2,20
2,2016,75,3,2,20
0,1997,111,3,3,20
1,1973,195,3,4,22
0,1998,90,2,2,22
4,1936,224,5,6,20
6,2005,50,1,1,21
3,1947,151,4,3,15
0,1995,85,2,2,17
2,2022,34,1,1,19
0,1990,103,2,3,22
6,2000,61,2,2,22
7,1994,94,2,2,6
1,1965,150,3,4,22
7,1990,94,2,3,6
7,1982,112,2,3,6
0,2007,77,2,2,22
4,1929,216,3,4,15
5,1929,223,3,4,16
0,1990,102,2,2,14
7,1990,92,3,3,13
4,1960,144,4,3,11
6,1980,125,2,2,21
0,1993,106,2,2,22
7,1970,123,3,3,13
5,1955,234,3,4,21
7,1981,115,3,3,13
7,1986,106,3,2,13
5,1970,168,4,3,21
5,2000,81,2,2,22
2,2020,22,1,1,19
0,1970,142,4,3,10
3,1940,142,3,3,18
0,1975,137,3,3,10
1,1910,233,3,4,18
3,2007,77,2,2,2
0,1960,137,4,3,10
0,2000,78,2,3,10
6,1975,110,3,3,10
0,1970,130,3,4,10
6,1985,116,4,3,10
5,2007,47,1,1,2
1,2016,35,1,1,12
0,1960,134,3,4,10
6,1985,104,3,2,10
1,1912,201,4,4,2
7,1955,162,4,3,13
0,2011,36,2,2,13
3,2021,27,2,2,22
1,1980,128,4,3,2
7,1975,106,3,3,13
2,2020,23,1,1,19
0,1995,80,1,3,10
6,1995,85,2,2,10
6,1983,103,2,3,15
0,1940,135,3,3,18
0,1947,114,2,2,19
0,1940,127,2,3,19
7,1981,117,2,1,21
4,1963,298,4,5,22
5,1964,212,3,4,22
5,1950,241,3,4,21
0,2005,66,2,2,22
1,1956,211,3,2,13
0,1995,86,3,2,21
2,2014,58,2,2,10
2,2014,64,2,2,10
0,1970,166,3,3,21
0,1980,70,2,2,11
2,2019,50,2,2,2
1,1988,116,2,3,13
0,1981,122,2,3,11
2,2024,20,1,1,22
2,2024,20,1,1,22
3,2025,22,1,1,23
2,2011,53,1,2,12
0,1975,103,3,3,10
0,1970,124,3,3,10
6,1980,94,3,2,10
4,1982,130,3,3,2
4,1982,152,3,4,2
7,1945,196,3,4,13
0,1988,117,3,3,13
7,1946,220,4,4,13
7,1956,173,4,4,13
7,1966,153,4,3,13
7,1956,180,3,3,13
3,2001,50,2,1,13
2,2020,30,1,1,19
0,1972,134,3,3,10
0,1947,112,2,2,18
0,1960,131,3,2,18
0,1947,136,3,4,19
1,1986,87,3,2,2
0,1940,124,3,2,18
3,1940,132,4,3,19
0,1940,146,3,3,18
0,2005,64,2,2,15
3,1970,138,2,3,15
3,1995,50,2,2,10
6,1957,97,3,3,18
6,1980,97,2,3,15
0,1940,190,4,3,18
7,1992,76,2,3,15
0,1940,194,3,3,18
7,1980,80,2,2,13
7,1990,81,2,1,13
6,1960,194,3,3,21
5,1994,91,2,3,11
0,1960,216,3,4,21
1,1994,109,3,2,13
2,2023,28,1,1,22
4,1982,150,3,4,2
4,1982,142,3,5,2
4,1984,134,3,4,2
4,1984,128,3,3,2
4,1984,143,4,4,2
4,1984,120,3,3,2
0,1970,130,4,4,10
3,2007,55,2,2,2
4,1984,128,3,3,2
2,2003,140,3,3,2
6,1979,106,3,3,22
2,2003,142,3,3,2
2,2003,121,3,3,2
2,2009,129,3,3,2
2,2014,78,2,2,10
2,2003,164,3,4,10
2,2009,100,2,2,2
6,2022,25,1,1,2
3,1986,140,3,3,13
7,1996,72,2,1,13
3,2001,60,2,1,13
7,1966,196,4,4,13
7,1966,145,4,4,13
1,1930,174,3,3,2
0,2008,51,2,2,13
1,1940,145,3,3,2
1,1955,93,3,2,2
1,1945,122,3,3,2
2,2020,51,1,2,10
1,1910,175,4,3,2
0,1986,105,2,2,21
2,2025,45,1,1,15
6,1930,217,3,3,11
6,1930,250,3,3,11
0,1990,99,2,3,11
0,1970,228,3,3,11
0,1984,114,3,3,20
2,1990,110,2,3,22
0,1966,125,4,3,2
1,1994,82,2,2,21
0,1984,112,5,3,2
0,1977,130,5,3,2
2,2011,76,2,2,21
2,2019,36,1,1,21
0,1978,123,4,3,2
1,1957,164,2,2,21
1,1953,213,2,2,21
0,2006,63,3,2,2
2,2020,32,1,1,21
2,2003,138,3,3,2
2,2020,34,1,1,2
2,2003,142,3,3,2
2,2003,106,3,3,2
2,2003,100,2,2,2
2,2003,135,3,3,2
2,2003,128,3,3,2
2,2003,121,2,3,2
2,2003,119,3,3,2
2,2003,119,3,3,2
2,2020,24,1,1,19
5,1987,65,2,2,12
2,1984,184,3,3,2
2,1984,165,3,3,2
1,1991,102,2,2,20
6,1993,98,2,2,10
7,1991,101,3,2,13
2,2020,35,1,1,19
2,1976,165,2,3,12
5,1994,102,3,3,2
5,2022,25,2,1,22
1,1910,238,3,4,2
2,2022,32,2,1,22
2,1998,141,3,3,10
2,2020,32,1,1,19
2,1998,160,3,3,10
2,1998,131,3,3,10
6,1990,103,2,3,21
7,1985,110,2,3,6
7,1999,57,1,2,6
0,2004,53,1,2,17
7,1966,143,3,3,13
2,1967,160,3,4,3
2,2020,36,1,1,21
2,2017,32,2,2,22
2,2011,60,1,1,21
0,1986,112,3,4,2
0,2010,46,2,2,2
0,2005,56,2,2,2
6,1994,84,2,2,10
3,2007,68,2,2,2
3,2007,70,1,2,2
6,1993,95,2,2,10
3,1963,137,2,3,17
3,1995,82,2,2,11
6,1949,205,4,3,8
1,1930,152,3,2,2
2,1998,112,2,3,10
1,1946,225,4,4,13
1,1991,96,2,2,13
0,1984,107,4,2,2
0,1995,85,2,2,12
3,1978,126,2,3,21
2,1972,137,3,3,3
2,1979,119,3,3,3
2,1953,184,3,4,3
7,1980,136,3,3,12
7,1973,155,4,3,12
7,1973,156,4,3,12
0,1988,68,2,2,17
7,1959,210,4,3,12
1,1940,175,2,3,18
0,1988,110,3,3,2
3,1940,189,5,3,20
0,2009,61,2,1,10
5,2009,52,1,1,10
1,1968,170,3,4,21
2,2014,79,2,2,21
0,2009,81,2,2,10
4,2007,55,2,2,11
3,1940,117,2,2,18
3,1940,121,2,1,18
3,1957,87,2,2,18
1,2008,53,2,1,9
1,2010,57,2,2,7
1,2007,61,1,2,9
1,2005,67,2,2,9
0,1981,120,3,4,7
7,2001,57,2,1,13
1,1956,161,2,1,13
3,1989,114,2,2,13
3,1962,106,2,2,14
3,1987,123,2,3,21
1,1917,205,3,3,2
6,1999,78,1,2,11
1,1966,184,3,3,13
1,1948,257,2,2,21
2,2020,20,1,1,21
2,1998,79,2,2,13
3,1965,97,2,2,11
2,2008,68,1,1,13
0,1962,150,3,4,20
0,1962,159,3,5,20
0,1962,96,3,2,20
0,1962,183,4,5,20
0,2011,79,2,2,10
3,1935,191,3,2,10
0,1947,127,2,3,19
1,1988,108,2,2,21
0,1999,82,3,2,2
1,1977,123,2,2,21
1,1995,85,2,2,2
2,2020,21,1,1,19
0,1997,92,2,2,9
3,1959,177,4,4,7
5,1987,95,3,4,9
5,1998,70,2,2,9
6,1984,122,3,4,19
1,1947,206,4,5,1
1,1948,219,3,2,21
3,1947,142,3,2,14
1,1981,140,3,3,13
7,1956,197,4,4,13
1,1981,154,2,3,13
0,1947,95,2,2,18
7,1946,219,4,4,13
7,1961,184,4,4,13
7,1956,182,4,4,13
3,2007,70,1,1,13
0,1962,180,3,4,20
6,1962,137,3,3,20
6,1948,292,4,2,13
2,2021,20,1,1,22
4,1979,129,3,4,20
2,2014,60,2,2,21
1,1984,118,3,2,21
2,2014,55,1,2,21
1,2007,68,2,2,21
0,2004,51,1,1,13
0,1978,103,4,3,9
0,1967,103,2,3,19
7,1957,129,3,2,19
5,1928,189,2,3,19
5,1964,170,4,3,18
7,1966,205,4,4,13
0,1990,90,4,2,2
7,2008,67,2,2,13
7,1956,206,5,4,13
7,1966,173,4,3,13
3,2007,75,1,1,13
5,1911,293,4,4,18
6,1946,190,4,4,13
7,1986,82,2,2,21
7,1988,87,2,2,21
7,1986,93,2,2,21
7,1975,124,2,2,14
7,1993,82,2,2,21
6,1984,88,2,2,21
7,1988,93,2,2,21
4,1979,123,3,3,20
6,1988,148,3,2,13
6,1960,136,4,4,20
4,1977,131,3,3,20
2,2017,20,1,1,13
6,1963,166,3,3,20
7,1992,70,2,3,2
7,1956,101,3,3,20
0,2016,25,1,1,23
0,1989,105,3,3,2
3,1972,138,2,3,2
2,2011,69,1,2,21
2,2010,95,2,2,20
2,2014,76,2,2,20
1,1980,134,2,2,19
5,2007,74,2,2,2
5,1985,125,2,2,19
3,2019,35,2,1,2
3,2007,69,1,2,2
6,2004,65,2,2,20
6,1950,123,3,5,11
2,2020,20,1,1,19
5,1950,175,4,3,18
3,1940,134,2,3,19
2,1998,134,2,3,11
6,1965,167,4,3,20
6,1967,161,4,4,20
6,2008,58,3,1,20
6,1957,190,4,4,20
6,1969,157,4,4,20
6,1973,217,4,3,20
6,1995,126,3,3,10
6,1972,146,3,3,20
0,1985,112,3,4,10
0,2008,60,1,1,13
6,1973,103,3,1,13
3,1961,169,2,3,2
2,2019,47,2,1,21
2,2016,94,2,2,20
5,1968,156,5,4,2
5,1968,154,5,4,2
5,1954,261,3,4,21
4,1999,129,2,3,23
3,2005,63,1,2,18
3,2007,67,1,1,2
3,1930,247,3,2,19
0,2008,60,2,2,11
3,1940,200,4,2,19
6,1974,102,2,2,22
4,2024,31,1,1,21
7,2003,60,1,1,14
3,1940,197,3,2,19
6,1987,62,2,3,11
3,1940,125,3,3,19
3,1972,129,3,3,22
0,2005,57,2,1,17
4,1990,138,3,5,11
7,1914,288,4,5,3
0,1968,187,4,3,21
0,1978,119,2,2,21
0,2000,65,2,3,22
0,1997,73,2,4,22
2,2020,23,1,1,19
0,1997,74,2,3,22
0,1997,73,2,3,22
0,1991,81,2,4,22
0,2000,51,2,3,22
0,1969,162,3,4,12
0,1997,71,2,3,22
5,2000,51,3,1,18
1,1955,136,2,2,2
3,1938,195,2,3,17
0,2007,65,1,1,7
6,1990,102,3,3,7
6,1981,120,3,2,7
0,1980,103,2,2,21
5,1999,65,2,1,19
5,1985,98,2,1,19
0,2014,63,1,1,19
4,1990,185,2,3,11
4,2023,35,1,1,22
1,1947,167,3,3,14
4,2023,35,1,1,22
0,1997,95,2,3,12
0,2004,55,3,1,2
4,2023,35,1,1,22
0,1975,108,3,4,11
4,2023,35,1,1,22
0,1991,99,3,4,22
0,2004,65,2,2,2
0,2000,86,2,3,22
0,2017,50,1,2,19
2,2020,21,1,1,19
0,1981,125,3,4,12
6,1984,112,3,3,7
1,1966,115,3,3,19
6,1973,65,2,1,17
6,1946,116,4,4,7
6,1990,102,3,3,7
0,2000,80,2,3,7
2,2024,20,1,1,19
2,2020,42,1,1,10
2,2020,24,1,1,19
2,2020,45,2,1,10
2,2024,24,1,1,20
2,2024,28,1,1,20
2,2024,28,1,1,20
6,1970,156,3,3,12
0,2005,75,2,2,12
1,1957,89,2,2,19
1,1940,153,3,4,19
1,1940,176,4,3,19
1,1957,88,2,2,19
7,1991,94,2,3,2
1,2000,106,2,3,21
1,1972,159,3,4,7
7,1976,135,4,4,7
4,1926,203,4,6,20
7,1959,181,4,4,7
5,2001,75,3,2,2
0,1972,158,3,4,22
0,1973,114,3,4,22
6,1987,103,3,3,22
6,1997,81,2,2,22
0,1980,130,3,4,22
3,1977,56,1,1,18
7,1989,102,2,2,6
0,1989,102,2,3,6
0,1987,94,2,3,6
6,2020,25,1,1,10
6,2020,22,1,1,10
6,1961,162,3,4,6
6,1970,162,3,4,12
6,1945,182,4,6,18
0,1987,111,3,4,12
0,1990,90,2,3,12
0,1982,114,3,3,12
0,1997,89,3,3,12
0,1990,79,3,3,12
0,1977,147,4,3,12
1,2023,27,1,1,11
5,1960,226,3,4,22
0,2003,66,3,3,2
6,1974,115,3,3,22
1,1967,107,2,2,19
6,1984,108,2,3,2
1,1940,150,3,3,19
1,1998,54,2,1,19
7,1940,157,3,2,19
1,1940,159,3,4,19
5,1984,158,3,3,22
2,2019,18,1,1,21
2,2019,18,1,1,21
6,1967,159,3,3,7
3,1972,148,3,3,7
3,1980,138,2,3,21
3,1980,126,2,3,18
0,2025,19,1,1,10
4,1975,108,3,3,11
0,1970,99,2,3,18
3,1984,105,2,2,19
6,1999,62,2,2,18
0,1989,90,2,3,19
0,1985,109,3,3,19
0,1967,154,4,3,12
3,1980,126,4,2,18
0,1956,136,3,4,20
0,1984,99,3,3,22
0,1976,124,3,4,22
0,2001,71,2,2,2
0,1994,90,3,3,2
0,1995,103,3,3,12
2,2020,29,1,1,14
0,1999,86,2,3,22
0,1992,100,3,2,12
6,1977,130,3,2,12
3,1950,197,4,2,18
0,1995,107,3,2,12
0,1988,100,2,4,22
6,1998,77,2,1,13
2,2018,25,1,1,21
5,1990,99,2,2,19
5,1930,297,3,4,19
6,1973,142,4,2,13
0,1985,59,2,1,13
7,1950,127,3,3,14
2,2020,22,1,1,19
3,1940,147,4,3,18
3,1995,82,2,2,11
2,2020,21,1,1,19
0,1975,136,3,4,10
0,1999,99,3,2,10
3,1990,106,2,3,21
4,1947,187,4,5,6
0,1932,154,4,3,17
2,1994,110,2,3,22
0,1984,130,3,3,20
6,1987,100,4,2,12
0,1990,93,2,2,12
6,2000,60,2,1,12
2,2020,14,1,1,19
0,1997,77,3,3,12
0,1995,84,2,3,12
0,1995,106,3,3,12
0,1987,110,3,3,12
0,1992,121,3,2,12
2,2020,23,1,1,19
0,1965,163,4,3,18
0,1972,105,2,3,14
3,1960,100,3,3,2
7,1983,99,2,2,21
3,1991,64,2,2,22
1,1989,145,3,3,22
7,1984,102,2,2,21
7,1974,149,2,3,21
7,1950,119,3,3,22
7,2013,51,2,2,22
1,1974,187,4,4,22
7,2013,49,1,2,22
7,2001,82,2,2,21
0,1985,101,3,3,22
0,1975,140,3,4,22
5,2001,88,2,2,21
1,1954,269,5,4,22
1,2017,27,2,1,1
0,1984,105,2,2,21
0,1991,66,2,2,21
2,2015,61,2,2,1
0,1978,119,3,3,2
0,1978,132,3,4,2
0,1978,90,2,3,2
0,1978,145,3,3,2
0,1978,158,3,5,2
1,1972,148,4,4,13
0,1978,115,2,3,2
0,1935,145,3,2,17
0,2010,67,2,2,10
0,2004,69,2,2,17
0,1990,75,3,2,17
0,1935,155,4,4,17
0,1917,185,3,3,17
0,1926,165,3,4,17
5,2000,64,2,1,13
3,2019,43,1,1,2
2,2019,46,1,1,10
0,1966,100,2,3,12
1,1987,115,2,2,13
3,1976,137,2,3,2
6,1980,124,3,3,2
3,1937,215,3,4,19
3,1940,149,3,3,19
3,1955,174,3,3,19
3,1940,152,3,2,19
3,1985,116,3,2,12
3,1955,188,3,5,2
2,2019,39,1,1,1
3,1940,181,3,3,19
3,1940,132,3,3,19
3,1987,105,3,3,12
2,2013,49,2,2,1
7,1979,145,3,3,23
3,2002,69,2,2,23
0,2002,68,3,2,13
0,2002,70,3,2,13
5,1969,146,5,4,2
1,1977,149,4,4,13
6,2004,66,2,2,11
1,1937,257,4,5,13
0,2005,54,2,2,2
1,1997,103,3,3,13
7,1969,166,4,3,23
0,2009,100,2,2,10
0,2009,109,2,2,10
0,2009,100,2,2,10
0,1991,77,2,3,9
0,2009,83,2,2,21
0,1998,63,1,2,16
3,1940,141,3,4,19
4,1980,193,4,4,10
0,1997,84,3,3,2
3,1938,217,4,3,19
0,1984,88,2,2,21
0,1986,89,2,3,21
1,1947,226,4,4,13
7,1976,140,4,4,23
0,1994,76,2,2,21
7,1986,127,2,3,23
3,1988,96,2,3,23
2,2024,21,1,1,1
1,2023,24,1,1,2
7,1987,110,3,4,23
3,1957,96,2,2,19
0,1996,59,2,2,21
7,1990,103,3,3,23
3,1998,96,3,3,23
7,1980,124,3,4,23
3,2005,68,2,1,19
2,2018,40,1,1,19
5,1940,142,3,3,19
1,1950,176,2,4,19
5,1957,103,2,2,19
5,1947,150,2,3,19
5,1940,159,3,3,19
0,1965,129,3,3,11
0,1951,159,3,3,11
0,1940,134,2,3,19
0,1940,173,2,4,19
5,1967,152,3,5,22
5,2000,70,3,2,22
0,1967,92,2,2,19
1,1977,145,3,4,12
7,1965,162,3,4,22
1,1975,136,2,3,16
6,1937,190,3,5,16
5,1912,288,4,6,2
0,1959,174,3,5,2
0,1985,110,2,2,10
0,1985,130,2,2,10
3,1947,103,3,3,19
5,1991,99,2,2,21
0,1990,78,3,2,19
3,1956,114,3,2,15
1,1975,127,3,2,16
3,1950,150,2,4,22
3,1981,77,2,2,15
3,1936,157,3,4,15
5,1982,121,2,3,22
5,1973,101,2,3,22
7,1968,87,3,2,14
5,1956,181,4,5,22
5,1980,121,3,3,22
5,1956,183,4,4,2
1,1995,85,2,2,2
2,1948,210,3,4,2
5,1993,83,2,2,21
2,1950,203,3,4,2
6,1941,216,3,5,2
7,2007,45,1,2,13
3,1947,113,3,3,19
2,2020,32,1,1,1
3,1940,134,3,3,19
0,1954,152,3,4,15
6,1999,68,2,2,17
0,2007,32,2,1,17
1,2023,26,1,1,2
1,1932,205,4,8,15
7,2001,87,2,2,21
7,2000,111,2,2,21
5,1998,68,2,2,21
3,1990,107,2,2,21
5,2018,23,1,1,11
5,2012,32,1,1,11
5,2012,38,1,1,11
6,1994,81,3,2,2
7,1991,87,2,2,21
1,1977,130,3,3,2
1,1937,293,4,3,13
5,1948,196,5,4,2
5,1995,75,3,2,13
1,1983,114,2,3,12
5,2006,96,2,2,10
0,2008,32,3,1,13
3,1940,141,3,4,19
3,1940,119,2,3,19
3,1975,166,3,2,10
1,1939,232,4,5,6
3,1951,116,2,2,15
6,2023,20,1,1,22
6,1980,89,3,4,10
7,2000,80,2,2,21
7,2001,96,2,2,21
3,1956,105,3,4,15
5,1995,90,2,2,21
1,1982,114,3,3,2
7,1966,167,4,5,2
1,1952,186,5,5,2
1,1929,255,2,3,13
7,1947,170,3,2,13
7,1982,100,2,1,13
2,2020,26,1,1,15
0,1989,102,3,3,1
5,1994,102,3,4,2
2,1963,184,3,4,2
0,1976,115,3,2,6
6,1972,165,4,3,10
0,1983,98,3,3,6
3,1985,117,2,3,2
2,2021,47,1,1,1
0,1956,134,3,3,20
3,1969,150,3,2,22
3,2011,57,1,1,23
2,2020,26,1,1,23
2,1995,89,2,2,2
1,2016,60,2,2,2
3,2013,47,1,1,3
3,2013,34,1,1,3
3,2013,48,2,1,3
2,2020,26,1,1,15
3,2013,55,2,2,3
3,2013,53,2,2,3
3,2013,39,1,1,3
7,1977,124,2,2,13
0,2012,48,2,2,14
0,1995,92,3,2,13
1,1985,68,2,2,13
2,2020,26,1,1,15
1,1981,98,2,3,13
0,1986,86,3,3,6
6,1978,104,3,3,6
3,1974,134,3,4,2
6,1926,223,4,5,6
7,2006,70,1,2,2
3,1940,177,3,4,19
4,1925,246,5,6,4
7,1979,131,3,3,2
3,1966,156,3,4,2
2,2024,20,1,1,20
2,2022,37,1,1,1
3,1969,160,3,3,22
4,2023,22,1,1,2
0,1956,118,3,3,20
5,1980,125,4,3,2
2,2015,55,1,2,1
5,2000,71,3,2,13
1,2000,70,3,1,13
5,1987,111,4,2,2
0,1993,95,3,3,2
3,1990,77,2,1,11
1,1960,158,3,3,11
1,1960,165,3,3,11
1,1985,65,2,1,11
1,1975,109,3,2,11
7,1971,148,3,4,2
3,1960,167,3,2,11
0,2010,87,1,2,4
3,1960,150,3,2,11
5,2000,68,2,2,22
5,2000,77,2,2,22
5,2000,65,2,2,22
5,2000,99,2,2,22
5,2000,100,2,2,22
5,2000,102,2,2,22
6,1953,214,4,4,6
5,2000,105,2,2,22
5,2000,105,2,2,22
5,2000,92,2,2,22
5,2000,108,2,2,22
5,2000,80,2,2,22
4,2024,34,1,1,22
6,1982,133,4,3,10
2,2019,42,1,1,1
3,2005,82,2,2,19
4,1973,151,4,4,2
7,1993,87,3,4,2
7,1981,128,4,4,2
0,1984,116,3,4,2
3,1960,147,3,3,11
5,2010,48,2,2,2
3,1960,153,3,2,11
1,1988,114,2,2,11
5,2004,60,3,1,2
1,1960,132,3,2,11
1,1985,91,2,2,11
5,2007,57,3,2,2
5,2005,59,3,2,2
5,1947,238,3,7,11
5,2010,48,2,2,2
7,1960,160,2,4,11
1,1974,142,3,3,12
0,1980,129,2,3,22
0,1994,97,2,3,22
0,1975,123,2,3,22
0,1984,110,2,3,22
0,1984,102,2,3,22
0,1990,99,2,3,22
2,2023,20,1,1,15
2,2024,20,1,1,15
5,1998,67,2,2,22
5,1987,99,2,3,22
1,1975,120,2,2,10
5,1994,84,2,3,22
0,1955,153,2,3,19
1,1978,126,3,3,2
3,1940,126,2,2,19
3,1947,116,1,3,19
5,1992,70,2,2,21
2,2018,40,1,1,21
2,2018,41,1,1,21
1,2003,67,2,3,2
5,1991,103,3,3,2
0,2008,47,3,1,13
1,2006,47,3,1,13
0,2006,52,3,1,13
0,1996,79,3,2,2
0,2006,38,2,2,13
5,2014,34,1,1,2
3,1960,105,2,4,11
7,1960,123,3,4,11
5,1987,94,3,3,13
0,2009,38,2,2,4
1,1955,178,3,4,2
7,1960,159,3,4,11
7,1960,153,3,5,11
5,1998,77,2,3,22
5,1994,81,2,3,22
5,1994,72,2,3,22
5,1984,99,2,3,22
7,1987,134,3,3,13
7,1987,106,3,3,13
2,2020,24,1,1,15
7,1987,137,3,3,13
2,2023,24,1,1,15
2,2023,24,1,1,15
7,1960,174,4,4,7
4,1951,214,3,5,22
3,1947,108,3,2,19
6,2000,69,2,2,21
3,1940,172,3,3,19
6,1968,122,3,3,10
3,1940,139,2,2,19
3,1978,132,2,4,19
5,1956,106,3,2,20
3,1908,144,3,3,17
3,2000,74,2,1,17
2,2020,25,1,1,22
5,2010,45,2,2,20
5,2015,36,2,2,20
1,1970,153,3,3,12
3,1960,115,3,4,11
7,1960,135,3,4,11
3,1960,102,3,3,11
0,2007,51,2,2,4
5,1979,132,4,3,5
3,1960,123,2,4,11
0,1947,172,4,4,5
0,1985,92,2,4,11
0,1985,81,2,2,11
0,1985,100,2,4,11
6,2008,54,2,1,11
2,2021,28,1,1,22
0,1985,104,2,3,11
0,1985,79,2,2,11
2,2021,27,1,1,22
2,2016,58,1,1,6
4,1948,267,4,6,22
2,2023,20,1,1,15
0,1975,135,3,4,22
7,1975,116,3,4,22
3,1975,135,3,4,22
3,1975,115,3,3,22
3,1975,99,3,2,22
0,1975,122,3,4,22
3,1975,89,3,3,22
2,2021,24,1,1,15
5,1975,94,3,3,22
5,1975,96,2,2,22
5,1975,102,2,3,22
0,1975,80,2,2,22
5,1975,102,2,2,22
5,1975,84,2,2,22
5,1975,93,3,2,22
3,2000,74,2,2,21
6,1967,67,2,2,18
4,1975,135,3,3,20
0,1957,90,2,3,18
0,1947,100,3,3,18
4,1984,136,4,3,20
4,1984,124,3,3,20
6,1947,117,3,4,18
6,1947,90,3,2,18
1,1968,155,3,3,1
6,1940,128,3,3,18
4,1906,246,5,4,20
6,1957,91,2,2,18
2,2020,29,1,1,1
5,2011,36,2,2,20
0,1965,121,3,3,2
3,1937,220,4,5,5
0,1985,96,2,3,11
3,1940,147,4,4,18
0,1991,80,2,3,5
3,2006,71,2,2,5
0,1985,86,2,3,11
3,2010,70,2,1,5
6,1920,283,5,5,3
3,1940,126,3,4,19
7,1940,130,3,2,19
6,1990,105,2,2,21
6,1985,123,2,2,21
4,1940,162,3,3,19
0,1985,110,3,2,21
4,1940,142,3,3,19
1,2019,30,1,1,13
3,1936,128,3,3,19
6,1995,81,2,2,21
5,1990,102,2,2,19
5,1957,78,3,2,19
0,1965,153,2,4,13
5,2008,50,2,2,20
1,1978,135,4,4,20
1,1990,104,3,3,20
7,1983,114,3,3,23
4,1982,91,3,2,20
1,1957,186,4,3,20
6,1966,83,2,2,13
1,1954,187,4,4,20
4,1982,112,3,3,20
7,1980,121,2,2,21
4,1926,190,4,6,20
7,1980,128,2,3,21
4,1926,167,3,6,20
1,1983,122,3,4,20
1,1996,90,2,2,20
7,1961,127,2,2,13
5,1994,63,2,2,20
2,2020,50,1,1,22
0,1926,225,5,5,13
2,2023,20,1,1,1
4,1985,97,2,2,16
7,1951,159,3,3,16
2,2024,20,1,1,1
3,1942,183,3,3,16
7,1958,148,3,4,16
0,1985,76,2,2,11
0,1985,97,2,3,11
0,1985,110,3,2,11
0,1965,173,4,5,4
7,1944,214,5,5,4
0,1995,85,3,3,2
6,1984,114,3,3,4
5,1957,104,3,2,19
4,1955,199,4,7,10
0,1947,106,2,2,19
1,1940,128,2,2,19
3,2005,53,2,2,21
0,1988,124,3,3,10
0,1988,117,3,3,10
1,2012,38,1,1,10
4,2018,65,2,1,20
1,1953,199,3,5,20
5,1992,84,2,2,20
5,1994,43,2,2,20
0,2011,48,1,1,19
4,1986,77,2,2,20
3,1991,104,2,2,23
6,1986,70,3,2,23
2,2023,20,1,1,1
0,1978,75,3,2,17
7,1975,165,3,3,22
3,1980,98,3,2,10
0,1990,90,3,3,22
0,1937,148,3,4,17
0,1936,153,3,3,17
4,1977,125,3,4,4
7,1981,122,2,3,4
7,1986,110,2,3,4
5,2004,95,3,1,13
7,1985,110,3,3,4
1,1945,225,4,4,10
1,1945,268,4,5,10
0,1986,123,2,2,21
3,1970,152,3,4,10
3,1970,118,3,3,10
0,2021,26,1,1,21
7,1964,194,3,4,23
3,1970,107,3,2,10
0,1968,157,3,5,13
7,1987,115,3,3,13
5,1985,113,3,3,6
0,2006,32,2,1,21
6,1945,208,4,5,2
0,2004,72,2,2,21
4,2018,28,1,1,20
1,1923,272,4,5,20
4,1984,129,3,4,20
3,1991,104,2,3,23
4,1984,84,3,2,20
4,2018,36,1,1,20
4,1906,254,5,5,20
3,1991,124,2,2,23
4,1984,112,3,3,20
4,1987,113,3,4,20
1,1956,185,4,4,1
4,1982,99,3,3,20
4,2002,81,3,2,20
4,1982,136,3,4,20
7,1981,94,2,2,13
0,1940,133,3,3,18
0,1915,222,3,4,17
7,1992,68,1,2,22
7,1992,94,2,3,22
1,1945,218,3,5,12
7,1964,136,3,3,4
6,1935,242,4,5,3
2,2025,43,2,1,15
2,2025,44,2,1,15
2,2025,42,2,1,15
2,2025,43,2,1,15
2,2025,43,2,1,15
2,2025,47,2,1,15
2,2025,43,2,1,15
2,2025,42,2,1,15
5,1915,289,5,7,2
0,2020,56,1,1,21
7,1971,151,3,3,23
7,1966,107,3,2,2
1,1999,53,1,1,21
3,1968,125,3,3,23
0,1977,115,2,2,21
7,2002,76,3,2,13
0,1985,84,2,2,10
0,1986,92,2,2,21
0,1975,125,3,4,21
4,1982,97,3,3,20
0,1969,153,3,4,21
4,1982,105,3,3,20
4,1982,94,2,3,20
4,1906,234,4,3,20
4,1906,283,5,6,20
4,1982,105,3,3,20
2,1989,191,3,3,20
2,2020,27,1,1,1
0,1939,154,3,3,17
6,1976,106,2,3,17
0,1989,92,2,2,17
2,2021,24,1,1,1
6,1971,121,3,4,17
0,1934,145,3,3,17
0,2005,52,2,2,17
1,1990,93,2,2,2
2,2017,47,1,1,15
5,1999,68,2,1,13
4,1989,149,3,5,2
5,2004,42,2,1,13
4,1973,140,4,3,4
3,1963,183,4,4,23
6,1986,149,2,2,23
7,1991,95,3,2,2
4,2022,20,1,1,22
3,1990,79,3,2,2
4,1979,142,2,4,22
0,1988,80,2,2,21
0,1991,76,2,2,21
3,1991,108,3,3,2
3,1998,79,2,2,22
3,1988,77,1,1,21
4,1959,194,4,5,22
0,1985,70,2,2,21
1,2008,50,2,2,2
7,1976,101,4,3,2
0,1970,138,4,3,10
0,1973,133,3,5,2
0,1975,99,2,2,21
5,1915,278,5,3,2
1,1930,134,5,2,2
5,1976,128,4,3,2
5,1968,150,4,4,2
7,1973,135,4,4,2
1,2006,54,3,2,2
2,1974,136,3,3,2
1,1950,109,3,2,2
1,2008,58,2,2,2
6,1961,132,2,2,14
1,1991,91,3,2,2
1,1931,237,5,3,2
2,2015,70,2,2,3
4,1981,182,4,4,2
4,1996,84,3,2,2
1,1987,102,2,3,2
5,1978,123,3,4,2
5,1975,131,4,3,2
2,2015,59,2,2,3
0,1987,109,2,2,20
0,1940,190,3,4,20
4,1977,167,2,3,13
4,1992,121,3,3,13
0,1981,126,2,2,20
7,2018,23,1,1,2
5,1974,116,2,4,23
0,2012,67,2,2,13
1,1970,142,3,3,2
1,1966,154,3,4,2
6,1940,140,3,3,18
5,2000,63,2,2,19
0,1960,137,2,2,18
5,2000,71,2,2,23
7,1971,154,3,4,23
0,2018,27,2,1,13
3,1961,176,4,4,23
0,2019,45,1,2,2
2,2018,38,1,1,19
3,2004,49,2,3,2
1,1989,96,2,3,2
7,1987,108,3,3,2
6,1933,198,4,3,14
3,2016,29,1,1,11
5,1974,134,5,3,2
5,1962,164,5,4,2
1,1996,80,3,2,2
5,1985,105,4,3,2
7,1986,104,3,3,2
0,2022,24,1,1,2
5,1965,157,5,4,2
4,1957,204,4,6,23
5,1980,118,4,3,2
7,1978,126,3,3,20
3,1980,104,2,3,19
3,1961,157,3,3,19
7,1974,141,3,5,23
7,1983,127,3,4,23
5,1976,127,3,3,2
5,1983,111,3,4,2
7,1983,115,3,4,23
7,1998,76,2,2,23
7,1995,101,2,2,23
7,1995,84,2,2,23
3,1999,76,2,2,23
7,1984,123,3,3,23
7,1989,120,3,3,23
6,1956,110,3,2,15
5,1981,115,5,3,2
5,1991,89,5,1,2
5,1964,158,5,4,2
5,1972,140,5,3,2
0,1953,162,5,4,20
5,2005,56,3,2,2
3,1985,135,3,3,11
5,1984,105,4,3,2
0,1998,129,3,4,11
2,2015,48,2,2,3
5,1913,285,4,5,2
1,1936,192,3,5,14
6,1966,152,3,4,12
6,1970,146,3,3,12
0,2005,66,2,3,2
6,1973,135,3,3,2
7,1979,127,3,3,2
7,1994,90,2,3,2
2,2020,37,1,1,3
1,1965,167,3,4,23
1,1987,104,2,3,23
1,2019,26,1,1,2
1,1983,144,2,3,23
1,2020,21,1,1,2
1,1954,201,3,5,23
1,2019,27,1,1,2
3,2004,38,1,1,19
1,1994,92,2,2,23
1,1973,153,2,3,23
7,1985,112,2,2,11
7,1994,90,3,2,2
0,2010,61,2,2,3
1,1945,166,3,5,2
5,2022,21,1,1,2
0,1991,107,3,3,12
6,1987,115,3,3,12
5,1972,137,4,3,2
0,1974,148,4,3,12
1,1998,74,2,2,2
6,1975,140,3,3,12
2,2015,60,2,2,3
0,2021,20,1,1,2
0,1970,144,4,3,12
1,1990,95,2,2,2
2,1995,84,2,2,2
3,1991,99,3,3,23
2,2015,56,2,2,1
3,1999,62,2,2,23
7,1984,113,3,3,23
3,1956,126,3,2,20
7,1987,107,3,3,23
1,1990,104,2,3,21
0,1955,189,3,4,21
0,1982,93,2,3,1
1,2025,24,1,1,23
7,1967,150,3,4,21
7,1982,128,3,3,23
3,1957,169,4,5,21
1,1979,161,2,1,22
7,1985,114,3,4,23
0,1935,152,3,3,17
7,1995,87,3,2,23
1,1938,249,5,5,23
4,1981,112,3,3,13
0,2008,103,2,2,23
2,2020,41,2,2,3
2,2024,20,1,1,12
3,1980,99,3,3,4
5,1985,105,3,3,2
5,1975,130,4,2,2
4,2018,51,1,1,12
0,1979,121,3,5,2
7,1979,123,3,4,22
1,1987,112,3,2,2
5,1978,121,4,3,2
1,1920,171,4,4,2
6,1971,142,3,3,2
0,2019,23,1,1,2
1,1989,66,3,2,2
1,1985,103,3,3,2
0,1956,116,3,3,17
3,1966,158,5,4,21
3,1956,182,4,4,10
3,1956,135,4,4,10
3,1993,88,3,3,23
7,1995,75,2,2,21
7,1994,90,2,2,3
7,1992,92,3,3,23
7,1989,112,3,3,23
7,1975,156,3,5,23
7,1977,149,3,3,23
7,1967,189,4,5,23
7,1975,144,3,3,23
7,1992,95,3,2,23
5,1976,98,3,2,19
5,1977,99,3,2,19
5,1985,82,3,2,19
0,1987,78,2,8,19
0,1983,85,3,2,19
5,1962,136,2,2,19
6,1985,116,3,2,12
0,2002,81,2,2,12
0,2007,67,1,1,23
0,1992,80,2,2,19
1,1986,99,3,2,19
5,1972,137,5,3,2
5,1995,82,3,2,2
2,2020,32,1,1,3
2,1990,105,2,3,2
6,1991,91,2,3,2
7,1990,90,3,3,2
2,2020,41,2,2,3
1,1989,53,2,2,2
1,1997,79,3,2,2
1,1955,106,4,2,2
0,1990,77,2,2,10
1,1975,71,3,2,2
1,2002,54,2,2,2
1,1984,113,3,3,2
1,1986,105,3,3,2
1,1925,163,4,3,2
1,1985,86,3,2,2
7,1940,134,3,3,19
5,1979,123,3,4,2
7,1940,142,3,3,19
1,1975,102,3,2,2
1,1975,101,3,3,2
6,2009,55,2,2,9
1,1940,106,3,3,2
1,2013,28,2,1,2
7,1994,95,3,3,23
2,2024,20,1,1,1
3,1950,170,3,3,19
7,1990,95,2,3,23
7,1990,103,2,3,23
3,1988,75,2,1,19
7,1984,130,2,4,23
3,1980,45,2,2,19
7,1947,199,4,5,21
3,1965,168,5,4,21
7,2007,58,2,2,21
7,1993,83,3,2,23
3,1970,168,3,3,19
7,1980,126,4,4,23
1,1997,121,3,3,13
5,1945,175,4,3,19
5,1943,188,4,3,19
0,1983,81,2,2,2
0,1978,82,2,2,2
0,2005,47,2,2,2
0,1973,111,3,3,19
0,1960,143,3,4,19
6,1950,116,3,3,2
7,1983,120,3,4,2
4,2024,20,1,1,22
4,1966,105,4,3,4
0,2019,29,1,1,2
7,1981,104,3,4,2
7,1973,107,3,4,2
4,2024,20,1,1,22
4,2024,20,1,1,22
4,1992,90,2,2,13
1,1910,175,5,4,2
3,1984,109,2,4,22
4,1997,74,2,2,13
1,2021,20,1,1,2
4,1988,109,3,3,13
6,1962,160,4,4,2
4,1997,81,2,2,13
3,1967,152,2,3,22
3,1986,106,2,3,22
0,1986,104,2,2,22
4,1988,136,3,4,13
5,1989,95,4,2,2
4,1992,114,3,4,13
1,1986,105,2,3,22
5,1984,106,4,2,2
4,1992,96,3,3,13
3,2002,68,2,2,22
3,1978,124,2,4,22
4,1997,89,3,3,13
4,2007,111,3,3,13
5,1984,106,3,3,2
0,2019,25,1,1,2
2,2020,31,1,1,1
2,2010,56,2,2,1
7,2001,56,1,2,23
3,1940,160,3,3,19
7,1993,91,3,3,23
3,1999,72,2,2,23
3,1947,127,3,3,19
7,1986,121,3,4,23
3,1957,84,2,2,19
6,1983,117,3,3,23
0,1956,105,3,3,20
0,1989,84,3,4,4
0,1978,118,3,3,2
3,1940,127,2,3,18
0,1983,110,3,4,2
6,1944,210,3,1,2
1,1961,141,3,4,8
7,1970,114,3,5,2
5,2017,41,2,2,13
5,1964,161,4,5,2
1,1953,149,3,4,13
3,1985,124,2,3,11
0,1995,70,2,2,20
7,1987,74,2,2,15
7,1957,109,3,2,14
1,1999,73,2,2,22
1,1986,106,2,3,22
4,2007,50,2,2,13
0,1969,115,3,5,2
6,1969,149,3,5,22
4,1967,122,4,4,13
4,2007,82,3,2,13
4,2002,99,2,2,13
4,1919,140,3,5,13
2,2010,59,1,2,23
3,1980,121,3,4,22
6,1929,196,4,4,2
4,2007,110,3,3,13
7,2003,52,2,2,23
6,1956,97,3,2,20
5,1950,122,4,3,2
3,1992,100,2,2,23
3,2000,74,2,1,23
3,1992,103,2,2,23
0,1990,109,2,2,23
1,1935,66,3,2,2
1,1935,117,3,2,2
2,1996,41,1,1,15
2,2008,46,1,1,15
2,2021,22,1,1,2
4,1969,131,3,3,15
1,1984,91,3,2,2
3,2001,65,2,2,2
1,1950,123,4,2,2
3,1947,178,3,2,19
4,1936,213,5,6,20
2,2016,45,1,1,15
4,1936,180,4,3,20
2,2023,29,1,1,15
3,1985,123,2,2,11
5,2021,21,1,1,2
0,2006,76,2,2,3
2,2016,48,1,1,15
2,2016,46,1,1,15
3,1985,139,3,3,11
6,1956,93,3,2,20
3,2009,63,1,1,11
3,1985,108,2,2,11
0,1956,107,2,3,20
0,2004,55,3,2,2
4,1967,207,4,6,13
0,1983,109,5,3,2
6,2016,36,2,2,22
0,1998,72,4,2,2
0,1994,80,4,2,2
0,1995,79,4,2,2
0,1982,113,4,3,2
3,2005,57,2,2,22
2,2017,48,2,2,1
4,1986,177,4,4,2
0,1990,91,4,3,2
5,1986,129,3,3,2
5,1981,113,3,3,2
5,1971,138,4,3,2
5,1994,83,2,1,2
0,2005,51,2,2,21
1,1910,134,3,2,2
1,2009,32,2,1,2
0,1979,121,3,4,2
1,2023,22,1,1,2
0,1962,110,4,4,2
1,1980,114,3,3,2
1,2019,39,2,2,2
0,1991,89,4,2,2
0,1966,154,2,3,12
1,1960,98,3,2,2
0,2014,51,2,2,22
1,2021,39,2,2,2
5,2010,51,1,1,11
5,1972,140,4,3,2
4,1989,110,4,3,2
7,1985,98,2,2,11
0,2008,59,2,2,3
3,1977,98,2,2,18
4,1986,91,2,3,4
3,1947,118,3,2,18
5,1979,126,4,4,2
5,1986,107,3,3,2
3,1994,108,3,3,23
0,1985,104,4,2,2
1,1976,148,3,2,23
0,1989,93,3,2,2
1,1970,162,3,3,23
4,2007,97,2,2,13
0,1996,76,3,2,2
3,1996,86,2,2,23
0,1971,139,4,5,2
4,1967,175,4,6,13
0,1971,138,4,3,2
0,1984,105,4,2,2
5,2022,25,1,1,2
0,1992,94,3,2,9
3,1942,260,4,4,13
3,1972,160,4,4,12
2,2021,20,1,1,1
0,1996,95,2,3,13
3,1947,135,2,3,19
5,1973,118,3,3,17
2,2022,31,1,1,1
3,1967,194,4,4,21
0,1991,119,2,3,2
0,2014,47,2,1,22
0,1991,71,2,2,2
4,2018,58,2,2,22
0,1955,112,2,3,2
6,1955,96,2,2,2
1,1990,82,3,2,2
1,1940,133,3,2,2
6,1955,108,3,3,2
0,1995,88,3,3,2
0,1978,100,3,3,2
1,1990,99,2,2,2
0,1992,72,3,2,2
0,1978,112,3,3,2
7,1967,72,2,2,19
0,1978,118,2,4,2
6,1983,67,2,2,2
0,1987,99,2,3,2
0,1978,137,3,3,2
0,1993,100,3,3,13
0,2007,64,2,2,12
5,1930,217,3,5,13
5,2021,21,1,1,2
2,2018,36,1,1,13
5,2021,21,1,1,2
2,2018,36,1,1,13
1,1941,213,5,4,2
2,2017,26,1,1,13
0,1956,178,4,6,2
3,1950,216,3,4,11
3,1990,95,2,3,22
3,1940,142,3,3,19
5,1949,224,3,6,23
3,1947,122,3,3,19
3,1957,97,3,2,19
2,2015,53,2,2,3
3,1940,147,3,4,19
0,1996,99,2,3,23
0,2000,59,2,2,23
3,1998,105,2,3,22
0,1978,147,3,4,2
7,1940,118,3,3,19
0,2024,18,1,1,15
1,1940,148,3,3,2
1,2004,44,2,2,2
1,1987,108,3,3,21
1,1974,141,3,2,21
1,1961,181,4,3,21
1,1985,110,3,2,21
3,1957,83,2,2,18
1,1950,189,4,4,2
1,1985,118,2,3,21
2,2017,24,1,1,13
1,1955,179,4,4,2
3,1990,106,2,2,21
2,2017,34,1,1,13
1,1964,157,3,5,2
5,1995,85,2,2,21
0,2019,28,1,1,22
0,1966,123,4,5,2
5,1990,99,3,2,21
0,1985,105,4,4,2
1,1940,117,3,2,18
0,1973,136,3,5,2
1,1940,131,3,3,18
0,1991,94,4,3,2
0,1985,110,4,3,2
0,2000,67,3,2,2
0,1985,104,4,3,2
0,1991,89,4,2,2
0,2002,60,3,2,2
0,1987,118,2,4,23
2,2023,26,1,1,9
0,1997,73,3,2,23
4,1957,201,4,5,23
0,1991,91,4,2,2
4,1997,115,3,4,13
0,1934,204,4,5,13
4,1997,98,2,3,13
0,2000,70,2,2,23
0,1996,81,2,3,2
0,1996,79,2,2,23
3,1947,92,2,2,19
7,1965,178,3,4,23
0,1989,120,2,3,21
3,1940,148,3,3,19
3,1977,75,3,2,19
7,1969,162,3,4,23
1,1956,200,2,3,21
1,1957,194,3,2,21
5,1961,162,5,3,2
6,1948,138,3,4,17
1,1986,121,3,2,21
7,1993,102,3,3,5
0,1972,140,4,5,2
1,1910,143,3,2,2
5,1963,162,5,3,2
1,2019,39,1,1,2
2,2012,73,2,3,4
2,1997,81,2,2,2
7,1940,159,3,4,19
5,1979,121,4,3,2
1,1995,106,2,2,11
1,1949,194,4,3,2
3,1973,121,4,4,4
2,2015,53,2,2,3
1,1970,141,5,3,2
1,1995,96,2,2,11
1,1939,217,5,3,2
1,1954,180,4,3,2
2,2020,28,1,1,3
1,1942,210,4,4,2
7,1952,121,3,2,14
7,1937,142,3,2,14
0,2006,53,2,2,2
0,2019,23,1,1,2
0,2021,19,1,1,2
5,1926,244,4,5,20
3,2000,74,2,2,23
3,2000,76,2,2,23
6,1993,120,2,2,22
3,1961,179,4,4,23
1,1981,117,3,3,23
3,1947,113,3,3,19
7,1973,140,2,3,2
1,1978,127,3,3,23
1,1981,112,3,3,23
0,1940,130,2,2,18
4,1955,180,4,6,2
1,1963,166,3,3,23
1,1930,120,4,2,2
1,2000,73,3,2,2
1,1993,77,3,3,2
2,1994,90,2,3,2
5,1952,188,5,3,2
7,1940,184,3,3,19
1,1965,175,3,3,21
4,1911,290,6,5,2
1,2017,22,1,1,2
2,2015,55,2,2,3
0,1990,110,2,2,21
1,1995,104,2,2,11
1,1995,127,2,2,11
1,1948,196,4,3,2
0,1984,97,3,3,20
5,1990,92,3,3,2
5,2004,110,2,2,22
5,1955,183,5,4,2
5,2004,84,2,2,22
5,2004,74,2,2,22
5,2004,92,2,2,22
5,1963,163,5,5,2
5,2004,80,2,2,22
4,1936,186,4,3,20
5,1970,143,5,4,2
5,2004,74,2,2,22
5,2004,77,2,2,22
5,2004,76,2,2,22
6,1980,147,2,3,11
0,2011,42,2,2,2
4,1974,212,5,6,20
5,1984,115,2,3,20
7,1957,111,3,2,14
1,2001,74,3,2,2
0,2008,49,2,2,2
7,1975,113,3,2,14
4,1982,207,4,6,20
7,1984,116,4,3,9
3,1967,112,2,2,14
0,1974,142,3,4,9
5,1975,130,4,3,2
7,1947,131,3,3,14
3,1957,107,3,3,14
1,1990,86,3,2,23
6,1985,135,3,3,21
1,1975,132,3,3,23
0,1992,71,2,2,2
7,1973,140,2,3,2
7,1987,105,2,2,2
7,1973,139,3,3,2
1,1981,114,2,2,23
7,1972,142,3,3,2
6,2003,81,2,2,22
0,2010,70,2,1,13
1,1985,98,3,3,2
1,1993,126,2,2,21
1,1915,160,4,3,2
1,1994,102,2,2,21
7,1970,179,3,4,19
1,2014,39,2,1,2
1,1985,84,3,2,2
1,2000,75,3,2,2
1,1950,142,3,3,2
1,1986,122,3,3,2
1,1995,93,3,2,2
1,1920,118,3,2,2
1,2018,54,2,2,2
5,2004,87,2,2,22
5,1956,177,4,5,2
0,1981,83,2,2,18
5,2004,93,2,2,22
5,2004,86,2,2,22
7,1986,85,2,2,21
5,2004,72,2,2,22
1,1962,161,3,3,2
1,1941,212,4,5,2
5,2004,60,2,2,22
4,1936,195,5,4,20
5,2004,64,2,1,22
5,2004,55,2,2,22
5,2004,47,1,1,22
5,2004,98,2,2,22
1,1957,173,3,3,2
0,1982,132,3,3,11
5,2004,79,2,2,22
5,2022,20,1,1,2
6,1982,88,3,2,20
3,1989,63,2,1,18
5,2004,63,2,1,22
1,1955,177,3,4,2
5,2004,82,2,2,22
5,2004,85,2,2,22
2,2015,63,2,2,3
6,1982,86,3,2,20
5,1979,120,3,3,2
5,1974,133,4,4,2
6,1946,132,4,4,20
5,1991,89,4,2,2
5,1990,92,4,2,2
1,1985,130,3,3,22
4,1988,146,3,4,13
4,1988,141,3,4,13
6,1984,177,2,2,21
5,1922,263,3,3,2
4,1977,174,4,6,13
5,2003,79,2,3,22
3,1940,134,3,3,19
3,1913,295,4,6,2
6,1968,151,3,4,2
3,1947,108,3,3,19
3,1991,95,3,2,19
5,1912,290,4,6,2
4,1908,295,4,6,2
3,1989,121,2,2,19
0,1997,76,2,2,2
1,2009,49,2,2,2
7,1940,178,3,3,19
1,1989,56,3,2,2
2,1991,97,2,3,2
2,1978,131,3,4,2
1,1930,138,4,3,2
1,1930,145,4,3,2
0,1981,124,3,3,9
0,1997,73,3,2,2
1,1920,161,5,3,2
2,2010,90,2,2,22
2,2010,76,2,2,22
3,1993,116,3,4,11
1,1911,288,5,5,2
2,2010,105,2,2,22
1,1930,200,4,3,11
4,1980,175,3,4,18
7,1980,124,3,3,2
5,1999,61,2,2,14
5,2002,70,3,2,20
4,1977,165,4,5,13
2,2008,58,1,2,2
4,1977,179,4,6,13
4,2007,63,2,2,13
6,1991,79,2,3,8
4,1977,136,3,4,13
7,1984,114,3,3,2
4,1977,169,4,6,13
6,1929,65,3,2,20
6,1995,92,2,2,20
7,1959,176,3,4,21
5,2022,21,1,1,2
4,2002,75,2,3,13
6,1963,152,3,3,20
6,2004,63,2,2,20
0,2021,20,1,1,2
4,1997,100,2,2,13
6,1994,159,3,4,16
5,2009,69,2,2,11
5,2009,69,1,1,11
3,1916,162,3,2,22
5,2010,33,1,1,11
0,1990,115,3,3,11
0,1970,158,3,3,21
0,1989,101,3,3,12
3,1940,205,5,4,19
2,2020,28,1,1,20
1,1980,130,2,2,19
3,1975,150,4,3,22
7,1985,102,2,2,17
3,1995,109,2,3,22
1,1980,134,3,3,19
1,1979,83,2,2,17
5,1987,111,2,3,22
7,1960,136,3,4,12
1,1968,137,2,2,18
3,1960,103,3,2,12
1,1968,130,2,2,18
3,2015,22,1,1,21
1,1978,119,2,2,18
1,1976,141,3,2,2
0,1974,128,3,2,10
5,1969,133,3,3,14
1,1940,211,4,4,18
1,1950,202,4,4,19
3,1963,157,3,4,2
0,1988,100,2,3,2
2,1985,113,2,4,2
4,1975,128,3,4,2
6,1965,134,4,3,9
3,1999,62,1,2,18
3,1947,131,3,2,18
1,1940,137,3,2,18
6,2001,64,3,2,9
0,1997,73,3,3,9
0,2015,47,1,1,16
3,1925,160,3,3,18
3,1957,105,2,2,18
0,1973,148,4,6,23
0,1997,94,2,2,16
5,1936,177,3,4,17
5,1983,100,3,3,16
0,1995,101,2,3,22
7,1940,110,3,3,19
7,1988,131,4,4,13
5,2008,47,2,2,16
7,1940,137,3,2,19
3,1995,84,2,2,22
7,1990,123,2,3,22
4,1975,137,4,4,3
3,1995,87,2,2,12
5,2001,65,2,2,23
5,1999,79,2,3,23
1,1925,233,3,3,18
3,1999,54,1,1,18
1,1979,124,2,3,23
1,1972,153,2,2,23
3,1947,110,3,2,18
2,2023,21,1,1,21
0,1940,188,4,2,9
3,1940,153,3,3,18
2,1987,106,2,3,2
1,1987,100,2,3,2
1,1957,131,3,3,15
2,1984,115,2,3,2
2,1982,121,2,3,2
5,1967,154,2,4,2
1,1960,166,3,5,2
4,1935,227,3,5,2
4,1991,79,2,3,22
3,1925,180,3,3,18
4,1984,197,4,4,10
1,1995,110,3,3,12
5,1941,184,2,5,16
0,1985,107,3,3,12
0,1981,124,3,3,12
6,1999,235,3,4,16
2,2020,26,1,1,20
6,1984,241,3,3,16
6,1931,263,3,4,16
6,1971,142,3,4,16
0,1987,103,3,2,12
5,1965,155,4,5,2
5,1982,115,3,3,2
5,1948,200,4,5,2
0,2000,68,2,2,2
2,2005,58,2,2,2
2,2015,62,2,2,3
4,1949,210,3,3,18
2,2018,32,1,1,13
2,2018,30,1,1,13
0,1961,107,4,3,2
0,1985,114,2,3,11
1,2019,22,1,1,2
0,1986,105,2,3,2
4,1984,114,3,4,23
1,2019,29,1,1,2
1,1986,104,3,3,2
3,1980,137,2,2,18
7,1956,200,4,4,22
6,1942,177,3,3,19
0,2000,69,2,2,16
5,1995,100,2,3,21
1,1979,149,3,3,23
1,1974,158,3,3,23
5,2005,66,2,1,11
7,1990,91,2,3,22
0,1957,102,3,3,18
3,2002,108,2,3,11
7,1990,102,2,2,22
3,1970,120,3,2,11
7,2000,60,2,1,11
3,1999,67,3,2,11
7,1986,99,2,2,22
7,1996,114,2,3,22
3,1965,123,3,3,11
7,1965,145,3,3,11
7,1970,141,3,2,11
5,1978,121,4,3,2
2,2018,45,1,1,13
5,1981,114,4,2,2
5,1973,138,4,4,2
2,1996,80,2,3,2
1,1980,155,3,3,23
1,1993,128,2,3,23
0,1996,84,2,3,2
1,1983,159,3,4,23
4,1981,83,2,2,22
5,1995,87,2,2,3
1,1945,224,3,4,23
0,1987,125,3,3,12
2,1997,77,2,2,2
6,2010,39,2,1,3
6,1953,164,3,4,3
1,1982,112,3,3,2
1,1985,124,2,3,23
4,2022,61,2,2,1
1,1986,115,2,3,23
4,2022,66,2,2,1
0,1982,91,2,2,15
0,1962,108,3,3,15
2,2018,34,1,1,10
0,1986,158,2,3,10
0,1986,126,3,3,10
1,1968,157,3,3,12
1,1993,106,3,2,12
7,1965,145,3,3,11
7,2003,81,2,2,22
7,1975,111,3,2,11
7,1995,63,2,3,22
4,1965,168,3,4,11
4,1965,148,4,4,11
4,1965,207,4,5,11
7,1947,188,3,3,22
4,1965,178,4,5,11
7,1995,86,2,3,22
4,1965,140,4,5,11
7,1995,96,2,2,22
4,1965,163,4,5,11
1,1989,100,3,3,2
4,1965,168,4,4,11
0,1977,86,3,1,18
4,1965,194,4,5,11
4,1965,175,4,5,11
1,1994,76,3,2,2
0,1982,130,3,3,12
4,1995,190,4,4,13
1,1952,214,4,5,23
5,1964,162,4,5,2
6,1958,119,3,3,12
1,1988,134,3,3,13
6,1972,138,3,3,12
0,1982,113,3,3,12
0,1997,99,3,2,12
0,1972,139,3,3,12
0,2008,49,2,1,2
7,2011,51,2,1,3
1,1945,232,4,5,23
7,2011,64,2,2,3
4,1968,168,4,3,13
6,2001,65,2,2,2
0,1948,196,2,2,2
2,2015,81,2,3,3
0,2009,46,2,2,3
0,1993,80,2,3,3
4,2022,64,2,2,1
1,1980,136,3,3,23
6,1920,181,2,3,18
7,2000,52,1,1,17
1,1986,116,2,3,12
1,1990,105,3,2,12
1,1990,107,2,3,12
0,1952,126,4,3,14
5,1987,129,4,4,18
4,1965,174,4,4,11
4,1965,159,4,5,11
3,1990,82,3,2,1
3,1986,110,3,3,1
6,2019,24,1,1,22
2,2006,57,1,2,22
7,2011,54,2,1,3
0,2015,31,1,1,2
0,2012,41,2,2,2
1,1934,268,4,4,23
7,2011,62,2,2,3
4,1978,143,4,4,13
0,2006,59,2,2,2
7,1938,227,4,5,21
6,2020,63,2,2,21
6,2006,51,2,2,2
0,2001,69,2,3,2
6,1981,118,3,3,12
6,1981,114,3,3,12
0,1998,74,2,3,2
6,1998,71,2,2,2
0,1997,125,3,3,12
0,2006,47,1,2,11
6,1977,127,3,3,12
0,1994,77,2,3,12
6,1971,137,3,3,12
0,1985,73,2,3,22
1,1987,99,2,3,2
1,2020,21,1,1,2
0,1973,135,4,4,2
0,1996,75,2,2,2
0,1995,79,4,3,2
0,1968,116,3,3,2
0,1992,89,3,2,2
2,1980,188,3,4,23
0,1997,91,3,2,18
2,1980,142,2,3,23
2,1980,126,2,3,23
6,1957,200,4,3,18
5,2022,26,1,1,2
2,2006,53,1,1,22
2,2011,45,1,1,22
2,2011,50,1,2,22
2,2011,45,1,1,22
2,2011,47,1,1,22
2,2000,82,2,2,16
2,2011,42,1,1,22
2,2000,93,2,2,16
2,2011,40,1,1,22
2,2004,59,2,2,22
2,2006,55,2,1,22
2,2000,167,2,3,16
2,2022,42,2,1,1
0,1967,159,3,4,12
0,1981,132,3,4,12
6,2020,58,2,2,21
0,2020,54,2,2,21
0,1985,113,3,2,12
2,2025,23,1,1,13
5,1996,63,3,2,2
0,2004,59,2,2,2
0,1994,123,3,3,12
0,1979,125,3,3,12
6,1952,189,3,5,2
0,1998,78,3,3,2
0,1998,77,3,2,2
0,2002,65,3,2,2
0,1996,81,3,3,2
0,1991,97,2,3,2
2,2011,75,2,3,22
6,1960,167,3,4,2
4,1921,270,4,5,2
3,1995,97,2,3,2
6,1996,85,2,3,2
4,1976,128,3,5,2
6,1972,138,3,3,2
2,2020,39,1,1,3
7,1972,147,3,3,23
1,1957,184,3,4,23
7,1974,131,3,2,11
0,2012,51,1,2,11
0,1994,94,2,2,23
1,1980,78,2,2,11
6,1960,106,2,4,10
2,1998,94,2,2,22
0,2005,46,2,2,1
2,2017,24,1,1,1
0,1985,89,4,2,1
0,1980,97,4,2,10
5,2001,68,2,2,23
5,1989,94,2,2,2
1,1981,128,3,3,23
1,1967,190,3,4,23
0,1987,110,3,3,12
5,2022,23,1,1,2
1,1940,121,3,3,19
1,1994,84,2,2,23
0,1997,92,2,2,12
6,1996,93,2,3,2
1,1960,164,3,4,2
2,1995,96,2,2,22
6,1949,197,4,5,2
0,1985,106,3,4,2
1,1980,116,2,2,11
5,1974,119,2,3,22
7,1980,129,2,2,11
3,1970,145,3,2,10
2,2022,32,2,1,1
3,1970,144,2,3,21
6,1990,96,2,3,21
6,1997,78,2,2,21
6,1991,93,2,2,21
2,2013,71,2,2,1
6,1991,92,2,2,21
5,1952,190,3,4,21
0,2007,76,2,2,10
2,2013,66,2,2,1
0,1992,72,2,2,1
5,2006,58,2,2,10
0,1985,112,2,3,12
1,1994,95,2,2,23
0,2016,48,2,2,12
1,1960,161,2,2,19
0,1987,122,3,4,12
6,2022,21,1,1,2
0,2001,87,2,2,12
2,2020,38,1,1,3
5,1913,241,3,5,19
0,1988,120,3,3,2
5,1950,161,2,4,14
5,2022,26,1,1,2
1,1982,139,3,3,23
2,2015,25,1,1,22
3,1965,179,3,5,11
1,1980,144,3,3,23
1,1999,101,2,2,22
1,1925,149,4,3,2
2,2010,73,2,2,1
0,1904,185,3,4,18
2,2020,33,2,1,1
3,1979,120,4,3,1
2,1997,80,2,2,15
0,1990,82,2,2,18
2,2020,27,2,1,1
1,1950,181,3,3,19
1,1979,129,2,3,2
0,1997,69,2,2,12
0,1987,102,2,2,12
2,2017,45,1,1,13
1,1977,123,3,3,17
2,2017,45,1,1,13
2,2018,50,1,1,13
0,2000,99,2,2,12
2,2020,39,1,1,3
5,1962,165,3,5,2
0,1986,106,3,3,2
0,1994,73,2,3,10
0,1998,60,3,2,2
0,1994,105,3,4,10
0,1988,77,3,4,2
6,1992,100,3,3,2
6,1971,145,3,3,4
7,1965,64,2,2,22
6,1978,123,2,3,2
0,1967,161,2,5,2
0,2009,70,2,2,3
0,1957,180,4,5,4
7,1965,126,3,3,11
2,2020,29,1,1,20
1,1982,133,3,3,23
7,1965,157,3,3,11
2,2015,27,1,1,22
7,1965,111,2,3,11
6,1966,180,3,4,22
5,1910,256,3,7,14
2,2015,35,1,1,22
3,1947,115,3,3,18
3,1947,127,3,2,18
7,2022,21,1,1,21
0,1967,125,2,3,14
6,1993,128,3,3,13
0,1990,99,3,3,2
5,1972,141,3,3,2
0,1980,99,3,3,12
2,2005,95,2,2,11
6,1969,144,2,5,2
5,1993,81,2,2,13
1,1990,116,3,3,23
2,2020,38,1,1,3
2,2017,47,1,1,13
5,2021,21,2,1,2
1,1969,157,3,4,23
2,2011,69,2,2,10
2,2012,67,1,2,10
1,1960,178,3,3,10
2,2014,73,1,1,10
2,2013,82,1,1,10
2,2014,69,1,2,10
2,2015,25,1,1,22
2,2015,34,1,1,22
2,2015,38,2,1,22
2,2015,38,2,1,22
4,2008,48,2,1,23
2,2015,39,2,1,22
3,1940,150,3,2,19
2,2015,46,2,2,22
6,1980,82,3,2,2
3,1940,161,3,3,19
1,1920,160,5,3,2
2,2017,72,1,1,18
3,2010,47,1,1,14
2,2019,47,1,1,18
3,1967,106,3,3,15
2,2016,58,2,1,1
2,2018,43,1,1,13
2,2017,43,1,1,13
1,1959,186,2,5,23
2,1965,160,3,4,3
0,2005,76,2,2,12
2,1955,184,4,4,3
1,1951,189,4,4,2
6,1975,133,3,3,12
0,1990,95,2,3,18
2,2006,95,2,2,11
2,2017,34,1,1,13
2,2024,23,1,1,3
2,2018,31,1,1,13
1,1960,208,3,4,19
2,2018,31,1,1,13
1,1925,159,5,3,2
1,1920,160,5,3,2
2,2024,20,1,1,3
1,1985,85,2,3,2
2,2018,38,1,1,13
1,1910,162,4,3,2
5,1951,191,4,5,23
1,1950,126,3,3,2
5,1995,83,2,2,22
2,2018,53,1,1,18
5,1950,239,4,4,22
5,2008,65,2,2,17
0,1940,134,3,4,19
5,1995,83,1,2,21
2,2019,62,1,2,10
5,2010,56,2,2,10
1,1960,136,3,2,16
2,2019,64,1,2,10
4,1969,144,3,4,21
2,2017,29,1,1,13
2,2007,75,1,2,11
0,1981,102,2,2,23
2,2017,28,1,1,13
2,2018,25,1,1,13
2,2018,55,1,1,13
6,1982,102,2,2,23
2,2017,45,2,2,3
2,2018,48,1,1,13
2,2018,38,1,1,13
2,2018,38,1,1,13
2,2008,73,1,2,11
0,1966,121,3,3,20
1,1999,70,2,2,23
0,1996,80,2,3,2
0,1998,127,3,3,13
6,2016,19,1,1,2
6,1994,82,2,2,2
0,2006,44,2,2,3
0,2008,65,3,3,13
2,2016,35,1,1,13
0,1982,110,3,2,19
7,1947,113,3,2,19
0,2007,41,2,1,21
6,1996,67,2,1,19
2,2020,28,1,1,20
0,2014,41,1,1,21
0,1970,125,3,2,21
0,1979,143,3,4,19
5,1978,136,2,3,21
2,2018,47,1,2,10
0,2004,41,2,2,23
3,1960,106,3,2,12
0,2001,60,2,2,23
3,1960,118,3,2,12
5,2007,44,2,1,23
6,1997,78,2,2,2
0,1995,71,2,1,11
2,2005,83,2,2,11
0,1999,82,2,2,13
6,2006,57,2,2,2
6,1997,77,2,2,2
1,2019,24,1,1,2
1,2019,26,1,1,2
1,2019,35,1,1,2
6,1946,109,2,2,20
2,1980,136,2,3,18
2,1989,87,2,2,3
0,1995,76,2,2,11
1,1940,218,3,3,19
0,1995,87,2,2,11
2,2016,35,1,1,13
0,1921,164,3,3,17
0,1998,66,2,2,21
1,1966,168,3,3,12
0,1960,141,2,3,10
1,1955,145,2,2,10
0,1934,194,3,5,15
2,2020,22,1,1,20
1,1950,101,3,2,2
0,2002,50,2,2,19
1,2011,76,2,2,10
0,2018,33,1,1,10
5,1999,74,3,2,2
3,1960,113,3,2,12
3,1960,121,3,3,12
2,2006,81,2,2,11
0,1995,62,2,1,11
2,1967,156,3,4,3
2,2020,36,1,1,3
2,2017,29,2,2,3
2,1970,143,4,4,3
1,2019,26,1,1,2
1,1984,112,3,3,2
2,2012,62,2,2,3
1,1991,95,2,2,2
2,2008,77,1,2,11
2,1977,134,2,3,2
0,1974,146,3,4,2
5,1964,138,2,4,2
7,1965,160,3,4,22
3,1940,163,2,3,18
1,1971,102,2,2,17
0,1960,150,3,4,18
1,1918,155,3,3,17
1,1985,86,2,2,17
1,1970,126,2,2,17
2,2014,78,1,2,19
1,1979,88,2,2,17
1,1961,106,3,2,17
2,2016,44,1,1,13
2,2017,64,1,1,1
2,2022,37,2,1,3
5,1987,99,2,2,16
1,1935,135,5,3,2
2,2020,27,1,1,20
0,1975,109,3,3,2
1,1989,84,2,2,15
0,1973,145,3,4,12
0,1970,117,3,2,2
4,1995,85,2,1,10
2,2023,29,1,1,21
3,2006,79,2,2,12
3,1975,80,3,2,12
0,1996,53,2,2,15
5,1964,161,3,5,2
0,1995,70,2,3,11
1,1970,144,3,3,2
2,2013,61,1,2,11
7,1992,107,3,3,13
1,1950,194,4,3,2
1,1970,143,4,3,2
2,2013,69,1,2,11
1,1963,159,3,4,2
5,1999,71,2,3,2
6,1970,123,3,3,11
0,1993,76,2,2,1
0,1977,101,3,2,1
1,1968,125,3,2,17
0,1970,103,3,3,22
6,2021,26,1,1,21
6,1960,113,3,2,2
1,1955,126,2,2,2
0,1997,73,2,2,21
0,1995,76,2,2,21
0,1989,97,3,3,12
2,2018,35,1,1,16
5,1989,95,2,3,21
5,1998,67,1,2,21
1,1940,154,4,3,2
1,1980,133,3,3,2
2,2020,32,1,1,20
1,1950,106,3,2,10
3,1980,137,3,3,12
0,2009,49,2,2,12
0,1969,81,2,2,21
3,1998,79,2,2,12
1,1983,99,3,2,2
6,1970,96,4,3,2
1,2000,64,3,2,2
1,1950,128,3,2,2
1,1987,75,2,2,2
3,1998,96,2,2,22
1,1960,91,3,2,2
2,2022,20,1,1,16
0,1994,86,3,2,20
0,1994,95,3,2,20
6,1998,89,3,3,13
3,2023,28,1,1,21
6,1990,142,2,2,21
2,2020,29,1,1,20
0,1946,140,4,3,20
6,1936,228,5,5,20
6,1988,95,3,2,13
0,1946,144,4,3,20
6,1936,153,4,4,20
1,1930,168,3,3,2
1,1940,133,3,2,2
1,1940,206,3,5,22
1,1925,149,3,2,2
1,1925,148,3,2,2
6,1990,83,2,2,22
1,1955,103,3,2,2
2,2020,31,1,1,20
0,1990,96,3,3,22
0,1992,85,2,3,22
0,1992,82,2,3,22
0,1997,23,1,1,13
1,1977,90,2,3,15
0,1997,28,1,1,13
1,1940,151,3,3,19
5,1940,158,2,2,19
1,1940,117,2,2,19
1,1960,116,3,2,2
1,2018,36,2,1,2
3,1997,67,2,2,22
1,1960,103,3,2,2
3,1996,70,2,2,22
1,1965,76,3,2,2
7,1995,62,2,2,22
7,1995,66,2,2,22
1,2020,24,1,1,2
3,2004,81,2,2,22
1,2007,53,2,1,2
1,2016,29,2,1,2
7,2000,60,2,2,22
1,1992,102,3,3,2
1,1988,97,3,2,2
7,2002,59,2,2,22
1,2023,25,1,1,2
6,1946,138,4,4,20
0,1972,91,3,3,14
0,1970,100,3,3,12
0,2004,65,2,2,20
0,1999,73,3,2,20
0,1970,78,2,2,12
3,1983,77,2,2,16
2,2015,77,2,2,20
6,1960,99,3,2,20
5,1965,85,2,2,22
7,1965,161,3,4,22
2,1967,175,3,4,5
7,1987,99,2,3,22
1,1990,106,3,2,2
1,1955,143,4,2,2
0,1984,103,3,3,22
1,1955,129,4,3,2
6,1916,231,4,5,22
6,1992,83,2,3,22
1,2007,38,2,2,2
3,1970,140,3,3,11
1,1984,86,3,2,2
1,2018,30,1,1,2
1,1994,69,3,2,2
4,1945,218,4,5,18
1,1972,133,3,3,12
1,1957,67,2,1,19
1,1977,55,2,1,19
2,1991,111,2,3,12
0,2001,106,2,2,11
2,2020,26,1,1,20
1,1917,238,5,5,15
1,1957,77,3,3,19
1,1957,84,3,2,19
1,2006,51,2,2,2
1,1999,90,3,2,2
1,2012,39,2,2,2
1,1935,137,4,3,2
2,2020,28,1,1,20
1,1991,81,2,2,21
1,1940,114,3,2,2
5,1942,181,3,4,22
1,1920,151,3,3,2
1,1982,88,3,2,2
1,1955,99,3,2,2
1,1975,112,3,3,21
1,1930,145,4,3,2
1,1972,126,3,3,21
1,1935,129,3,3,2
3,1944,194,3,4,22
3,1997,123,2,3,22
1,1920,158,3,3,2
2,2020,28,1,1,20
6,1988,79,3,2,20
1,1985,62,3,2,2
2,2015,67,2,2,20
0,1920,174,4,4,11
0,1984,88,3,3,20
2,2021,29,1,1,20
6,1978,132,3,3,21
2,2020,28,1,1,20
0,1960,136,3,4,20
0,2002,87,3,2,20
6,1956,175,3,4,20
0,1995,45,2,2,12
6,1946,182,3,4,20
6,1956,113,3,3,20
4,1990,126,3,2,16
2,2021,41,1,1,20
0,2000,55,2,1,11
4,1990,152,3,4,16
4,2008,60,2,1,23
2,2020,26,1,1,20
7,1985,134,3,3,22
2,2020,30,1,1,20
1,1922,232,4,5,15
5,1957,110,3,3,19
1,1933,192,5,3,16
1,1903,273,5,5,15
1,1967,70,3,2,19
2,2020,28,1,1,20
1,1933,211,5,3,16
0,1947,107,3,3,19
1,1963,205,3,5,15
2,2020,23,1,1,20
1,1920,231,4,4,15
0,1977,120,4,2,18
6,1950,170,3,4,22
1,2000,63,2,2,2
1,1955,141,3,2,2
5,1945,169,3,4,22
3,1998,81,2,3,21
1,1970,115,3,2,2
2,2020,26,1,1,20
0,2006,78,2,2,11
3,2003,93,2,2,22
0,2020,33,1,1,21
3,2005,78,2,2,22
1,1935,136,3,2,2
1,2011,59,2,2,2
2,2021,20,1,1,21
3,1957,154,3,4,15
2,2020,30,1,1,20
0,1987,67,2,2,15
3,1980,91,3,2,15
2,2020,26,1,1,20
4,1979,113,3,3,19
0,1958,154,3,4,19
0,1947,112,3,3,19
2,2020,27,1,1,20
7,1942,170,3,3,15
5,1994,42,2,1,13
1,1943,169,5,3,16
5,1992,32,1,1,13
3,1933,209,4,6,15
1,1932,213,4,4,15
6,1988,92,2,3,21
1,1943,162,5,2,16
1,1978,100,3,2,16
1,1943,157,5,2,16
2,2021,20,1,1,21
1,1953,133,5,2,16
6,1920,161,3,3,11
1,1930,150,4,3,2
6,1975,84,2,2,11
1,1945,119,3,3,2
1,1955,138,4,3,2
1,2007,47,2,2,2
2,2020,26,1,1,20
1,1993,106,3,2,2
1,1990,92,3,2,2
1,1985,160,4,3,2
3,1946,137,2,3,15
3,1959,144,3,4,15
3,1951,121,2,2,15
7,1960,142,3,4,15
1,1975,97,2,2,2
0,1957,145,2,2,18
0,1940,151,3,3,18
1,2001,89,3,2,2
6,1987,73,2,2,10
3,1937,144,3,3,14
1,1978,139,2,3,12
7,1947,177,3,3,15
1,1997,99,2,2,12
2,2020,26,1,1,20
1,1985,107,3,2,12
7,1957,139,3,2,15
1,1961,178,3,3,12
1,1999,73,2,2,12
4,2004,114,2,2,23
1,1993,96,2,2,12
1,1969,157,3,3,12
0,2006,65,2,2,12
0,1987,62,2,2,13
6,1985,112,2,3,21
1,1991,105,2,2,12
6,1982,121,3,3,21
2,2009,54,2,1,20
1,1969,155,3,3,12
1,1973,94,2,2,16
1,1988,95,3,2,16
6,1988,100,2,3,21
1,1935,125,3,2,2
2,2018,40,1,1,10
0,2006,56,2,2,21
2,2020,26,1,1,20
1,2000,98,3,3,2
1,1935,159,4,3,2
1,2000,135,3,3,2
0,1972,154,3,2,10
5,1990,119,2,3,21
5,1990,135,3,3,21
1,1920,161,4,3,2
1,1960,115,3,2,2
7,1975,117,3,3,21
1,2019,21,1,1,23
1,1997,123,3,2,2
3,1975,120,3,3,21
1,1992,103,2,2,12
3,2008,39,1,1,12
1,1987,114,2,3,12
4,1973,130,3,3,23
4,1987,131,3,4,23
1,2002,65,2,2,12
1,1949,211,3,3,12
4,1980,142,3,3,23
1,1955,183,3,4,12
4,1985,138,3,4,23
1,1972,162,3,4,12
0,1983,103,3,3,19
0,1960,98,4,2,2
4,1979,146,3,3,23
5,1974,140,2,2,18
7,1952,152,3,3,22
1,1933,205,5,4,16
7,1950,158,3,4,22
7,1980,106,3,3,22
1,2000,81,3,2,2
2,2020,29,1,1,20
2,2021,36,1,1,21
0,1981,102,3,4,12
2,2021,33,1,1,21
1,1930,209,3,3,22
2,2020,30,1,1,20
3,1980,169,2,4,21
1,1970,129,3,3,2
1,1999,57,2,2,2
6,1961,138,3,3,20
4,1982,206,5,6,20
3,1960,221,3,5,21
6,1961,166,3,4,20
6,1977,140,2,3,22
1,1984,120,3,2,2
1,1999,115,3,3,2
6,2003,46,2,3,11
7,1933,202,3,5,15
0,1962,103,4,3,14
3,1921,228,4,4,15
6,1955,96,3,2,2
0,1988,114,3,3,12
0,2005,110,2,2,19
2,2023,24,1,1,1
5,1940,280,4,6,18
2,2020,27,1,1,20
0,1989,62,2,2,17
5,1940,187,4,3,18
0,1990,92,3,3,2
0,2007,54,1,1,19
5,2005,49,2,1,19
0,1983,133,3,3,12
1,1975,85,3,2,2
0,1978,142,3,3,12
5,2001,69,2,2,19
4,2017,69,1,1,12
6,1991,85,2,3,21
2,2023,20,1,1,19
0,2006,45,1,2,15
0,1965,101,2,3,22
6,1988,82,2,2,19
6,1971,119,3,1,15
1,1983,72,1,1,16
6,2002,66,2,2,19
6,1961,86,3,2,20
0,1920,186,4,3,11
2,2008,68,2,1,22
1,1940,129,4,2,2
6,1977,113,2,2,21
2,2020,31,1,1,20
2,2020,31,2,2,22
2,2008,70,2,2,22
0,1980,83,3,4,11
6,2004,49,2,2,20
1,1999,81,2,2,2
0,1994,60,2,2,10
1,1992,146,3,3,2
1,1925,185,4,4,2
6,1955,134,3,3,20
3,2021,29,1,1,21
5,2009,36,2,1,15
1,2006,108,2,2,2
2,2023,22,1,1,19
6,2021,21,1,1,2
0,1960,127,4,3,11
0,1986,107,3,4,12
0,1981,122,3,3,12
0,1981,140,3,3,12
0,1981,138,3,3,12
0,1984,110,3,3,12
0,1989,105,3,3,12
3,1990,60,1,2,10
2,2013,59,1,2,19
0,1984,119,3,3,12
1,2002,81,2,2,2
0,1982,114,3,3,12
1,2001,61,2,2,12
2,2020,25,1,1,20
0,2012,32,1,1,15
1,1990,68,3,2,2
0,2000,96,2,2,11
1,1993,102,3,2,2
1,1988,67,2,2,16
1,1993,124,3,2,2
6,1980,65,1,2,20
6,1920,199,3,4,11
1,1987,119,2,3,22
3,1966,105,3,3,20
3,1947,109,2,3,19
4,1962,143,3,5,20
1,1940,133,3,2,2
2,2010,117,2,2,20
1,1935,152,3,3,22
1,1945,149,3,3,2
4,1926,162,4,6,20
1,2010,65,2,2,2
1,1968,155,3,3,21
1,1964,179,3,3,21
3,1974,121,2,3,21
0,1990,88,2,2,11
6,1960,127,3,3,11
1,2024,31,1,1,2
1,1994,80,2,2,12
1,2020,32,2,2,2
1,1957,187,3,4,12
2,2020,29,1,1,20
1,1994,82,3,2,12
7,1944,240,3,5,23
1,1977,217,3,5,12
4,1980,148,4,4,10
4,1980,127,3,5,10
4,1980,200,3,7,10
4,1980,128,3,4,10
0,2006,56,2,2,21
6,1960,127,3,2,11
6,1960,111,3,3,11
1,1975,103,3,2,2
0,2003,79,2,2,11
3,1988,105,2,3,15
1,1970,102,3,3,2
1,1925,212,5,4,2
0,2006,57,2,2,21
1,1994,109,4,2,2
1,1960,111,3,3,2
6,1941,125,3,3,2
5,1994,31,2,1,2
1,2022,35,1,1,2
0,1938,146,5,3,2
6,2022,26,1,1,2
0,2007,36,1,1,21
1,2002,49,2,2,2
2,2020,30,1,1,20
4,1984,153,3,3,10
1,1989,95,3,2,2
2,1998,117,2,3,10
1,1965,82,2,2,2
4,1983,187,4,4,10
6,1970,135,3,3,21
0,1947,156,4,3,19
4,1984,229,3,5,10
2,2020,28,1,1,20
6,1980,111,3,2,21
0,1913,253,4,7,12
1,1974,107,4,2,16
1,1980,47,2,2,2
2,2020,27,1,1,20
1,1968,66,2,2,16
2,2012,78,2,2,23
1,1950,129,3,2,2
6,2006,62,2,1,11
1,1960,93,3,3,2
1,2013,50,2,1,2
3,1956,141,3,3,20
1,1980,112,2,3,16
0,1985,95,3,2,16
6,1956,130,3,4,20
0,1991,108,3,3,12
0,2003,81,2,2,12
0,1920,196,4,4,11
3,2000,97,2,2,10
5,1985,55,2,2,2
0,1968,113,3,2,2
0,1944,114,3,2,2
3,1972,115,2,4,15
3,1998,58,2,2,15
6,1978,131,3,3,2
2,2019,35,1,2,16
1,1955,110,3,2,2
4,1980,175,3,4,10
1,1970,108,3,2,2
0,1968,138,3,2,21
0,2006,51,2,1,21
5,1999,55,3,1,18
3,2000,73,3,2,18
0,2001,37,2,2,21
1,2004,86,3,2,2
0,1970,144,3,3,21
1,1965,69,2,2,16
2,1958,209,3,5,12
3,1927,151,3,3,16
0,1995,83,3,3,2
0,1960,134,3,4,11
7,2003,78,2,2,13
0,2006,44,2,1,11
6,1970,141,3,4,16
3,1995,83,2,2,21
3,1980,130,3,3,21
3,1995,85,2,3,21
3,1985,158,3,2,10
3,1980,129,3,4,21
0,1985,95,2,3,21
3,1985,111,3,3,21
5,1998,63,2,2,10
3,1990,96,3,3,21
5,2012,164,2,2,21
3,1996,73,2,2,21
6,2005,52,2,1,21
2,1963,156,3,3,3
2,1960,167,3,4,3
1,1935,147,3,2,2
1,1955,111,3,2,2
3,1960,152,3,2,10
0,1970,175,3,3,21
0,1993,72,2,2,21
0,1970,174,3,3,21
1,1990,137,3,3,2
6,1973,134,3,3,20
5,1965,110,3,2,16
2,2020,26,1,1,20
7,2003,83,2,3,13
0,2006,58,2,2,21
3,1946,119,3,2,20
6,1997,132,2,2,21
0,1975,115,3,3,21
0,1987,77,3,2,18
1,1935,213,3,3,10
5,2001,45,2,2,16
4,1952,181,4,4,1
1,1987,106,3,2,2
1,2000,87,2,2,2
1,2000,94,3,2,2
1,1985,93,3,2,2
7,1965,159,3,3,21
1,2020,34,1,1,19
7,1971,161,3,4,21
5,2025,31,2,1,19
4,1970,170,3,4,21
2,2020,32,1,1,20
4,1963,177,3,4,21
1,1910,198,4,3,2
1,1960,132,3,2,2
1,1970,111,3,2,2
6,1975,127,3,2,11
5,2007,58,2,2,5
2,2020,28,1,1,20
7,1952,162,5,4,13
5,2008,47,2,1,16
5,2007,50,2,2,16
3,1963,130,3,3,16
0,2002,77,2,2,2
0,1975,137,3,3,21
5,2001,46,2,2,16
0,2020,26,2,1,2
6,2023,23,1,1,21
3,1950,173,3,4,18
0,1978,161,2,3,21
2,2010,50,1,2,23
1,1920,139,3,2,2
4,1967,179,3,4,21
3,1946,134,3,2,15
3,1941,146,3,3,15
3,1992,90,2,2,21
1,1947,155,4,3,15
5,2004,78,2,2,21
5,2004,73,2,2,21
4,1969,159,3,3,18
2,2021,20,1,1,21
0,1960,111,2,2,14
0,1980,72,3,1,16
5,2008,39,2,1,21
0,2018,33,2,1,2
1,1985,93,3,3,12
3,1950,167,3,3,18
2,2020,30,1,1,20
1,1924,141,3,3,16
1,1961,170,3,3,5
1,1975,102,3,2,2
5,2005,51,2,2,20
1,1980,71,3,2,2
3,1998,63,2,2,15
5,2018,27,1,1,15
1,1951,208,4,4,12
0,2003,54,3,2,2
1,1930,197,2,4,19
1,1974,140,3,3,12
1,1983,116,3,3,12
3,1992,86,2,3,5
0,1970,106,3,3,2
1,1968,166,3,3,12
1,1952,215,4,3,12
0,1970,116,3,3,2
3,1947,112,2,2,19
1,1963,118,3,3,16
5,1998,74,2,2,16
5,1993,100,3,2,16
1,1995,79,2,2,16
5,2001,68,2,2,16
3,1948,166,2,4,15
0,1966,106,2,3,20
6,1970,86,2,2,20
2,2019,34,1,1,16
0,1976,74,2,2,20
1,2022,20,1,1,2
2,2021,20,1,1,22
0,1965,80,3,4,2
6,1917,245,4,5,1
0,1957,148,3,4,1
0,1995,100,2,2,10
7,1987,121,3,3,13
3,1970,142,2,2,10
3,1967,91,2,2,18
3,1970,164,2,2,18
2,2019,48,2,1,20
3,1940,167,2,2,18
7,1965,196,4,4,11
3,2006,60,2,1,18
3,1940,126,3,2,18
3,1960,136,2,2,18
3,1940,132,3,2,18
3,1940,147,3,3,18
6,1980,129,4,3,20
3,1940,162,3,4,18
3,1940,131,3,3,18
4,2018,39,2,2,9
3,1940,134,3,3,18
0,2002,42,3,2,2
7,1987,124,3,3,13
3,1980,93,2,2,18
6,1945,157,3,4,2
0,1997,76,4,2,2
1,2016,41,1,1,2
0,1996,101,2,2,10
1,2019,34,1,1,2
3,1907,193,3,4,18
2,2020,27,1,1,3
2,2015,50,2,2,21
5,1976,112,4,3,16
4,1969,190,3,5,17
0,1968,112,2,4,17
5,1995,43,2,2,22
7,1967,82,2,2,17
1,2022,30,1,1,2
5,1997,89,4,2,2
1,1981,122,3,3,2
2,1994,114,2,3,21
6,2019,27,2,1,13
7,2002,71,2,1,13
7,1973,146,3,4,2
1,2015,45,1,1,2
0,1960,105,3,3,2
2,2020,24,1,1,3
7,1968,131,3,3,13
2,2020,23,1,1,3
3,1968,149,2,3,21
3,1964,160,2,3,21
6,1970,154,4,4,20
7,1963,156,3,3,9
3,1940,144,4,2,11
4,1975,125,4,4,9
3,1940,159,3,3,18
0,1947,209,3,2,3
3,1940,127,4,2,11
3,1940,146,4,3,11
3,1940,122,4,3,11
1,1954,184,2,3,21
3,1997,52,2,2,18
1,1928,262,4,5,2
0,1975,119,3,4,2
5,1996,38,2,1,10
1,1945,172,4,3,16
0,1996,47,2,2,10
7,2002,89,3,2,13
1,1966,158,2,3,2
1,2015,50,1,1,2
2,2020,27,1,1,3
5,1995,49,2,2,22
0,1934,235,4,5,2
3,1966,134,2,2,15
0,1959,145,3,4,15
0,1950,167,2,4,15
0,1951,166,3,4,15
0,1945,182,3,4,15
3,1960,143,2,6,15
0,1956,186,3,4,20
6,1956,164,3,4,20
0,1956,149,3,4,20
5,1990,141,3,4,12
6,1966,117,3,2,20
0,1956,122,3,3,20
0,1993,110,3,3,20
6,1968,156,3,2,20
6,1970,137,3,3,20
0,1958,240,3,4,20
0,1968,103,3,3,20
0,1936,134,3,3,20
2,2014,59,1,2,12
2,2020,31,1,1,20
3,1960,98,3,2,11
3,1957,104,3,2,18
3,1960,109,3,2,11
3,1999,68,2,2,18
3,1940,163,3,3,11
3,1950,238,3,3,21
3,2004,55,2,2,11
3,1940,155,4,3,11
2,2018,41,1,1,19
3,1940,140,4,2,11
4,2024,34,1,1,22
0,1921,271,4,6,2
7,1977,153,3,2,13
2,2015,94,2,3,3
0,2005,68,3,1,2
5,1987,117,2,1,2
0,2009,61,2,2,2
7,1987,130,3,3,13
2,2016,45,2,2,3
7,1987,126,3,4,13
2,2015,90,2,3,3
2,2021,20,1,1,22
1,1989,104,3,3,12
7,1987,116,3,2,13
2,2015,68,2,2,3
3,1940,128,3,4,19
6,2000,60,2,2,21
0,1974,95,2,2,21
6,1948,132,2,3,16
2,2020,27,1,1,20
0,1996,102,3,2,20
3,1980,113,3,2,16
1,1972,110,2,2,20
1,1978,117,2,3,20
1,1974,137,3,3,20
1,2023,18,1,1,20
1,1984,138,3,4,2
0,1984,120,3,4,20
0,1996,100,3,3,20
1,2000,54,1,1,19
2,2020,39,1,1,20
3,2005,83,2,1,18
0,1993,92,2,2,12
3,2000,63,2,2,18
3,2006,68,2,2,18
3,2001,76,2,2,11
0,1970,116,3,3,2
2,2020,30,1,1,20
7,1987,111,3,2,13
2,2014,106,2,3,3
0,1988,39,1,2,11
7,1987,117,3,2,13
2,2014,80,2,3,3
2,2015,70,2,2,3
6,1959,176,2,3,2
7,1978,102,3,2,13
2,2021,20,1,1,22
7,2002,72,3,1,13
2,2018,32,2,2,3
7,1985,106,2,3,6
0,1995,78,3,3,22
5,2000,127,2,2,11
0,1995,82,2,3,22
0,1995,88,3,3,22
3,1993,96,2,3,11
0,1940,184,3,3,20
4,2023,26,2,1,20
3,1980,104,3,2,16
2,2019,56,2,1,20
2,2020,28,1,1,20
3,1940,152,2,2,18
3,1950,210,4,2,18
4,2023,27,1,1,20
4,2023,30,1,1,20
5,1970,275,3,5,11
5,1960,189,3,4,21
4,1960,152,4,3,9
3,1940,166,4,4,11
1,1930,180,3,3,11
3,1940,155,4,4,11
1,1936,204,4,5,12
3,1940,138,4,4,11
4,1955,165,4,4,9
4,1959,146,4,3,9
4,1963,142,3,2,9
3,1947,196,2,3,18
2,2024,20,1,1,21
2,2020,21,1,1,3
0,2003,65,2,3,2
0,1967,154,4,3,2
0,1971,145,3,5,2
7,1987,147,3,3,13
5,1946,271,5,5,2
7,1986,120,3,3,21
0,2012,45,2,2,2
2,2015,44,2,2,3
2,2020,26,1,1,3
0,2005,61,2,2,2
2,2020,26,1,1,3
2,2024,20,1,1,21
6,1966,86,3,3,20
6,2004,84,3,2,2
0,2003,100,3,3,11
0,1995,103,3,3,22
1,1983,120,2,3,12
3,1985,128,3,2,10
2,2020,29,1,1,20
3,1979,202,4,3,10
0,1975,120,3,3,2
4,2010,83,2,3,11
1,1980,123,3,3,12
1,1967,158,3,3,12
4,2023,32,1,1,20
2,2020,26,1,1,20
2,2016,52,1,1,6
3,1940,148,3,2,18
6,1984,94,3,2,2
1,1970,150,3,4,23
4,2023,25,1,1,20
6,1970,110,3,2,20
6,1960,116,3,2,20
6,1992,82,3,2,20
6,1966,104,3,2,20
6,1966,100,3,2,20
6,1960,160,3,4,20
1,1930,168,3,3,11
1,1930,198,3,3,11
1,1908,268,4,5,12
6,1994,85,2,2,21
1,1986,95,3,2,2
2,2020,33,1,1,20
0,1983,107,3,4,22
6,1986,90,2,3,22
3,1960,119,2,3,18
7,1987,146,3,3,13
2,2020,28,1,1,3
7,2002,53,2,2,13
2,1990,118,3,4,22
2,2020,25,1,1,3
3,1986,112,2,3,5
2,2020,26,1,1,3
0,1999,156,2,3,2
4,1995,79,1,1,10
7,1987,111,2,2,13
1,1965,166,3,4,12
6,1975,129,3,3,2
2,2020,29,1,1,20
1,1995,94,2,2,12
1,1972,153,3,3,12
1,2002,117,3,3,2
1,1980,121,3,3,12
6,1975,110,2,3,10
3,1940,144,3,3,19
0,1976,83,3,2,20
2,2020,29,1,1,20
6,1966,86,2,2,20
3,2009,50,1,2,11
0,1976,110,3,2,20
2,2019,39,2,1,20
2,1994,153,3,4,23
6,1936,171,4,4,20
0,1980,104,3,2,2
2,2020,27,1,1,20
0,1995,51,2,3,11
3,1960,148,4,3,11
6,1995,82,2,2,21
6,1992,81,2,3,22
0,1999,91,2,3,22
6,1978,124,3,4,22
3,1940,130,4,3,11
6,1994,85,3,3,21
3,1940,154,4,3,11
3,1940,182,5,3,11
7,1940,197,5,3,11
3,1940,171,4,4,11
3,2014,43,1,1,18
7,1931,210,3,4,16
3,1940,149,4,3,11
1,1930,194,3,2,11
3,1940,174,5,3,11
3,1940,157,5,3,11
3,1940,220,5,4,11
3,1940,138,4,3,11
3,1940,146,4,3,11
7,1997,135,3,2,13
7,1967,180,3,3,13
5,1963,165,3,3,2
6,1997,81,1,1,2
6,1987,105,3,3,2
7,1987,128,3,2,13
6,1956,157,3,4,11
6,1991,64,2,2,11
7,1960,131,2,2,10
7,1997,105,2,3,13
7,1997,82,2,2,13
3,1974,113,3,4,10
0,1975,102,3,2,11
0,1975,240,3,3,11
7,1987,120,3,2,13
6,1917,155,4,4,2
7,1986,71,2,1,10
2,2020,34,1,1,3
7,1997,108,3,2,13
1,1983,102,3,2,2
0,1950,183,3,3,19
3,1947,124,3,2,18
6,1960,111,3,2,20
6,1960,137,3,2,20
3,1957,176,3,3,18
7,1960,142,3,4,3
6,1984,62,3,2,20
3,1940,153,3,3,18
6,1960,95,3,2,20
3,1980,112,2,2,18
0,1995,68,3,2,2
7,1938,193,4,5,3
1,1970,136,3,3,12
3,1983,113,2,2,18
3,1940,170,4,3,11
2,2013,54,2,2,21
7,1977,146,2,2,12
2,2013,59,2,2,21
3,1940,132,4,4,11
1,1965,161,4,3,2
0,1987,114,2,2,13
0,1977,170,2,3,13
0,1993,90,3,3,2
0,1998,78,3,2,2
2,1993,91,2,3,22
0,1989,101,4,3,2
0,2009,43,2,2,3
7,1997,83,3,2,13
5,2005,81,2,2,22
0,1995,81,3,3,22
7,1977,150,3,4,13
7,1977,173,3,2,13
7,1987,110,3,3,13
0,1995,77,3,3,22
5,1987,83,2,2,16
2,2022,34,1,1,3
0,1995,83,3,3,22
7,1987,129,3,3,13
0,1995,73,3,3,22
3,1996,91,3,2,23
7,1967,176,3,3,13
2,2020,35,2,2,3
0,1984,80,3,2,20
7,1957,153,4,4,3
7,1949,172,4,5,3
0,1987,114,3,3,2
0,2006,54,2,2,20
3,1963,132,4,3,3
2,2020,26,1,1,20
6,1960,88,2,2,20
6,1966,134,3,3,20
3,1969,120,4,3,3
6,1978,71,2,2,20
0,1965,127,4,3,2
3,2000,85,3,2,18
6,1960,131,3,4,20
6,1960,111,3,3,20
3,1966,125,3,3,3
6,1960,93,3,2,20
7,1962,136,4,3,3
0,1960,151,3,4,20
3,2012,62,2,2,18
3,1940,148,4,4,11
3,1940,156,4,5,11
0,1936,241,4,4,18
7,1940,126,4,3,11
6,1936,181,3,4,18
3,1940,130,3,4,11
3,1977,93,2,3,19
3,1940,171,4,3,11
3,1977,110,2,3,19
0,1977,178,3,3,13
0,1999,76,2,2,2
6,2015,38,2,1,2
6,1987,124,2,3,13
1,1993,106,3,2,12
0,2009,57,2,2,3
0,1995,101,2,4,22
3,1995,82,2,2,21
0,1995,51,1,1,11
0,2020,93,2,2,21
3,1960,142,3,3,10
0,2006,57,2,2,3
0,2006,57,2,2,3
4,2008,102,2,2,23
4,2008,92,2,2,23
4,2008,81,2,2,23
3,1947,188,3,3,18
7,1987,84,3,3,3
3,2013,74,2,2,18
6,1960,168,3,3,20
3,1972,113,2,3,3
3,1947,122,3,3,18
3,1993,89,2,3,3
6,1960,126,3,3,20
3,1973,141,3,4,3
6,1960,100,3,3,20
6,1960,107,3,3,20
3,1940,128,3,2,18
0,1970,62,3,2,2
6,1960,132,3,2,20
3,1937,228,4,4,18
3,1947,106,2,2,18
6,1969,164,3,4,20
0,1970,111,3,3,2
0,2003,25,1,1,12
3,1989,84,2,2,19
3,1940,146,3,3,19
6,1960,80,3,4,11
6,1980,117,3,4,11
4,1985,201,4,5,12
1,1985,103,2,2,12
2,2020,24,1,1,20
3,1973,162,2,3,22
2,2014,43,2,2,21
7,1987,113,2,3,22
7,1990,108,2,3,22
0,1985,98,2,2,19
3,1968,161,3,4,22
0,2006,48,2,2,22
6,2022,24,1,1,23
0,1906,246,3,5,22
3,1957,72,2,2,19
3,1969,131,2,4,15
0,2008,39,2,2,3
1,1982,165,3,4,2
0,2016,42,2,1,21
1,1983,141,3,4,2
5,1980,115,2,3,19
0,1995,108,3,3,22
0,1995,95,3,3,22
0,1988,132,3,3,2
7,1960,147,3,2,10
0,1995,92,2,3,22
7,1977,162,3,3,13
3,2015,39,1,1,11
0,2014,50,1,1,11
0,1998,79,2,2,9
0,2014,63,1,1,11
3,2000,117,2,3,11
3,1914,188,3,4,18
0,2003,112,2,3,11
1,1933,243,3,3,6
3,1966,101,3,3,20
3,2010,66,2,2,11
6,2012,39,2,1,20
3,1990,115,3,4,11
3,2003,101,3,4,11
2,2013,60,2,2,21
0,1995,78,2,3,22
3,2003,86,2,3,11
3,2000,102,3,3,11
2,2013,55,2,2,21
3,2003,90,2,3,11
5,2003,115,2,3,11
0,1995,65,2,2,22
2,2013,60,2,2,21
0,1995,85,3,3,22
5,2014,33,1,1,12
6,1960,90,3,4,11
4,1990,207,3,5,11
4,1990,151,3,4,11
4,1990,129,3,5,11
0,1995,95,2,3,22
4,1990,130,3,4,11
3,1992,83,2,3,22
7,1990,87,2,3,22
3,2006,76,1,1,19
1,1996,101,2,2,12
6,1970,113,3,2,20
6,1946,158,4,4,20
0,1926,168,4,3,20
6,1946,114,3,2,20
0,1995,96,3,3,22
4,2006,65,1,2,23
0,1995,63,2,2,22
0,1995,96,3,3,22
0,1995,74,3,3,22
3,1940,147,2,2,18
7,1976,136,3,3,20
3,1946,181,3,4,20
0,1998,93,2,2,20
2,2014,40,1,1,22
6,1995,84,2,3,20
1,1965,165,3,3,6
0,2001,81,2,2,20
5,1993,78,2,2,22
7,2002,69,2,2,20
3,1960,148,3,3,20
2,2019,36,1,1,19
2,2020,29,1,1,20
2,2019,32,1,1,19
4,1990,125,3,3,11
2,2019,31,1,1,19
6,1953,198,4,5,9
0,1995,108,3,3,22
0,1995,112,3,3,22
4,1959,164,4,5,9
0,1995,57,3,2,2
0,1995,92,3,3,22
0,1995,111,3,3,22
3,1940,137,2,4,19
0,1980,128,3,4,22
0,1936,161,5,4,20
0,1926,197,4,4,20
0,1936,172,5,4,20
0,1996,108,3,3,20
0,1936,186,4,3,20
6,1936,129,3,3,20
0,1990,109,2,2,20
6,1990,102,2,2,20
0,1956,132,3,3,20
0,1936,158,3,3,20
0,1995,80,2,3,22
0,1995,96,2,3,22
0,1995,108,3,3,22
4,2021,114,3,2,2
0,1995,81,3,2,22
0,1995,73,2,3,22
0,1995,95,3,3,22
0,1995,109,3,3,22
2,2024,19,1,1,3
0,1995,100,3,3,22
5,2012,62,1,1,2
0,2001,70,3,2,2
0,1995,107,3,4,22
3,1966,99,3,3,20
7,1960,182,4,3,18
6,2009,84,2,2,11
3,1966,122,2,3,20
2,2000,138,2,3,11
3,1922,240,4,3,16
0,1970,145,3,4,2
2,2004,121,2,3,11
3,2013,46,2,1,18
5,1987,118,2,4,20
2,1999,138,2,3,11
4,1998,116,2,4,11
3,2003,105,2,3,11
5,2015,50,1,1,11
0,1984,122,3,3,20
2,2020,27,1,1,20
3,2012,55,2,1,11
3,1940,128,3,5,19
1,1968,181,3,2,13
3,2016,50,2,2,12
6,2016,30,1,1,12
0,2000,77,2,2,16
6,2023,29,1,1,21
6,1956,116,4,4,20
6,1926,181,4,6,20
0,1959,181,4,6,5
6,1979,127,3,4,5
6,1934,185,3,3,19
0,1936,155,4,4,20
0,1966,147,4,4,20
6,1946,114,3,3,20
0,1926,163,4,4,20
0,1936,144,3,4,20
1,1916,238,4,4,19
0,1936,140,3,2,20
3,2023,26,4,1,15
0,1936,137,4,2,20
6,1956,106,3,2,20
0,1936,159,3,3,20
0,1998,98,3,2,20
6,1972,118,3,3,19
3,1979,131,3,3,2
0,1995,103,3,3,22
3,1995,92,2,2,2
0,1995,105,2,3,22
0,1993,88,3,2,2
0,1995,114,3,3,22
3,2001,71,2,2,2
2,2002,184,2,3,11
0,1945,176,3,4,3
3,2005,90,2,2,11
6,2008,67,2,2,11
6,2009,69,2,2,11
6,2008,92,2,3,11
6,2005,82,2,2,11
6,2009,82,2,3,11
5,1987,108,4,2,18
7,1969,163,4,3,20
6,1976,140,3,4,20
0,1995,101,3,3,22
0,1995,78,3,3,22
2,2021,32,1,1,12
0,1978,131,3,4,12
6,1956,108,2,2,20
6,1936,125,2,3,20
0,2002,115,3,3,20
6,1936,162,3,3,20
7,1937,230,4,5,2
5,2001,70,3,2,2
0,1995,72,3,2,20
3,1991,69,1,1,15
7,2007,55,2,2,2
1,1965,160,4,4,5
2,2010,102,2,2,20
0,2001,79,3,2,20
5,1988,106,3,3,16
5,1998,67,2,1,17
5,2002,62,2,2,16
5,2014,51,1,1,2
0,1995,95,3,3,22
6,1923,268,3,4,2
3,1995,91,2,2,2
6,1995,145,4,3,2
0,1995,96,3,3,22
0,1960,129,3,4,2
1,1997,87,2,2,2
6,2010,26,1,1,11
1,1993,90,2,2,2
1,1973,148,3,3,2
6,2009,77,2,2,11
0,1986,69,3,2,2
6,1982,65,3,2,2
1,1987,114,2,3,20
6,2005,70,2,2,11
6,2008,74,2,2,11
6,2008,78,2,2,11
3,1980,124,3,3,18
3,1950,173,3,4,18
5,1989,56,3,2,13
5,1960,267,3,6,11
3,1940,129,3,2,18
5,2005,68,2,2,11
0,2000,68,3,2,12
4,1949,201,3,4,5
1,2008,89,2,2,22
1,2008,96,2,2,22
4,1952,196,4,5,20
1,2008,81,2,2,22
4,1938,241,4,7,20
3,2008,103,2,2,6
6,1987,82,3,2,20
6,1966,130,3,3,20
5,1995,119,3,2,16
1,1983,95,2,2,16
0,2001,99,3,2,20
5,1989,89,2,2,17
5,2000,74,2,2,17
5,1998,73,2,2,16
5,1998,87,3,2,16
1,1980,136,3,3,16
5,1998,88,2,3,16
5,1996,90,2,3,16
0,1999,87,3,2,20
5,1996,92,3,2,16
5,1999,84,2,2,16
5,2001,79,2,2,16
5,1999,108,3,3,16
0,1998,62,2,2,22
0,2023,23,1,1,15
0,1998,86,2,3,22
1,1937,231,4,4,2
0,1993,82,3,2,2
0,1976,121,3,3,21
7,1967,125,3,2,18
5,2010,55,2,2,11
3,1977,95,3,3,18
2,2009,67,2,2,20
2,2000,82,2,2,20
0,1974,127,3,2,21
3,2005,68,1,1,18
6,2011,59,2,2,20
3,2008,74,2,2,6
3,2008,80,2,2,6
1,1935,226,4,6,5
1,1956,181,4,5,5
2,2020,28,1,1,20
7,1989,79,2,2,5
3,1970,112,2,2,14
1,1986,70,2,2,2
3,2003,70,1,2,3
1,1986,96,3,2,2
3,1970,195,2,3,14
1,1927,131,3,3,2
6,1979,97,2,3,21
0,2022,26,1,1,22
0,1990,192,3,4,5
0,1960,152,4,4,22
7,1965,102,2,2,12
7,1950,144,3,4,12
3,1960,122,3,3,12
1,1995,107,3,3,12
0,1940,240,5,5,18
1,2018,42,1,1,2
4,1991,90,2,4,2
1,1978,126,2,3,2
2,2010,85,2,2,22
2,2010,77,2,2,22
3,1950,168,4,3,18
3,1940,137,3,4,18
6,1978,106,2,3,20
6,1932,155,3,4,22
6,1937,226,4,5,20
6,1963,166,4,3,20
0,1942,206,3,4,20
0,1948,160,3,3,20
2,2021,32,2,1,22
1,1971,146,3,3,12
7,1930,222,3,5,1
7,1997,65,2,2,1
2,2020,25,1,1,9
5,1995,92,2,2,21
1,1910,180,3,4,11
1,1910,156,3,4,11
1,2000,72,3,2,2
0,1962,121,4,3,20
2,2024,19,1,1,10
0,1971,145,3,4,22
0,1965,159,5,3,2
1,1965,75,3,2,2
4,1916,252,4,5,20
4,1916,298,4,7,20
5,1961,179,3,4,20
2,2014,39,1,1,22
2,2024,23,1,1,9
4,2004,103,2,2,1
5,1994,91,3,3,1
3,1957,110,3,4,18
2,2017,57,2,2,12
6,1963,164,4,3,20
1,1936,180,3,3,20
2,2020,27,1,1,9
1,2017,33,1,1,11
2,2020,37,1,1,9
0,1974,132,5,3,2
5,1993,69,2,2,16
0,1964,191,3,5,22
2,1978,143,3,3,2
2,2014,74,2,2,1
7,1930,213,3,4,18
3,1940,153,3,4,18
7,1940,144,3,3,18
2,2017,80,2,2,1
7,1977,181,3,2,13
7,1977,142,3,3,13
2,2020,27,2,1,3
2,2011,98,2,2,1
6,2018,32,1,1,20
6,1956,182,5,4,20
6,1969,151,3,4,20
6,1961,173,4,4,20
6,1968,152,3,3,20
7,1956,136,3,3,2
7,1966,134,4,3,2
3,1966,105,3,2,2
5,1957,170,3,4,22
0,1961,182,4,5,20
2,2012,70,2,2,1
0,2022,20,1,1,22
7,1971,140,3,3,1
0,2022,23,1,1,22
7,1959,157,4,4,1
5,2022,22,1,1,22
2,2010,92,2,2,1
7,1984,64,2,1,17
0,1995,83,2,2,21
7,1976,69,2,2,17
7,1998,71,1,1,21
7,1978,145,3,4,22
6,1978,124,4,3,2
5,1973,95,2,3,16
4,1979,124,3,3,3
0,1972,144,3,4,3
0,1936,162,3,4,20
6,1936,169,4,3,20
5,1993,81,2,2,21
6,2007,52,2,2,17
2,1964,198,3,4,20
0,1983,121,2,2,22
5,2017,42,1,2,3
3,1977,115,3,3,1
5,2022,18,1,1,22
2,2014,68,2,2,1
0,1983,102,3,3,1
0,1991,87,3,2,1
4,1995,69,1,1,10
6,1984,80,2,2,21
1,1985,113,3,3,12
0,1984,101,2,3,21
1,2000,106,3,2,2
7,1914,169,3,3,19
1,1980,147,3,3,2
7,1940,200,3,3,19
1,2002,56,2,1,2
0,1995,77,2,2,10
3,1917,193,4,3,15
3,1903,139,3,3,17
1,1917,149,3,3,2
3,1927,177,4,4,15
3,1917,197,4,4,15
6,1936,156,4,4,20
0,1936,160,3,3,20
0,1936,164,3,4,20
6,1936,128,3,3,20
6,1936,189,4,4,20
1,1951,179,4,4,17
0,2008,52,2,1,21
1,1946,175,4,4,17
6,2000,64,2,2,1
0,2003,56,2,1,1
0,1981,100,3,3,1
0,1997,73,3,3,2
4,1995,80,3,2,1
7,1991,93,3,2,2
6,1981,119,4,2,2
1,2002,72,2,2,3
1,1950,191,3,5,2
4,1971,141,4,3,1
2,2010,66,2,2,1
0,1993,95,3,3,2
0,2007,87,2,1,11
0,2000,82,2,3,2
5,1910,297,4,5,2
2,2014,75,2,2,1
1,1927,142,3,3,2
1,1957,172,3,3,2
1,1947,149,3,2,2
3,1957,115,1,2,15
4,1957,112,3,3,15
0,1946,130,2,2,20
0,1975,56,2,2,11
1,1957,158,4,3,13
0,1977,120,3,3,13
0,1977,127,3,3,13
0,1995,76,3,2,20
0,1977,134,2,4,13
3,1951,109,3,2,16
3,1965,158,3,3,21
2,1980,121,2,3,2
0,1956,164,3,4,20
1,1920,139,3,3,17
3,1988,99,3,3,2
0,2004,68,2,2,1
2,2014,72,2,2,1
0,1956,187,5,4,2
6,1976,129,4,3,2
0,1990,96,4,2,2
2,2014,71,2,2,1
6,1968,147,4,4,2
2,2011,70,2,2,1
0,1960,170,4,5,2
2,1980,120,2,3,2
2,2020,21,1,1,1
2,1980,114,2,2,2
2,2021,27,2,1,1
2,2018,32,2,1,1
2,2014,48,2,1,1
1,1964,156,3,4,2
0,2000,75,2,3,2
2,2024,21,1,1,11
3,1995,63,2,2,10
7,1986,105,2,3,21
3,1978,128,2,4,21
3,1984,113,2,3,21
0,1995,107,2,2,10
1,1957,167,3,3,2
7,1998,71,2,2,21
0,1996,70,3,2,20
0,1995,72,2,2,20
0,1995,54,2,2,20
6,1950,281,3,3,18
3,1910,153,3,4,16
6,1960,110,3,4,20
0,1978,117,3,3,7
0,1991,78,2,3,16
0,1989,93,2,3,22
0,1989,75,2,3,16
3,1980,122,2,3,17
5,1953,227,3,4,22
6,1981,93,2,3,7
5,1915,245,3,6,14
5,1986,90,2,3,17
0,1978,122,4,3,2
6,1970,146,4,3,2
2,2014,53,2,1,1
0,2000,81,3,3,2
1,1932,234,4,5,2
0,1998,73,3,3,2
2,2014,57,2,2,1
0,1962,157,4,4,20
0,1987,102,4,3,2
0,1962,175,4,6,20
0,1962,152,3,4,20
0,1969,150,4,3,2
0,1999,81,4,2,2
6,1992,100,3,2,2
6,1984,126,3,3,2
6,1962,150,3,4,20
5,2007,39,2,1,3
5,2007,39,2,1,3
2,2017,37,1,1,1
5,2007,42,2,1,3
0,1975,98,3,3,2
3,1990,97,3,3,10
2,2019,36,1,1,1
5,2007,41,2,1,3
3,1972,81,2,1,15
2,2019,30,1,1,1
5,2007,59,2,2,3
2,2017,31,1,1,1
3,2005,79,1,2,21
0,1988,87,2,2,21
2,2017,45,1,1,1
2,2017,46,1,2,1
7,1960,179,4,4,9
2,2017,59,2,2,1
4,2008,51,2,2,2
0,1972,185,4,4,10
6,1972,150,3,4,10
5,1984,122,3,3,20
5,2010,39,2,2,20
5,1984,144,3,3,20
6,1980,81,3,2,20
6,1988,88,2,3,17
4,1905,268,4,6,17
0,2010,53,2,2,9
0,1954,187,4,4,2
6,1962,133,3,3,20
6,1991,89,3,1,2
5,2014,48,1,1,13
0,1994,88,4,2,2
2,2019,21,2,2,1
6,1978,123,4,2,2
0,1979,123,4,3,2
0,1962,153,3,4,20
0,1962,131,3,3,20
6,1946,220,5,4,2
0,1992,93,4,3,2
6,1964,160,5,4,2
0,1957,181,5,4,2
2,2020,24,1,1,1
6,1985,136,3,3,20
0,1962,169,5,5,2
2,2017,82,2,2,1
6,1936,234,4,6,2
6,1960,173,5,4,2
0,2005,88,2,3,15
6,1977,138,3,3,9
2,2020,29,1,1,1
6,1976,144,3,4,9
2,2017,35,1,1,1
2,2022,30,1,1,1
0,2005,92,2,3,15
0,2005,106,2,3,15
4,1975,172,3,3,11
4,1975,144,4,4,11
4,1975,168,3,3,11
2,2021,39,1,1,1
3,1947,139,2,3,15
3,1937,165,3,3,15
1,1968,156,3,3,12
1,2002,47,2,1,10
4,1975,136,4,4,11
2,2014,33,1,1,1
2,2014,36,1,1,1
4,1975,126,3,3,11
0,1973,179,3,4,21
4,2019,35,1,1,11
2,2019,43,1,1,11
2,2017,39,1,1,1
1,2019,18,1,1,18
1,2019,18,1,1,18
5,1984,127,3,3,20
0,1993,100,3,3,10
5,1984,165,4,4,20
0,2024,26,1,1,21
0,1981,131,3,3,2
0,1986,121,1,3,17
1,1939,185,3,5,14
0,1956,148,2,5,17
6,1920,229,3,5,17
1,1980,156,3,4,12
4,1926,220,4,5,17
5,1991,93,2,3,21
6,1971,140,3,3,1
1,1937,247,4,3,17
1,1939,226,4,4,2
1,1935,234,4,4,2
6,1960,172,3,4,2
0,1976,131,4,3,2
2,2025,20,1,1,1
0,1991,94,4,1,2
0,1990,91,4,2,2
0,1976,124,4,2,2
0,2023,25,1,1,2
0,1985,112,5,2,2
2,2012,64,2,2,1
2,2014,57,2,2,1
4,1981,132,3,3,22
6,1983,109,3,2,2
4,1981,138,3,4,22
0,1980,80,2,2,12
0,1980,81,3,3,12
2,2017,32,1,1,1
2,2021,28,1,1,1
2,2017,36,1,1,1
2,2021,20,1,1,1
2,2022,24,1,1,1
2,2020,37,2,1,1
2,2023,23,1,1,1
2,2014,25,1,1,1
2,2023,21,1,1,1
1,1966,127,3,3,14
0,1976,136,3,4,1
1,1961,136,2,3,14
6,2002,62,2,2,20
6,1980,80,3,2,20
3,1965,171,3,4,7
1,1961,120,3,3,14
1,1961,123,2,2,14
5,1933,239,5,5,2
6,1947,206,4,3,2
0,1965,132,3,4,11
0,1965,105,4,3,11
6,1947,194,3,3,22
7,1987,134,2,4,12
0,1988,104,3,3,9
3,1997,108,3,3,12
0,2010,39,1,1,9
0,1975,72,2,3,22
7,1987,138,4,4,12
0,1975,88,2,3,22
0,1987,136,3,3,12
0,1997,72,2,3,12
4,1970,146,3,3,10
0,1975,126,3,5,19
1,1960,200,3,3,11
1,1960,132,3,3,11
2,2023,22,1,1,1
4,1975,160,3,3,11
4,1985,159,3,3,11
4,1975,174,3,3,11
4,1975,162,4,4,11
2,2014,31,1,1,1
2,2014,39,1,1,1
2,2012,31,1,1,1
2,2023,20,1,1,1
2,2014,45,1,2,1
2,2014,69,1,2,1
1,1930,243,4,5,13
0,1980,96,3,2,20
0,1960,130,3,3,20
2,2011,55,2,2,3
2,2011,77,2,2,3
0,1965,162,3,4,11
0,1917,174,2,3,17
6,1965,61,2,2,11
2,2011,62,2,2,3
0,1975,87,2,3,11
1,1960,123,3,3,11
3,1968,137,3,3,22
0,1968,109,2,3,17
6,1950,151,4,4,17
6,1979,73,2,3,11
0,2021,25,1,1,11
6,1960,172,3,5,2
6,1979,105,3,3,11
6,1980,103,3,2,19
4,1970,132,3,3,10
4,1970,168,3,3,10
0,1986,111,3,3,9
3,2002,65,2,1,10
4,2011,124,2,2,19
6,1940,131,4,5,19
2,2016,49,1,1,10
3,1987,104,2,2,10
2,2024,20,2,1,18
0,1980,98,3,3,19
3,1980,124,3,3,19
6,1980,13,3,3,19
3,1932,235,4,4,13
6,1988,111,2,2,13
3,1932,149,3,2,15
3,1982,80,3,3,15
3,2024,24,1,1,15
3,1927,179,3,4,15
3,1925,184,3,4,15
3,1957,113,3,2,15
3,1927,170,4,4,15
5,1997,62,3,2,20
1,1981,70,2,2,16
6,1992,74,2,2,20
0,1978,109,2,3,20
0,1978,104,3,3,20
0,1972,108,3,4,20
0,1986,98,3,3,5
6,1979,132,3,4,11
0,1979,93,2,3,11
6,1979,143,3,3,11
7,1965,161,3,4,9
3,1978,90,3,3,11
1,1957,164,4,3,1
3,1978,72,2,2,11
6,1957,117,3,3,17
5,1977,131,3,3,9
5,1979,128,3,3,9
0,1965,161,3,4,2
2,2011,72,2,2,3
6,2000,73,3,3,2
0,1979,171,3,4,11
1,1966,131,2,3,14
7,1950,178,3,3,22
0,1977,140,3,5,12
0,1980,101,3,3,12
0,2006,52,2,2,12
1,1950,172,3,3,19
3,2005,78,2,2,12
3,1995,79,2,2,12
3,1990,94,2,2,12
1,1960,132,3,3,19
3,1980,120,3,4,19
3,1945,184,4,3,15
7,1965,142,3,4,1
3,1947,125,4,3,15
3,1917,186,4,4,15
3,1947,125,3,4,15
3,1957,112,3,2,15
3,1917,198,4,4,15
6,2005,24,1,1,1
3,1987,71,2,2,15
2,2021,24,1,1,3
3,1922,191,4,3,15
3,1982,91,3,3,15
3,1912,234,3,4,15
3,1975,121,3,3,15
3,1972,87,2,2,15
3,1982,89,4,4,15
3,1942,146,4,4,15
3,1957,113,3,3,15
3,1967,111,3,2,15
3,1967,107,4,2,15
0,1990,76,3,2,20
1,1971,106,2,3,16
0,1993,86,2,3,5
0,1958,139,3,3,20
2,2021,22,1,1,22
5,1947,177,2,3,17
6,1927,258,4,5,9
0,1985,95,3,2,11
5,1975,123,3,3,11
5,1975,96,3,3,11
0,1975,103,4,3,11
0,1980,99,3,2,11
5,2019,26,2,1,3
5,2005,77,2,1,11
7,1980,89,2,2,12
3,1975,106,3,3,12
3,1975,121,2,3,12
2,2019,39,1,1,10
0,1956,116,4,4,10
2,2021,28,1,1,19
0,1984,109,4,3,2
7,1965,95,3,3,12
3,1947,121,2,2,15
3,1942,136,3,3,15
3,1937,148,4,4,15
6,1955,183,3,5,2
2,2020,21,1,1,3
7,1978,111,3,3,1
3,1967,89,2,1,15
0,1967,147,3,3,15
5,1935,237,3,5,20
7,1963,120,2,2,20
0,2018,27,1,1,20
0,1963,135,3,5,20
6,1923,204,4,5,20
6,2012,39,1,1,20
1,1985,87,2,2,16
6,1935,185,4,3,20
0,1975,141,3,3,11
0,1970,121,4,3,11
5,1965,220,4,3,11
5,1950,183,4,3,11
4,1969,150,4,4,9
5,2003,69,2,2,11
0,1955,131,3,2,11
6,1970,178,3,3,22
7,1965,122,2,3,12
7,1965,117,3,3,12
7,1950,189,4,3,12
7,1960,160,3,3,12
4,1965,177,3,3,10
1,1960,140,3,3,19
7,1960,154,3,3,12
7,1950,158,3,4,12
1,1962,181,3,5,23
7,1960,155,3,3,12
4,1943,199,4,5,13
7,1960,133,3,3,12
3,1967,98,2,2,15
2,2012,78,2,2,1
2,2012,82,2,2,1
3,1985,103,3,2,15
3,1972,85,2,2,15
3,1957,124,3,3,15
3,1952,140,3,4,15
7,1962,97,2,2,15
2,2014,68,2,2,1
3,1957,123,2,3,15
3,1977,91,2,2,15
3,1982,96,3,3,15
0,2024,24,1,1,15
0,1990,83,3,3,1
2,1984,120,2,3,2
1,1995,75,2,2,12
3,1947,135,2,3,15
2,2005,78,1,2,5
3,1978,90,2,2,20
7,1973,132,3,3,20
4,1959,178,4,4,9
6,1931,77,2,3,20
6,1931,71,2,2,20
6,1931,88,3,3,20
3,1985,119,2,3,12
0,1975,150,3,3,11
1,2021,28,1,1,22
2,2011,84,2,2,21
0,1961,171,3,3,9
4,1972,164,3,4,2
0,1991,99,2,3,9
3,1965,92,3,3,12
4,1973,146,4,4,13
7,1943,113,4,3,13
1,1984,126,4,3,2
0,1903,191,3,4,17
7,1965,135,3,3,12
1,1950,179,4,3,19
6,1960,175,3,4,22
3,2006,64,2,2,12
0,2024,28,1,1,15
2,2015,55,1,2,11
4,2024,27,1,1,22
2,2005,95,2,2,11
2,2006,77,1,2,11
2,2010,79,1,2,11
2,2006,94,2,2,11
3,1940,136,2,2,19
2,2022,27,1,1,3
2,2014,54,2,1,1
6,1956,182,3,5,2
4,1968,186,4,4,1
4,1969,148,4,3,1
2,2023,24,1,1,12
0,1944,191,3,5,12
6,1916,171,4,4,19
2,1982,187,2,3,23
4,1980,130,2,3,19
4,1990,95,2,2,19
0,1982,150,3,4,23
1,1917,184,3,4,2
0,2011,50,1,2,10
1,1937,152,3,2,2
1,1997,119,3,2,2
3,1947,141,3,2,19
1,2004,90,2,2,2
1,2002,106,2,2,2
7,1988,154,2,2,13
2,2014,60,2,2,1
1,1984,138,3,2,2
0,2000,66,2,3,21
7,1986,130,3,3,13
2,1990,123,3,4,22
1,1917,225,4,5,2
6,1917,175,4,5,2
2,2023,25,1,1,1
3,1969,133,2,2,16
3,2007,83,1,1,13
0,2002,87,1,1,13
0,1987,122,2,2,13
3,1960,269,3,4,19
7,1980,107,2,3,22
0,1960,171,4,2,19
3,1970,178,4,3,19
3,1920,233,4,3,19
0,1993,79,4,2,13
0,1957,84,2,3,18
5,1965,168,4,4,13
0,1957,101,2,3,18
2,2022,20,1,1,16
0,1998,77,2,2,16
2,2020,27,1,1,19
1,1937,161,4,4,2
2,2007,57,2,2,22
0,1989,88,3,3,1
1,1912,215,3,4,2
1,1997,78,2,2,22
1,2022,39,1,1,2
2,1993,102,3,3,22
2,1993,107,2,3,22
0,1988,97,2,3,22
1,1907,220,3,4,2
1,1982,110,3,2,2
4,1975,130,4,4,1
2,2013,58,2,2,1
1,1982,131,3,3,2
2,2017,46,2,2,1
5,1987,133,2,3,12
5,1995,75,2,3,22
3,1940,190,4,3,19
3,1973,95,2,2,16
5,1910,292,4,5,18
3,1944,100,2,3,17
0,1995,86,3,3,22
0,1967,103,2,2,18
2,2020,21,1,1,19
2,2020,24,1,1,19
6,1958,178,4,2,2
2,2020,25,1,1,19
2,2022,20,1,1,16
5,1970,110,3,4,22
1,1995,84,2,2,21
0,1998,69,2,2,17
0,1967,130,3,4,3
3,1974,148,3,4,2
1,1982,170,3,4,2
2,2012,64,2,2,1
2,2011,75,2,2,1
2,2010,59,2,2,1
2,2020,24,1,1,20
4,2011,85,3,2,2
0,1962,120,3,3,2
3,1991,98,2,2,15
0,1962,139,3,4,2
6,1990,64,2,2,2
5,2007,38,2,2,2
1,1930,205,2,4,15
2,2017,46,2,2,1
1,1914,157,3,2,17
1,1983,108,2,2,16
6,2003,61,4,1,2
0,1968,154,3,4,3
0,2000,72,2,2,18
2,2022,37,1,1,19
6,1993,87,2,2,10
6,1993,75,2,2,10
0,1940,144,3,4,18
7,1959,173,3,3,21
0,1999,53,2,1,18
3,1974,93,2,2,2
3,1974,94,2,3,2
3,1974,108,3,4,2
3,1974,99,3,3,2
3,1990,63,2,1,2
3,1974,116,2,3,2
3,1974,87,2,2,2
2,2010,49,2,2,20
7,1987,119,2,2,2
7,1966,110,2,2,2
2,2019,44,2,2,10
0,2000,78,2,2,2
4,1989,102,2,1,23
2,2006,97,2,2,10
0,2004,97,3,2,20
0,1973,143,3,4,6
0,2003,64,2,1,13
4,1977,151,3,4,23
4,1987,130,3,3,23
0,1993,89,4,2,2
0,1940,130,3,3,18
3,1966,117,2,2,11
0,1940,125,3,3,18
5,1972,126,3,3,16
0,1947,95,3,2,18
0,1940,142,3,3,18
7,1953,182,3,4,16
3,1957,144,2,3,16
6,1978,97,3,3,3
7,1966,115,3,3,2
0,1987,112,3,4,3
6,1978,100,3,3,3
7,1966,98,2,3,2
6,1978,107,3,4,3
0,1979,105,4,3,3
7,1981,97,2,2,2
0,1974,108,4,4,3
7,1966,108,2,3,2
7,1966,140,3,4,2
7,1966,95,2,2,2
0,1982,101,3,3,3
7,1979,112,3,4,3
6,1983,95,2,3,3
7,1966,104,3,3,2
6,1978,109,3,3,3
3,1975,146,3,4,21
0,1998,69,2,2,21
5,1996,150,2,3,21
7,1966,127,3,2,11
2,2020,29,1,1,19
5,2001,79,2,2,22
5,2005,79,2,2,9
2,2010,105,3,2,20
7,1946,131,3,2,20
7,1946,149,3,4,20
1,2008,86,2,2,15
0,1999,119,2,2,15
0,1940,170,3,4,22
2,2001,118,3,3,20
7,1956,125,3,2,20
3,1992,157,3,3,21
0,1939,198,3,4,16
7,1962,155,3,4,16
6,1977,70,2,2,18
7,1968,168,3,4,22
1,1934,200,3,5,16
3,1966,163,3,2,11
1,1925,221,3,4,16
7,1966,101,2,3,2
7,1966,118,3,4,2
7,1981,127,3,4,2
6,1990,86,3,3,3
4,1957,185,4,5,3
6,1998,55,2,2,3
2,2010,57,2,2,3
2,2008,48,2,2,3
7,1966,129,3,3,2
2,2008,49,2,2,3
7,1986,107,2,2,2
7,1966,146,3,3,11
2,2020,32,1,1,18
7,1967,162,3,4,21
0,1936,222,3,4,18
4,1967,171,4,3,13
4,1987,148,3,3,13
5,2001,59,2,1,22
0,1928,207,3,6,15
7,1938,195,3,5,15
7,1946,208,4,4,20
7,1936,198,3,5,15
0,1987,116,3,3,20
0,1984,95,3,3,20
5,2010,53,2,2,20
5,2010,60,2,2,20
2,2001,126,3,3,20
0,1946,124,3,3,20
2,1987,165,3,3,20
0,1946,138,2,2,20
6,1970,149,3,3,20
0,2003,63,3,2,20
0,2003,39,2,2,20
6,1957,93,3,3,18
2,2023,20,1,1,14
6,1903,200,3,3,18
7,1979,127,3,4,3
3,1966,115,2,2,11
6,1930,198,3,4,18
3,1954,185,5,4,2
1,2021,20,1,1,21
3,1950,195,4,5,2
3,1966,119,2,2,11
3,1949,200,4,4,2
4,1982,130,4,4,3
4,2018,25,1,1,3
7,1966,100,2,2,2
7,1966,85,2,3,2
4,1980,127,4,4,3
4,1981,125,4,4,3
7,1966,98,3,3,2
7,1966,104,3,3,2
4,1977,135,4,4,3
0,1998,76,2,3,3
7,1966,108,3,3,2
0,1995,87,3,3,3
0,1999,76,3,3,3
7,1966,110,3,3,2
0,2000,76,3,3,3
7,1980,81,2,2,2
4,1987,128,3,3,13
7,1991,88,2,2,21
4,1967,166,4,3,13
4,1987,125,2,3,13
4,1952,228,4,4,13
4,1967,168,4,3,13
4,2008,106,2,2,13
4,1987,139,2,3,13
4,1982,150,3,4,13
3,1966,96,2,3,11
2,2020,24,1,1,19
2,2020,26,1,1,19
4,2008,91,2,2,13
0,1976,92,3,2,20
0,1960,135,3,3,14
7,1963,205,5,6,13
6,1970,95,3,2,20
0,1975,104,2,3,14
0,1975,57,2,2,14
2,2015,44,1,1,9
1,1948,170,4,3,12
0,1995,54,2,2,14
6,1961,131,3,4,20
0,1977,136,3,4,2
6,2008,58,3,2,2
0,1972,142,4,4,2
3,1974,148,4,4,9
2,2021,22,1,1,1
0,1988,107,3,4,2
7,1966,123,3,4,2
7,1966,91,3,2,2
7,1966,92,3,2,2
1,1956,151,2,2,17
3,2006,45,2,2,10
0,1988,104,3,4,3
7,1966,145,3,3,11
6,1940,128,5,3,19
7,2002,90,1,1,13
7,1987,108,2,2,13
7,1947,234,3,4,13
6,1996,60,2,2,19
7,2002,75,2,1,13
2,2006,71,2,2,11
6,1961,121,3,3,20
6,1960,136,3,3,20
3,1987,104,2,2,20
0,1992,82,2,2,15
3,1956,169,4,4,13
3,1980,126,3,3,13
5,1968,134,4,4,13
3,1942,138,1,1,15
2,2016,38,1,1,1
1,1986,99,2,2,1
6,2022,22,2,1,2
7,1915,282,5,5,2
3,1926,254,5,5,2
1,1914,285,4,6,2
1,1978,134,4,3,2
2,2021,23,1,1,1
3,1967,127,4,3,9
2,2021,23,1,1,1
1,1987,84,2,2,1
0,1940,132,3,2,19
3,1978,88,2,2,2
3,1978,116,2,2,2
2,1980,145,3,3,9
2,2009,65,2,1,9
7,1950,200,3,4,22
0,2021,23,1,2,19
1,1930,298,3,5,22
3,1942,137,4,3,15
3,1982,67,2,2,15
3,1932,160,3,3,15
3,1980,56,2,2,15
5,1970,112,4,2,2
3,1962,78,2,2,15
3,1957,115,1,2,15
5,1930,196,3,4,2
5,1990,99,3,2,2
5,1940,189,4,3,2
3,2000,42,1,2,15
1,1982,96,2,3,1
2,2023,20,1,1,1
1,1990,113,2,2,18
2,2016,45,2,2,1
6,1974,115,3,3,16
0,1957,101,3,2,19
6,1950,179,4,3,19
2,2018,27,1,1,1
6,1957,93,3,3,19
0,1947,112,3,2,19
4,1968,144,3,5,22
4,1975,122,3,4,22
4,1965,157,3,5,22
4,1968,127,3,5,22
4,1940,201,4,5,22
4,1984,97,2,3,22
4,1992,75,2,3,22
4,1968,146,3,5,22
4,1990,82,2,3,22
4,1990,88,3,3,22
4,1987,86,2,3,22
3,1957,136,3,3,15
3,1957,143,2,2,15
3,1942,141,3,4,15
3,1957,127,1,3,15
1,1920,203,2,3,18
2,2021,30,1,1,1
0,2001,67,2,3,19
0,1947,108,3,2,19
4,1905,273,5,6,1
0,1947,119,3,2,19
1,1940,207,4,4,18
0,1947,114,3,2,19
0,2003,66,3,2,9
0,1984,76,2,2,14
6,1959,104,2,2,14
4,1999,119,2,2,12
6,1992,71,2,3,22
0,1991,55,2,1,14
1,1964,163,4,2,17
0,1975,90,3,3,14
2,2020,24,1,1,19
4,1987,136,4,4,13
4,1987,148,4,4,13
4,1977,155,4,3,13
5,1986,144,3,4,11
7,1987,117,3,4,13
7,1992,99,3,3,13
3,1982,76,2,2,15
3,1990,50,2,2,15
3,1952,130,3,4,15
3,1962,103,2,3,15
3,1957,111,2,2,15
0,1996,56,2,2,22
3,1952,123,2,3,15
3,1960,137,3,3,15
3,1982,80,1,2,15
3,1978,92,2,2,15
0,2003,65,3,2,9
0,1957,89,3,2,19
4,1968,145,3,4,1
6,1954,142,2,3,14
5,2001,76,2,2,22
4,2021,43,1,1,10
1,1968,155,3,2,17
0,1965,94,2,2,14
0,1980,91,2,2,14
0,1946,119,3,3,14
3,1947,116,2,2,19
3,1947,98,2,2,19
7,1982,150,3,4,13
2,2020,22,1,1,19
0,1965,142,3,4,12
0,1969,137,3,4,12
0,1964,149,3,4,12
0,1968,134,3,3,12
2,2020,32,1,1,19
0,1963,141,3,4,12
0,1963,138,3,5,12
0,1977,116,3,3,12
0,1981,107,3,3,12
0,2006,45,3,2,13
0,1976,116,4,3,13
0,1989,77,4,3,13
2,2020,30,1,1,9
0,1990,78,4,3,13
0,1946,133,5,4,13
0,1990,79,4,4,13
5,1986,93,4,4,13
2,2020,24,1,1,9
0,1992,77,3,2,1
0,1981,94,3,2,1
3,1981,113,3,3,9
4,1967,167,3,3,13
4,1997,101,2,2,13
4,1987,143,3,3,13
0,1957,98,3,2,19
4,1967,174,4,3,13
4,1957,216,4,4,13
4,1977,152,4,3,13
4,1967,189,4,3,13
0,1940,117,3,3,19
7,1940,123,3,3,19
7,1940,124,3,3,19
3,1940,152,3,3,19
3,1940,111,3,2,19
7,1940,137,3,3,19
6,1971,104,2,2,12
6,1977,124,3,3,17
3,1940,142,3,3,19
3,1992,91,3,3,22
3,1940,123,3,3,19
0,1962,144,3,5,12
0,1972,127,3,4,12
2,2020,26,1,1,19
0,1960,177,3,6,12
3,1990,148,2,2,12
3,1990,143,2,2,12
2,2020,30,1,1,19
3,1990,163,2,2,12
7,1967,117,3,3,13
2,1999,108,3,3,12
3,1977,70,2,2,13
7,1947,159,4,4,13
0,2020,32,1,1,13
4,1957,184,3,4,21
4,1957,176,3,4,21
4,1957,201,4,4,21
1,1943,217,4,4,21
1,1930,194,2,4,17
4,1977,192,4,4,13
4,1977,164,3,4,13
4,1977,151,3,3,13
4,1987,128,3,3,13
4,1987,125,2,3,13
4,1987,123,3,3,13
7,1935,202,4,5,1
4,1987,127,2,2,13
7,1969,165,3,4,21
7,1978,140,3,4,21
3,1966,125,2,2,11
3,1966,118,2,2,11
7,1947,246,3,3,13
7,1969,137,3,3,9
3,1957,80,2,2,19
3,1957,108,2,3,19
3,1967,66,2,2,19
3,1947,97,2,3,19
2,2009,36,1,1,10
5,2004,69,2,2,22
2,2020,25,1,1,19
7,1947,150,4,4,13
7,1967,127,3,3,13
7,1967,141,3,3,13
7,1947,150,3,3,13
7,1927,150,3,3,13
7,1947,156,3,3,13
7,1947,130,3,3,13
7,1967,139,3,4,13
5,1915,246,5,5,23
5,1996,98,2,2,23
7,1957,157,4,4,13
7,1983,102,2,3,22
6,1959,176,5,3,2
0,2003,70,3,2,2
6,1962,167,4,4,2
6,1976,133,4,3,2
1,1947,222,4,4,13
6,1957,181,5,4,2
5,1935,236,5,6,2
5,1961,171,4,5,2
0,1965,159,4,3,2
3,1966,98,2,2,11
3,1966,124,3,2,11
0,1981,124,2,3,22
2,2005,75,1,2,11
4,1977,152,4,4,13
2,2013,63,2,2,1
0,1983,112,4,3,22
3,1993,87,4,3,22
0,1977,127,3,2,13
1,1921,181,3,4,22
3,1990,122,3,2,2
3,2001,109,3,3,2
7,2000,59,2,2,2
3,2009,38,1,1,10
7,1999,108,3,2,2
5,2004,50,2,1,22
7,1967,120,2,3,13
5,1988,132,3,3,23
7,1967,113,3,2,13
5,2006,32,1,1,19
5,1996,66,2,2,23
1,1951,209,2,2,23
1,1941,242,3,3,23
6,2022,25,1,1,2
1,1970,165,2,3,12
0,1967,83,2,2,18
2,2017,28,1,1,14
6,2022,22,1,1,2
1,1970,161,2,3,12
6,2022,23,1,1,2
0,1961,135,2,3,12
0,1977,76,2,2,18
1,1943,214,5,5,2
0,2012,67,2,2,18
0,1971,122,2,3,12
0,1927,214,4,4,18
4,1987,131,4,3,13
4,1987,141,4,4,13
4,1977,152,4,4,13
4,1977,161,4,4,13
7,1960,160,3,4,1
4,1972,184,4,4,13
4,1977,177,4,4,13
0,1977,107,2,2,1
4,1972,176,4,4,13
6,2021,20,1,1,21
4,1972,184,4,4,13
4,1977,155,4,3,13
0,1978,116,2,3,21
2,2020,24,1,1,19
6,2021,20,1,1,21
5,2004,46,2,1,22
5,2004,74,2,2,22
1,1907,220,2,4,2
1,1986,81,2,2,2
6,1977,117,3,3,2
1,1982,120,3,3,2
1,1907,199,3,4,2
1,1983,113,2,3,22
5,1989,103,3,3,23
0,1948,176,3,4,19
3,1959,103,2,2,16
4,1976,160,3,4,23
4,1987,130,3,3,23
4,1990,118,3,3,23
3,1993,91,2,2,16
4,1973,151,3,4,23
4,1973,159,3,3,23
0,1940,181,3,3,18
0,1991,69,2,2,12
0,1971,122,2,3,12
0,1971,130,3,3,12
0,1961,142,2,3,12
0,1971,130,2,3,12
5,1957,187,4,5,13
5,1967,151,5,4,13
7,1981,131,3,4,12
0,1987,122,3,3,12
4,1977,159,4,3,13
6,1954,184,4,5,1
6,1967,78,2,2,19
2,2021,40,1,1,12
2,2021,42,1,1,12
0,1985,84,2,4,12
0,1957,156,3,4,12
1,2014,55,2,1,2
2,2014,34,1,1,23
3,1974,144,3,4,9
1,1960,125,3,2,2
1,1991,85,3,2,2
1,1995,69,3,2,2
1,1997,80,3,2,2
1,1940,186,3,3,19
1,1915,181,4,4,2
1,1905,182,5,5,2
5,2016,39,1,1,14
0,1967,156,4,5,3
1,1980,121,3,3,2
1,1930,156,4,3,2
4,2018,44,2,1,11
1,1980,115,3,3,2
4,2018,44,2,2,11
3,2008,78,2,2,11
1,1959,147,4,3,10
3,2016,42,1,1,23
2,2020,35,1,1,20
6,1963,127,4,4,16
5,1990,106,2,3,21
1,1920,220,4,4,11
2,2005,124,2,3,22
0,1959,146,3,4,15
1,1920,176,3,3,2
5,2011,45,2,2,10
0,1997,80,2,2,22
1,1960,172,2,3,16
1,1959,156,4,3,10
1,1965,116,3,3,2
6,1970,150,3,4,2
0,1967,128,3,3,15
0,1997,61,2,2,22
7,1983,124,2,3,2
0,1990,97,4,2,13
0,1930,281,5,2,13
4,2019,26,2,1,11
3,2009,70,1,2,11
1,1995,68,3,2,2
1,1989,77,3,2,2
1,1989,85,3,2,2
1,1999,54,2,2,2
1,1910,128,3,3,2
1,2000,115,3,3,2
1,1984,106,3,3,2
1,1997,107,3,2,2
1,2021,27,1,1,2
1,1993,101,3,3,2
1,1999,39,2,2,2
1,1920,159,4,4,2
1,1920,152,4,3,2
1,2004,94,3,2,2
2,2020,31,1,1,20
1,1960,125,3,3,16
0,1985,70,2,2,16
2,2010,70,1,2,11
2,2010,82,2,2,11
3,1963,135,3,4,15
2,2005,121,2,4,22
3,2007,62,1,2,11
6,1940,151,2,2,19
0,2011,48,1,1,11
2,1989,160,2,3,11
0,1987,209,3,5,11
0,1970,158,3,3,11
3,2014,47,1,1,11
7,1970,90,2,2,11
0,1966,127,3,3,16
0,2022,20,1,1,19
1,1959,134,4,4,10
1,1990,77,3,2,13
5,1921,280,5,7,2
0,2005,58,3,1,13
0,1980,140,4,2,13
7,1971,154,2,3,2
0,2005,40,3,1,13
0,2008,43,3,1,13
1,1965,121,3,3,2
7,1990,96,2,1,13
0,2005,73,3,2,13
0,2005,88,3,2,13
1,1995,88,2,2,2
2,1984,135,2,3,11
1,1962,174,3,3,23
3,2008,68,2,2,11
3,2004,118,2,3,11
1,1943,235,3,5,23
2,2017,35,1,1,20
4,1959,170,3,5,21
1,1970,99,2,2,16
0,2011,55,1,2,10
0,1998,71,3,3,13
5,2007,70,2,2,23
1,2019,36,1,1,2
5,1971,152,4,3,18
3,1953,155,4,6,16
2,2020,36,1,1,20
4,1987,189,4,5,2
2,2023,20,1,1,22
2,2023,20,1,1,22
3,2007,80,2,2,11
3,2004,87,2,2,11
3,2005,100,2,3,11
0,2002,47,2,2,16
2,2010,56,2,2,20
1,2018,32,1,1,2
1,1970,99,3,3,2
4,2010,96,2,2,6
1,1945,209,1,2,2
0,1980,122,3,2,13
1,1999,83,2,2,2
0,1995,90,3,2,13
7,1968,177,3,5,13
1,2016,101,1,1,10
6,2008,62,2,2,2
4,1949,198,4,4,19
4,1949,190,4,4,19
5,1997,74,2,2,11
5,1988,84,2,2,21
1,1973,129,3,2,21
3,1969,157,3,3,23
3,1974,142,3,3,23
6,1936,123,3,3,20
2,2018,48,2,2,1
3,1926,220,3,4,15
7,1940,148,3,2,19
2,2014,71,2,2,1
2,2017,37,2,1,1
2,2018,39,2,1,1
2,2017,48,2,1,1
0,2009,88,1,2,11
3,1990,112,2,3,10
2,2016,30,1,1,20
1,1995,137,2,2,11
5,1999,80,5,2,2
1,2000,63,2,1,16
7,1983,105,3,3,13
7,1968,174,4,5,13
1,2017,40,1,1,2
0,2005,68,2,2,16
7,1993,124,4,5,13
2,2013,66,2,2,1
1,1976,133,2,3,2
1,1968,152,3,3,2
3,1924,234,4,4,1
2,2020,32,1,1,20
1,1992,101,2,2,2
1,2002,71,2,2,2
0,2005,62,2,2,10
1,2000,53,3,2,2
2,2019,48,1,1,10
4,2022,36,1,1,22
3,2003,87,2,2,11
3,2022,33,1,1,11
3,2004,89,2,3,11
2,2019,48,1,2,10
2,2019,43,1,1,10
3,2007,62,2,2,11
3,2008,75,2,2,11
3,2005,70,2,2,11
3,2003,109,2,3,11
2,2019,44,1,1,10
3,2005,94,2,2,11
3,2003,96,2,3,11
2,2022,18,1,1,10
2,2008,121,2,2,17
1,1971,145,3,3,2
1,1959,167,3,3,10
0,2008,33,3,1,13
1,1974,150,3,4,2
1,1995,88,2,2,2
7,1967,163,3,5,2
7,1985,115,2,4,2
0,2005,88,2,3,11
5,1971,151,3,4,5
1,2019,31,1,1,2
1,1910,161,3,3,2
1,2000,100,3,3,2
2,2003,115,3,3,2
4,1944,209,3,5,6
3,1977,162,4,4,13
1,1980,177,2,3,16
3,2007,84,2,2,13
1,1955,116,3,3,2
7,1986,120,2,1,13
2,2015,71,1,2,17
2,2022,27,1,1,1
3,2004,90,2,2,11
5,1956,140,3,3,2
1,1985,83,2,2,1
3,2004,90,2,2,11
3,2008,66,2,2,11
2,2022,17,1,1,10
3,2005,82,2,2,11
3,2003,100,2,3,11
3,2003,77,1,2,11
2,2022,17,1,1,10
3,2011,70,1,1,11
3,2003,120,2,2,11
3,2018,24,1,1,11
3,2003,118,2,3,11
4,1987,126,4,4,2
1,1939,226,3,4,2
3,1966,115,3,3,2
1,1955,95,3,2,2
2,2024,17,1,1,10
1,2015,41,1,1,2
3,1988,81,2,2,16
1,1959,184,3,3,10
7,1966,130,3,3,2
7,1966,94,3,2,2
7,1960,144,3,4,2
2,2020,36,1,1,20
1,2023,22,1,1,2
1,2000,104,3,3,2
0,1950,198,3,5,2
3,1957,171,4,3,13
1,2001,74,2,2,2
1,1995,106,3,2,2
1,1910,199,4,3,2
1,1960,201,3,3,16
2,2017,47,2,1,1
6,1973,146,4,4,9
0,1985,91,3,3,17
1,1997,111,3,3,2
1,1988,113,3,3,2
1,1975,104,3,2,2
4,1987,112,3,3,2
1,1955,151,3,3,2
1,1965,108,3,3,2
1,1960,104,3,2,2
1,1940,142,3,3,2
0,2001,74,3,2,2
1,1935,123,3,2,2
1,1965,115,3,3,2
5,1943,219,3,5,2
5,1996,124,2,3,22
5,2010,66,2,2,10
0,2001,69,2,2,2
1,1965,86,3,2,2
5,2004,128,2,2,2
1,1960,112,2,2,16
2,1995,85,2,2,21
1,1915,171,5,3,2
1,1980,82,2,2,16
1,1930,146,4,3,2
1,1989,94,3,2,2
1,1991,132,3,3,2
0,2016,34,1,1,10
4,1989,106,3,3,1
1,1974,124,3,3,9
2,2017,27,1,1,1
3,1988,112,4,3,1
2,2024,26,1,1,1
6,1984,118,5,3,2
2,2011,57,2,2,1
0,2017,32,1,1,10
7,1975,141,4,5,2
1,1970,118,3,2,2
1,1925,133,3,3,2
3,2006,39,2,1,15
1,1960,105,3,2,2
1,1925,164,5,3,2
1,2020,42,1,1,2
1,2021,27,1,1,2
1,1960,111,3,2,2
7,1987,86,2,2,2
5,1996,104,2,3,22
2,2023,24,1,1,20
5,2010,56,2,1,2
3,1985,108,2,2,21
2,2024,20,1,1,20
1,1935,139,3,3,2
1,1986,49,2,2,2
5,1998,72,2,3,22
3,1980,145,2,3,21
5,1996,112,2,3,22
7,1981,72,2,2,2
5,1953,230,3,4,21
2,2020,25,1,1,20
1,1905,166,3,2,2
0,1994,63,2,2,21
2,2017,44,2,1,21
1,2019,39,1,1,2
0,1988,109,2,2,21
1,1997,73,2,2,2
3,2008,74,2,2,11
0,1984,116,2,3,2
2,2017,48,2,1,1
1,1988,118,2,3,13
0,2017,14,1,1,10
6,1984,89,3,3,1
1,1977,177,3,3,13
2,2014,59,2,2,1
2,2013,44,2,2,1
2,2020,37,2,1,1
6,2000,53,2,2,1
2,2024,30,2,1,1
1,2012,80,2,2,2
1,1970,125,3,3,2
1,2001,68,3,3,2
6,1922,172,4,4,14
1,1910,140,4,3,2
2,2019,46,1,2,10
1,1922,212,3,3,14
5,2005,72,2,2,2
1,1991,44,2,2,2
1,2008,64,1,1,21
0,1946,196,4,5,20
1,1941,212,4,4,21
2,2020,28,1,1,20
0,2007,48,2,2,10
0,2007,94,2,2,22
6,2000,90,2,2,11
0,2007,59,2,2,23
0,2011,41,2,2,21
1,1915,160,3,3,2
5,2007,39,2,2,23
7,1965,148,3,3,21
7,1968,126,3,3,21
7,1947,239,4,5,21
1,1925,126,3,2,2
2,2000,70,2,1,21
2,2025,20,1,1,20
7,1957,174,5,5,21
0,2000,73,2,2,16
2,2014,48,2,2,1
2,2020,37,1,1,1
7,1972,102,3,3,15
3,1992,85,3,2,2
2,2017,58,2,2,1
2,2010,49,1,1,20
1,1910,165,3,4,2
0,1976,146,2,2,11
1,1970,102,3,2,2
1,2012,55,2,1,2
1,2000,79,2,2,2
1,2021,34,1,1,2
1,2014,55,2,1,2
1,2000,81,2,2,16
1,2018,46,2,1,2
1,1998,137,3,3,2
6,2003,40,2,3,21
1,1922,271,4,4,21
1,1942,205,3,3,21
1,1992,76,2,2,22
2,2009,34,1,1,10
1,1989,84,2,2,21
2,2009,39,1,1,20
3,1956,162,4,5,21
6,1924,160,2,2,19
1,1925,123,3,3,2
0,1992,101,2,2,21
1,1902,230,4,5,2
1,1997,115,3,3,2
1,1932,152,4,5,2
1,1917,189,4,5,2
7,1967,120,3,3,16
1,1907,186,4,5,2
1,1927,198,4,5,2
7,1967,110,3,2,15
4,1949,195,3,3,12
1,1922,188,4,3,2
0,1992,90,2,2,15
0,1962,179,3,5,2
1,1907,212,3,2,2
1,1902,213,3,4,2
1,2007,52,2,2,2
1,1982,125,3,3,2
1,2012,55,2,1,2
1,1920,157,4,3,2
2,2019,47,1,1,10
1,1970,66,3,2,2
1,1950,103,3,2,2
1,1970,64,3,2,2
1,1950,111,3,2,2
1,1965,107,3,3,2
1,1971,87,3,2,16
6,1993,75,3,3,21
0,2016,33,1,1,10
1,1977,93,3,3,15
2,2020,30,1,1,20
1,1955,99,3,2,2
5,1999,154,1,2,16
5,1965,180,3,4,2
2,2019,42,1,1,10
1,1920,163,3,4,2
1,1993,90,3,3,2
1,2000,45,2,1,2
1,1935,166,2,2,16
1,2008,24,1,1,2
2,2019,47,1,1,10
1,1935,136,3,3,2
1,2007,61,2,2,2
1,1930,140,3,3,2
1,1998,77,2,2,13
4,1982,150,3,5,2
0,1973,151,3,3,13
4,1982,134,3,4,2
1,1989,68,2,2,2
2,2019,40,1,1,10
0,2007,28,1,1,13
4,1982,144,3,4,2
3,2016,30,1,1,10
1,1989,87,2,2,21
7,1962,179,3,4,21
1,1986,103,2,2,21
6,2002,51,3,2,21
0,2014,57,1,1,22
2,2011,40,1,1,12
2,1994,103,2,3,12
0,1970,147,3,4,21
1,2020,22,1,1,10
1,1991,65,3,2,2
1,1950,108,3,3,2
1,1991,86,3,2,2
1,1945,144,4,3,2
0,1998,59,2,2,13
1,2019,43,1,1,2
1,1989,120,3,3,2
2,2019,43,1,1,10
1,1955,102,3,2,2
1,2016,39,2,1,2
1,1987,85,2,2,21
2,2017,40,1,1,20
0,1980,105,3,2,13
0,1980,113,3,2,13
2,2022,16,1,1,10
0,1980,130,4,2,13
0,2000,53,2,2,13
1,1981,132,2,3,21
0,1980,125,5,2,13
2,2019,35,1,1,20
2,1974,216,3,4,12
0,1980,109,2,2,21
2,1995,100,2,2,12
4,1975,122,4,3,10
6,1987,92,2,2,23
0,1947,126,3,3,19
0,1947,125,3,3,19
5,1957,122,3,2,19
4,1965,126,4,2,10
0,1957,102,2,4,19
5,1988,135,2,2,11
1,1965,150,3,3,2
1,1990,81,3,3,2
1,1980,79,2,2,2
1,2020,25,1,1,2
1,1940,138,3,3,2
7,1994,95,3,3,20
1,1940,140,3,3,2
1,1910,194,3,3,2
1,1970,137,3,3,2
4,1984,154,4,5,2
1,1970,102,3,3,2
1,1986,97,3,3,2
1,1925,142,3,3,2
1,1989,112,3,3,2
1,1935,141,3,2,2
1,2007,67,2,2,2
3,2005,84,2,3,11
0,1967,147,2,2,13
1,2001,119,3,3,2
0,2023,24,1,1,5
0,1980,117,3,2,13
2,1999,85,2,2,19
1,1988,88,3,3,2
4,1961,140,5,4,16
1,1935,147,4,4,2
1,1940,148,4,3,2
0,2007,37,3,1,13
3,1967,164,4,2,23
1,2000,84,2,2,2
3,1952,125,3,2,14
0,1947,111,2,2,19
2,2020,31,1,1,20
6,1940,192,4,4,19
6,1980,43,2,2,11
1,1980,117,2,3,11
2,2020,25,1,1,20
7,2024,20,1,1,10
1,1950,122,3,3,2
4,1984,141,3,4,2
1,1920,154,3,3,2
1,2021,32,1,1,2
0,2002,75,2,2,13
3,1996,90,2,2,9
0,1990,99,2,2,9
1,1920,149,3,3,2
4,1984,183,3,5,2
1,2000,88,2,3,2
1,1935,131,3,3,2
4,1982,88,2,3,13
7,1972,148,3,3,23
1,1990,109,3,3,2
1,1986,79,3,3,2
1,1998,84,3,3,2
1,1935,205,4,4,2
1,1986,106,3,3,2
0,1971,202,4,5,20
5,1974,116,3,3,23
2,2021,28,1,1,20
1,1998,63,2,2,2
1,2021,31,1,1,2
1,1925,151,3,3,2
2,1996,89,2,2,21
2,2009,64,2,2,20
2,2020,33,1,1,20
1,1965,113,4,3,10
2,2020,47,2,2,2
6,1998,64,3,1,13
6,2010,36,1,1,11
0,2004,92,2,3,11
4,2000,85,2,2,11
4,2000,98,2,2,11
2,2020,29,1,1,2
0,1990,154,2,2,11
5,2002,56,1,1,11
1,1947,209,3,4,13
2,2024,22,1,1,1
1,1937,151,3,3,2
0,1997,91,3,3,20
1,1945,261,3,4,23
4,1972,169,3,4,23
4,1986,113,2,3,23
7,1968,143,4,3,1
4,1979,154,3,4,23
3,1990,100,4,2,1
0,2005,63,3,2,20
0,2001,88,3,2,20
0,2000,59,2,2,23
6,1956,174,5,5,1
0,2004,75,2,3,11
1,1945,225,3,3,23
4,1970,161,3,3,11
4,1970,157,4,4,11
5,1980,124,2,3,21
5,1983,108,2,3,21
1,1986,90,2,3,1
6,1965,110,3,2,11
0,1998,85,2,3,12
6,1957,91,3,2,19
1,1985,125,3,3,13
4,2000,107,2,2,23
7,1996,119,3,2,11
4,1979,141,3,4,23
4,1970,170,3,3,11
0,2004,108,2,3,11
0,2004,98,2,3,11
0,2004,87,2,3,11
0,1994,73,3,3,1
4,1990,142,4,3,21
2,1981,123,2,4,2
3,2012,51,1,1,10
2,2012,43,2,2,1
2,2013,66,2,2,1
4,2019,47,2,2,11
2,2018,33,1,1,1
5,2013,16,1,1,22
4,1983,155,3,2,11
5,2005,80,2,2,21
0,1994,75,3,2,1
1,1997,75,2,2,13
1,1983,139,3,4,13
1,1978,150,3,4,13
1,2003,63,2,2,13
2,2021,25,1,1,1
1,2003,82,3,2,13
0,2001,70,2,2,13
1,1989,71,2,2,21
0,1996,90,2,2,21
3,1990,130,2,3,11
3,1990,120,2,3,11
2,2022,34,1,1,1
6,1990,117,2,3,11
2,2022,36,1,1,1
2,2017,41,1,1,2
7,1972,92,2,3,13
7,1977,156,4,3,23
3,1990,90,2,2,21
4,2019,23,1,1,11
7,1975,114,2,3,1
2,2017,29,1,1,1
7,1986,105,2,2,21
2,2020,30,1,1,1
2,2017,45,2,1,1
2,2013,65,2,2,1
2,2012,46,2,1,1
2,2013,46,1,1,1
2,2009,59,2,2,1
2,2020,27,1,1,2
5,1991,99,2,3,21
7,1972,195,3,2,11
7,1988,96,3,2,21
1,1910,228,3,6,11
1,1910,193,3,2,11
1,1910,178,4,4,11
4,2022,26,1,1,21
3,1966,143,5,4,21
1,1991,89,2,2,21
1,1910,183,3,4,11
1,1910,155,3,4,11
3,1980,135,2,4,21
5,1939,242,3,3,19
5,1939,254,4,5,19
6,1969,156,3,2,19
4,2024,20,1,1,11
3,1977,66,1,2,13
4,1988,99,3,2,3
1,1990,99,3,2,2
1,1920,153,3,2,2
1,1965,110,3,2,2
1,1984,76,2,2,2
5,2004,46,1,2,11
1,1989,82,3,2,2
1,1970,121,3,2,2
0,2000,69,2,2,21
1,1997,100,3,2,2
1,1925,160,3,3,2
1,1910,138,3,3,11
1,1910,127,3,4,11
5,2013,23,2,1,22
1,2017,29,1,1,11
1,1910,152,3,4,11
1,1910,160,3,3,11
1,1910,158,3,4,11
1,1910,194,4,4,11
1,1910,188,3,4,11
2,2020,26,1,1,2
0,1966,162,4,5,19
1,1950,117,3,2,11
5,1939,135,4,3,19
4,1997,162,3,4,13
5,1959,188,4,3,19
7,1967,130,3,3,13
4,1970,160,4,4,3
4,1964,162,4,4,3
1,1953,200,3,2,13
1,1977,144,4,2,13
1,1973,156,4,2,13
1,1987,136,2,2,13
1,1993,100,2,2,13
6,1970,140,4,4,22
4,1981,115,4,4,3
1,1984,81,3,2,2
1,1983,85,3,2,2
1,1920,169,3,4,2
0,1941,225,5,5,3
1,1970,130,3,2,2
1,1990,81,3,2,2
1,1955,121,3,2,2
0,2004,68,3,2,20
0,2004,94,3,2,20
1,1910,155,3,4,11
5,1985,108,3,3,5
1,1910,185,3,4,11
1,1940,158,3,3,19
1,1988,132,3,2,13
3,2002,65,1,1,13
1,1953,201,3,3,13
3,1994,91,3,3,3
2,2012,74,2,2,2
6,1988,225,2,3,13
3,1968,156,3,5,3
3,1975,135,3,4,3
1,2000,75,2,2,3
0,2000,76,2,3,3
0,1985,116,3,4,3
6,1995,45,2,2,13
3,1949,146,3,3,10
1,1950,112,3,2,2
1,1960,100,3,2,2
1,1951,219,4,4,2
2,2014,75,2,2,20
1,1910,154,3,3,11
1,1910,134,2,3,11
1,1910,165,3,5,11
0,2015,42,2,1,1
0,1996,73,3,2,20
1,1910,132,2,3,11
4,1975,130,3,4,10
3,1957,109,2,2,22
2,2020,26,1,1,2
6,1993,59,1,2,16
3,1980,112,2,2,21
1,1978,133,2,2,21
0,1995,43,2,2,13
0,1992,94,3,4,3
6,1967,161,4,5,3
3,2024,22,1,1,3
5,2007,39,2,2,3
5,2006,42,2,2,3
5,2006,39,2,1,3
1,2021,33,1,2,2
1,1994,83,3,2,2
7,1948,163,3,3,10
1,2000,113,3,2,2
1,1999,102,3,2,2
1,1990,81,3,2,2
1,1965,89,3,2,2
1,1985,39,3,2,2
0,1998,108,3,2,11
7,1981,157,3,2,11
2,2020,22,1,1,2
7,1967,116,3,3,14
3,1995,65,2,2,19
7,1992,100,2,2,21
2,2023,25,1,1,2
4,1959,193,4,5,19
7,1992,116,2,2,21
1,1987,113,2,2,19
5,1997,56,1,1,19
1,2010,46,2,1,2
1,1989,104,3,2,2
1,1920,172,4,3,2
1,1994,79,2,2,2
1,2008,67,2,2,2
3,1949,140,3,3,10
2,2018,50,2,1,1
1,1935,164,3,3,2
1,2019,44,2,2,2
0,1990,76,2,2,10
6,1988,70,2,2,11
6,1988,65,2,2,11
0,1988,126,2,2,11
0,1988,59,2,2,11
5,2007,52,2,2,22
0,1996,126,3,2,11
2,2020,27,1,1,2
3,1960,192,4,3,11
2,2020,33,1,1,11
7,1995,87,2,3,2
2,2022,27,1,1,2
2,2007,47,1,1,11
3,1985,144,2,3,14
1,1980,125,3,2,14
0,1985,120,3,3,19
3,1992,77,2,2,4
7,1967,110,3,3,13
1,2014,36,1,1,2
2,2017,46,2,1,1
1,1955,100,2,2,2
1,1955,137,3,3,2
1,1955,111,3,2,2
1,2000,50,2,2,2
1,1955,122,3,2,2
2,2013,52,2,2,1
1,1935,149,3,2,2
2,2017,45,2,2,1
3,2007,93,2,2,19
2,2017,54,2,2,1
1,1945,129,3,2,2
2,2017,47,2,1,1
1,2004,75,2,2,2
7,1949,120,3,3,10
4,1965,210,4,5,11
1,1979,97,2,2,1
4,1965,209,4,6,11
0,1983,90,3,3,1
2,2020,28,1,1,2
0,1973,115,3,4,1
7,1965,136,3,4,12
4,1986,102,2,2,11
6,1981,117,1,2,11
2,2020,37,2,2,2
0,2002,88,2,3,11
0,1991,106,2,2,2
0,1979,103,4,3,19
0,1961,151,3,3,20
7,1948,159,3,3,2
0,1988,76,3,2,13
0,1973,109,3,3,13
1,1920,145,3,2,2
1,1950,125,3,2,2
1,1997,78,3,2,2
1,2024,25,1,1,2
2,2009,50,2,1,1
2,2018,32,2,1,1
3,1949,97,3,2,10
1,2021,33,1,1,2
1,1975,126,3,3,2
1,1999,126,3,3,2
1,1994,127,3,2,2
3,1947,126,3,3,10
1,1999,113,3,3,2
1,2021,36,2,2,2
0,1988,104,2,3,22
2,2022,32,1,1,11
7,1965,143,4,3,12
2,2016,76,2,2,20
1,2013,59,1,2,11
6,1985,159,3,2,10
0,1995,107,3,2,10
7,1977,124,3,4,2
4,1993,80,2,2,9
5,1999,72,3,2,5
5,1993,67,3,1,18
3,1988,102,3,3,2
2,2025,20,1,1,2
2,2023,36,2,1,2
7,1980,131,3,2,21
2,2022,39,1,1,20
2,2018,51,2,1,20
2,2015,63,2,2,20
0,1988,85,2,3,16
6,1989,74,2,2,4
1,1947,205,4,3,21
5,1989,60,2,2,13
0,1988,85,2,4,16
0,1977,108,3,4,16
1,2017,48,2,1,12
5,1959,128,3,3,20
1,1910,175,3,2,2
1,1940,132,3,3,2
0,1992,35,2,2,16
1,1915,157,4,3,2
2,2017,54,2,2,1
3,1960,123,3,3,10
1,1915,153,4,3,2
4,1970,226,4,6,10
1,1985,112,3,2,2
2,2008,93,2,2,10
1,2005,50,2,2,2
3,1965,191,3,2,12
1,1930,181,4,4,11
3,1965,198,3,3,12
7,1965,99,2,2,12
1,1930,160,4,4,11
1,1930,203,4,4,11
3,2008,54,1,2,12
1,1940,145,3,3,2
0,2000,83,2,1,10
0,1977,103,3,3,1
1,1930,143,4,3,11
1,1930,170,3,3,11
6,1990,109,3,2,10
1,1960,124,4,3,11
0,1985,115,3,2,10
1,1930,150,4,2,11
1,1930,181,4,4,11
7,1940,163,3,3,19
3,2013,48,2,1,11
7,1980,140,3,2,21
3,1999,51,2,1,18
2,2020,41,2,2,2
6,2014,150,1,4,11
6,1981,101,3,3,20
0,1955,141,3,3,14
2,2014,73,2,2,20
1,1908,153,4,3,17
1,1980,86,2,2,11
1,1950,122,3,2,11
1,1930,176,4,4,11
1,1960,146,4,3,11
7,1965,116,3,3,12
1,1930,191,3,3,11
1,1980,89,3,2,11
1,1978,104,3,3,1
1,1930,203,3,3,11
1,1930,167,4,3,11
7,1965,111,3,3,12
5,2016,29,2,1,22
7,1965,176,3,4,2
1,1930,226,3,3,11
0,2006,56,3,2,2
7,1965,105,3,4,12
2,2020,27,1,1,2
7,1965,136,3,3,12
1,1960,107,2,3,2
1,1980,110,3,2,1
6,1982,98,2,3,21
3,1995,116,2,2,22
2,2021,31,1,1,2
2,2015,34,2,2,22
2,2018,42,1,1,16
2,2016,33,1,1,16
5,1940,163,3,4,22
5,1970,135,3,4,17
0,1965,142,3,3,17
6,2005,39,3,2,2
0,2019,31,1,1,11
6,2019,39,1,1,11
1,1950,131,4,3,2
1,1950,193,3,4,1
4,1920,150,4,5,11
7,1965,116,3,3,12
0,1989,76,3,2,1
1,1980,114,3,3,1
4,1920,138,4,5,11
4,1984,83,3,3,21
4,1920,255,4,7,11
0,1988,120,4,2,13
0,1980,128,2,2,21
4,1998,76,2,2,1
6,1972,133,4,3,1
0,1973,160,3,2,13
1,2000,83,2,2,9
1,2000,77,2,2,9
6,2008,59,1,2,23
2,2023,21,1,1,2
1,2011,50,1,1,9
1,2011,49,2,2,9
0,2003,96,3,2,20
0,1960,149,3,3,21
6,1960,122,2,3,21
4,1984,124,3,2,21
0,1990,119,3,3,11
0,1986,106,3,3,22
0,1965,99,3,2,12
7,1950,188,4,3,11
3,2003,72,4,2,2
0,1970,91,2,2,12
1,2015,55,2,2,2
1,1984,96,3,2,1
7,1954,177,4,5,1
6,1988,102,3,1,13
3,1990,116,2,2,22
6,1986,85,3,2,1
6,1975,187,4,4,17
0,1985,72,2,2,19
4,1961,116,4,4,21
7,1940,167,3,2,18
4,1982,132,3,3,21
0,1998,83,2,3,2
4,1982,160,4,4,21
0,2021,24,1,1,2
0,1997,58,1,2,16
0,1985,93,1,3,16
6,1998,61,3,2,16
0,1984,86,3,3,16
0,2024,53,2,2,19
0,1994,69,2,2,16
0,1997,60,2,2,16
1,1978,101,3,2,1
1,2009,92,2,2,2
0,1947,108,3,2,19
1,1990,76,2,2,1
1,1985,90,3,2,2
4,1965,154,3,5,11
7,1975,105,3,3,11
1,1960,210,3,4,11
0,2008,59,2,2,12
4,1965,154,4,5,11
0,1998,73,2,2,12
0,1970,90,2,3,12
0,2004,81,2,2,11
4,1965,157,4,5,11
4,1965,153,4,5,11
4,2000,107,2,3,11
5,1995,84,4,2,2
4,1996,111,2,2,11
2,2025,23,1,1,11
6,1995,106,3,2,11
0,2004,86,2,2,11
5,2002,59,3,2,5
6,1940,214,3,4,11
5,1995,79,3,3,5
0,1947,93,2,2,18
1,2016,33,1,1,2
4,1990,94,3,2,21
0,1940,160,3,3,18
2,2024,20,1,1,1
0,2002,75,2,2,23
0,1999,56,2,2,16
5,2004,74,2,2,19
0,1960,157,3,2,13
1,1986,141,3,3,2
2,2004,137,2,2,11
1,1957,98,2,2,19
1,2021,39,2,2,2
4,1960,192,4,5,23
7,1978,148,3,4,23
0,1967,133,2,3,14
0,1924,172,3,5,19
4,1999,115,3,3,2
4,1999,114,3,3,2
1,2004,84,2,2,22
0,1967,130,2,3,14
7,1991,117,3,3,22
0,1977,107,2,2,14
0,1975,132,3,4,22
0,1987,109,2,3,13
3,2005,89,2,2,21
3,1964,171,3,2,21
7,1967,127,2,3,14
6,2005,60,2,1,22
6,1977,134,3,3,21
1,1915,125,3,2,2
0,1965,191,3,4,21
0,1994,67,2,2,21
5,1975,177,3,4,22
0,1989,86,2,2,21
5,2007,54,2,2,13
1,1972,122,3,3,3
4,1944,211,5,4,2
5,1936,231,4,5,2
4,2019,28,1,1,12
4,2019,32,1,1,12
6,1973,147,3,5,2
6,1977,144,4,2,13
1,1947,225,2,3,13
7,1994,78,2,3,13
0,1975,148,3,5,2
1,1948,229,4,4,13
3,2006,55,1,1,14
0,1945,206,4,6,18
1,1977,171,2,3,14
1,1977,130,2,3,14
1,1970,93,3,2,2
0,2016,15,1,1,23
0,1975,86,2,2,14
3,1975,132,2,2,14
4,1980,176,3,2,14
7,1975,122,2,2,14
3,1976,169,3,2,10
0,1987,156,3,3,20
4,2024,25,2,1,5
6,1955,167,2,2,21
0,1995,73,2,2,21
0,2009,75,2,2,20
0,1957,205,3,3,21
4,2002,102,3,3,2
5,1977,152,2,2,14
0,1960,150,3,3,21
0,1977,139,2,2,21
0,1987,108,3,2,21
3,1967,83,2,2,14
3,1989,76,1,2,14
2,2020,32,1,1,20
1,1907,175,4,3,2
5,2002,103,2,2,13
0,2010,57,1,1,13
0,2005,85,2,1,14
4,1991,80,2,3,2
3,2016,26,1,1,14
0,1996,73,2,2,14
2,2020,34,1,1,20
0,1985,94,3,4,1
5,1995,93,2,2,5
6,1971,141,4,3,2
0,2004,64,1,1,14
3,1937,125,3,3,2
2,2020,34,1,1,20
6,1959,164,3,3,2
1,1920,197,3,4,19
0,2018,43,1,1,20
3,2018,32,1,1,14
0,1980,185,4,5,22
6,1992,91,3,2,21
0,1982,135,4,4,21
7,1975,91,2,3,14
0,1994,87,3,3,21
0,1995,79,3,2,21
4,2002,64,2,2,2
5,1968,229,2,3,14
2,2014,62,1,1,1
0,2016,42,1,1,14
2,2022,22,1,1,1
1,1980,107,2,2,11
2,2018,47,2,2,1
1,1925,168,4,3,2
1,1927,167,3,3,2
0,1995,97,2,3,13
0,1963,166,3,2,2
4,1920,250,4,5,11
6,1957,170,2,3,2
4,1920,240,4,5,11
4,1920,269,4,6,11
6,1988,132,3,2,13
6,1937,112,3,3,2
5,1956,145,4,4,20
5,1959,174,5,4,2
7,1978,125,4,3,7
3,1950,115,3,2,20
4,1980,218,4,4,11
3,1936,134,3,3,14
1,1990,97,2,2,19
5,1941,280,4,5,19
2,2020,32,1,1,20
4,1980,214,4,5,11
4,1980,268,4,6,11
4,1980,214,4,5,11
4,1980,147,3,4,11
1,1910,152,3,3,14
0,1942,132,3,3,14
1,2009,50,2,2,10
1,2009,50,1,2,10
2,2009,33,1,1,10
6,1987,105,3,3,6
0,1980,90,2,2,14
0,1990,81,2,2,14
6,1990,86,2,2,11
6,1990,99,2,3,11
4,1984,97,4,2,4
0,1970,88,2,2,12
0,1960,96,2,2,12
0,1984,69,3,2,12
7,1976,120,2,3,21
0,1965,111,2,3,12
0,2004,73,2,2,11
2,2010,83,2,2,2
4,2018,30,1,1,10
0,1977,139,3,3,7
2,1992,96,2,2,5
2,2010,71,2,2,5
7,1950,178,4,3,20
2,2019,42,2,1,2
0,2004,31,1,1,23
1,1971,145,3,3,7
7,1996,100,2,2,21
0,1957,108,4,3,14
1,1986,139,3,3,2
2,2020,30,1,1,20
0,1997,105,2,2,14
6,1982,84,2,2,14
0,1993,87,2,2,14
0,1987,96,2,2,14
3,1980,134,3,4,21
2,2020,34,1,1,20
1,1950,178,3,3,12
1,1960,180,3,3,12
7,1992,83,2,2,5
0,2019,42,2,2,13
5,1986,162,3,5,11
5,1990,92,4,3,5
6,1993,95,2,2,21
0,1953,202,4,4,9
6,1940,121,3,3,19
3,1950,118,3,2,20
6,1989,90,2,2,23
3,1946,164,3,4,20
1,1964,201,4,3,10
2,2020,38,1,1,20
0,2008,45,1,1,23
0,1976,148,3,4,23
0,1988,103,3,3,5
1,1977,81,1,3,14
0,1947,115,3,5,19
4,2000,60,2,2,2
2,2020,30,1,1,20
2,2015,39,1,1,22
1,2021,29,1,1,2
4,1970,109,3,3,10
1,2021,30,1,1,2
1,1965,180,3,3,14
0,1990,78,2,3,15
1,2021,29,1,1,2
1,2021,32,1,1,2
0,1948,133,2,2,14
1,1988,111,2,2,12
1,1985,129,2,3,12
1,1930,191,3,3,11
1,1955,144,2,3,11
1,1975,134,2,2,11
1,1921,229,5,5,3
0,1985,101,3,2,11
0,1981,119,3,3,12
2,2020,25,1,1,2
0,2006,45,2,1,13
0,1998,39,2,1,13
0,1972,116,3,3,5
0,1977,151,3,4,13
0,1966,140,3,4,14
0,1967,106,3,3,14
2,2015,38,1,1,22
4,1994,92,3,3,2
1,1999,86,2,2,2
2,2018,53,1,1,10
0,1974,94,2,1,14
6,1928,105,2,2,14
0,1982,121,4,3,13
5,1992,65,2,2,13
1,2018,35,2,2,2
4,1958,196,4,6,23
7,1984,131,3,3,14
1,1954,158,3,3,14
1,1997,86,3,4,13
6,1965,153,4,3,2
0,1982,95,2,2,21
5,1955,209,3,3,14
0,1974,127,2,3,21
5,2007,57,2,2,14
2,2020,37,1,1,20
4,1980,155,4,4,11
0,1992,72,2,2,14
6,2002,49,2,2,14
0,1986,100,3,3,1
0,1980,112,2,2,14
6,1975,98,2,1,14
0,1990,57,3,2,23
5,1950,145,2,2,14
6,1974,85,2,2,10
1,1995,89,3,2,2
0,2007,39,2,2,17
1,1984,108,3,2,2
1,1925,130,3,2,2
1,1915,155,4,2,2
1,1975,109,3,2,2
1,1925,137,4,3,2
1,2019,28,1,1,2
1,1984,101,3,2,14
1,1987,90,3,2,14
0,1984,35,1,1,13
6,1977,133,2,2,13
4,2012,45,1,2,2
1,1992,57,2,2,13
1,1994,81,2,2,14
1,1982,125,3,2,13
1,1987,142,4,3,13
6,1975,123,2,3,21
4,1967,157,3,2,13
4,1972,149,4,4,13
6,1983,123,4,3,12
4,1988,88,3,3,13
2,2010,43,1,1,21
0,2011,33,1,1,13
2,2010,44,1,1,21
2,2010,46,1,1,22
1,2006,63,1,1,13
2,2010,55,1,1,22
3,1965,196,3,5,11
4,1989,172,4,3,4
6,1997,83,2,2,13
5,2010,58,1,1,13
0,1975,128,2,2,14
6,1940,146,3,4,19
0,1975,102,2,2,14
0,2021,25,1,1,19
0,1967,110,2,3,19
0,1992,105,2,3,13
0,1992,117,2,4,13
0,2005,81,2,2,13
1,1977,114,2,2,14
1,1922,277,4,6,17
1,1982,93,2,3,14
1,2014,49,2,1,2
6,1930,209,3,3,17
1,2002,106,3,2,2
6,1967,159,3,4,13
1,1967,132,3,3,2
6,1967,216,4,6,14
1,1997,76,2,2,2
1,2002,92,3,2,2
1,1947,120,2,2,14
1,2019,23,1,1,2
1,2021,36,1,1,2
1,1973,64,1,2,13
1,1967,126,2,2,13
1,2019,48,2,1,2
1,1984,91,2,2,14
2,1992,133,2,3,2
1,2021,31,1,1,2
1,2023,27,1,1,2
1,1946,165,3,3,14
1,2021,35,1,1,2
2,2010,56,1,1,22
2,2010,42,1,1,22
2,2015,52,1,1,21
5,1970,115,2,2,14
2,2011,88,2,1,21
0,2001,77,2,2,13
0,2001,79,2,2,13
0,1997,94,2,3,13
1,1988,111,2,2,13
6,1972,123,3,4,4
3,1994,98,2,3,1
1,1960,133,3,2,14
1,1960,145,3,2,14
0,2000,80,2,2,21
3,2002,75,2,2,13
1,2009,64,2,2,2
1,1967,143,3,2,2
0,2016,35,2,2,22
1,1991,106,3,2,2
1,2000,69,2,2,2
1,1907,211,3,3,14
1,1992,79,3,2,2
1,1985,109,3,2,2
6,1960,142,3,3,17
1,1907,141,3,2,2
1,2002,109,2,2,2
0,1984,121,2,3,2
1,1991,128,4,2,2
1,2021,31,1,1,2
0,1974,142,2,4,1
0,1984,119,2,3,1
1,1989,135,2,3,23
5,1960,191,3,3,14
4,2007,34,1,1,13
6,1981,121,3,4,9
2,2015,54,1,1,16
3,2017,51,1,1,14
2,2016,37,1,1,13
2,2017,30,1,1,13
0,1994,99,2,2,23
2,2017,28,1,1,13
2,2023,22,1,1,14
0,1971,127,3,4,4
0,1955,153,3,2,14
3,1997,93,2,2,13
0,1961,170,3,5,2
0,2006,45,2,2,4
7,1997,108,2,2,13
0,1955,150,2,3,14
1,1992,105,3,2,2
2,2019,23,1,1,17
6,1980,127,3,3,14
3,1926,185,4,5,15
0,2000,58,2,2,14
3,1946,138,3,3,15
3,1975,118,3,2,14
3,1984,113,3,3,1
3,1980,100,2,2,14
3,1957,107,3,2,14
3,1992,50,2,2,14
7,1977,73,2,2,14
3,1960,220,3,4,22
7,1979,126,3,3,22
7,1942,140,3,3,14
3,1957,113,3,2,14
1,2021,35,1,1,2
3,1972,102,2,2,14
3,1947,151,3,3,14
3,1947,132,3,3,14
0,1999,93,2,2,1
3,1947,132,2,2,14
1,2019,34,2,2,2
3,1995,57,2,2,14
0,2005,82,2,2,23
3,1975,106,2,2,14
3,1965,150,3,2,14
3,1965,137,3,2,14
3,1965,167,3,2,14
0,1997,72,2,2,16
7,1995,81,2,3,21
7,1990,124,3,4,21
0,1994,89,2,2,9
5,1989,106,2,3,5
2,2020,44,1,1,14
1,2019,49,2,2,2
2,2021,42,1,1,14
1,2021,36,1,1,2
1,2021,39,1,1,2
1,2021,39,2,2,2
4,1983,111,3,3,4
1,1930,114,3,2,2
1,2001,87,3,2,2
5,2020,46,1,1,17
1,1994,75,3,2,2
2,2024,20,1,1,15
2,1994,102,2,2,22
4,2000,71,3,2,2
5,1985,122,3,2,14
1,1990,107,3,2,2
3,1946,130,2,3,15
1,1932,237,3,4,14
0,1992,119,2,3,14
6,1977,94,2,2,14
1,1984,84,3,2,2
1,1993,97,3,2,2
3,1947,120,3,3,14
3,1947,133,3,2,14
3,1952,115,2,2,14
4,1980,107,2,4,22
4,1984,105,2,4,22
3,1947,139,3,3,14
3,1942,136,3,3,14
3,1957,114,3,3,14
0,2008,52,2,2,1
3,1957,123,2,2,14
5,1987,74,2,2,13
1,1997,94,1,2,14
1,1945,173,3,3,13
1,1962,135,3,3,13
1,1978,84,2,1,13
3,2006,70,2,1,13
0,1972,182,3,5,13
7,1966,151,3,3,21
3,2000,78,2,2,23
7,1977,153,3,3,13
3,1977,174,3,4,13
3,1988,135,2,4,13
3,1977,187,3,4,13
1,2000,86,3,2,2
4,2000,84,3,3,2
4,1974,131,2,3,13
5,2006,73,2,3,14
2,2011,64,2,2,3
5,1995,83,2,3,21
1,1940,149,3,2,19
2,2011,63,2,2,3
3,1971,91,2,2,15
0,1947,174,3,4,13
5,2002,73,2,2,13
3,1962,121,2,2,14
0,1987,91,2,2,14
7,1947,240,3,3,13
7,1988,168,4,4,13
0,1996,95,2,2,23
7,1947,230,4,4,13
7,1962,197,4,5,13
7,1957,183,4,3,13
7,1947,222,3,4,13
6,1995,75,2,2,23
3,1987,87,3,2,13
7,1996,87,2,2,13
0,1927,210,4,5,14
0,1977,112,2,2,23
0,1999,60,3,2,2
4,2020,35,1,1,14
4,2020,35,1,1,14
0,1999,70,2,2,2
0,1999,65,2,2,2
0,1987,78,3,3,14
4,1969,139,4,3,4
7,1954,176,3,4,21
0,1942,159,4,4,14
0,1972,100,3,4,14
0,1977,96,3,4,14
4,2000,70,3,3,2
1,1995,108,2,2,22
4,2000,68,2,2,2
0,2006,53,2,2,21
5,1989,104,2,3,22
5,2000,78,2,2,22
5,2005,63,2,2,22
4,1968,165,4,5,23
3,1957,135,3,2,14
0,1995,112,3,3,22
4,1948,287,4,6,13
5,2002,74,2,2,13
3,1957,116,3,3,14
0,2016,73,2,2,5
2,2020,30,1,1,2
3,2013,38,1,1,5
7,1981,96,3,2,13
5,1955,200,3,3,5
7,1978,175,4,5,13
0,1999,54,2,2,11
6,1985,100,2,2,23
1,1945,204,3,3,2
6,1967,113,2,3,14
4,1948,192,4,5,4
0,1972,99,3,3,14
4,1945,192,4,4,4
1,1993,59,2,2,2
0,1997,68,2,2,14
0,2019,33,1,1,14
1,2021,39,2,1,2
4,2020,36,1,1,14
0,1988,87,2,2,21
1,2019,31,1,1,2
4,2020,37,1,1,14
4,2020,31,1,1,14
5,1987,113,3,3,22
0,1994,98,2,2,22
1,1957,153,3,3,2
3,1992,86,2,1,14
3,1992,69,2,2,14
6,1970,187,2,3,22
0,1975,133,3,3,1
7,1975,88,2,2,14
3,1982,75,2,2,14
0,1970,164,3,4,21
0,1979,128,2,4,5
0,1993,76,2,2,12
7,1991,99,3,4,13
7,1970,143,3,2,12
7,1970,127,3,2,12
0,1965,97,2,3,11
7,1970,161,3,3,12
0,2003,68,2,2,11
1,1994,117,3,2,13
7,1970,137,3,2,12
7,1970,144,3,2,12
4,2015,52,1,2,12
6,1977,126,2,2,13
6,1959,171,4,5,2
0,2011,51,2,2,13
2,2017,68,2,2,14
5,1992,81,2,2,13
7,1980,115,2,2,21
1,2019,34,1,1,2
1,2019,50,2,2,2
0,1935,236,3,4,14
0,1972,114,2,3,14
7,2009,65,2,2,22
1,1994,115,2,2,22
4,2023,20,1,1,22
0,1997,80,2,2,13
0,1992,108,2,2,14
0,2003,70,2,2,14
0,2000,79,3,2,22
1,1907,142,3,2,2
4,2000,74,2,2,2
3,1957,202,4,4,21
3,2005,59,2,2,21
3,1951,156,2,3,14
4,2021,224,3,5,1
3,1957,128,2,2,14
0,1958,175,3,5,1
3,1957,128,2,2,14
7,1977,164,4,5,13
7,1967,103,2,3,14
1,1960,189,3,5,23
7,1988,108,3,3,13
7,1957,107,2,3,14
5,2002,50,2,2,13
1,1937,194,4,2,16
0,2004,79,2,2,22
5,1997,104,2,3,16
1,1902,271,4,5,14
3,1996,63,2,2,16
2,2011,77,1,2,14
3,2007,50,2,2,16
3,1983,91,2,2,16
3,1989,74,2,2,16
0,1970,71,3,2,2
3,1994,61,2,2,21
2,2015,66,1,1,11
2,2015,52,1,1,11
7,1959,141,3,3,14
7,1955,149,3,4,14
6,1984,101,3,2,20
3,1985,115,2,2,11
0,1940,138,3,3,19
3,1965,131,5,3,14
6,1988,110,3,3,15
3,1970,154,4,4,9
1,1966,184,3,3,13
5,2001,59,2,1,22
0,1941,195,2,5,14
3,2013,34,1,1,20
0,1969,125,2,5,14
0,1953,155,2,4,14
0,1969,127,3,3,14
4,1952,156,4,4,13
0,2007,86,2,3,20
4,1942,194,4,5,13
5,2001,60,2,1,22
7,1967,155,3,4,20
0,1948,198,4,5,13
2,2015,38,1,1,22
1,1974,146,3,3,12
0,2002,62,2,2,14
5,1993,87,2,3,14
0,2001,91,3,5,19
1,2014,56,2,2,19
1,1946,222,4,4,19
1,1949,217,4,4,19
3,1929,220,3,3,14
1,1949,231,4,4,19
0,1957,102,2,2,19
3,1988,83,1,2,14
0,1957,105,2,2,19
3,1957,100,2,2,19
5,1974,122,3,3,14
2,2016,59,1,2,11
1,2018,46,1,1,19
3,1985,145,3,3,11
4,1984,138,2,4,10
6,2004,72,2,2,20
7,1982,124,3,4,22
0,1954,167,4,7,15
1,1957,208,2,2,21
1,1933,196,4,6,14
0,1967,64,1,2,19
1,1991,109,3,3,12
6,1978,75,2,2,17
1,1967,77,2,2,19
7,1986,111,3,2,20
7,1965,170,3,3,20
2,2018,65,2,2,20
6,1914,181,5,4,19
2,2024,18,1,1,19
4,1994,100,3,3,23
4,1988,120,3,4,23
6,1940,148,4,4,19
3,1983,118,2,3,21
0,1968,131,3,3,14
3,1985,121,3,3,11
3,1975,129,3,3,10
1,1940,159,2,3,19
0,1975,103,2,2,14
0,1975,109,2,2,14
1,1945,215,4,5,2
0,1980,86,2,2,14
1,1980,128,3,4,2
6,1975,97,2,2,14
1,1949,200,3,4,2
0,1970,71,2,2,14
1,2007,63,2,2,2
0,1960,150,2,2,14
0,1987,110,4,3,6
3,1962,172,5,4,6
0,1980,70,2,2,14
7,1940,158,3,3,14
1,2005,62,2,2,2
1,1960,211,3,4,20
7,1960,111,3,3,14
1,1989,101,2,3,20
1,1997,84,2,2,20
1,1985,111,3,3,20
5,1996,80,2,2,17
3,1931,210,4,4,14
1,1980,137,2,2,21
1,1963,95,3,2,17
1,1902,172,3,3,17
0,2001,61,2,2,19
0,2004,52,2,2,14
0,1947,113,2,2,19
7,1997,101,2,1,13
7,1998,68,2,2,13
2,2014,51,1,2,11
2,2017,62,2,2,22
0,1973,128,3,3,14
2,2015,50,1,1,11
0,1908,196,3,4,19
0,1999,73,2,3,19
1,1974,121,3,2,16
5,1986,94,3,3,16
6,1957,75,2,2,19
5,1989,90,3,2,16
6,1940,134,3,3,19
5,1985,100,3,3,16
5,1988,85,3,2,16
5,1999,58,2,2,16
5,1995,38,2,1,16
5,1914,274,4,4,16
1,1967,89,2,2,19
1,1923,226,3,4,14
1,1967,88,1,2,19
1,1998,104,3,2,22
7,1960,132,3,3,14
5,1988,106,3,4,2
7,1998,71,2,1,14
0,1990,76,2,2,14
0,2000,48,2,2,14
0,1999,48,2,2,14
0,1960,158,3,3,14
3,1957,148,3,3,17
0,1990,90,2,3,10
1,1946,170,2,3,14
3,1998,66,2,2,14
0,1965,165,3,4,7
7,1993,115,2,1,13
0,2000,60,2,2,19
0,1924,161,3,3,19
1,1955,200,4,5,12
6,1940,112,2,2,19
1,1937,248,3,4,13
0,1990,148,2,2,10
4,1990,160,4,4,10
0,2004,81,2,3,11
5,1998,53,2,2,16
3,1976,142,3,3,14
2,2020,33,2,1,20
5,1993,74,2,2,16
5,2002,74,2,2,22
5,1997,59,2,2,16
2,2015,39,1,1,1
3,1953,160,3,4,17
5,1919,112,4,4,14
2,2016,37,1,1,20
0,1991,94,3,3,6
1,1984,122,2,3,6
5,2009,65,1,2,11
2,2023,20,1,1,10
3,1998,115,3,3,10
0,1960,172,4,5,2
1,1936,235,4,6,20
0,2021,26,1,1,20
4,1998,107,2,3,23
0,2000,59,2,3,19
0,1940,148,2,3,19
2,2019,32,1,1,20
6,1970,105,3,3,20
2,2014,54,1,1,20
0,1999,80,2,2,23
4,1979,127,5,3,19
3,1969,63,2,3,14
4,2019,29,2,1,22
0,1990,73,3,1,14
1,1940,134,2,2,19
4,1995,91,2,3,23
1,1929,207,2,3,16
1,1946,160,3,4,14
0,2024,26,0,0,10
1,1946,163,3,3,14
4,2002,65,2,2,2
2,1979,127,2,3,2
1,1905,266,3,5,14
1,1910,252,4,7,14
0,1989,82,2,3,22
5,2000,73,2,2,21
0,1940,120,2,2,19
0,1998,80,2,2,20
6,1966,151,3,4,20
5,2019,34,2,1,20
0,1993,93,2,2,20
0,1940,154,3,5,19
0,1940,158,3,4,19
5,1984,95,2,3,16
3,1991,111,3,4,23
1,1985,118,3,3,23
1,1959,194,3,4,23
5,2004,55,2,2,16
1,1947,210,4,4,20
4,2002,64,3,2,2
1,1981,118,2,2,23
5,2005,74,2,2,20
1,1961,142,2,3,14
1,1998,76,2,2,16
2,2019,37,1,1,10
1,1961,155,3,3,14
2,2021,32,1,1,20
3,2006,74,2,2,11
2,2018,41,1,1,20
3,2000,72,2,3,14
5,1987,97,2,3,13
5,1987,100,2,2,13
3,1953,134,3,3,2
3,1940,130,3,3,19
5,1995,51,2,2,22
2,1965,148,3,3,14
3,1940,150,3,4,19
2,2019,36,1,1,23
5,2000,62,2,2,16
5,1989,79,2,2,16
3,2006,67,1,1,23
0,1975,120,4,4,1
5,1998,68,2,2,16
1,1931,206,4,4,14
3,2000,84,2,3,11
2,1970,148,2,3,2
1,1981,113,3,2,16
1,1950,157,3,3,16
2,1977,130,2,3,2
4,2002,60,2,2,2
1,1990,116,2,2,14
1,1994,89,2,2,2
1,1976,135,3,3,16
2,1968,152,2,4,2
5,1985,110,2,3,14
1,1999,77,2,2,2
2,1975,143,2,4,2
1,1960,110,2,2,16
0,1984,120,2,4,2
0,1978,135,2,4,2
1,1961,170,3,4,2
6,1957,130,3,5,13
1,1936,194,3,7,14
0,1987,113,3,3,13
0,1997,65,2,2,13
5,1906,275,3,6,14
7,1989,105,3,3,20
5,2002,67,1,1,13
0,2001,68,2,2,23
6,1995,78,2,2,21
1,1967,160,3,3,2
4,1990,106,3,4,23
2,2018,54,1,1,14
4,1985,135,3,4,23
3,1994,87,3,3,1
5,2023,20,1,1,22
4,1984,122,3,3,12
6,1985,90,2,2,5
2,2024,24,1,1,20
3,2007,76,2,2,2
1,1956,170,3,3,16
6,1986,98,2,3,10
1,1976,79,2,2,16
1,1966,110,2,3,16
2,2020,43,1,1,20
1,1907,155,3,3,2
1,1970,79,2,2,16
6,1990,153,3,4,11
6,1990,152,3,4,11
0,1990,124,3,4,11
1,1981,93,2,2,16
1,1981,73,2,2,16
1,2010,40,1,1,1
5,1995,112,3,4,11
5,1987,97,2,2,13
5,2002,84,2,2,13
5,1997,88,2,2,13
5,1970,143,4,3,2
5,1997,101,2,2,13
5,1997,63,2,2,13
5,2001,53,2,2,14
3,1965,160,3,3,22
0,2006,45,1,2,14
5,1997,75,2,2,13
5,1997,82,3,2,13
2,2014,84,2,2,14
4,1990,92,2,3,23
0,2004,71,2,2,11
5,1982,97,2,3,14
1,1944,175,2,5,14
1,1951,162,2,5,14
6,1940,176,3,3,19
1,1928,212,3,7,14
0,1940,159,2,3,19
0,1940,154,2,3,19
3,1950,159,2,3,19
7,1999,62,2,2,3
3,1998,56,1,2,3
1,1981,90,2,2,16
1,1967,152,3,3,2
1,1957,162,3,3,2
1,1970,128,3,3,2
1,1907,158,4,2,2
1,1955,137,2,2,16
1,2000,102,3,2,2
1,1981,93,2,2,16
1,1994,117,3,2,2
1,2009,93,3,2,2
1,1976,93,2,3,16
1,1967,120,3,2,2
1,1920,147,3,3,2
1,1999,81,3,2,2
0,1965,163,3,3,14
1,1940,117,3,3,2
1,1975,132,3,4,2
1,1995,101,3,3,2
1,1945,122,3,3,2
1,1993,64,3,2,2
1,1999,118,3,2,2
6,1970,71,3,2,19
5,1997,86,3,2,13
3,2005,53,1,1,14
6,1986,141,6,4,19
5,2001,68,2,2,22
4,1970,183,4,4,22
4,1970,180,4,4,22
0,1983,83,3,1,23
3,1978,111,2,2,14
0,1974,117,3,3,21
0,1974,107,3,3,21
1,1999,95,3,3,13
2,2022,28,1,1,3
2,1957,175,3,5,3
0,1980,101,2,3,14
5,2006,51,2,2,14
5,2006,46,2,2,14
2,2011,104,3,2,3
1,1971,100,2,2,16
1,1966,98,2,2,16
0,1965,175,3,2,14
0,1980,93,2,2,14
4,2016,36,1,1,2
1,2000,67,2,2,2
1,1957,133,3,2,2
1,1997,95,3,2,2
1,1972,137,3,2,2
1,1957,204,4,4,2
1,1967,165,3,3,2
6,1995,87,3,2,2
1,1970,186,4,3,2
1,1957,134,3,3,2
1,1907,191,4,3,2
1,1967,167,4,3,2
1,1925,161,3,3,2
4,1970,168,4,4,22
4,1970,152,3,4,22
6,2007,59,2,2,20
4,1970,152,3,4,22
0,1967,91,2,3,19
0,2006,75,2,2,11
2,1988,94,2,3,3
2,1967,168,3,4,3
3,1974,169,4,3,21
1,1945,118,3,2,2
2,1961,163,4,5,3
5,2007,51,2,2,14
6,1975,130,3,4,10
1,1910,185,4,3,2
1,1950,92,3,2,2
1,1961,145,3,3,16
1,1925,131,3,2,2
1,1915,133,3,2,2
1,1953,112,3,2,2
1,1910,131,3,2,2
1,1967,111,3,3,2
1,1907,164,3,4,2
1,1937,118,3,3,2
0,1984,93,2,3,14
4,1970,122,2,3,22
6,1974,112,3,3,14
4,1970,146,3,4,22
2,2020,27,1,1,3
4,1999,93,2,3,22
3,1958,144,4,3,14
3,1966,127,3,2,14
5,1969,127,2,3,17
4,1977,122,3,3,20
1,1920,175,3,4,10
4,1987,94,2,2,20
0,1980,94,3,3,20
0,1957,131,3,3,20
5,1980,120,3,3,22
0,1981,94,3,2,20
2,2024,33,1,1,20
1,1975,84,3,2,2
1,2001,83,3,2,2
2,2015,34,1,1,22
1,1930,111,3,2,2
0,2018,46,1,1,14
2,2015,32,1,1,22
1,1925,119,3,2,2
6,2000,57,2,2,22
1,2016,39,2,2,2
1,1969,134,2,4,14
4,1970,207,5,5,22
4,2004,61,2,2,22
7,1926,220,4,4,14
4,1996,102,3,4,22
6,1928,212,4,4,14
4,1996,116,3,3,22
3,1980,129,3,3,22
2,2020,38,2,2,20
5,1982,96,3,3,17
0,1950,210,3,4,19
6,2016,68,1,2,14
1,1929,263,4,4,19
4,1983,251,4,6,10
7,1960,216,4,4,22
4,1959,175,4,4,9
6,1975,117,2,3,10
0,1948,203,4,4,9
2,2020,32,2,1,20
6,1975,137,3,4,10
6,1937,222,4,4,20
2,2015,32,1,1,22
1,1955,155,3,3,2
1,1960,162,4,4,2
6,1938,187,3,3,14
1,2008,60,2,2,2
2,2015,35,1,1,22
1,1940,124,3,2,2
6,1988,144,2,3,21
1,1910,148,4,3,2
1,1910,163,3,3,2
2,2015,42,2,2,22
2,2015,46,2,2,22
1,1946,151,4,4,16
2,2015,34,1,1,22
6,1948,195,4,5,2
4,1970,106,2,3,22
5,2007,63,2,1,13
5,1992,78,2,2,16
4,1967,141,3,4,3
4,1970,156,4,4,22
0,1921,128,2,2,14
5,1920,265,6,4,16
3,1986,184,3,4,22
6,1992,99,2,3,14
1,1954,169,3,3,21
1,1980,132,3,5,14
3,1960,165,3,4,22
0,2010,74,2,1,11
0,1967,66,1,1,19
0,1947,184,4,4,20
6,1936,234,5,4,20
0,1970,147,3,3,20
6,2018,34,1,1,20
6,1952,192,5,3,20
6,1975,112,2,3,10
5,2001,63,2,2,22
5,2001,66,2,2,22
4,2016,24,1,1,2
5,2001,96,2,3,22
0,2001,67,2,3,22
0,2011,51,2,2,20
5,2001,75,2,2,22
0,1958,155,3,4,14
3,1978,103,2,2,16
3,1969,125,2,2,16
2,2020,33,2,1,20
7,1961,145,3,2,16
5,1992,86,2,2,16
6,1996,69,2,1,16
0,1967,154,5,4,2
1,1980,186,3,3,16
5,1986,80,2,2,14
0,2000,66,2,3,22
7,1998,83,2,4,14
2,2008,118,2,3,20
6,1975,143,3,5,10
6,1950,204,4,3,20
0,1968,159,3,4,20
6,1975,118,3,4,10
7,1940,190,4,4,14
0,1987,106,2,2,20
6,2007,61,3,2,20
0,1992,96,3,3,20
5,2001,67,2,2,22
2,2011,53,2,2,20
7,1913,255,3,4,14
0,2004,76,3,2,20
1,1940,90,3,2,2
2,2015,46,1,1,14
0,1955,160,2,4,14
3,1994,68,1,2,16
5,1950,197,5,6,2
7,1997,67,2,2,16
6,1965,157,4,3,12
0,1987,65,4,1,18
3,1976,114,3,3,16
0,1988,65,2,2,14
4,1970,126,4,2,11
0,1970,96,2,2,14
7,1914,150,4,3,14
5,2006,63,2,1,13
7,1987,130,4,4,13
3,1975,72,2,2,11
2,2015,58,2,2,2
5,1955,159,2,3,19
3,1966,102,2,2,11
7,1958,213,3,5,23
3,1966,90,2,2,11
3,1966,96,2,2,11
4,2023,20,1,1,22
4,1970,146,3,4,2
4,2021,44,2,1,22
2,1977,111,3,2,3
0,1973,141,3,2,9
0,1963,169,3,4,9
4,2021,36,2,1,22
0,2012,46,2,1,11
4,1984,130,3,4,2
0,2014,55,1,1,15
5,1978,140,2,4,11
1,2000,81,2,2,2
0,1926,142,4,3,16
2,2020,25,1,1,14
4,1970,243,4,6,22
1,2000,65,2,2,2
5,1980,102,3,3,8
1,1965,96,3,3,2
2,2020,25,1,1,20
4,1987,149,3,4,2
2,2000,55,2,2,3
7,1944,209,3,3,22
2,2021,21,2,1,3
2,2020,21,2,1,3
5,1936,175,3,5,2
1,1955,195,3,3,22
4,1984,167,4,5,2
2,1973,141,3,3,3
5,1984,119,3,3,2
2,1957,177,3,5,3
0,1991,99,2,2,22
4,1984,167,3,4,2
0,1998,67,2,2,23
4,1973,99,3,2,21
2,1977,129,3,3,3
5,1936,178,3,2,2
4,1984,188,4,6,2
0,1984,112,3,3,9
5,1956,148,2,4,2
2,1969,144,3,4,3
4,1984,184,4,5,2
4,1984,167,3,4,2
2,1976,130,3,4,3
4,2002,75,2,2,20
6,1960,177,3,3,9
4,1987,173,4,4,2
2,1977,119,3,3,3
2,1981,99,2,3,3
4,1984,125,3,4,2
4,1984,120,3,3,2
2,1972,129,3,4,3
0,1957,124,2,2,14
1,1995,69,3,2,2
2,2018,41,1,1,16
5,1988,110,2,3,11
4,1970,170,4,5,22
7,1968,129,4,3,13
1,1910,119,4,2,2
0,2006,52,2,2,11
6,1957,187,2,2,11
2,1962,164,3,4,3
2,1958,155,3,4,3
0,1996,83,2,2,22
4,2020,33,1,1,2
4,2020,31,1,1,2
0,2002,90,2,1,11
0,1998,95,2,2,11
0,1970,121,3,2,11
0,2007,74,2,1,11
0,1975,130,2,3,11
0,1980,120,3,2,11
2,1966,149,3,3,3
2,1979,113,2,3,3
2,1977,118,3,3,3
2,1997,58,2,2,3
2,1998,59,2,2,3
4,1987,146,3,4,2
0,1982,92,2,3,10
7,1975,173,3,3,13
5,2000,37,1,1,11
5,2000,36,1,1,11
5,2005,82,2,2,2
2,1997,64,2,2,3
5,2000,48,2,1,11
5,2000,58,2,2,11
5,2000,37,1,1,11
5,2000,52,2,2,11
5,2000,37,1,1,11
2,2021,27,1,1,16
5,2000,42,1,1,11
6,1970,137,2,2,11
0,1989,94,2,2,21
5,1976,139,3,4,13
5,1978,111,3,3,17
3,1993,90,3,3,2
4,2005,142,4,4,21
0,1980,137,3,2,11
0,1980,135,3,2,11
4,1990,117,2,3,23
0,1998,91,2,2,11
0,1968,121,2,3,16
2,2020,25,1,1,20
0,2003,43,2,2,3
0,1975,153,3,4,22
5,2004,51,1,1,19
6,1980,117,2,2,11
1,1982,151,3,3,13
0,1991,74,2,2,3
0,1978,108,3,4,3
7,1917,144,3,3,14
7,1962,107,2,2,14
0,1925,224,4,4,17
7,1978,153,2,5,13
2,1998,168,3,4,10
7,1911,155,3,3,14
7,1910,157,3,3,14
0,1930,206,3,4,22
1,1980,95,3,3,2
7,1910,161,2,3,14
3,1933,159,3,4,16
1,1989,92,2,2,21
2,2020,35,1,1,20
6,1977,68,2,2,19
0,1972,125,3,3,16
1,1995,78,1,2,14
7,1978,137,3,3,10
3,1995,87,2,4,21
6,1978,97,2,2,10
6,1978,138,2,2,10
1,1998,80,2,2,22
0,2021,18,1,1,21
1,1974,188,5,3,22
1,1995,70,3,2,2
1,2000,109,3,3,2
1,1955,104,3,3,2
7,1930,92,2,3,14
1,2001,90,3,3,2
7,1991,94,2,2,14
1,1960,130,3,3,2
7,1993,162,2,2,14
1,1970,92,3,2,2
5,2003,70,2,2,14
0,1995,86,2,3,22
2,1993,109,2,3,9
2,1998,74,2,2,9
7,1977,142,2,3,14
2,1981,149,3,3,9
5,1996,153,2,4,22
6,1978,159,3,2,10
5,1996,99,2,3,22
5,1996,126,2,3,22
5,1996,101,2,3,22
6,1978,124,3,2,10
5,1996,117,2,3,22
2,2020,22,1,1,20
0,1978,50,2,1,10
7,1991,93,3,2,22
7,1910,95,3,3,14
1,1960,130,3,3,2
1,1970,106,3,3,2
5,1992,52,2,3,22
7,1934,136,2,3,14
1,1940,120,3,2,2
2,1998,111,2,3,10
1,1984,86,3,3,2
1,1940,138,4,3,2
1,1999,90,3,2,2
1,1997,63,3,2,2
3,1947,91,2,2,19
1,1905,188,4,3,2
7,1918,145,3,3,14
1,1991,76,2,2,2
7,1990,70,2,1,14
0,2003,150,3,2,11
3,1963,167,4,4,9
0,1969,138,4,4,14
5,1978,63,2,2,10
7,1978,94,2,2,10
5,2002,89,2,3,22
5,1996,115,2,3,22
5,1996,134,2,3,22
7,1983,102,2,3,3
7,1994,78,2,2,5
5,1996,123,2,3,22
5,1996,102,2,3,22
5,1996,122,2,3,22
5,1996,121,2,3,22
2,1998,139,3,3,10
5,1996,106,2,3,22
4,1970,191,3,5,22
1,1940,115,2,2,19
1,1955,183,3,4,11
0,1989,106,3,3,3
7,2014,45,2,2,2
0,1981,120,2,3,21
2,2020,55,1,1,2
4,2009,48,2,2,23
2,2004,120,2,2,11
1,1995,86,3,2,2
3,2008,62,1,3,14
1,1960,117,3,2,2
7,1912,166,3,3,14
7,1948,206,3,4,14
1,1980,112,3,3,2
1,1980,61,3,2,2
7,1952,125,2,2,14
7,1958,110,2,2,14
2,2020,34,1,1,20
2,1975,124,3,3,3
7,1951,127,2,2,14
4,1985,118,3,4,13
0,2005,62,3,2,9
4,1973,138,4,4,13
0,2005,59,2,2,9
4,1943,193,4,5,13
3,2010,82,2,2,11
2,2020,24,1,1,20
5,1996,110,2,3,22
2,2002,107,2,2,11
5,1996,141,2,3,22
2,2002,106,2,2,11
2,2014,86,2,2,3
2,2014,77,2,2,3
0,1995,96,2,2,10
0,1981,75,2,2,14
3,1972,128,3,4,12
6,1964,86,2,2,18
4,1999,126,3,3,2
7,2014,46,2,2,2
0,1980,111,2,3,21
0,1970,159,3,4,21
0,1980,101,2,3,21
5,2000,78,2,2,18
0,1970,158,3,4,21
0,1970,151,3,4,21
5,2000,77,3,3,18
7,1958,113,2,2,14
7,1942,141,2,2,14
1,2000,67,2,3,2
2,1970,137,3,4,3
6,1957,87,2,3,19
0,2001,48,2,2,14
2,2022,23,1,1,20
2,1971,129,3,4,3
2,1964,153,3,4,3
2,1967,143,3,4,3
2,1974,136,3,4,3
0,1984,85,2,2,14
0,1998,69,2,2,9
4,1917,244,5,6,9
5,1993,86,2,2,21
0,2000,71,2,2,22
2,2020,31,1,1,20
7,2016,42,1,1,14
1,1928,210,4,4,8
1,1943,173,4,3,13
0,1962,111,3,3,14
5,1970,150,2,3,14
1,1970,147,3,3,2
2,1988,101,2,3,9
4,1984,209,4,4,10
7,1981,126,2,2,14
7,1946,117,2,2,14
7,1941,144,3,3,14
7,1978,134,3,2,10
2,2020,21,1,1,5
2,2020,21,1,1,5
0,1970,153,3,5,21
1,2009,52,2,2,2
0,1970,132,3,4,21
0,1970,115,2,3,21
0,1980,102,2,3,21
7,1995,112,2,3,23
0,1970,148,3,4,21
0,1970,119,2,3,21
2,1986,98,2,3,3
2,1983,113,3,3,3
0,1981,75,2,2,14
1,1950,103,4,2,2
2,1981,114,3,3,3
0,2002,55,1,1,20
1,1985,104,3,3,2
1,1960,120,3,3,2
2,1982,123,3,3,3
6,1965,104,2,2,14
6,1994,100,3,4,21
2,1972,140,3,4,3
2,1970,146,3,4,3
2,1988,97,2,3,9
3,1992,79,2,2,21
4,1960,157,3,5,9
1,1967,76,2,2,19
1,1970,108,3,3,2
2,2003,69,2,2,16
1,1935,144,4,4,2
5,2005,131,3,2,21
1,1925,182,5,3,2
2,2020,29,1,1,20
4,2006,63,2,2,13
4,1970,255,5,5,22
4,1970,167,4,4,22
2,2020,26,1,1,20
1,1965,121,3,3,2
0,1977,105,3,4,14
2,2020,23,1,1,20
7,1937,135,3,3,14
4,1989,92,2,2,10
7,1951,120,3,3,14
7,1950,124,2,2,14
7,1916,147,3,3,14
2,2015,61,2,2,12
7,1974,88,2,2,14
3,1958,169,4,3,20
7,2006,84,2,2,21
0,2001,65,2,2,21
6,1980,109,2,3,21
0,1980,113,2,3,21
6,1980,96,2,2,21
6,1980,112,2,2,21
0,1980,106,2,2,21
0,1980,105,2,3,21
6,1987,120,3,4,21
2,1995,95,2,2,12
2,1976,122,3,4,3
5,2002,61,2,2,21
3,2022,20,1,1,19
1,2000,95,3,3,2
5,2008,45,2,2,21
2,2010,60,2,2,9
0,2007,83,2,2,11
0,1972,84,3,2,14
1,1910,173,5,5,2
1,1980,138,3,3,2
7,1911,164,3,3,14
7,1923,141,3,3,14
7,1915,149,3,3,14
7,1980,84,2,2,14
6,1980,100,2,3,21
6,1992,114,2,4,11
7,1972,88,2,2,14
2,2020,30,1,1,18
0,2003,70,2,3,21
0,2003,75,2,3,21
0,2003,70,2,2,21
0,2003,80,2,3,21
0,2003,60,2,2,21
0,2003,55,2,2,21
0,2003,61,2,1,21
2,2020,32,2,1,2
6,1985,54,2,2,22
0,1985,60,2,2,19
6,1972,92,2,3,14
0,1927,171,3,3,14
2,1965,165,3,4,3
0,2002,86,3,2,20
3,1940,164,3,2,19
0,1957,147,2,2,15
3,1940,160,3,2,19
0,1998,74,2,2,22
4,1990,161,4,4,10
2,2020,28,1,1,20
4,1990,132,4,4,10
1,2000,79,2,2,2
4,1990,123,4,4,10
1,2000,96,3,3,2
1,1999,89,3,3,2
1,1999,101,3,3,2
1,1965,81,3,3,2
2,2021,26,1,1,14
4,1970,200,5,4,22
1,1950,138,3,3,2
1,1920,158,3,3,2
1,2007,39,2,1,2
2,2020,32,1,1,20
7,1958,107,3,2,14
7,1959,109,2,2,14
4,2020,31,1,1,11
7,1902,173,3,3,14
7,1944,141,2,3,14
6,1992,73,2,2,22
7,1943,127,3,2,14
2,2019,49,2,2,2
2,2019,44,2,2,2
3,1966,94,2,2,11
3,1966,132,3,3,11
0,1987,81,3,3,21
2,1976,135,3,3,3
0,1929,215,3,6,15
0,2021,18,1,1,5
2,1978,130,2,4,3
2,1987,90,2,3,3
2,1988,93,3,3,3
2,1982,100,3,3,3
2,1995,66,2,2,3
1,1942,198,4,4,9
2,2020,30,1,1,3
2,1966,158,3,4,3
5,1995,78,3,2,19
5,1990,92,2,2,19
1,1986,82,3,3,9
7,1948,234,4,4,12
4,1970,243,4,5,22
4,1976,201,3,5,22
0,2000,93,2,3,12
1,1970,95,3,3,2
0,1962,115,2,3,14
1,1953,197,4,4,12
4,1946,218,4,6,4
0,1967,101,3,3,14
1,1958,169,3,3,21
7,1948,115,2,2,14
7,1952,138,2,2,14
5,1977,257,3,3,13
7,1950,117,2,2,14
7,1960,174,3,4,22
7,1943,120,2,3,14
7,1950,117,2,2,14
3,1968,99,2,2,11
3,1980,84,2,2,11
3,1980,77,2,1,11
7,1983,108,2,2,21
7,1974,134,2,3,21
3,1966,64,2,1,11
7,1978,112,2,3,21
3,1980,77,2,2,11
7,1976,119,2,3,21
3,1966,94,2,2,11
3,1966,91,2,2,11
3,1940,146,3,4,18
1,1956,193,4,3,18
7,1954,161,3,3,15
1,1989,79,2,2,9
2,1979,120,3,4,3
2,1974,136,3,4,3
2,1969,152,3,4,3
2,2020,29,1,1,20
0,1979,131,4,2,9
2,1976,141,3,4,3
0,1998,52,2,2,20
6,1989,107,2,1,9
4,1984,158,3,4,20
4,1982,123,3,3,20
7,1987,96,2,3,13
6,1983,116,3,2,9
5,2003,91,2,2,19
2,1974,140,3,3,3
1,1950,208,4,5,12
0,2005,102,2,2,21
0,1977,130,3,4,12
0,2003,114,3,2,12
0,1971,151,3,3,12
2,2020,22,1,1,20
0,1969,113,3,3,21
1,1951,206,3,4,12
1,1974,138,3,3,12
0,1975,147,4,4,12
7,1950,131,2,2,14
0,2006,36,1,1,14
0,1963,100,2,2,14
0,1993,72,2,2,14
1,1940,185,3,4,14
5,2005,75,2,2,21
0,2006,55,2,2,14
4,1920,238,4,3,21
7,1966,146,3,3,11
1,1981,121,3,3,18
3,1966,139,3,3,11
1,1980,124,3,3,18
2,2012,76,2,2,2
0,1996,76,3,2,18
3,1966,158,4,4,11
0,1973,142,3,3,18
1,2015,56,1,1,12
5,1970,151,4,4,18
3,1966,160,3,3,11
4,1997,83,2,2,20
4,2022,62,2,2,1
7,1940,169,3,4,19
6,2009,51,1,1,19
3,1985,120,2,2,21
6,1980,123,2,2,9
3,1985,126,2,2,21
2,2016,45,2,2,3
3,1980,125,2,2,21
3,1980,131,2,2,21
3,1980,120,2,2,21
0,1982,117,4,4,12
4,1970,208,4,6,22
2,2009,30,2,1,20
0,1982,119,3,3,12
0,1999,78,2,2,3
0,1962,124,3,3,14
1,1977,184,3,4,13
3,1945,191,4,4,1
4,1944,178,4,3,21
0,2006,71,1,2,14
2,2015,59,2,2,2
7,1966,108,3,2,11
1,1970,147,3,3,12
0,2010,50,1,1,19
2,2020,29,1,1,20
0,2011,82,2,2,11
5,1995,85,3,2,2
0,2010,46,1,1,11
5,1994,59,2,2,2
5,1960,172,4,4,9
4,1982,169,3,4,2
5,1994,53,2,1,2
0,1988,107,4,3,13
1,1965,118,3,2,2
6,1985,68,2,3,22
3,1995,82,2,2,21
3,2005,59,1,1,21
3,2021,20,1,1,21
0,1985,121,2,4,21
2,2020,46,1,1,21
1,1992,84,2,2,13
1,1946,235,3,2,13
0,1957,89,3,2,18
1,1997,78,2,2,13
0,2000,73,2,2,21
1,1992,112,2,2,13
5,1986,120,2,2,10
3,1995,84,2,2,21
0,1977,64,2,2,18
1,1992,163,4,4,13
3,2000,65,2,2,21
3,1997,72,2,2,21
3,1967,96,3,2,14
1,1982,100,3,2,13
1,2005,65,2,2,13
3,1995,81,2,2,21
3,1985,110,2,3,21
0,1977,84,2,3,18
0,1978,125,3,3,19
3,1995,89,2,3,21
1,2008,58,2,2,13
0,1957,84,3,2,18
2,1968,159,2,4,2
3,2000,65,2,1,21
3,1990,94,2,3,21
3,2002,59,2,2,21
2,2022,26,1,1,2
3,1992,73,2,2,22
3,1998,78,2,3,22
6,2002,49,2,2,14
5,2007,28,5,1,19
2,1987,155,3,2,11
2,1987,159,3,2,11
3,1990,60,1,1,10
1,2010,37,1,1,10
3,1990,70,2,2,10
4,1982,128,3,4,20
0,1980,112,2,3,10
0,1980,124,3,3,10
3,1990,102,2,3,21
5,2004,34,1,1,18
6,1957,83,3,2,19
0,1960,144,2,2,14
0,1955,154,3,2,14
0,1980,135,2,4,21
5,1995,84,1,2,21
3,1995,86,2,3,21
6,1968,150,3,4,2
3,1995,80,2,2,21
2,2000,111,2,3,21
1,1987,87,2,2,13
3,2000,61,2,2,21
1,1947,225,4,4,13
0,1985,108,2,3,21
2,2000,92,2,3,2
1,1947,212,4,4,13
3,2000,68,2,2,21
0,2023,27,1,1,2
1,2006,77,2,2,13
0,2005,58,1,1,21
1,2005,79,2,2,13
0,2022,24,1,1,2
0,1940,125,3,3,18
0,1987,108,3,3,21
1,1924,257,5,3,2
0,1987,111,2,3,21
1,1987,114,2,2,13
0,1994,93,2,3,21
2,1994,94,1,3,2
0,1987,111,2,3,21
1,1967,226,4,4,13
2,1991,105,3,2,11
0,1980,124,2,3,21
0,1970,173,3,5,21
2,1987,98,3,2,11
0,1985,122,2,2,14
2,1989,167,2,3,11
4,1980,176,4,4,11
2,2019,43,1,1,2
0,1975,123,2,2,14
7,2014,57,2,2,2
2,2014,60,1,1,2
4,1980,256,4,5,11
4,1959,154,3,4,21
1,1988,87,2,2,2
4,2014,62,2,2,2
1,2022,26,1,1,2
3,1970,150,3,4,2
0,1922,153,3,3,17
4,1982,95,2,2,20
2,2018,33,1,1,13
2,2018,36,1,1,13
0,1990,91,2,3,21
6,1940,151,3,5,19
5,1980,132,3,3,21
5,1990,102,2,2,21
2,2018,45,2,2,13
6,2021,20,1,1,21
2,2014,53,1,2,3
2,1980,144,2,4,2
0,2000,70,2,2,21
1,2007,74,2,2,13
1,1987,132,3,3,13
0,1990,96,2,3,21
0,1987,106,2,3,21
1,1967,163,4,3,13
1,1967,172,4,3,13
1,1947,220,4,3,13
1,1992,98,3,3,13
1,1947,213,4,4,13
4,2000,87,2,2,11
4,2000,93,2,2,11
4,2000,80,2,2,11
4,2000,105,2,2,11
4,2000,77,2,2,11
0,1985,89,2,2,11
0,1985,82,2,2,11
0,1985,87,2,2,11
4,2019,57,2,2,2
4,2019,57,2,2,2
4,2019,48,2,2,2
2,2019,51,2,2,2
4,2019,47,2,1,2
1,1922,266,5,4,2
0,1989,99,2,2,19
7,2000,58,2,1,14
7,2000,58,2,2,14
0,2007,87,2,2,14
5,1985,122,3,4,21
0,1980,143,3,4,21
3,1985,128,3,4,21
7,1990,108,3,3,21
7,1993,123,4,2,13
5,1985,125,2,3,21
1,1992,71,2,2,15
6,2000,75,2,2,21
1,1965,148,4,3,2
1,1915,182,3,3,2
1,1915,147,3,2,2
1,2021,30,1,1,2
5,1992,91,3,2,18
0,1985,90,2,2,11
0,1977,146,4,3,18
0,1985,87,2,2,11
0,1985,97,2,2,11
4,2010,77,2,2,2
1,1965,133,2,2,17
1,1917,205,3,3,17
2,1964,186,3,4,2
6,1946,129,3,3,17
0,1988,162,3,3,22
2,1971,184,3,4,2
6,1986,104,2,3,2
1,1944,110,2,3,17
7,1968,172,3,4,2
5,1983,76,3,3,17
4,1980,221,4,5,11
2,2025,20,1,1,12
2,2025,20,1,1,12
0,1962,120,3,4,14
2,2020,29,1,1,3
1,1940,152,4,3,19
4,1979,152,4,3,2
2,2020,25,1,1,3
1,1990,90,2,3,14
2,2010,72,2,2,11
2,2013,58,1,2,13
1,1985,102,3,3,2
1,1935,130,3,3,2
1,1965,101,3,2,2
2,2005,116,2,3,22
0,1995,61,2,2,18
0,1985,131,3,3,11
5,1976,134,3,4,18
4,2020,24,1,1,10
2,2025,20,1,1,2
1,2000,84,2,2,2
2,2025,20,1,1,2
3,1995,90,2,2,2
4,1985,226,5,6,2
1,1950,232,5,4,21
1,2000,79,2,2,2
1,1946,169,2,3,13
1,1946,223,4,4,13
2,2014,50,2,1,3
6,1982,91,2,2,14
1,1940,192,3,4,18
2,2022,25,1,1,2
6,1987,82,2,2,14
0,1997,75,2,2,14
4,1979,179,4,4,2
1,2018,38,1,1,19
2,2025,20,1,1,12
7,1930,243,3,3,14
0,1930,237,3,4,14
0,1992,89,2,2,14
6,1987,96,2,2,14
2,2020,54,2,2,2
2,1989,159,2,3,11
1,2009,63,2,2,2
0,2008,41,2,1,13
6,1980,87,2,2,21
0,1947,137,3,3,19
0,2007,60,2,1,21
0,1999,66,2,2,21
2,2013,84,1,1,10
0,1983,91,2,2,21
0,2007,56,2,1,21
1,1999,106,2,3,13
1,1946,252,4,5,13
2,2015,68,2,2,2
1,1997,82,2,1,13
1,1937,247,4,4,13
6,1961,122,3,3,20
3,1948,95,3,2,20
7,1980,121,3,3,2
4,1984,115,3,3,21
4,2010,79,2,2,2
0,1987,117,2,2,14
0,1967,127,2,3,14
0,1947,109,3,3,18
0,1987,84,1,2,14
7,1997,81,2,2,13
4,1979,174,4,4,2
2,2015,43,1,1,16
0,1987,121,2,2,14
7,1997,96,2,2,13
4,1979,162,4,3,2
2,2020,32,1,1,16
0,1977,130,3,4,14
2,2018,46,1,1,16
4,1979,187,4,4,2
1,1977,137,2,3,14
6,1988,105,4,2,13
1,1962,122,3,3,15
3,1950,185,3,3,11
3,1980,91,2,3,11
1,1967,105,2,2,15
2,1989,142,2,3,11
1,1997,94,3,3,2
4,1950,190,3,3,10
2,2024,21,1,1,1
0,1980,153,2,3,21
0,1980,102,2,2,21
6,1986,99,3,3,2
2,2019,47,2,2,2
0,1980,95,2,2,21
3,2013,79,2,1,11
1,1962,88,3,2,2
4,1940,250,4,5,2
7,2001,92,3,3,21
7,2001,74,2,2,21
6,1972,180,3,3,21
0,1950,163,4,3,18
4,1979,163,4,4,2
0,1940,138,3,3,18
3,1975,148,3,3,21
1,1989,96,3,3,2
2,2024,20,1,1,2
2,2024,20,1,1,12
0,1995,106,2,2,11
0,1972,150,4,3,20
0,2006,65,2,2,21
6,1981,113,4,2,2
2,2019,41,1,1,2
5,1977,125,4,2,2
6,1989,103,3,2,20
7,2007,64,2,2,19
2,2020,42,2,2,2
2,2020,35,1,1,17
7,1950,185,3,3,19
0,2007,52,2,2,13
0,2009,44,1,1,13
4,1979,161,4,4,2
0,1967,79,2,2,18
6,2005,63,1,1,21
0,1964,111,2,1,14
3,1970,164,3,4,21
0,1963,131,3,3,14
0,1985,124,3,3,21
0,1960,207,3,5,21
0,2002,65,2,2,13
0,1993,120,3,2,11
2,2023,29,1,1,12
0,1991,119,2,2,11
7,2009,79,2,2,2
0,1987,100,3,3,1
5,2007,52,2,2,19
3,1940,155,3,4,18
3,1950,158,3,3,18
5,1996,120,2,2,21
5,1996,129,2,2,21
5,1996,128,2,2,21
5,1996,90,2,2,21
5,1996,85,2,2,21
5,2000,67,2,2,21
2,1999,121,3,3,21
1,1920,121,3,2,2
1,2001,72,3,2,2
1,2016,34,1,1,2
1,2020,27,1,1,2
1,2001,59,3,2,2
0,2010,58,1,1,21
1,2011,47,2,2,2
6,1981,122,2,3,21
0,1991,102,2,2,10
6,1994,64,2,2,21
3,2004,69,2,1,14
2,2015,41,2,2,2
1,1954,157,3,3,14
6,1998,67,2,3,13
0,1995,81,2,2,21
0,2000,72,2,2,21
4,1979,187,4,4,2
0,1986,95,3,3,5
3,2003,59,1,1,21
0,1995,80,2,2,21
7,2009,94,2,2,2
7,2015,43,1,1,19
7,2009,93,2,2,2
7,2009,91,2,3,2
6,1985,91,2,2,21
1,2004,79,2,2,13
3,1947,99,3,3,18
7,1986,106,2,3,21
0,1975,143,4,3,16
6,1985,115,3,3,16
1,1995,63,3,2,2
2,2010,41,1,1,22
1,1985,91,3,2,2
1,1940,138,4,3,2
1,1994,87,3,2,2
0,2010,65,1,1,21
1,1960,157,3,3,2
2,2010,46,1,1,22
2,2010,51,1,1,22
3,2010,39,1,1,21
0,2000,69,2,2,21
0,1990,99,2,3,21
5,1995,84,2,2,21
5,2000,80,3,3,21
5,1995,96,2,2,21
5,2013,21,1,1,10
0,2000,74,2,2,21
1,1934,187,4,3,14
2,2012,79,2,2,2
0,1985,109,2,2,21
0,1995,91,2,2,21
0,2000,71,2,2,21
0,2000,75,2,2,21
3,1967,129,2,3,14
0,1949,165,3,4,19
0,2005,60,2,2,21
0,1940,155,4,3,18
0,1985,108,2,3,21
3,1958,99,3,3,16
3,1963,88,3,2,16
2,2024,20,1,1,12
0,1976,125,2,3,14
3,2007,80,2,2,11
2,2010,86,2,2,11
6,1985,87,3,3,16
6,1990,79,2,2,16
4,1970,103,2,3,22
6,1985,90,3,2,16
4,1970,122,2,3,22
5,1984,148,3,3,21
5,1979,195,3,4,21
4,1970,129,3,3,22
6,2015,32,1,1,21
0,1970,135,3,2,16
1,2001,97,2,2,2
4,2000,81,2,2,2
1,1960,122,4,3,2
4,2000,96,3,3,2
4,2000,68,2,2,2
1,1950,100,3,3,2
2,2020,41,2,2,2
0,2004,74,2,2,21
0,1999,58,2,2,2
0,2004,65,2,2,21
1,2000,42,1,1,21
0,1967,102,2,3,18
0,1985,110,2,3,21
0,1934,199,3,4,19
0,1931,209,3,4,19
2,2015,46,1,1,10
0,1995,93,2,2,21
0,1990,96,2,2,21
3,2005,50,2,1,21
5,2009,45,2,1,2
0,2021,22,1,1,21
6,1995,75,2,2,10
4,1980,141,3,3,10
6,2005,56,2,1,21
7,1952,119,3,2,14
3,2005,49,1,1,21
0,1995,87,2,2,21
0,1995,79,2,2,21
6,1995,84,2,2,21
2,2020,47,1,1,21
0,1990,99,2,2,21
0,1995,79,2,2,21
0,1947,111,3,3,18
5,2000,107,2,2,11
0,1984,66,2,2,14
2,2015,30,1,1,2
1,1907,154,4,3,2
1,1989,114,3,2,2
1,2000,85,2,2,2
1,1994,96,3,3,2
1,1960,111,3,3,2
1,2018,24,2,1,2
2,2020,33,2,2,2
4,1998,120,3,3,12
1,1960,78,3,2,2
1,1955,135,3,3,2
1,1962,162,4,5,13
1,1947,174,4,5,13
0,1982,89,3,2,20
4,1985,87,2,2,10
0,1976,131,2,3,15
6,1995,82,3,2,21
0,2000,62,2,2,21
4,1980,137,3,3,10
6,2005,55,2,1,21
4,1974,101,3,3,10
7,1990,99,3,3,21
3,1957,105,3,2,14
3,1947,125,3,2,14
2,2020,53,1,1,21
3,2000,65,2,2,21
6,2005,56,1,1,21
3,1913,255,3,3,19
6,1982,116,2,3,5
3,2021,20,1,1,21
7,1952,134,3,2,14
3,2000,72,2,2,21
0,1995,89,2,2,21
2,2020,58,1,1,21
0,1941,136,2,3,14
0,1941,134,3,3,14
2,2023,22,1,1,2
1,1999,91,3,2,2
1,2010,71,2,2,2
1,1972,130,3,3,2
1,2000,62,2,3,19
1,1947,106,3,3,2
6,1975,120,2,2,11
1,1989,103,3,3,2
1,1989,49,2,2,2
0,1975,175,2,2,11
1,1947,125,3,2,19
1,2000,95,3,3,2
1,2006,88,2,2,13
1,1946,243,3,4,13
1,1947,133,3,3,2
1,1940,114,4,3,2
4,1999,107,3,2,2
1,1925,161,4,3,2
3,1946,130,2,1,15
4,2009,52,2,1,21
3,1936,149,3,3,15
2,2019,30,2,1,2
3,1936,132,3,3,15
1,1985,88,3,2,2
3,1946,132,3,3,15
3,1926,175,3,4,15
1,1935,138,3,3,2
1,2001,52,3,2,2
0,1967,82,2,3,18
0,1980,129,2,2,21
6,1990,100,2,2,21
0,1995,84,2,2,21
0,1940,205,3,3,18
1,1920,182,3,2,10
6,1954,182,4,4,2
0,2000,60,3,2,21
0,1990,93,3,2,21
1,1976,131,2,2,5
3,1990,99,2,3,21
3,1995,85,3,2,21
3,2021,20,1,1,21
3,1957,115,2,2,14
2,2020,36,1,1,21
2,2020,35,1,1,21
3,1952,135,2,3,14
7,1995,88,2,2,21
2,2016,29,1,1,19
2,2020,46,1,1,21
7,1907,164,3,4,14
0,2009,52,2,2,19
1,1997,150,3,3,13
1,2003,108,2,2,13
6,2021,29,1,1,2
1,2003,75,2,2,13
1,1985,85,3,2,2
0,1990,107,3,3,19
1,1925,161,4,4,2
2,2020,39,1,1,2
1,1930,135,5,3,2
1,1925,151,4,3,2
1,1930,131,4,2,2
3,2005,52,2,1,21
5,1960,143,2,2,19
3,1996,74,3,2,21
3,2008,56,1,1,10
0,1940,148,3,3,18
0,1957,104,2,3,18
3,1997,74,2,2,21
3,2000,60,2,2,21
2,2018,38,1,1,21
3,1997,72,2,2,21
3,1996,74,2,2,21
2,2020,53,2,1,21
0,2008,42,1,1,19
3,1995,78,3,2,21
3,2005,52,3,1,21
2,2020,48,2,1,21
1,1997,79,2,2,13
1,1956,163,4,4,13
7,1997,71,2,2,21
0,1990,93,2,2,21
3,2010,38,2,1,21
7,2000,60,2,2,21
3,1980,124,3,3,21
3,2000,64,2,2,21
0,1940,148,3,3,18
2,2020,30,1,1,2
2,2010,55,2,2,19
0,1990,82,2,3,22
2,2019,36,1,1,12
0,1970,142,3,3,21
0,1996,94,2,2,17
1,1970,126,2,3,10
1,1991,123,3,3,2
7,2018,46,2,1,2
7,2018,44,2,1,2
6,1965,149,3,3,11
5,1980,125,4,3,17
5,1987,96,3,3,10
7,2018,46,2,1,2
7,2018,45,2,2,2
1,1930,160,5,3,2
1,1960,129,3,4,2
1,1955,121,3,3,2
1,1910,214,5,3,2
7,1946,164,3,3,20
1,2000,102,3,3,2
1,1984,98,3,3,2
3,1992,88,2,2,14
3,1995,89,2,2,21
3,1990,98,3,3,21
1,1997,93,3,2,13
0,1947,109,2,3,18
3,1995,90,2,2,21
3,1995,76,2,2,21
7,1990,98,3,3,21
3,1995,85,3,2,21
7,2000,64,2,2,21
7,1990,59,2,2,14
0,1957,108,2,2,18
7,1994,77,2,2,3
3,2000,70,2,2,21
0,1940,138,3,2,18
3,2005,61,2,1,21
3,1995,90,3,2,21
2,2020,49,2,1,21
3,1996,75,3,2,21
3,1990,95,3,2,21
7,1995,87,3,2,21
0,1947,122,3,2,18
3,2000,62,3,2,21
3,2021,20,1,1,21
0,1977,71,2,2,18
0,1995,87,3,3,21
1,1946,249,3,4,13
1,1937,265,4,4,13
6,1989,91,2,3,21
3,2006,70,2,2,19
2,2020,29,1,1,2
2,2019,40,1,1,12
0,2000,76,2,2,9
4,2014,64,2,2,2
0,1999,67,3,1,19
0,1999,55,2,2,19
5,1985,126,3,5,10
3,2002,53,1,1,10
3,1990,96,1,2,10
5,1980,96,2,3,10
3,1990,58,1,1,10
2,2025,20,1,1,2
1,1984,120,3,3,2
1,1920,131,3,3,2
4,2020,25,1,1,12
1,1980,68,2,2,2
1,1955,130,4,3,2
5,2009,34,1,1,21
1,1920,120,3,3,2
3,2000,62,2,2,21
1,1947,208,3,2,22
6,1995,62,3,2,22
7,1992,94,2,2,22
0,1999,96,2,3,19
5,2002,44,2,1,16
7,1952,146,3,3,22
2,2012,67,2,2,10
3,2018,33,1,1,22
1,1930,240,4,4,22
5,1974,68,2,2,14
2,1990,106,2,2,21
3,1975,177,3,4,22
1,1944,167,2,3,10
1,1944,131,3,2,10
5,2000,68,3,2,21
1,1951,152,3,3,14
1,1971,107,2,3,14
1,1966,124,3,3,14
1,1946,160,2,3,14
1,1941,166,3,3,14
1,1956,138,3,3,14
6,1997,148,2,2,21
1,1961,121,3,3,14
0,2007,90,2,3,11
1,1956,156,3,3,14
0,2020,33,1,1,21
1,1961,140,3,3,14
1,1966,101,3,3,14
5,1990,69,2,1,19
1,1980,88,2,2,19
0,1990,50,2,2,19
0,1987,68,1,2,14
0,1959,136,3,2,10
3,2004,36,1,1,19
0,1959,154,3,3,10
5,2002,94,3,2,21
5,1997,70,3,3,21
5,1987,92,3,3,21
5,1987,106,3,4,21
5,2002,58,2,2,21
5,1995,79,3,3,21
7,1991,80,1,3,22
2,2022,23,1,1,2
7,1978,127,3,3,22
7,1975,146,2,3,22
7,1991,100,2,4,22
0,1990,74,2,2,19
7,2000,81,3,2,22
1,1961,125,3,3,14
1,1956,136,3,3,14
0,1985,112,3,4,21
1,1951,155,3,4,14
1,2021,20,1,1,21
3,1990,90,2,3,21
5,1989,96,3,3,21
5,1990,92,3,3,21
4,1940,183,4,5,19
5,1979,158,3,3,21
5,1928,277,4,5,21
0,1980,141,3,5,19
1,1974,140,3,4,19
1,1973,150,3,4,19
1,1973,148,3,4,19
0,1988,93,3,4,13
6,2021,20,1,1,21
5,1999,83,2,3,21
7,1975,130,3,3,22
0,1990,65,2,1,19
7,1982,113,3,3,22
0,1967,107,2,2,19
5,2000,65,3,2,21
5,2005,56,3,2,21
5,2009,43,3,2,21
3,1975,133,3,4,22
4,1982,151,4,3,21
4,1961,152,5,4,21
5,1995,97,2,2,23
3,1916,187,4,3,15
0,1957,91,2,2,19
0,1991,139,3,3,12
3,1990,130,2,2,10
0,1967,168,4,3,19
0,1954,164,4,4,19
7,1977,86,2,2,14
6,1989,90,3,2,19
6,1989,146,4,3,19
6,1968,101,2,2,14
1,2018,38,1,1,2
0,2005,67,2,2,11
6,1968,52,2,2,14
2,2017,30,1,1,2
1,2005,91,2,2,13
3,2005,56,2,2,21
1,1986,126,3,3,13
1,1987,86,2,2,13
1,1987,98,2,3,13
1,1987,92,2,2,13
0,2005,53,2,2,21
0,2000,79,2,3,2
0,1995,84,3,2,21
1,1946,209,4,4,13
3,1997,74,2,2,21
1,1985,93,2,2,13
3,2000,62,2,2,21
3,1987,103,3,3,21
1,2005,70,2,2,13
3,2000,64,2,2,21
3,1995,78,3,2,21
1,2005,67,2,2,13
1,1946,213,2,4,13
3,2007,39,1,1,21
3,2005,58,2,2,21
0,1990,93,2,3,21
1,1957,105,3,2,2
0,1987,131,2,4,21
0,1980,127,3,3,21
1,1975,147,2,3,21
6,1970,175,3,3,21
0,1977,68,2,2,19
0,1957,107,3,3,19
6,1985,105,2,2,21
6,1990,92,2,2,21
1,1988,110,2,2,21
0,1977,68,2,2,19
3,1985,117,3,3,21
1,1994,93,2,2,21
3,1990,91,2,3,21
1,1984,129,3,3,21
1,1953,206,3,4,21
1,1982,119,2,3,21
0,2000,70,2,2,21
0,1957,95,2,4,19
6,1990,105,3,3,21
6,2005,57,1,1,21
0,1940,122,3,3,19
1,1989,93,3,3,21
6,1980,116,3,2,19
0,1958,115,2,2,14
6,1993,158,4,3,19
3,1955,167,3,3,16
2,2011,50,1,1,1
3,1985,116,4,3,19
0,1994,63,1,1,14
2,2021,23,1,1,1
2,2012,45,2,2,1
0,1960,199,3,4,14
5,2015,43,2,1,21
0,1951,104,2,2,14
2,2006,68,2,2,11
6,2005,63,1,2,21
7,1985,112,3,3,22
1,1950,221,4,4,22
0,1985,116,3,3,21
3,1990,120,2,3,21
3,1985,140,2,3,21
1,1955,199,3,4,22
1,1955,168,3,3,22
0,1992,91,3,3,21
7,1999,77,3,2,21
3,1975,151,2,3,21
3,2000,62,2,2,21
0,1995,78,2,3,18
3,2003,60,2,2,13
3,2009,34,1,1,21
3,1995,78,2,2,21
3,2000,62,3,2,21
0,2003,52,2,2,2
0,1995,93,3,2,21
3,1995,81,3,2,21
0,1995,80,2,3,21
1,2019,25,1,1,2
0,1975,79,3,1,18
7,1995,79,2,2,21
0,1990,90,2,3,21
0,2001,75,2,3,5
3,1995,84,2,3,21
0,1985,111,2,2,21
6,1994,91,2,2,21
3,2000,71,2,3,21
1,1956,177,3,3,2
6,1975,138,3,3,21
0,2000,76,2,3,21
3,1995,75,2,2,21
0,1987,117,2,3,14
0,1991,68,2,2,18
7,1985,112,3,3,21
3,1990,93,3,3,21
5,1980,137,3,3,21
1,1988,103,3,3,21
3,1995,76,2,2,21
1,1986,104,3,3,21
0,1947,123,3,3,19
1,1997,46,2,1,21
0,2008,55,1,1,21
1,1993,91,2,2,21
1,1990,100,3,2,21
3,1993,90,2,2,21
1,1957,107,3,3,14
0,1996,69,2,3,19
3,1985,110,2,2,21
1,1991,101,2,2,21
0,1990,90,2,2,21
0,1993,89,2,2,21
0,1977,78,2,2,19
3,1940,114,3,3,16
1,1990,102,2,2,10
1,2014,43,1,1,10
2,2021,22,1,1,21
1,1975,88,2,1,10
3,1957,104,2,2,19
2,2020,43,2,1,1
6,1996,67,2,2,1
0,1975,78,3,2,11
0,1975,112,3,3,11
3,1980,141,3,3,21
3,1990,115,3,3,21
3,1975,157,2,3,21
1,1984,120,2,2,21
3,2005,52,2,2,21
3,2000,66,3,2,21
5,1970,106,3,2,19
3,2007,42,2,1,21
5,1980,117,2,3,19
0,1980,88,2,2,18
3,1985,105,3,3,21
0,1930,204,4,6,18
3,1939,221,3,5,2
3,2004,54,2,1,21
0,1980,130,2,3,21
5,1940,240,3,3,19
0,1940,117,3,2,19
1,1992,121,3,3,21
1,1983,121,3,2,21
0,1985,121,2,2,21
1,1965,171,3,3,21
3,1921,187,4,3,15
1,1997,93,2,2,21
0,1947,97,2,2,19
1,1983,119,3,3,21
1,1999,89,2,2,21
0,1947,119,2,3,19
1,1988,110,2,2,21
0,1947,115,3,4,19
1,1990,101,2,2,21
3,1960,173,4,4,3
1,1975,191,3,3,14
7,1940,163,3,4,19
3,1947,124,2,3,19
1,1990,122,3,2,14
0,1926,167,3,4,20
3,1979,78,2,2,21
3,1955,157,3,3,21
5,2015,43,2,2,22
7,1996,67,2,2,21
4,1970,172,3,4,21
7,2000,43,1,1,11
7,1995,66,2,2,22
0,1962,144,4,5,1
1,1970,157,2,3,23
3,1980,141,3,5,21
0,1995,78,3,2,2
0,1996,75,3,2,2
6,1924,262,4,5,2
2,2020,21,1,1,5
0,1947,104,3,3,19
1,1967,184,3,4,21
3,1985,137,3,3,21
0,1977,98,2,4,19
4,1985,256,5,6,2
0,1997,64,2,2,19
0,1957,93,3,2,19
4,1985,236,5,7,2
1,2003,86,2,2,21
0,1967,102,2,2,19
1,1981,131,3,3,21
0,1946,176,4,4,20
0,1966,158,3,5,14
2,2015,44,2,2,1
2,2018,29,1,1,21
2,2018,30,1,1,21
3,1920,229,3,5,22
5,1980,76,2,2,11
0,1975,96,3,2,11
7,1976,121,2,3,21
5,1975,101,3,2,11
3,1976,114,3,4,21
0,1975,79,3,2,11
0,1975,100,3,3,11
0,1975,114,3,2,11
7,1976,130,3,3,21
0,1975,123,3,2,11
0,2006,63,1,1,11
7,1978,105,3,2,21
7,1940,143,3,3,19
1,2002,80,2,2,21
0,1989,66,3,2,20
1,1986,115,2,3,21
1,1968,157,2,3,21
1,1962,181,3,3,21
2,2021,36,1,1,20
1,1993,101,2,2,21
0,2004,45,1,1,19
0,1977,70,2,2,19
2,2015,61,2,2,11
4,1960,186,4,5,21
0,1969,82,3,2,16
1,2024,22,1,1,10
7,1968,89,2,2,21
0,1940,117,3,2,19
0,1972,119,4,2,1
6,1970,82,3,2,11
5,2005,80,2,2,11
6,1970,102,3,2,11
0,2005,74,2,2,13
0,1960,111,3,3,14
2,2018,22,1,1,11
5,1975,121,3,3,11
0,1982,112,5,3,2
4,1920,231,4,5,11
4,1920,285,4,5,11
2,2022,20,1,1,20
4,1925,292,4,3,10
5,1977,235,4,4,14
2,2015,44,2,1,21
5,1992,98,2,2,13
2,2007,62,2,2,11
7,1995,83,2,2,21
0,1983,147,4,2,13
0,1988,101,3,2,13
0,1977,144,4,3,13
0,1980,149,3,4,11
0,2005,77,2,3,21
0,1990,93,4,2,2
6,1947,126,2,2,14
2,2022,20,1,1,21
2,1990,109,2,2,21
2,1995,95,2,2,21
2,1995,96,2,2,21
4,1920,277,4,7,11
0,1957,106,2,2,19
6,1977,108,3,4,14
0,1957,81,2,2,19
0,1990,125,3,3,21
0,2004,51,2,2,19
0,1989,97,3,3,1
0,1997,77,3,3,1
5,1987,92,3,2,14
6,1987,77,2,2,1
5,1957,187,4,4,14
5,1928,165,4,3,14
0,1958,124,2,2,19
1,1987,57,2,2,14
0,2007,76,2,2,21
0,1957,97,2,3,19
1,1907,212,4,5,14
0,2004,92,2,2,11
0,2004,87,2,2,11
2,1998,72,1,2,21
0,2023,17,1,1,21
1,1954,202,4,2,19
3,2021,20,1,1,21
0,1993,85,4,2,2
3,1990,103,2,3,21
0,1974,157,3,3,11
0,1975,108,3,3,11
0,1975,89,3,2,11
0,1975,58,2,2,11
0,1975,113,3,3,11
0,1975,83,3,2,11
2,1995,65,2,2,3
5,1968,89,4,2,14
7,2023,20,1,1,21
3,2013,95,2,2,19
5,2000,66,2,2,21
5,2007,45,2,1,21
2,2020,29,1,1,10
3,1986,138,3,3,21
3,1960,152,3,3,14
5,2008,43,2,1,21
5,2008,77,2,1,21
5,1995,90,2,2,21
7,1970,167,3,5,21
4,2003,61,2,2,2
6,1939,123,3,2,14
1,1966,160,4,3,19
4,1961,165,4,4,21
4,1961,188,5,5,21
4,1961,179,5,4,21
4,1961,193,5,4,21
0,1977,97,2,2,14
0,1975,56,2,2,11
0,1975,79,3,2,11
1,1960,100,3,3,14
0,1975,71,3,2,11
0,1975,68,3,2,11
0,1995,53,3,2,11
0,1975,62,3,2,11
1,1927,188,2,3,14
3,2000,60,2,2,21
0,1975,59,2,2,11
0,1995,50,2,2,11
0,1975,97,3,3,11
0,1975,67,2,1,11
3,2013,97,2,2,19
0,1970,150,4,4,10
0,1957,85,3,2,19
1,1971,176,3,4,21
1,1981,147,2,3,21
5,2010,48,2,1,21
0,1965,123,2,2,14
5,2010,39,2,1,21
0,2008,39,2,1,21
0,1972,111,3,2,14
0,2023,25,1,1,18
7,1995,100,2,2,14
3,1965,129,2,3,14
0,2010,34,1,1,21
0,2006,46,2,2,21
0,2011,36,1,1,21
0,1999,91,2,2,23
4,2023,26,2,1,2
5,2000,53,2,2,21
0,1975,166,3,3,11
5,2004,45,2,2,21
4,2005,82,2,3,11
6,2005,112,2,3,11
4,2005,53,2,2,11
3,1995,77,2,2,21
0,1984,103,3,3,1
2,2014,87,3,2,20
5,2010,41,2,2,21
3,1987,110,2,2,14
5,1987,81,3,3,21
5,2000,120,3,2,21
5,2003,86,2,2,21
6,2013,39,2,1,21
6,1975,122,3,3,11
5,1995,82,2,2,21
5,2013,31,2,1,21
5,2005,56,2,2,21
5,2000,75,3,3,21
5,2005,54,3,2,21
1,1940,235,4,4,10
1,1970,151,2,3,23
4,2023,20,1,1,2
0,2005,60,2,2,21
1,1965,170,2,4,23
6,1998,59,2,2,23
0,2005,60,2,2,21
4,2023,20,1,1,2
4,2023,25,2,1,2
4,2023,20,1,1,2
0,1985,109,2,2,23
1,1970,148,2,3,23
4,2023,20,1,1,2
0,1977,129,3,2,21
0,1980,131,3,3,21
0,1992,96,3,3,19
6,1975,91,3,2,11
0,2000,48,1,1,19
0,1975,115,2,2,11
0,1975,90,3,2,11
6,1975,93,3,2,11
0,1960,136,3,3,11
0,2003,42,2,2,1
7,1995,97,2,2,22
7,1995,78,2,2,22
5,2000,189,3,3,21
5,1990,103,3,2,21
5,2000,62,3,2,21
5,2005,50,3,2,21
5,2002,63,3,2,21
3,1940,175,3,3,10
3,1920,191,4,3,10
3,1920,197,4,3,10
5,2000,65,3,2,21
0,2004,69,3,2,21
4,2023,20,1,1,2
4,2023,20,1,1,2
0,1994,131,3,3,10
0,1980,138,3,3,21
0,1994,90,2,3,10
5,1980,116,3,2,19
5,1990,59,2,1,19
0,1960,133,2,3,19
3,1975,143,2,3,21
0,1999,56,2,2,19
0,1997,73,2,2,21
3,2000,62,3,2,21
1,1970,127,2,3,22
0,1985,121,3,3,21
2,2016,28,1,1,21
6,1995,81,2,2,21
2,2010,64,2,2,1
4,1906,265,5,7,20
0,1988,64,3,3,22
0,2000,85,2,3,22
2,2010,42,2,2,1
0,2004,66,3,2,21
0,1999,36,2,1,21
5,2002,60,3,2,21
6,1985,113,3,3,21
0,1958,126,3,3,14
0,1946,140,3,3,14
1,1992,97,3,3,13
1,2002,69,1,2,13
7,1975,137,2,3,22
2,2016,35,2,1,3
0,1981,85,3,2,14
7,1970,154,2,3,22
2,2012,242,1,2,10
7,1970,154,3,4,22
2,2011,60,1,2,10
7,1975,130,3,3,22
3,1984,90,3,3,14
7,1970,144,3,3,22
7,1975,127,3,3,22
2,2011,60,1,2,10
2,2011,60,1,2,10
7,1986,85,2,2,13
7,1975,120,2,3,22
2,2011,60,1,2,10
7,1975,124,2,3,22
7,2001,85,2,2,22
7,1970,155,3,3,22
2,2011,60,1,2,10
7,1995,127,3,3,22
1,1933,120,2,2,17
2,2020,29,1,1,22
5,1931,244,4,4,2
1,1955,100,3,2,2
1,2001,92,2,2,2
1,1950,105,3,2,2
1,1915,141,3,2,2
1,1990,104,3,2,2
5,1990,75,2,2,19
1,1910,173,3,2,2
1,1955,181,4,3,2
0,1994,115,2,3,22
0,2004,83,2,2,22
0,1999,98,2,3,22
6,1932,244,4,6,7
0,2007,40,2,2,14
0,2008,70,2,2,22
0,2002,88,2,2,10
0,1926,183,2,2,20
5,1947,110,3,2,19
1,2021,31,1,1,2
5,1982,88,3,2,19
1,2023,22,1,1,2
1,2016,50,2,2,2
1,1991,70,3,2,2
1,1935,159,3,3,2
1,1985,124,3,3,13
3,1986,90,2,2,14
1,1973,155,3,4,13
4,2010,80,1,1,11
2,2011,60,1,2,10
7,1960,230,3,4,22
7,1996,91,2,2,22
7,1991,170,3,3,22
4,2010,78,1,1,11
4,2010,82,1,1,11
2,2015,47,1,2,10
3,1990,145,2,3,22
2,2015,54,1,1,10
2,2015,45,1,2,10
7,1955,241,3,4,22
2,2014,53,1,2,10
6,1996,81,3,2,21
7,2001,127,3,3,22
2,2014,68,1,2,10
7,2012,83,2,2,22
7,2001,107,2,3,22
2,2015,38,2,1,22
2,2015,32,1,1,22
1,1975,101,3,2,2
1,1915,159,3,3,2
1,1960,149,3,3,2
1,2001,85,3,2,2
1,1966,147,2,2,14
1,1990,82,2,2,2
1,1992,120,3,2,2
1,1998,91,3,2,2
1,2022,38,1,1,2
1,1970,117,3,2,2
1,1910,122,3,3,2
0,1961,138,4,2,5
6,1936,146,3,3,20
1,1950,184,3,3,19
4,1936,273,5,7,20
1,2012,68,2,2,2
1,2019,50,2,2,2
1,1975,93,3,2,2
1,1995,118,3,2,2
1,1990,124,3,3,2
1,1980,129,3,2,2
1,1925,197,4,3,2
7,1957,143,3,2,15
7,1983,117,2,3,21
2,2015,34,1,1,22
2,2015,35,1,1,22
5,2008,52,3,2,2
2,2015,30,1,1,22
2,2015,33,1,1,22
2,2015,31,1,1,22
4,2010,87,1,1,11
4,2010,68,1,1,11
2,2015,35,1,1,22
4,2010,77,1,1,11
2,2015,30,1,1,22
2,2015,34,1,1,22
2,2015,34,1,1,22
2,2015,28,1,1,22
2,2015,30,1,1,22
2,2015,29,1,1,22
2,2015,26,1,1,22
2,2015,32,1,1,22
4,2010,76,1,1,11
4,2010,92,1,1,11
6,1982,118,3,3,2
0,1997,60,2,3,22
0,1966,168,3,4,2
5,1948,202,4,5,2
0,1976,127,4,2,1
6,1998,67,2,2,19
5,1985,105,3,3,21
6,1953,161,3,3,1
2,1990,104,2,2,9
2,2016,76,2,2,9
6,1936,161,3,4,20
3,1975,95,2,2,22
1,1940,155,2,4,19
7,1975,124,2,3,22
7,1975,118,2,3,22
7,1975,137,2,3,22
1,1947,111,2,2,19
1,1951,163,3,4,14
7,1975,135,3,3,22
2,2016,65,1,2,17
6,1950,137,3,3,22
7,1988,116,2,2,21
5,1998,148,2,3,22
1,1984,94,3,2,2
1,1990,97,3,2,2
2,2020,29,1,1,22
1,1995,128,3,2,2
1,1993,101,2,2,2
7,1996,74,2,3,22
1,1930,144,3,3,2
1,1905,169,3,3,2
1,1905,178,4,4,2
3,1983,102,2,2,21
1,1975,229,4,3,2
6,1970,134,3,4,11
6,1970,137,3,4,11
5,1979,76,2,2,14
5,1948,120,3,2,14
6,2015,47,1,1,9
0,1966,147,3,4,1
6,1974,121,3,4,1
0,1988,90,3,2,1
7,1968,170,3,5,22
1,1957,79,3,2,19
6,1972,136,2,3,22
2,2014,43,1,1,22
3,1980,156,3,3,22
1,2017,26,1,1,2
1,2001,94,3,2,2
5,1996,79,2,3,22
3,2007,68,2,2,22
2,2022,23,1,1,21
0,1915,210,4,4,10
1,2012,73,2,2,2
4,1982,124,2,2,21
4,2023,20,1,1,22
4,2024,30,2,1,2
2,2014,33,2,1,1
6,1950,193,4,6,19
7,1982,125,2,4,22
0,1968,116,2,3,22
0,2000,75,2,3,22
0,2000,67,2,3,22
0,2001,56,3,2,1
0,1980,100,3,3,1
0,1999,66,3,2,1
6,2011,54,2,2,22
6,2011,57,1,1,22
1,1975,142,3,2,2
1,1998,77,3,2,2
4,1957,178,3,3,21
1,1947,171,4,4,13
5,2002,67,2,2,22
1,2021,36,1,1,2
4,2020,24,1,1,15
1,2012,67,2,2,2
1,1905,170,3,3,2
1,1930,159,3,3,2
5,2002,76,2,2,22
1,1975,130,3,3,2
3,1987,88,2,2,14
5,2004,76,2,2,22
1,1991,77,3,2,2
1,1930,123,3,2,2
1,2014,62,2,2,2
4,2023,20,1,1,22
4,2023,20,1,1,22
0,1985,83,3,2,2
2,2007,111,2,3,11
1,1980,123,2,3,11
0,1992,90,2,2,22
1,1980,100,2,3,11
0,1994,97,3,3,22
0,1994,72,2,2,22
0,1994,93,2,3,22
1,1980,95,2,3,11
1,1980,107,2,2,11
5,1963,118,3,3,14
0,1993,75,3,2,1
0,1936,180,3,4,22
0,2000,55,2,3,22
0,1994,78,2,3,22
2,2013,71,2,2,1
1,1927,172,3,3,2
3,1993,101,2,2,22
0,2004,89,2,2,11
0,2006,72,1,1,11
0,2006,75,2,1,11
2,2019,42,1,1,10
1,1990,132,3,2,2
1,2021,37,2,2,2
4,1959,195,3,4,19
1,1988,103,2,2,2
1,1960,115,3,3,10
6,1914,184,4,4,19
1,1984,135,2,2,2
1,1984,106,2,2,2
1,1940,158,2,3,19
1,1984,113,3,2,2
1,1990,88,2,2,2
1,1990,104,2,2,2
5,1996,118,2,3,22
5,1996,102,2,3,22
1,1980,98,2,2,11
1,1980,90,2,2,11
1,1980,100,2,2,11
1,1980,97,2,3,11
1,1980,105,2,2,11
3,1980,138,2,2,21
1,1980,123,2,3,11
1,1980,128,2,3,11
2,2007,108,2,2,11
1,1980,93,2,5,11
2,2007,81,2,2,11
2,2024,28,1,1,20
1,1980,127,2,3,11
3,1971,114,2,3,14
2,2020,25,1,1,2
0,1988,79,3,2,1
6,1966,129,3,3,1
0,2001,66,1,1,23
0,1986,98,3,3,1
0,1982,88,3,2,1
0,2000,55,2,2,22
0,1991,81,3,2,1
2,2018,42,2,2,1
0,1987,107,3,3,1
0,2000,77,2,2,11
0,1970,124,3,2,11
0,2008,115,1,2,11
0,2004,87,2,1,11
4,2018,30,2,1,14
7,2024,21,1,1,16
4,1975,174,3,3,2
2,2021,33,1,1,13
5,2004,67,2,2,22
5,2004,75,2,2,22
3,1993,83,2,3,15
5,2004,83,2,2,22
5,2004,78,2,2,22
5,2004,78,2,2,22
6,1970,132,3,3,11
1,1920,190,4,4,11
1,1920,218,4,5,11
1,1920,166,4,4,11
1,1920,211,4,4,11
1,1920,202,4,4,11
0,2007,69,2,2,11
0,2008,62,2,2,10
0,2008,75,2,2,10
3,1969,154,3,4,2
6,1980,95,2,2,11
1,1930,148,3,2,2
1,1982,88,3,2,2
1,1960,166,3,3,16
1,1930,146,3,2,2
1,1960,196,4,4,16
1,2000,70,3,2,2
1,1930,179,5,3,2
7,1996,89,3,2,1
0,2001,60,2,2,23
2,2014,73,2,2,1
6,1990,85,3,3,19
7,1998,68,3,2,1
6,1940,109,2,2,19
4,1970,208,3,4,22
2,2012,81,2,2,1
2,2012,79,2,2,1
5,1976,136,3,3,13
0,2003,50,2,2,2
6,1975,117,2,3,22
1,1946,176,4,4,14
1,1969,84,2,2,2
6,1962,190,4,6,15
6,1968,125,3,4,15
4,1979,177,5,4,2
1,1930,158,3,3,2
1,1925,160,4,3,2
1,2014,39,2,2,2
1,1955,171,5,3,2
1,1910,188,3,3,2
4,2024,28,2,1,2
1,1930,141,3,2,2
1,1920,189,5,2,2
1,2025,19,1,1,2
1,1993,73,2,2,2
1,1970,125,3,3,2
1,1992,134,2,2,2
1,1945,116,3,3,2
1,1991,93,2,2,2
1,1965,135,3,3,2
5,1992,71,2,2,14
0,1973,121,3,3,1
6,2000,56,1,2,19
2,2014,62,2,2,1
6,1996,54,2,2,1
6,1957,85,1,2,19
6,1957,158,4,3,1
2,2014,53,2,2,1
0,1974,109,3,3,1
1,1930,160,3,3,10
0,2007,78,2,2,11
2,2023,20,1,1,22
3,2018,20,1,1,16
7,2014,56,1,2,14
1,2004,51,1,2,14
1,2002,65,2,2,22
0,2006,50,2,2,22
0,1997,65,2,2,22
4,1979,194,5,4,2
0,1997,72,2,2,22
0,1997,71,2,2,22
0,2003,63,3,2,2
1,1935,144,5,3,2
0,2007,65,2,2,13
1,1992,82,3,2,2
1,1997,109,3,2,2
1,1975,143,3,2,2
6,1980,90,2,3,11
1,1935,154,4,2,2
1,2016,59,2,2,2
1,1920,176,4,4,2
1,1935,121,3,3,2
4,1975,188,3,3,2
7,1967,110,3,2,15
5,1983,143,2,3,22
5,1995,50,1,1,19
1,1935,142,4,3,2
1,1930,135,3,3,2
3,1996,108,2,2,22
0,1962,112,3,3,15
7,1940,246,4,5,22
6,2016,60,1,2,19
2,2014,49,1,1,3
1,1907,155,3,3,2
2,2014,64,2,2,1
0,1985,89,3,3,1
3,1953,165,3,4,2
1,1981,122,3,4,13
6,1967,100,3,2,19
2,2014,78,1,2,3
7,2008,45,1,1,1
7,1939,190,3,4,14
1,1947,106,2,2,19
5,1963,167,3,3,21
4,2024,27,2,1,2
0,1997,55,2,2,22
4,1979,183,4,4,2
0,1997,74,2,2,22
0,1997,79,2,2,22
0,1994,89,3,3,14
5,1983,120,3,4,2
5,1944,185,3,3,14
0,1997,96,2,2,22
7,1961,143,4,4,14
0,1997,87,2,2,22
0,1982,90,3,3,14
4,1979,165,4,4,2
0,1999,66,2,4,14
4,2010,69,2,2,11
7,1986,113,2,2,22
7,1986,114,2,3,22
7,1981,124,2,3,22
3,1986,94,2,2,22
1,1935,118,3,2,2
5,1940,93,3,4,19
5,1970,90,2,3,19
7,1958,196,3,4,22
1,2011,62,2,2,2
5,1990,69,3,1,19
1,2001,125,3,3,2
7,1958,192,4,4,22
2,2014,29,1,1,10
1,1997,129,3,2,2
1,1960,171,4,3,2
7,1997,94,2,2,22
1,1930,155,4,3,2
3,2002,81,3,3,2
2,2022,25,1,1,1
2,2018,30,2,1,1
2,2014,60,2,2,1
4,2010,126,3,3,2
0,2015,45,1,1,2
2,2023,20,1,1,22
0,1979,81,2,3,22
0,1962,101,2,2,14
5,1960,165,4,3,11
0,1960,105,2,2,14
0,1992,87,2,2,14
5,1936,182,4,5,14
3,1945,175,4,4,14
0,2000,62,2,2,22
0,1979,85,3,2,14
5,2024,25,1,1,21
1,1997,68,2,2,14
0,2000,68,2,2,22
0,1959,89,2,2,14
0,2000,68,2,2,2
0,1984,81,2,3,14
0,1997,88,2,2,22
0,1997,65,2,2,22
0,1952,107,2,2,14
0,2009,60,2,2,11
0,1997,94,2,2,22
0,1997,76,2,2,22
7,1997,117,2,2,22
3,1982,116,2,3,22
6,1980,106,2,3,11
7,2006,48,1,1,22
1,1920,163,4,4,2
0,1980,100,3,2,19
1,1930,147,4,3,2
5,2001,65,2,2,22
5,2001,70,2,2,22
5,2001,70,2,2,22
5,2001,91,2,3,22
5,2001,58,2,1,22
1,1940,138,4,3,2
0,1980,121,3,3,19
5,2001,56,2,1,22
1,1967,115,2,2,15
5,2001,57,2,2,22
2,2023,20,1,1,22
6,1970,131,3,3,19
6,1943,172,3,3,19
2,2021,33,1,1,1
0,2005,56,2,2,22
6,1979,106,2,2,22
0,1979,83,2,2,14
0,1986,79,2,2,14
0,1981,86,2,2,14
5,1980,102,2,3,22
5,1978,150,2,4,22
0,1987,80,2,2,14
1,1983,96,2,2,14
0,1976,107,2,2,14
0,1995,82,3,3,22
0,1989,78,2,2,14
0,1983,93,2,2,14
0,2009,67,2,1,11
0,2009,45,1,1,22
5,1971,139,4,3,2
0,1997,69,2,2,22
2,2020,33,1,1,10
0,1974,105,3,2,10
5,1932,166,3,3,14
0,1997,75,2,2,22
0,2009,71,2,2,11
1,1990,95,2,3,22
0,2009,71,2,2,11
2,2015,30,1,1,22
0,1982,87,3,2,14
0,2009,58,2,2,11
5,2001,68,2,2,22
5,2001,55,2,1,22
1,1940,111,2,2,19
5,2001,57,2,2,22
3,1951,122,2,2,15
5,1980,91,2,2,19
5,1970,110,2,2,19
5,2001,93,2,2,22
5,2001,74,2,2,22
5,1970,136,3,2,19
5,2001,67,2,2,22
5,1970,124,3,2,19
5,2001,79,2,2,22
1,2010,65,2,2,14
5,2001,69,2,1,22
5,2001,64,2,1,22
0,1960,127,3,2,19
5,2004,34,1,1,22
5,1950,177,3,3,19
5,2001,50,2,1,22
6,1978,94,2,2,22
2,2022,23,1,1,1
0,1985,65,2,3,22
0,1983,88,2,3,22
0,1985,72,3,3,22
0,1987,57,2,2,22
0,1986,73,2,3,22
2,2018,50,2,1,1
2,2018,45,2,1,1
2,2022,28,1,1,1
2,2018,45,2,1,1
1,1960,233,3,5,14
7,1954,159,3,4,14
0,1946,127,3,3,14
0,1941,137,3,3,14
2,2015,26,1,1,22
2,2014,56,2,2,10
2,2014,52,2,2,10
2,2014,57,1,2,10
5,1923,185,4,4,14
2,2014,32,1,1,10
2,2014,50,1,1,10
2,2014,65,2,2,10
2,2014,68,2,2,10
2,2014,62,2,2,10
1,1910,254,3,6,14
0,1984,112,2,3,2
1,1950,166,3,4,14
1,1920,144,2,2,2
1,2001,109,3,3,2
1,1915,166,3,3,2
0,1980,116,3,3,11
5,1990,94,3,3,17
1,1932,242,3,4,2
6,1985,90,3,3,17
1,2025,28,1,1,2
0,2002,73,2,3,22
0,2006,53,2,2,21
2,2018,31,2,1,1
4,1964,155,4,3,21
2,2018,44,2,2,1
0,1947,125,2,3,14
0,1920,169,3,3,14
0,1918,164,3,3,14
0,1992,70,2,2,14
0,1994,64,2,2,14
2,2014,64,2,2,10
1,1921,232,4,6,14
0,1985,145,2,3,21
0,2009,60,2,2,10
0,2009,60,2,2,10
2,2016,47,2,1,3
2,2016,35,2,1,3
6,1988,88,2,2,17
1,1910,155,3,3,2
7,1930,248,4,4,2
7,1953,189,3,4,2
0,1974,145,3,3,2
6,2008,37,1,1,17
0,1987,106,3,3,2
1,1916,248,3,5,14
1,1965,91,3,2,2
7,1970,148,3,3,2
7,1952,193,4,4,2
1,1952,139,3,3,15
7,1951,195,4,4,2
1,1927,218,4,4,15
0,1994,89,2,3,21
2,2024,23,1,1,1
2,2024,27,1,1,1
0,1989,122,3,3,22
2,2024,24,2,1,1
0,1999,90,2,2,22
0,1994,107,2,3,22
4,1969,163,3,4,22
6,1944,248,4,6,21
2,2011,65,2,2,1
5,1960,101,4,3,2
0,1969,120,3,2,14
2,2016,39,2,1,3
2,2016,45,1,1,10
7,1991,123,2,2,13
2,2016,54,1,2,10
2,2019,42,2,2,10
1,2024,26,1,1,10
2,2020,45,1,2,10
0,1964,92,3,2,14
2,2016,45,1,1,10
2,2019,34,1,1,10
0,1927,140,3,2,14
7,1944,212,4,3,2
5,1959,187,4,4,19
1,1967,131,3,3,15
0,1990,98,4,3,2
1,1977,100,3,2,15
2,2014,37,1,1,10
3,1933,200,3,6,14
0,2003,66,4,2,2
5,1975,135,3,2,2
3,1969,151,4,3,2
3,1997,111,2,3,22
5,2006,61,2,2,11
1,1964,135,2,4,14
5,2006,53,2,2,11
0,2001,59,2,2,14
0,1995,85,3,3,22
0,2006,62,2,2,11
0,1985,111,3,4,11
0,1982,88,2,2,14
0,1963,116,2,3,14
4,1983,182,5,4,10
0,1983,119,3,3,3
6,1956,196,4,6,10
2,2019,27,1,1,13
4,1983,190,4,3,10
4,1990,140,2,2,22
4,1981,151,2,4,22
7,1940,250,4,5,22
0,1995,90,3,3,22
1,1979,120,3,3,12
1,1979,119,2,3,12
3,2007,81,2,2,2
5,2010,35,1,1,11
3,2007,72,2,2,2
1,1976,130,3,3,12
1,1995,81,2,2,12
1,1988,102,3,3,12
1,2002,66,2,2,12
3,1965,136,3,3,11
3,2007,63,2,2,2
0,1975,184,4,2,10
2,2023,36,2,1,2
3,1969,154,3,3,23
6,1940,158,4,4,19
0,2005,92,3,2,20
5,1993,100,2,3,8
2,2020,28,1,1,2
0,1998,98,2,3,22
2,2020,31,1,1,15
0,1985,110,5,3,2
0,2003,65,2,2,21
3,2005,58,2,1,21
1,1984,126,3,3,12
0,1980,162,2,3,11
0,1980,140,2,3,11
6,1990,128,2,2,11
3,1940,130,3,2,19
0,1941,226,5,5,9
0,1960,212,3,4,22
0,2005,71,2,3,22
0,1980,122,3,3,2
7,1978,128,3,3,2
2,2021,44,1,1,2
3,1962,100,4,4,14
1,2008,64,2,2,22
2,2012,66,2,1,2
0,1953,157,2,4,14
2,2012,86,2,2,2
2,2012,72,2,2,2
2,2012,36,2,2,2
1,1978,173,3,4,22
5,1985,111,3,3,21
5,1985,110,3,3,2
0,1982,119,2,3,10
4,1965,158,3,3,10
3,1967,155,3,3,2
0,1965,149,3,3,10
2,2023,20,1,1,22
1,1987,105,2,2,2
3,1967,81,2,2,19
3,2000,82,2,2,12
7,1967,170,4,4,12
0,1985,105,3,3,10
0,1978,137,3,3,12
1,1964,174,3,4,12
1,1918,298,3,3,14
2,2020,47,1,1,18
0,1982,118,3,3,2
5,1995,127,3,2,20
7,1996,83,2,2,2
2,2020,31,1,1,15
3,1956,190,4,4,9
3,1956,191,4,4,9
3,1965,164,4,4,9
2,2020,35,1,1,15
5,1978,166,3,3,22
5,1990,198,3,4,2
6,1918,190,3,4,19
0,1975,145,2,3,21
0,2002,82,2,3,22
3,2018,32,1,1,2
4,1965,160,4,3,10
0,1965,178,2,3,18
4,1965,172,4,3,10
3,1969,147,3,3,2
4,1965,134,3,3,10
3,1960,153,3,3,11
0,1970,151,4,3,18
4,1974,79,2,2,10
2,2023,20,1,1,22
4,1998,87,2,1,10
4,1975,120,3,2,10
3,2007,53,1,1,2
5,1967,140,3,3,17
0,1977,137,2,3,14
6,1970,174,2,3,14
3,1947,107,2,2,19
5,1981,97,3,2,17
1,1954,192,3,4,12
4,1949,194,3,5,21
3,2007,45,1,1,2
0,2010,50,1,1,11
7,1992,102,3,3,12
5,1995,86,2,3,22
2,2015,26,1,1,22
2,2015,25,1,1,22
4,2010,102,1,1,11
4,2010,97,1,1,11
0,2012,39,2,1,11
0,1960,135,2,3,14
0,1972,85,2,2,14
5,2007,52,3,2,2
0,2002,109,2,3,22
2,2022,32,1,1,14
0,2012,65,2,2,11
4,1979,146,4,4,2
6,1960,87,2,2,11
2,2023,20,1,1,22
2,2019,25,1,1,3
2,2019,23,1,1,3
1,1927,157,4,2,2
1,1937,208,3,4,22
0,2018,36,1,1,10
4,2010,102,1,1,11
4,2010,62,1,1,11
4,2010,63,1,1,11
4,2010,62,1,1,11
4,2019,29,1,1,11
4,2010,67,1,1,11
2,2019,71,1,2,10
0,1980,73,2,2,11
2,2019,70,1,2,10
3,1991,83,2,2,22
2,2019,48,1,1,10
2,2019,51,1,1,10
3,1995,87,2,3,22
2,2019,57,1,2,10
4,1930,266,3,4,19
3,1960,178,4,4,9
2,2020,25,1,1,15
5,1993,114,2,3,22
0,1983,102,2,3,22
0,1993,110,2,4,22
3,1953,163,4,2,14
3,1938,182,3,3,19
2,2022,33,1,1,14
2,2022,30,1,1,14
0,1999,77,2,3,22
2,2022,31,1,1,14
2,2022,26,1,1,14
2,2020,29,1,1,14
0,1979,107,2,4,14
0,1992,85,2,2,22
5,1988,126,2,3,22
2,2022,26,1,1,14
0,2003,73,3,3,9
3,1991,79,2,2,21
3,1953,160,3,2,16
3,1963,110,2,2,16
3,1953,156,3,3,16
3,1963,126,3,3,16
6,1988,104,3,3,22
2,2023,20,1,1,22
4,1949,177,3,4,2
3,1951,191,4,4,2
4,1996,129,2,3,23
0,1999,55,3,2,3
2,2020,28,1,1,2
2,2024,20,1,1,10
4,1991,122,3,4,23
6,2020,30,1,1,22
0,1940,158,3,4,19
6,2020,26,1,1,22
6,1940,138,3,3,19
0,1989,113,3,3,22
1,2002,89,3,2,2
0,1967,98,1,2,14
3,1961,141,2,3,14
2,2010,58,2,2,1
1,1993,112,3,3,2
1,2010,80,2,2,2
0,2000,49,1,2,14
2,1987,102,2,3,2
0,1967,101,2,2,14
0,2005,65,2,2,21
1,2019,36,1,1,2
4,1979,125,3,3,2
5,1980,128,3,3,2
6,1920,228,3,2,16
4,1970,152,4,2,10
4,1970,167,3,3,10
5,1995,76,3,1,17
1,1998,65,2,2,17
0,1999,66,3,1,17
0,1991,86,2,3,16
3,1940,150,3,3,18
0,1991,80,2,2,16
0,1997,67,3,2,17
0,1988,72,2,2,16
0,1997,68,3,2,17
0,1979,129,3,2,17
6,1985,83,2,2,16
6,1988,58,2,2,16
0,1990,86,2,2,16
0,1970,130,2,3,10
7,1972,159,3,4,22
7,1972,147,3,4,22
7,1985,112,2,3,22
0,1970,102,3,2,10
5,1968,164,3,4,22
0,1970,97,3,3,10
6,1956,168,4,3,10
5,1975,132,3,4,22
5,1979,97,3,3,22
6,1997,63,2,2,10
6,1961,100,3,2,20
3,1990,92,2,3,22
7,1942,162,3,3,22
0,1967,83,2,3,19
7,1964,170,3,3,22
7,1956,166,3,3,22
6,1947,101,2,3,19
0,1990,77,3,2,19
1,1956,190,2,3,22
0,1997,99,2,3,22
5,1928,212,2,5,14
3,1997,61,2,2,14
0,1965,140,3,4,22
2,2019,40,1,2,10
2,2022,32,1,1,14
2,2022,28,1,1,14
3,1955,156,4,3,14
2,2022,30,1,1,14
5,2008,69,2,3,22
6,1967,100,2,2,14
4,1979,134,4,3,2
2,2020,30,1,1,2
6,1931,264,3,3,17
0,1974,135,3,3,17
4,1934,199,4,5,9
0,1956,115,3,3,20
4,1965,167,3,3,10
3,2023,24,1,1,15
6,1989,91,3,1,17
6,1973,133,3,3,17
3,1945,175,3,2,15
0,1956,186,4,5,10
6,1956,150,4,5,10
7,1978,104,3,3,21
0,1956,126,4,4,10
0,1956,134,4,3,10
0,1956,145,4,6,10
0,1956,214,4,5,10
0,1956,149,4,6,10
0,1956,125,4,4,10
7,1991,105,2,2,21
0,1956,167,4,5,10
0,1956,130,3,4,10
2,2021,43,1,1,22
0,1980,99,3,4,11
0,2010,46,2,2,11
1,1936,201,3,4,22
0,1975,107,3,3,11
2,2020,24,1,1,15
1,1993,79,3,2,2
2,2020,31,2,2,2
3,1969,156,4,3,9
0,1993,125,2,4,22
1,1980,82,2,2,11
0,1993,111,2,4,22
1,1950,106,3,2,2
6,1957,88,3,2,19
0,1940,153,3,3,19
1,2022,34,1,1,11
4,1965,159,4,3,10
4,1941,189,5,5,9
0,1996,76,2,2,17
5,1982,126,3,2,17
1,1990,114,3,3,21
0,1990,98,2,2,15
0,1992,87,2,2,17
0,2001,55,2,2,17
4,1965,150,3,3,10
6,1989,77,1,2,15
6,1985,97,2,3,22
4,2009,78,2,2,11
0,1956,133,3,3,10
0,1956,155,3,5,10
0,1985,187,2,3,10
3,1974,135,3,2,2
6,1965,180,3,4,21
2,2005,140,2,3,22
2,2017,51,1,1,22
6,1989,95,3,3,19
2,2017,39,1,1,22
2,2017,50,1,1,22
1,1920,233,3,3,14
4,1976,164,3,4,23
3,1990,99,2,2,21
2,1987,82,2,3,22
2,2017,72,1,1,22
6,1988,90,3,6,19
1,1945,170,2,5,14
6,1997,67,3,2,19
4,1979,153,4,4,2
2,2022,26,1,1,10
4,1979,177,5,5,2
4,2002,112,3,3,2
0,1985,117,2,3,21
1,1989,124,3,3,2
2,2022,30,1,1,14
3,1985,127,3,3,21
3,1995,90,2,2,21
2,2022,30,1,1,14
4,1979,215,5,5,2
1,1980,111,2,3,11
1,2015,76,2,2,2
5,1935,230,3,6,2
4,1979,155,4,4,2
3,1995,87,2,3,21
0,1985,115,3,3,21
3,1940,226,4,3,19
4,1979,160,4,4,2
4,2015,60,1,1,10
0,1937,229,4,6,4
7,1970,121,2,3,22
0,1982,78,3,3,14
3,1986,108,3,2,19
3,1980,135,3,3,22
6,2006,99,4,2,10
1,1999,114,3,2,2
3,2000,71,2,2,19
2,2001,57,2,1,11
3,1963,163,3,3,2
3,1965,154,4,3,2
6,1956,138,3,3,10
3,1965,158,3,3,2
1,1968,141,3,3,13
2,2001,83,2,2,11
4,1971,200,3,4,10
2,2025,19,1,1,22
0,1944,137,2,2,10
0,2021,45,2,2,19
0,2006,65,2,1,19
2,2012,55,1,2,10
5,1999,51,1,2,22
0,1994,79,2,2,22
3,1974,85,2,3,10
6,1985,120,2,3,21
4,1979,144,4,4,2
0,1972,96,3,3,14
2,2020,35,2,2,2
0,1950,161,4,2,19
1,1980,89,2,2,11
5,1993,106,2,3,22
1,1920,246,4,4,11
5,2007,74,2,2,3
5,2009,57,2,2,2
5,1945,201,4,3,17
2,2001,59,2,2,11
5,1936,230,3,5,2
0,2005,80,2,2,22
1,1973,178,5,3,22
0,2005,54,2,2,22
6,1984,110,2,3,19
2,2013,79,2,2,10
5,1980,62,2,2,14
2,2012,92,2,3,10
2,2012,58,1,2,10
1,1933,200,2,5,14
0,1918,216,3,7,14
0,1985,117,3,3,21
2,2013,52,1,2,10
2,2024,22,1,1,22
2,2018,61,1,1,22
2,2017,59,1,1,22
0,1974,134,3,2,10
1,1980,102,2,2,11
1,1968,163,3,4,14
4,1979,138,4,4,2
0,2011,53,2,2,19
1,1966,159,4,3,18
6,1985,106,2,2,21
4,1969,169,3,4,19
2,2020,33,1,1,2
0,1998,102,2,3,22
1,1974,114,2,3,10
5,2007,93,2,2,2
1,2017,42,1,1,12
5,2007,85,2,2,2
3,2007,90,2,2,2
6,1926,221,3,3,15
0,1993,110,2,2,15
5,2007,74,2,2,2
0,1932,205,3,3,15
5,2007,79,2,2,2
6,1997,64,2,2,15
5,1991,105,3,3,14
5,2010,50,1,1,11
0,2005,62,1,1,22
0,2005,65,2,2,22
3,1980,160,3,2,10
6,1975,185,4,2,10
0,2005,49,1,1,22
0,2005,67,2,2,22
6,1967,146,3,2,2
0,2005,60,2,2,22
0,2005,54,1,1,22
0,2005,63,2,2,22
0,2005,56,2,1,22
1,1959,160,4,3,10
3,1983,120,2,3,21
2,2023,27,1,1,22
4,2010,67,1,1,11
4,2010,70,1,1,11
4,2010,69,1,1,11
4,2010,76,1,1,11
0,1965,115,3,3,10
4,1979,177,4,5,2
2,1991,137,2,2,19
2,2005,121,2,4,22
4,2002,83,3,3,2
1,2023,21,1,1,19
3,1947,174,4,3,14
2,1991,128,2,2,19
1,2018,32,1,1,22
0,1984,123,3,3,14
3,1974,216,3,3,10
2,2005,128,2,3,22
3,1967,196,4,4,12
2,2022,25,1,1,14
5,2007,68,2,2,2
3,1980,112,2,2,15
3,2008,59,2,2,2
2,2022,31,1,1,14
2,2022,32,1,1,14
6,1967,128,4,4,12
7,1980,135,3,3,22
4,2009,62,2,1,10
3,2007,57,2,2,2
6,1955,216,4,2,10
6,1975,164,4,2,10
6,1975,172,4,2,10
0,2000,81,2,2,22
7,1966,157,4,3,13
3,1985,167,3,2,10
3,1985,126,3,2,10
0,1990,107,3,2,10
2,2013,73,1,1,10
7,2006,63,2,2,13
3,1960,135,4,3,10
3,1990,65,2,2,14
5,2000,67,2,2,22
1,1970,90,3,3,2
5,2018,26,1,1,2
0,1983,97,3,3,2
0,1988,68,3,2,2
0,1974,121,3,3,2
4,1979,145,3,4,2
3,2008,45,2,1,2
3,2007,56,2,2,2
6,1998,74,2,2,22
4,1965,119,3,3,10
3,1940,130,2,2,19
3,2023,28,1,1,15
3,1957,105,2,2,19
3,2023,25,1,1,15
3,1947,110,3,2,19
0,2024,26,1,1,10
0,2000,105,2,2,22
0,2000,99,2,2,22
7,2008,45,2,1,17
0,2008,69,2,1,10
0,1995,80,2,1,10
6,1980,166,3,2,10
6,1970,184,4,2,10
0,1992,75,2,2,14
0,1954,162,2,5,14
2,2014,27,1,1,22
2,2010,55,2,2,10
2,2014,29,1,1,22
2,2022,28,1,1,2
2,2014,30,1,1,22
2,2014,28,1,1,22
2,2014,34,1,1,22
2,2020,25,1,1,22
2,2020,25,1,1,22
2,2020,25,1,1,22
2,2020,25,1,1,22
2,2020,25,1,1,22
7,1969,130,3,3,21
2,2014,25,1,1,22
2,2014,34,1,1,22
4,1979,145,3,4,2
4,1983,164,5,4,10
4,1979,130,3,3,2
7,1950,171,3,4,22
6,1974,136,3,4,10
6,1970,79,2,2,10
3,1974,129,3,2,10
3,1974,176,3,3,10
4,1979,139,3,4,19
3,2007,50,2,2,2
4,1950,200,4,4,10
3,2018,30,1,1,2
6,1962,171,4,4,18
4,1975,115,3,2,10
3,2022,29,1,1,2
4,2009,56,2,1,10
4,1950,154,3,3,10
6,1989,74,2,2,17
5,2003,68,2,2,22
5,2011,42,2,1,22
6,1956,135,4,4,10
0,1956,168,4,5,10
6,1956,128,3,4,10
6,1956,183,3,4,10
6,1970,130,3,3,10
7,1988,135,3,3,13
0,1956,190,4,5,10
6,1956,185,3,5,10
6,1970,83,2,2,10
0,1956,211,4,5,10
0,1999,78,2,2,21
2,2014,32,1,1,22
2,2015,43,1,1,22
5,1998,93,2,2,22
0,1996,104,2,3,22
3,1952,106,3,4,14
0,1979,128,4,3,19
3,1947,132,4,4,14
4,1983,183,5,5,10
4,1983,149,5,4,10
4,1983,158,4,3,10
0,2002,74,2,2,23
0,1985,123,4,2,10
7,1922,230,4,6,14
1,1977,132,3,3,12
3,2007,73,2,2,2
2,2020,29,1,1,2
0,1987,76,1,1,17
1,1980,121,3,3,12
1,1975,146,3,4,12
6,1978,101,3,3,17
1,1982,115,3,3,12
3,1940,129,3,3,19
1,1942,235,4,4,12
4,1974,165,3,3,10
4,1918,283,5,8,2
6,1940,152,5,4,19
0,1965,202,4,2,10
0,1913,198,5,5,19
0,1985,75,2,3,2
0,1979,89,3,3,2
6,1982,113,3,3,21
0,1956,185,4,3,10
6,1912,195,5,4,19
0,1969,146,4,4,2
2,2020,37,2,2,2
2,2019,50,2,3,10
0,1995,97,2,2,18
0,1940,190,3,5,18
6,1914,178,4,4,13
6,1950,159,3,3,18
6,1940,124,3,3,18
3,1946,116,2,1,20
6,1940,132,2,2,18
6,1940,112,2,2,18
6,1940,119,3,2,18
6,2025,25,1,1,18
6,1940,116,2,3,18
6,1930,273,4,6,18
3,1956,98,2,3,20
6,1961,228,3,3,18
6,1910,252,3,5,18
4,1995,135,3,3,20
1,1904,203,4,4,19
1,1990,92,3,3,21
3,1967,142,3,3,5
3,1960,127,3,3,11
2,2008,82,2,1,19
1,1997,81,3,2,2
1,1950,123,2,2,2
0,1970,135,2,4,5
0,1986,104,2,3,23
6,1996,80,2,2,23
0,2005,66,2,2,21
2,1993,146,3,3,20
0,1995,100,2,2,21
6,1989,93,2,3,23
6,1964,136,3,4,5
6,1963,133,3,4,5
0,1983,121,3,3,2
2,2020,33,2,2,2
3,2010,52,2,2,3
4,1979,157,3,3,2
5,2023,19,1,1,18
7,1950,166,3,3,12
5,1991,86,2,2,18
1,1950,188,5,3,2
5,1924,263,6,6,2
5,2008,55,2,2,18
5,1948,228,4,4,18
1,1953,189,4,4,2
5,1950,99,3,5,18
5,1930,295,4,4,18
5,1967,161,4,3,18
0,1947,137,3,3,18
1,1987,127,3,3,2
0,1951,165,3,4,5
7,1940,123,3,2,19
1,1983,66,3,2,2
0,1970,178,3,2,21
6,1990,71,2,2,5
1,2000,78,3,2,2
6,1992,80,2,3,5
6,1975,82,2,2,10
0,1998,70,2,2,5
7,1957,94,2,2,19
1,1955,115,3,2,2
5,1963,129,3,4,15
1,1941,210,6,3,2
5,1995,90,4,2,2
0,1973,144,3,4,12
0,1988,97,4,2,2
5,1971,145,5,4,2
5,2000,70,5,1,2
0,1988,98,4,2,2
0,1998,73,3,1,2
5,2002,56,1,2,19
5,1964,162,5,5,2
3,2007,66,2,2,2
0,1994,81,4,2,2
5,2007,63,1,2,2
6,1990,120,2,3,21
6,1990,96,2,2,11
7,1950,190,3,4,19
1,2010,58,3,2,2
6,1990,76,2,2,11
4,1958,202,4,5,22
4,1985,113,3,4,22
3,2010,65,1,1,11
4,1982,139,4,4,22
0,1994,82,2,2,5
7,1957,96,2,2,19
4,1985,123,3,4,22
6,1970,193,3,3,21
4,1955,205,4,5,22
0,1993,81,2,3,5
3,2010,60,1,1,11
7,1986,77,2,2,21
4,1972,163,4,4,22
6,1957,109,3,2,18
0,1987,48,1,2,15
6,1950,192,4,4,18
2,2008,46,2,1,22
2,2020,30,1,1,2
6,1957,81,3,2,18
6,1947,94,1,1,18
6,1940,196,3,4,18
6,1957,66,2,1,18
2,2021,20,1,1,22
6,1940,124,3,2,18
1,1957,91,2,2,19
6,1950,186,3,3,18
2,2021,20,1,1,22
1,1992,47,1,1,19
6,1970,99,3,2,18
6,2006,29,1,1,18
6,1957,79,2,1,18
6,1967,63,2,2,18
2,2024,24,1,1,10
6,1910,265,3,5,18
6,1947,105,3,3,18
0,2003,65,4,1,2
1,2021,29,1,1,12
0,2006,57,3,1,2
0,1927,251,5,6,2
5,1982,124,4,3,2
3,2007,73,2,2,2
7,1945,174,4,5,3
0,1967,160,4,4,2
0,1991,77,2,2,21
1,1987,112,3,3,12
0,1998,78,5,1,2
3,1956,137,6,2,3
2,2020,29,1,1,2
0,1996,88,2,3,5
3,2010,72,1,1,11
0,1997,81,2,3,5
6,1964,100,4,2,2
7,1940,119,3,2,19
7,1940,120,2,3,19
0,1979,97,2,2,16
6,1988,100,3,3,22
3,1990,95,2,2,22
0,1957,146,4,3,18
1,1940,148,4,3,19
6,1957,109,3,2,18
6,1915,271,5,3,18
6,1990,81,2,2,18
6,1980,82,2,2,18
3,1956,104,3,3,20
2,2022,23,1,1,8
6,1927,186,4,3,18
6,1961,176,4,4,18
6,2003,58,2,1,18
6,1960,171,3,4,18
6,1940,131,2,3,18
6,1968,130,4,3,18
0,1998,76,4,2,2
5,1968,164,2,3,2
5,1982,115,4,3,2
5,1992,87,4,2,2
1,1951,208,3,3,12
1,2001,64,2,1,12
5,1994,83,3,2,2
5,1976,131,4,3,2
3,1947,116,3,2,19
5,2007,62,2,2,2
3,1947,120,2,3,18
1,1910,176,5,4,2
5,1990,96,4,2,2
1,1988,86,2,2,12
1,1918,243,5,4,2
1,1963,138,3,3,2
1,1979,126,3,3,12
2,1993,147,2,3,5
1,1947,117,2,3,19
5,2001,77,2,2,5
1,2000,85,2,2,2
7,1940,130,2,3,19
5,2005,54,2,2,5
1,1940,132,2,3,19
1,1986,99,3,2,2
6,1963,166,3,3,18
0,1996,59,2,2,18
2,2022,24,1,1,8
1,1983,112,3,3,18
1,1920,289,4,5,18
1,1935,260,4,4,18
6,1978,104,3,3,2
0,2020,36,2,2,2
1,1953,195,3,4,12
1,1973,145,3,3,12
1,1950,118,3,3,2
1,1997,74,2,2,12
3,1965,129,4,3,3
1,1964,172,4,3,12
1,2003,63,2,3,2
2,1993,160,3,3,20
1,2001,81,2,2,12
5,1936,233,5,5,2
3,2007,87,2,2,2
3,1958,145,4,3,3
2,1993,168,3,3,20
2,2009,57,1,1,22
3,2007,58,2,2,2
7,1954,154,3,5,3
5,2007,50,2,2,2
2,1998,138,2,3,20
0,1982,125,3,3,5
0,1993,80,2,3,5
0,1960,152,3,5,5
1,1947,100,2,3,19
7,1976,139,3,4,12
3,1972,158,3,3,21
1,1964,168,3,3,12
0,1996,85,3,4,5
3,2008,83,2,2,15
3,1940,132,4,2,11
1,2008,60,1,1,18
7,1965,155,3,3,21
1,1940,239,4,4,18
1,1959,192,3,3,18
1,1940,223,4,5,18
1,1945,205,3,4,18
1,1955,185,4,3,18
1,1947,217,3,4,18
1,1983,109,3,3,18
1,1945,215,5,2,18
1,1977,150,3,4,12
5,2007,47,1,1,2
0,1990,76,5,2,2
5,1965,166,4,5,2
5,2007,58,2,1,2
3,1947,102,2,2,19
0,1993,75,2,2,13
0,1979,124,3,4,12
3,1947,108,2,3,19
0,1979,135,3,4,12
0,1971,156,4,4,12
3,2007,65,1,2,2
0,1973,150,4,4,12
0,1971,156,4,3,12
1,1955,126,3,3,2
3,1952,151,4,3,3
0,2002,76,3,2,2
0,1979,103,3,3,5
0,1974,150,2,3,21
0,1931,138,3,3,16
3,1940,164,4,4,11
3,1940,138,4,3,11
3,1980,91,2,2,14
6,1941,184,4,6,15
4,1950,166,3,6,15
3,1947,116,3,2,19
5,1981,112,3,3,15
5,1982,114,3,4,22
0,1978,134,4,4,12
3,2007,93,3,2,2
7,1982,134,4,3,12
3,1940,166,3,4,19
0,1993,85,2,3,5
6,2003,78,2,2,22
3,1947,112,1,1,19
0,1966,131,3,3,5
7,1972,120,3,3,12
7,1962,197,4,5,12
0,1964,139,3,3,5
6,1984,109,2,2,21
0,1993,78,2,2,5
0,1960,167,3,3,18
0,1955,126,4,3,2
6,1980,121,2,2,21
6,1980,106,2,2,21
0,1910,268,3,3,18
0,2025,18,1,1,18
6,1940,109,3,3,18
0,1950,182,5,6,18
7,2000,99,2,2,10
0,1984,82,2,3,23
7,1960,154,3,5,11
2,2023,25,1,1,2
3,1957,107,2,2,14
3,1947,99,2,3,19
3,1962,123,3,3,14
6,1929,216,4,7,15
0,1947,152,3,4,19
3,1977,73,1,1,19
1,1965,106,3,3,2
1,1965,138,4,3,2
4,1935,218,4,4,11
1,1968,165,3,4,12
1,1920,139,4,2,2
0,1995,99,3,2,16
1,1950,103,3,3,2
1,1963,174,3,3,12
3,1957,88,2,2,19
6,1983,70,2,2,16
7,1981,92,2,2,3
0,2018,34,1,1,16
0,1950,188,4,4,18
5,1947,122,3,3,19
0,1990,101,2,2,5
0,1965,96,2,2,18
0,1968,153,4,3,18
0,1965,122,2,1,18
0,1993,48,2,3,18
0,1973,130,4,3,18
0,1930,258,4,5,18
5,1947,114,2,3,19
0,1990,99,3,3,18
1,1940,117,2,3,18
0,1970,136,4,3,18
0,1965,138,4,2,18
0,1977,73,2,2,18
0,1960,150,2,2,18
0,1968,119,3,3,18
0,1920,282,4,8,18
7,2004,48,2,2,12
0,1920,274,4,6,18
7,1960,137,3,4,11
3,1960,110,2,2,11
3,1940,176,4,5,11
3,1947,150,2,3,14
0,1957,100,2,3,18
5,1995,91,2,3,15
6,2008,59,2,2,15
4,1986,95,3,3,15
2,2020,40,2,1,2
1,1963,165,3,4,12
3,1988,81,1,1,19
0,1957,109,3,3,15
3,1962,138,3,2,3
0,1962,73,2,2,16
3,1956,150,4,3,3
3,1940,148,2,3,19
3,1955,148,4,3,3
7,1962,138,4,4,3
3,1940,121,3,3,19
3,1998,58,2,2,3
3,1950,184,4,4,19
0,1925,202,4,5,18
0,1960,126,3,3,18
0,1940,145,3,3,18
0,1910,240,2,3,18
0,1940,142,3,3,18
0,1940,150,3,3,18
0,1982,94,3,1,18
0,1960,166,4,3,18
7,1950,137,3,3,12
0,1993,81,2,3,5
0,1940,155,3,4,18
0,1940,144,3,3,18
0,1940,185,3,4,18
5,1965,131,3,3,2
0,1930,199,4,3,18
0,1940,167,3,4,18
0,1940,154,3,3,18
1,1905,164,3,3,19
0,1917,186,4,3,18
3,1975,100,2,4,11
3,1960,146,4,4,11
0,1983,118,3,2,11
7,1960,159,4,4,11
7,1960,167,3,4,11
7,1960,146,3,4,11
0,1996,70,3,2,20
1,1937,192,4,3,15
4,1992,173,5,5,11
6,1947,114,3,3,19
4,1992,139,4,5,11
7,1992,67,2,2,14
0,1947,99,2,3,18
0,1940,141,2,3,18
3,1940,139,3,4,19
0,1982,58,2,2,15
7,1989,74,2,2,3
3,1963,137,3,3,3
0,2016,50,2,1,17
3,1947,138,3,3,19
7,1969,120,3,4,3
1,2001,74,2,2,12
3,1957,98,2,3,19
3,1940,112,3,4,19
7,1934,196,3,5,3
3,1940,121,3,3,19
0,2006,46,3,2,18
7,1970,118,3,4,3
0,1975,103,2,2,10
7,1947,129,2,2,19
1,1970,151,2,2,10
3,1940,130,2,4,19
3,1966,125,3,2,3
1,1977,130,2,4,12
0,1940,136,4,3,18
5,2002,88,3,3,2
0,1977,90,3,3,18
1,1940,114,3,3,19
0,1921,180,3,4,18
0,1940,112,2,2,18
0,1940,155,2,2,18
0,1940,153,3,2,18
0,2005,76,2,1,10
0,1940,167,3,3,18
0,1940,149,4,2,18
0,1950,173,3,2,18
0,1991,93,2,3,21
0,1947,121,3,3,18
0,1947,110,3,2,18
0,1957,75,2,2,18
3,1947,120,4,4,14
2,2020,50,2,2,5
0,1975,124,2,2,10
5,1914,212,5,5,14
0,1975,126,2,2,14
1,1965,135,3,2,22
7,1985,160,3,3,21
1,1957,170,3,4,22
1,1940,212,3,4,22
7,1992,93,2,2,22
3,2005,48,2,1,21
1,1997,98,2,2,12
3,1947,109,3,3,19
7,1985,83,2,2,3
3,1940,151,3,3,19
1,1965,159,3,2,10
3,1940,140,3,4,19
3,1940,117,3,4,19
1,2022,26,1,1,2
4,2022,72,2,2,2
3,1940,153,3,3,19
7,1977,100,2,3,3
3,1940,170,4,3,19
2,2011,60,1,2,10
0,1947,120,3,2,18
0,1940,150,3,2,18
5,1985,78,2,3,22
0,2006,59,2,2,21
0,1947,137,3,3,18
0,1940,129,3,3,18
1,2021,29,1,1,2
0,1940,137,3,4,18
6,1985,108,3,3,21
1,2019,27,1,1,2
3,1960,167,2,4,18
0,1940,137,3,3,18
6,1985,110,2,3,21
2,2015,47,1,1,10
3,1960,151,3,3,18
0,1947,114,3,2,18
5,2003,41,2,2,22
0,1947,97,3,2,18
0,1940,150,3,3,18
0,1940,131,2,3,18
2,2015,58,1,2,10
0,1957,113,3,3,18
0,1957,81,2,2,18
2,2014,64,1,2,10
1,1980,106,2,2,18
1,1968,133,2,2,18
4,1979,130,4,3,2
0,1940,204,5,5,2
1,2000,83,2,2,2
7,1959,203,3,6,12
7,1960,155,4,5,11
2,2015,58,1,1,18
7,1992,114,3,2,22
2,2021,29,1,1,18
2,2022,30,1,1,18
0,1991,58,2,2,17
2,2005,127,2,2,18
2,2025,24,1,1,18
0,1982,114,2,3,22
2,2019,41,1,1,18
2,2019,35,1,1,18
2,2023,27,1,1,18
2,2020,48,1,1,18
0,1955,150,4,4,2
6,1967,92,2,2,15
7,1940,142,3,4,19
0,1975,114,3,3,10
7,1940,166,2,3,19
3,1990,144,3,4,11
6,1942,135,2,3,15
5,1995,45,2,1,22
2,2014,59,1,2,10
0,1947,109,3,2,18
0,1940,156,3,3,18
2,2014,42,1,1,10
6,1995,94,3,2,10
0,1960,176,3,3,18
0,1945,244,4,6,18
1,2019,28,1,1,2
2,2014,56,1,2,10
1,1950,150,3,3,2
1,2023,23,1,1,2
0,1920,202,4,4,18
0,1940,116,3,2,18
0,2004,76,2,3,18
1,1990,110,2,2,12
4,1965,154,3,2,10
5,1995,53,2,2,22
0,1957,122,3,3,18
1,1986,112,2,3,12
1,1935,187,3,3,18
4,1993,186,3,6,12
7,1960,133,4,3,11
0,2006,57,3,2,10
7,1960,160,4,5,11
0,1971,89,2,3,17
2,2020,56,1,1,18
5,1979,121,2,2,17
2,1977,148,2,2,18
0,1960,144,4,3,2
0,1940,113,3,3,2
3,1963,158,3,3,16
0,1991,92,2,3,22
3,1963,123,3,3,16
3,1963,161,3,3,16
6,1960,137,5,4,2
0,1910,229,4,5,2
0,1982,99,3,2,5
0,1957,130,3,5,15
6,1907,204,3,5,15
7,1940,157,3,3,19
0,1957,97,3,2,19
1,1966,165,3,3,12
0,1957,89,2,2,18
1,1960,177,3,4,12
3,1956,121,3,3,20
0,1982,114,3,3,21
0,1940,134,3,3,18
0,1966,115,3,3,20
1,1962,187,4,4,12
0,1967,73,2,2,18
5,2004,59,2,2,21
3,1956,93,2,2,20
0,1940,118,3,2,18
2,2014,77,2,2,10
1,1995,93,2,2,12
0,1967,70,2,2,18
1,1941,210,4,5,12
1,1940,146,3,3,19
1,1998,87,2,2,12
1,1996,94,3,2,12
5,2000,33,2,1,22
0,1957,76,2,2,18
5,1998,43,2,2,22
5,2018,30,1,1,10
3,1940,187,4,3,18
2,2024,21,1,1,2
3,1960,127,4,4,11
1,1948,199,3,4,23
3,1960,112,3,4,11
0,2002,64,1,1,12
0,1996,81,2,3,22
4,1988,133,4,4,2
0,2004,61,2,2,22
0,1985,111,3,2,10
4,1983,162,3,5,2
3,1983,72,2,1,17
2,2020,32,2,2,2
5,2010,98,2,3,5
2,1995,107,1,2,5
5,2009,59,2,1,5
6,1947,103,3,3,19
0,1940,141,2,3,18
6,1980,111,3,2,21
0,2017,39,1,1,18
0,1940,139,3,2,18
0,1940,185,3,3,18
0,1980,73,2,2,18
0,1930,223,3,4,18
0,1940,120,3,3,18
6,1984,83,2,2,21
0,1947,99,2,2,18
0,1940,150,3,4,18
0,1940,160,3,4,18
6,1980,119,2,2,21
5,2002,35,2,2,22
3,1960,94,3,3,11
1,1980,96,2,2,22
5,1974,113,2,3,16
4,1979,157,4,4,2
2,2012,71,2,2,2
4,1979,166,4,4,2
0,1973,100,3,3,18
2,2007,64,1,2,19
5,1968,158,6,3,2
1,2014,53,2,2,2
6,1940,115,3,2,19
3,1913,251,4,4,15
3,1914,255,4,5,15
7,1979,131,4,4,19
3,1919,233,4,3,15
0,1902,189,3,4,18
0,1947,105,3,2,18
0,1940,158,3,3,18
6,1973,122,3,3,5
0,1940,130,3,2,18
0,1947,119,3,3,18
0,2012,47,1,1,18
0,1903,195,3,4,18
1,1968,147,3,3,2
7,1946,189,4,5,20
6,1997,50,2,2,21
0,1992,90,2,2,18
1,1907,164,3,3,19
0,2005,77,2,3,18
3,1956,121,2,2,20
3,1956,148,4,3,20
1,1974,125,3,3,20
4,1971,125,4,4,4
4,1973,112,4,2,4
7,2008,58,2,2,3
5,1992,98,2,3,13
0,1969,153,4,4,19
2,2018,59,2,1,22
0,1988,93,3,3,23
3,1940,128,3,3,18
0,2015,33,1,1,23
4,2023,20,1,1,19
3,1935,206,4,4,18
1,1975,115,3,2,2
3,1940,138,3,3,18
3,1947,185,3,2,18
3,1977,70,3,2,18
1,1930,140,4,3,2
1,1920,183,5,3,2
3,1957,108,3,2,18
1,1975,158,4,3,2
3,1940,156,2,2,18
3,1957,103,3,2,18
1,1950,135,4,2,2
3,2005,80,2,2,18
3,1967,80,2,2,18
1,2002,78,3,2,2
3,1957,115,2,2,18
3,1937,248,4,5,18
1,1989,93,3,2,2
3,1997,89,2,2,18
3,1965,165,4,4,18
3,1994,86,2,2,18
0,2012,38,1,1,19
4,1937,208,4,5,13
4,1937,198,4,5,13
4,1947,186,4,5,13
0,1979,116,3,3,1
2,2012,66,2,2,4
7,1940,162,3,4,18
7,1983,64,3,2,18
5,1968,170,3,4,21
0,1980,109,3,3,1
3,1985,88,2,1,11
5,1948,187,3,4,16
7,1970,112,2,3,11
3,1970,88,2,2,11
1,1940,142,3,4,19
2,2018,41,2,1,22
1,2003,70,2,1,19
6,1957,144,3,2,9
1,1940,155,3,2,19
1,1940,172,3,3,19
3,1940,151,3,3,18
3,1940,152,3,3,18
3,1937,224,3,4,18
7,1968,181,3,4,21
3,1940,170,3,2,18
2,2021,35,2,1,1
3,2009,62,1,2,21
3,1977,84,2,2,18
3,1994,71,2,2,18
3,1940,172,3,2,18
3,1978,132,3,3,21
3,1965,158,3,3,18
3,1975,136,3,2,18
3,2012,50,2,2,18
3,1940,121,3,2,18
3,1950,177,3,4,18
3,1940,119,3,2,18
2,2011,79,2,2,1
7,1998,63,2,2,21
3,1940,170,3,3,18
7,1978,164,3,3,21
7,1989,112,2,2,21
3,1940,129,2,3,18
2,2012,47,2,2,1
3,1957,99,2,2,18
7,1940,169,4,3,19
2,2010,43,2,2,1
2,2019,32,1,1,1
6,2014,37,1,1,18
2,2012,62,3,2,1
0,1980,137,2,3,21
0,1979,105,3,3,1
4,1961,185,4,5,1
0,1986,100,2,3,21
0,1980,129,3,3,21
0,1993,86,2,3,23
0,1980,120,2,3,21
0,1980,134,2,3,21
0,1986,106,2,3,21
0,1960,107,3,3,18
6,1985,122,2,2,21
0,1987,97,2,1,19
2,2017,46,2,1,1
0,1988,82,3,3,9
4,1979,158,4,4,2
4,1921,232,4,5,9
7,1967,75,2,2,18
1,1947,119,2,2,19
1,1940,147,3,3,19
1,1996,79,2,2,19
4,1979,162,4,3,2
7,1985,87,2,2,9
4,1979,166,4,4,2
3,1996,61,2,2,16
3,1940,162,3,4,18
6,1987,103,2,2,21
6,1990,94,2,2,21
3,1940,163,2,3,18
3,1940,162,2,3,18
3,1973,145,2,2,21
3,1940,170,2,4,18
3,1940,133,2,3,18
3,1940,146,4,3,18
1,1940,131,3,3,19
7,1988,97,2,2,18
3,1990,85,3,2,1
7,1940,128,3,2,18
7,1940,234,5,4,18
7,1940,167,4,3,18
1,2005,64,1,1,19
7,1930,266,3,4,18
7,1972,156,3,3,18
0,1996,42,1,1,10
2,2022,22,2,1,1
0,2008,46,2,1,19
1,1967,68,2,1,19
4,1979,154,4,4,2
0,1998,60,2,2,13
0,2007,45,2,2,13
0,1977,82,2,2,19
0,2008,57,1,1,19
0,1957,99,2,3,19
0,1981,97,3,3,1
0,1965,139,3,3,19
0,1990,81,3,2,1
2,2020,20,1,1,21
0,1985,96,1,1,19
2,2020,20,1,1,21
2,2018,20,1,1,21
2,2018,24,1,1,21
2,2020,20,1,1,21
2,2020,20,1,1,21
2,2018,26,1,1,21
1,1927,138,3,3,2
2,2020,20,1,1,21
0,1991,87,6,3,19
7,1970,171,5,5,2
0,1986,78,2,2,19
2,2017,21,1,1,21
0,1936,202,4,6,13
0,1997,83,3,3,2
1,1987,89,3,3,13
4,1963,146,4,3,4
0,1984,108,3,2,2
1,1955,185,3,4,20
0,2008,64,2,3,13
6,1929,252,4,5,2
0,1975,123,2,3,21
2,2022,28,1,1,1
0,1999,60,2,2,23
2,2020,20,1,1,21
2,2017,22,1,1,21
2,2017,20,1,1,21
2,2023,20,1,1,21
0,1942,154,3,4,15
0,1965,163,4,5,2
4,1983,95,3,3,4
4,1974,117,3,3,4
0,1975,184,3,3,21
0,1975,150,2,3,21
0,1960,151,2,3,21
0,1960,160,3,3,21
0,1960,128,2,2,21
0,1960,142,2,3,21
0,2000,121,2,2,21
2,2024,20,1,1,20
0,2003,53,2,1,21
0,1975,110,2,3,21
0,1960,131,3,3,21
0,2006,37,1,1,2
3,1947,150,3,4,19
0,1975,142,3,3,21
6,1980,125,3,3,21
3,1940,163,3,4,19
6,1985,102,2,2,21
6,1985,106,2,3,21
7,1946,168,4,4,2
0,2003,55,2,1,19
0,1985,139,3,4,10
2,2014,63,2,2,1
0,1995,55,2,1,18
1,1920,223,4,5,11
1,1920,208,4,4,11
1,1920,182,4,5,11
1,2022,28,1,1,11
1,1980,117,3,3,11
1,1920,254,4,5,11
3,2005,54,1,1,18
3,1957,161,3,3,18
3,1947,196,3,4,18
1,1930,192,3,3,19
3,1937,230,3,4,18
3,1957,190,4,3,18
3,1937,202,3,3,18
4,2002,80,2,2,23
3,1940,155,3,3,18
0,1939,186,3,3,19
3,1957,74,2,2,18
3,1940,139,3,3,18
3,1947,98,2,2,18
3,2014,43,1,1,18
3,1940,152,3,3,18
3,1940,122,3,2,18
3,1940,126,3,3,18
0,1960,129,3,3,21
0,1960,110,2,3,21
0,1975,76,2,2,21
5,1986,179,4,4,13
0,1960,98,2,2,21
0,1960,101,2,3,21
0,1960,99,2,3,21
0,1960,107,2,3,21
0,1960,112,2,2,21
0,1960,121,2,2,21
0,1999,60,2,2,21
6,1992,64,2,3,21
1,1920,234,4,5,11
1,1920,205,4,5,11
3,1940,129,3,3,18
1,1920,198,4,5,11
3,1995,87,3,2,23
0,1940,113,3,2,18
1,1920,202,4,5,11
1,1920,240,4,6,11
3,1994,95,3,3,23
7,1991,106,2,3,23
7,1973,144,3,4,23
3,1999,76,2,2,23
5,1990,68,2,2,18
1,1940,155,3,2,19
1,1957,122,2,2,19
3,1940,164,3,4,18
1,1940,159,2,3,19
1,1940,145,3,3,19
3,1947,101,3,3,18
3,1940,149,3,3,18
5,1933,143,4,3,14
3,1950,165,4,3,18
2,2019,35,1,1,11
2,2006,95,2,2,11
6,1956,293,4,4,13
2,2006,119,1,2,11
0,1988,147,4,2,13
2,2014,56,2,2,1
4,2022,41,1,1,13
1,1993,135,4,4,13
2,2020,31,1,1,13
1,1920,203,4,4,11
1,1920,188,4,4,11
6,1980,112,3,3,17
1,1920,176,4,4,11
1,2022,32,1,1,11
6,1999,60,2,2,20
7,1951,220,3,4,23
1,1947,226,3,5,23
2,2013,54,2,2,21
7,1993,80,2,2,23
1,1978,152,3,3,21
7,1953,214,3,3,23
7,1955,204,4,5,23
1,1963,214,4,3,21
7,1947,229,4,5,23
7,1990,84,2,2,21
0,1980,115,2,3,21
3,1940,146,2,3,18
3,1940,142,2,3,18
2,2010,35,2,2,1
3,1940,166,3,5,18
3,1957,95,3,2,18
7,1948,99,3,2,14
3,1940,118,2,2,18
3,1947,103,2,2,18
0,1940,153,2,3,19
3,1947,109,3,3,18
5,1908,96,4,2,14
3,1940,151,4,4,18
6,1975,87,2,2,10
3,1967,96,3,3,18
4,1960,184,3,4,10
7,1978,129,2,2,21
7,1981,148,4,2,21
1,1990,87,2,2,23
2,2013,61,1,2,11
0,2006,39,2,1,3
2,2008,81,1,2,11
6,1953,186,3,4,21
3,1950,138,3,3,11
3,1993,82,2,2,21
2,2020,41,2,1,11
0,1985,99,2,2,21
3,1974,148,3,3,21
1,1964,206,4,3,21
2,2018,39,1,1,23
7,1988,110,3,3,23
1,1988,96,2,2,21
1,1988,91,2,2,21
2,2021,27,1,1,21
7,1955,216,3,3,23
3,1940,139,3,3,19
7,1963,174,3,4,23
0,2000,73,2,1,23
4,1974,140,3,3,10
1,1981,118,2,2,21
1,1994,79,2,2,21
1,1980,151,2,2,21
4,2010,83,2,1,23
7,1959,212,3,5,23
3,1947,150,4,3,18
3,1950,163,3,3,18
3,1960,173,3,3,18
5,1947,102,2,3,19
3,1940,146,3,4,18
3,1940,141,3,3,18
3,2014,32,1,1,18
3,1950,191,4,3,18
7,1981,122,2,2,21
3,2010,84,2,2,18
4,1953,161,4,5,15
0,1985,112,1,1,19
3,1940,128,2,3,18
0,1926,225,4,5,13
0,1945,179,4,4,13
3,1947,161,3,3,18
3,1936,254,4,3,18
3,1950,169,4,2,18
0,1975,78,2,2,10
3,1957,98,2,2,18
3,1935,225,5,4,18
3,1935,241,3,3,18
1,1999,83,2,3,21
1,2004,60,2,2,21
1,1988,77,2,2,21
1,1987,71,2,2,21
0,1965,135,4,3,1
2,2020,48,2,2,2
1,1954,208,4,3,21
5,1986,103,2,3,21
1,1916,276,3,5,2
6,1997,60,2,2,4
7,1987,91,2,2,21
1,1988,90,2,2,21
0,1985,50,2,3,19
2,2019,47,2,2,21
2,2023,29,1,1,21
1,1981,83,2,2,21
2,2020,25,1,1,23
1,1991,95,2,2,21
1,1990,94,2,2,21
3,2002,75,2,2,23
3,2002,71,2,2,23
0,1975,90,2,3,10
4,2011,47,1,1,10
3,1940,153,3,3,18
3,1968,111,4,2,18
3,1950,175,4,2,18
4,2011,53,1,1,10
3,1940,118,3,3,18
3,1965,174,3,4,18
3,1950,184,4,3,18
3,1947,136,3,2,18
3,1940,127,3,3,18
3,1940,158,3,3,18
3,1957,100,2,2,18
1,1953,156,3,2,16
3,1940,148,2,2,18
1,1966,128,2,2,16
1,1956,158,3,2,16
1,1993,55,2,2,21
2,2008,51,1,2,11
5,1973,139,3,3,2
1,1993,70,2,2,21
1,1996,61,2,2,21
4,1993,115,3,3,13
4,2002,83,2,2,13
4,1981,132,3,5,13
7,1987,90,2,2,21
7,1987,82,0,2,21
7,1992,93,2,2,21
7,1992,79,2,2,21
7,1987,79,2,2,21
0,1956,153,4,3,4
2,2018,48,1,1,10
3,1991,100,2,3,23
2,2011,57,2,2,21
2,2021,27,1,1,21
1,1966,163,3,2,21
7,1959,188,3,5,23
3,2000,81,2,2,23
2,2021,21,1,1,21
5,1985,110,3,3,22
4,1974,79,2,2,10
1,1984,101,2,2,21
2,2020,40,1,1,21
1,2009,67,2,2,21
1,2007,69,1,2,21
1,1968,189,2,3,21
3,1947,113,3,2,18
3,1947,108,3,2,18
3,1940,145,4,3,18
3,1947,105,2,2,18
0,1968,152,3,4,21
3,1940,142,3,4,18
3,1940,140,3,2,18
0,1972,145,3,4,21
6,1988,87,2,3,21
0,1975,136,3,3,21
3,1978,106,3,2,16
6,1970,142,3,3,18
4,1977,138,3,5,13
0,2003,87,2,2,22
5,2009,55,2,1,2
2,2021,40,1,1,10
0,1990,77,3,2,4
0,2005,64,1,2,2
7,2009,82,2,2,20
7,1981,136,2,2,21
0,2015,29,1,1,19
5,2002,52,1,1,11
2,2023,29,1,1,21
4,2022,31,1,1,23
2,2011,83,2,2,21
2,2011,87,2,2,21
1,1970,126,2,3,18
2,2011,87,2,2,21
2,2014,74,2,2,21
7,1986,84,1,1,21
3,1971,59,2,2,16
3,1957,105,3,3,18
0,1960,162,2,3,19
3,1977,61,2,1,18
3,1933,132,3,4,16
3,1940,123,2,2,18
3,1952,167,4,3,13
3,1967,95,3,2,18
0,1960,155,2,2,19
3,1950,94,3,2,16
6,1979,128,3,3,3
3,1964,167,3,3,21
0,1945,215,4,5,3
2,2022,18,1,1,1
5,1980,188,4,4,18
4,1979,158,3,3,18
2,2014,39,2,1,1
0,1964,162,4,5,3
4,1954,178,3,4,18
2,2013,70,2,2,11
4,1980,123,3,3,10
3,1997,101,2,3,4
2,2019,40,1,1,10
0,1996,78,4,2,2
6,1978,78,3,2,2
6,2021,24,1,1,2
3,1959,197,3,4,21
3,1950,103,3,2,16
4,1964,128,2,4,16
3,1975,116,2,3,17
0,2007,58,2,2,21
3,1951,93,2,2,16
3,1975,123,2,2,17
3,1947,117,3,2,18
3,1977,75,3,2,18
3,1940,159,4,3,18
3,1947,101,1,1,18
1,1948,169,2,2,16
1,1949,165,2,4,16
3,1957,77,2,2,18
7,1969,124,2,3,16
3,1967,70,2,2,18
7,1975,109,3,2,16
0,1924,268,5,5,3
2,2015,55,1,2,11
0,1983,123,4,3,3
1,1949,203,4,5,3
6,1992,73,3,2,1
6,1960,117,2,4,10
2,2015,51,1,2,21
2,2019,38,1,1,10
6,1978,69,2,3,2
0,1992,49,2,2,2
2,2020,34,1,1,21
2,2019,33,1,1,10
2,2018,18,1,1,11
0,1978,134,2,4,2
5,1966,155,4,5,1
6,1960,120,2,2,18
3,1957,84,3,2,18
3,1940,148,3,3,18
3,2005,60,2,2,16
3,2005,69,2,2,18
7,1963,135,2,3,16
3,1940,146,3,3,18
3,1969,121,2,3,18
3,1957,92,2,2,18
1,1970,103,4,2,2
3,1947,129,2,3,18
1,1940,139,3,3,18
7,1967,169,3,3,21
0,2007,74,2,2,13
3,1947,131,2,2,18
0,2020,25,1,1,21
2,2019,56,1,1,10
2,2018,51,1,1,21
4,1967,139,3,4,13
4,1957,149,4,4,13
4,1952,152,4,4,13
2,2015,43,1,2,21
2,2019,49,1,1,10
2,2018,32,1,1,10
0,1993,74,2,2,2
4,1979,66,3,3,10
1,1914,245,4,6,14
1,2017,33,1,1,2
1,1989,96,3,3,2
1,1967,114,3,2,2
2,2020,87,1,1,2
0,1950,172,2,3,18
1,1985,87,2,2,2
3,1977,58,2,2,18
3,1940,145,2,2,18
3,1947,173,3,4,18
3,1937,97,3,3,18
6,1987,74,2,2,21
3,2013,37,1,1,18
3,2017,34,1,1,18
3,1937,193,3,3,18
3,1947,171,3,3,18
0,2000,42,2,1,23
3,1962,140,2,2,16
1,1915,170,4,4,2
3,1997,71,2,2,16
3,1942,201,3,3,18
7,1978,132,3,3,21
3,1940,119,3,3,18
3,1947,214,3,2,18
3,1940,151,3,3,18
2,2020,37,2,2,2
1,1958,189,3,4,23
3,1948,183,3,3,18
3,1940,178,3,3,18
1,2009,29,2,1,2
1,1975,86,3,2,2
4,1970,160,3,4,11
4,1990,81,2,3,22
1,2015,29,2,1,2
1,2011,31,2,1,2
0,1992,75,2,2,13
0,1992,66,2,2,13
0,1992,77,2,3,13
1,1957,91,3,2,19
1,1957,106,2,2,19
7,2008,76,2,1,21
1,1957,88,2,2,19
6,1991,89,2,3,5
1,1967,83,3,2,19
1,1940,146,3,2,19
5,1987,101,4,2,18
1,1940,166,3,3,2
0,1977,120,3,3,13
1,2022,26,1,1,2
1,1940,166,4,3,2
1,2017,52,2,1,2
1,1992,127,3,2,2
1,1960,144,3,3,2
1,1992,88,3,2,2
1,2000,70,3,2,2
1,1970,154,3,3,2
1,2020,28,2,1,2
6,1982,99,2,2,21
1,1992,114,3,3,2
1,1992,95,3,2,2
1,2020,35,2,1,2
1,1920,185,3,3,2
6,1993,128,2,3,22
5,2012,36,1,1,11
1,2000,80,2,2,2
4,1981,82,2,2,22
1,1938,140,3,4,2
6,1998,88,2,3,22
4,1981,125,3,4,22
6,2005,69,2,2,22
1,1947,126,3,2,2
4,1981,115,3,4,22
1,1980,138,3,2,2
0,2003,66,2,2,22
0,2003,79,2,2,22
6,1942,187,4,4,13
1,1985,87,2,2,2
1,1950,99,3,2,2
1,1925,123,3,2,2
1,1925,141,3,3,2
1,1985,67,2,2,2
1,1990,82,2,2,2
1,1960,85,3,2,2
1,1985,46,1,1,2
1,1925,149,3,3,2
1,1991,65,2,2,2
1,2025,22,1,1,2
0,2005,63,2,2,15
1,1990,85,3,2,2
1,1990,57,2,2,2
2,2020,22,1,1,3
1,2014,38,2,1,2
1,1910,178,4,3,2
1,1975,163,4,3,2
1,1980,104,3,3,2
1,1992,122,4,3,2
1,1993,87,3,2,2
1,1970,147,3,3,2
1,1993,69,3,2,2
1,1995,48,3,2,2
1,1925,133,3,3,2
1,1925,115,3,2,2
1,2020,34,1,1,2
0,1987,90,3,2,13
0,1997,68,2,2,13
4,1981,109,2,3,22
4,1981,99,3,3,22
0,2008,52,2,2,22
0,2008,51,2,2,22
4,1981,177,4,5,22
1,1933,208,5,4,12
1,1957,148,3,3,2
4,1981,185,4,5,22
5,1998,95,3,3,12
4,1986,110,2,3,21
1,1910,160,3,2,2
1,1950,85,2,2,2
4,1979,176,4,4,2
1,1943,215,4,4,3
0,1987,74,3,2,13
4,1979,178,4,4,2
5,2006,47,2,1,18
0,1967,159,4,4,13
0,1992,110,2,2,13
0,1982,129,3,3,13
3,1990,86,2,2,10
4,2010,41,2,1,22
4,2024,24,2,1,2
5,2002,47,2,1,16
0,1940,148,3,3,18
3,1978,100,4,3,21
3,1958,156,2,2,21
2,2020,31,1,1,22
5,1985,85,2,2,21
3,1983,81,2,2,21
0,1972,91,2,2,13
6,2002,50,2,1,10
6,2003,40,1,1,10
2,2015,56,2,2,22
7,1967,102,2,3,13
1,1975,67,3,2,2
4,1959,189,3,3,10
1,2003,48,3,2,2
1,1940,142,3,3,2
1,2017,28,2,1,2
1,1989,80,3,2,2
5,2001,92,3,3,22
1,2017,37,2,1,2
1,2019,37,2,1,2
1,1997,121,3,2,2
1,2019,43,2,2,2
4,1979,141,3,3,2
5,2018,23,1,1,3
4,1979,114,3,3,2
5,1999,60,2,2,23
1,1960,101,4,2,2
7,1973,115,3,2,21
7,1975,123,3,2,21
2,2020,32,1,1,22
7,1974,133,3,2,21
7,2000,50,2,2,21
4,1957,183,3,5,22
5,2007,79,2,2,18
1,2001,96,3,2,2
1,1910,165,3,3,2
1,2005,39,2,2,2
4,1959,195,3,4,10
5,2012,41,2,2,22
1,1955,135,4,3,2
1,2000,68,2,2,2
1,2000,70,3,2,2
7,1967,136,3,4,13
1,2000,77,3,2,2
1,2000,84,3,2,2
4,1979,150,4,3,2
4,1979,119,3,3,2
1,1968,158,2,3,22
2,2019,47,2,1,22
4,1979,183,4,4,2
0,1947,120,3,3,19
4,1979,176,4,4,2
0,1994,102,2,2,22
0,1999,93,3,3,22
2,2020,34,1,1,22
1,1907,155,4,3,2
5,2013,59,1,1,12
1,2015,49,1,1,12
0,1963,143,3,3,9
1,1924,263,4,4,3
1,1935,201,5,4,2
2,2020,26,1,1,3
1,2000,51,3,2,2
0,1957,183,5,4,3
0,2000,58,2,2,10
1,1965,94,3,3,2
1,2017,28,2,1,2
1,1975,95,4,2,2
7,1967,132,3,3,13
1,2003,92,3,2,2
1,2018,23,1,1,2
1,1905,178,3,3,2
1,1930,151,3,3,2
1,1945,148,3,3,2
1,2025,22,1,1,2
1,1950,142,3,3,2
1,2017,65,2,2,2
1,2023,24,1,1,2
4,1979,151,4,4,2
7,2025,38,2,2,18
4,1979,168,4,4,2
5,1988,117,3,2,16
6,2025,40,1,1,18
4,1949,192,4,6,3
4,1979,195,5,4,2
2,2018,55,1,2,19
4,1979,188,4,4,2
1,2015,62,1,1,12
2,2019,20,1,1,21
5,1963,154,4,5,18
5,1990,85,2,2,21
4,2020,23,1,1,22
5,2000,64,2,2,21
1,2013,66,1,1,12
1,1986,107,4,3,2
1,1945,145,3,2,2
1,1945,151,3,2,2
1,2023,24,1,1,2
7,1967,130,4,3,13
1,1990,87,3,2,2
1,2021,31,1,1,2
1,1930,166,4,3,2
1,1920,171,3,3,2
1,1930,146,3,3,2
5,1997,98,3,2,2
2,2016,47,2,2,18
4,2000,127,2,2,11
5,1984,136,3,3,22
0,2002,48,2,1,18
2,2006,58,2,2,22
4,2015,31,2,1,22
2,2011,44,1,1,22
2,1992,109,2,3,22
2,1992,100,2,3,22
4,2020,22,1,1,22
4,2015,49,2,2,22
1,2014,73,2,3,2
5,2000,75,3,3,21
4,2019,31,2,1,22
4,2019,31,2,1,22
4,2013,42,1,2,12
4,2019,26,2,1,22
4,2020,33,2,1,22
5,1970,133,3,3,22
6,1983,61,2,3,22
1,1935,127,3,2,2
0,1982,103,3,3,13
1,1987,113,3,3,2
0,1967,143,4,3,13
2,2020,29,1,1,3
1,2012,41,2,2,2
1,1920,184,3,4,2
0,1985,94,3,3,3
1,1980,128,4,3,2
1,2023,24,1,1,2
7,1960,111,3,3,11
2,2022,21,1,1,22
4,1999,66,1,2,12
7,1960,107,3,2,11
4,2000,119,2,2,11
5,2010,35,1,1,21
6,1970,114,3,2,11
5,2012,39,2,1,21
0,2004,100,2,2,11
5,2005,61,2,2,21
1,1967,117,3,2,2
6,1957,162,4,4,4
2,2020,26,1,1,3
2,2020,27,1,1,3
1,1993,99,2,3,2
1,2018,45,2,2,2
1,2009,70,2,2,2
0,1997,60,2,2,3
1,2002,80,2,2,2
0,1981,98,3,3,3
1,2002,100,3,2,2
1,2002,120,3,2,2
0,1978,102,3,2,3
0,1980,143,3,3,10
1,2021,24,1,1,2
1,2002,80,2,2,2
4,2009,38,2,1,22
5,1946,260,4,7,12
4,2015,29,1,1,22
0,2003,97,2,3,2
7,1961,141,3,3,16
7,1954,216,3,6,12
0,2010,52,2,2,22
7,1965,129,3,3,11
5,1930,238,4,3,18
5,2013,37,2,1,21
0,2013,37,2,1,21
5,1995,74,2,2,21
5,1972,147,2,2,18
5,2004,71,2,2,22
5,2010,44,3,2,21
5,1940,298,5,4,18
0,1994,109,2,3,22
4,2024,28,2,1,2
4,1979,234,4,5,2
4,1979,234,5,5,2
1,2024,24,1,1,2
4,2020,23,1,1,10
2,2020,29,1,1,3
4,1979,157,4,4,2
4,1979,179,4,4,2
0,1987,78,3,2,13
5,1974,167,2,2,19
1,1950,144,3,3,2
0,1977,111,4,2,3
0,1960,143,4,3,3
1,1965,101,3,3,2
1,1960,105,3,2,2
0,1954,160,4,4,3
1,2012,50,2,2,2
0,1972,90,3,3,14
4,2000,124,2,2,11
4,1979,148,4,4,2
4,2000,114,2,2,11
4,2000,65,2,2,11
4,2000,130,2,2,11
7,1960,97,3,3,11
4,2000,103,2,2,11
7,1960,115,3,2,11
5,2005,57,3,2,21
0,2006,74,2,2,22
5,1999,74,3,2,21
5,2000,66,3,3,21
5,2000,70,3,3,21
5,2000,62,3,2,21
2,2016,37,1,1,15
5,1994,78,3,2,21
2,2020,28,1,1,3
0,1982,92,2,3,13
0,1995,84,2,3,19
0,1992,110,2,3,13
2,2020,21,1,1,3
1,1997,85,2,2,2
4,1975,151,4,4,13
7,2008,79,2,2,21
0,1971,122,3,3,3
1,1990,45,3,2,2
1,1990,57,3,2,2
0,1983,99,3,4,3
0,2006,39,2,1,3
0,1905,170,4,4,2
3,1945,211,3,4,2
5,1973,138,4,4,22
1,2005,45,2,2,2
0,1967,143,3,3,13
0,2005,71,2,2,22
4,2019,46,2,2,22
2,2009,73,2,2,19
4,2000,118,2,2,11
6,2012,37,2,1,22
4,2000,80,2,2,11
4,2000,135,2,2,11
2,2013,62,1,2,19
7,2021,25,1,1,22
2,1994,120,2,3,22
7,1917,99,3,6,15
5,2000,77,2,2,21
5,2005,116,3,2,21
0,2005,42,1,1,15
5,2006,35,2,1,18
4,2019,26,1,1,22
5,1997,51,2,2,21
0,2007,50,2,2,21
4,2015,32,1,1,22
5,2007,48,3,1,21
2,2020,25,1,1,3
5,1986,83,2,1,19
1,1950,187,3,3,2
1,1993,71,3,2,2
1,1965,118,4,2,2
1,1910,216,4,3,2
1,1999,90,3,2,2
1,2019,35,2,1,2
1,1993,87,3,2,2
7,2011,88,1,1,12
3,1940,150,3,2,19
3,2019,36,2,1,22
3,2007,71,2,2,22
4,1979,155,4,4,2
3,2013,52,2,2,22
3,2020,36,1,1,22
3,2007,68,2,2,22
4,1979,183,5,5,2
4,1979,183,5,5,2
4,2000,91,2,2,11
3,2019,32,1,1,22
4,2000,119,2,2,11
4,2020,26,1,1,22
5,1994,91,3,3,21
4,1979,198,4,4,2
4,2010,46,2,1,22
4,1958,170,4,5,3
4,1979,153,4,4,2
5,1995,84,3,2,21
4,2019,27,2,1,22
4,1979,205,5,4,2
4,2015,32,2,1,22
4,2015,33,2,1,22
7,2008,68,2,2,21
5,1986,121,2,3,19
5,1965,182,3,4,22
1,1997,84,3,2,2
5,2011,51,2,2,22
1,1980,71,3,2,2
2,2018,35,2,1,3
0,1972,115,3,4,13
1,2009,47,2,2,2
1,2009,60,2,2,2
1,1988,105,3,2,2
7,2006,65,2,2,22
3,2002,74,2,2,12
7,2018,46,2,1,22
4,2000,119,2,2,11
4,2000,134,2,2,11
6,2003,83,2,2,22
3,1988,125,2,2,22
4,2000,106,2,2,11
3,2019,37,1,1,22
1,1957,151,4,4,12
6,1993,106,2,2,22
4,2003,80,2,2,11
2,2019,65,2,2,22
2,2019,61,2,2,22
6,1988,101,2,3,21
1,1954,160,4,5,12
4,1979,185,5,4,2
4,1979,168,4,4,2
4,1979,167,4,4,2
4,1979,150,4,4,2
4,2009,49,2,2,22
4,2020,23,2,1,22
5,2007,65,2,2,2
5,1979,142,3,4,22
5,2007,52,2,1,2
4,1940,203,4,5,22
4,1979,126,3,4,10
4,1979,110,3,4,10
4,1987,92,2,4,22
5,1999,85,2,2,2
1,2018,27,1,1,23
1,1975,137,3,4,2
6,1957,185,4,4,13
1,2006,42,1,1,13
5,1980,116,2,2,10
1,1969,154,3,3,2
1,2002,82,3,2,2
4,1926,266,4,4,2
1,1988,87,3,2,2
1,1930,180,3,3,2
1,1988,66,3,2,2
4,1935,241,3,6,2
1,2000,128,3,2,2
0,1992,63,3,2,13
0,1962,158,4,5,13
6,1998,92,2,2,22
1,1939,199,4,5,12
1,1949,172,4,5,12
1,1916,244,4,6,12
3,2019,33,1,1,22
0,2008,64,1,2,22
3,2019,34,1,1,22
2,2018,37,1,1,19
2,2013,58,1,2,19
3,2002,64,2,2,15
4,1968,148,3,5,22
1,2018,21,2,1,2
0,1972,138,4,4,2
4,1970,135,3,5,22
0,2000,71,3,2,2
0,2010,41,3,2,2
6,2005,58,2,2,2
1,1986,71,3,2,2
4,1968,148,3,5,22
1,2011,31,2,1,2
0,1976,126,3,3,10
0,1954,160,2,3,15
1,1952,192,4,5,2
1,1936,233,4,5,2
1,1957,205,3,5,2
3,1972,212,3,4,22
0,1949,172,4,5,15
1,1989,110,2,3,2
5,1992,76,2,3,22
1,1955,93,3,2,2
1,1993,110,3,2,2
1,1995,129,3,2,2
1,2009,81,3,2,2
1,1940,154,4,3,2
1,1960,125,3,3,2
1,2020,27,1,1,2
3,1990,78,3,3,22
6,1980,105,3,3,10
1,1975,140,4,3,2
1,2019,37,2,1,2
3,1958,193,4,4,18
6,1957,156,3,3,13
1,1920,180,4,3,2
3,1987,89,2,3,22
6,2003,74,2,2,22
6,2011,61,2,2,22
7,2018,37,2,1,22
0,2003,77,2,2,22
1,1913,259,4,5,12
7,1988,132,2,3,22
1,1955,125,3,3,2
1,1989,102,3,3,2
1,2014,55,2,1,2
1,1995,150,3,2,2
4,1968,149,3,5,22
1,2021,31,1,1,2
1,2011,63,2,2,2
7,1987,124,3,3,13
1,2012,57,2,2,2
4,2017,31,1,1,22
4,1970,157,3,3,11
4,2015,44,1,1,22
1,2017,35,2,1,2
4,1965,144,3,3,10
2,2004,112,2,2,8
4,2024,31,2,1,2
0,1995,111,2,2,21
0,1982,110,3,3,13
1,1986,113,3,2,2
0,1982,103,2,4,13
1,1995,87,3,2,2
1,1990,102,3,2,2
1,2019,34,2,1,2
1,2017,28,2,1,2
1,2012,58,2,2,2
1,1920,181,3,2,2
1,2007,52,3,2,2
0,1935,143,2,4,10
1,2023,24,1,1,2
1,2012,57,2,2,2
1,1986,120,3,3,2
1,1975,113,3,2,2
3,2019,28,1,1,22
4,1979,196,4,5,2
4,1950,230,3,4,11
4,1950,136,3,3,11
4,1950,125,3,2,11
2,1968,166,2,4,12
6,1983,161,2,3,22
1,2003,105,2,2,2
1,1988,117,3,3,2
4,1965,142,3,3,10
1,1998,108,3,2,2
4,2015,31,1,1,22
4,1998,66,2,3,22
1,2002,114,3,3,2
4,1970,156,3,3,11
4,2015,33,1,1,22
1,2001,48,2,2,2
4,1965,125,3,3,10
1,2002,100,3,2,2
1,1988,52,3,2,2
4,2006,55,2,2,22
1,1960,97,3,2,2
4,2020,30,1,1,22
4,1992,81,2,3,22
1,2017,27,2,1,2
1,1988,51,3,2,2
1,1988,88,3,2,2
7,1992,68,3,2,18
1,2014,46,1,1,13
0,1937,200,3,4,14
4,2015,38,1,1,10
6,1982,97,3,2,1
3,1985,117,2,3,21
7,1991,78,2,2,13
6,2019,14,1,1,2
0,1986,118,2,3,21
0,1992,62,2,2,21
1,1907,93,2,2,2
0,1993,64,2,2,23
7,2000,87,2,2,21
5,2020,27,1,1,21
7,1995,96,2,2,21
2,1990,121,2,2,21
2,1995,96,2,2,21
3,1960,162,4,3,18
1,2002,76,2,2,2
6,2005,45,2,1,21
2,2015,30,2,1,10
0,1962,104,3,2,14
6,1985,71,2,2,22
7,1965,97,3,3,12
2,2022,32,1,1,11
6,1965,168,3,4,23
1,1974,138,2,2,19
3,2010,48,2,2,2
2,2024,20,1,1,22
7,1978,117,2,3,21
1,1954,173,3,4,21
1,1975,134,3,3,2
7,1966,138,4,3,1
7,1967,100,2,2,13
1,1920,227,5,4,10
0,1970,167,2,4,14
0,1996,91,2,3,14
0,1985,119,3,4,21
3,1970,171,3,4,21
3,1970,168,3,4,21
7,1967,127,3,3,13
3,1967,139,3,3,13
5,1980,103,3,1,10
0,1988,101,2,3,22
7,1973,146,3,3,21
2,2009,46,1,1,12
1,1960,186,3,4,22
0,1932,207,3,4,14
0,1944,175,3,3,14
4,1960,119,3,3,10
2,2022,45,1,1,14
0,1986,90,3,3,14
3,2000,61,2,2,14
5,1998,135,3,3,21
6,1970,158,2,3,14
6,1960,80,2,2,14
0,2024,20,1,1,2
4,1974,124,3,3,10
5,1982,113,3,2,17
6,1996,71,2,1,17
5,1981,125,3,3,17
3,1957,180,3,3,18
1,1993,82,3,2,2
0,1999,84,2,3,3
0,2010,48,2,2,10
0,1955,147,4,4,16
7,1978,114,2,3,21
3,1957,105,2,2,18
1,1988,76,2,2,2
5,1994,96,2,2,11
5,1998,120,2,3,21
5,1998,132,2,3,21
0,1984,92,3,2,21
2,1972,156,2,2,15
2,1972,162,2,2,15
5,2008,63,2,1,18
5,2008,90,2,2,18
6,1991,80,2,3,14
2,2023,24,1,1,21
2,2023,31,1,1,21
2,2023,25,1,1,21
2,2023,25,1,1,10
2,2023,23,1,1,21
6,1990,114,2,2,20
7,1971,151,2,3,2
4,2023,25,2,1,2
4,1949,201,5,5,6
0,2010,35,2,1,19
0,2005,69,1,2,19
4,2024,30,2,1,2
4,2024,28,2,1,2
4,2024,29,2,1,2
7,1965,168,3,4,22
4,2024,27,2,1,2
7,1978,130,3,3,22
3,1988,112,2,3,22
7,1968,162,4,4,22
7,2000,98,2,3,22
2,2021,31,1,1,19
0,2006,63,2,2,13
7,2009,69,2,2,18
5,2017,36,2,1,13
3,2003,74,2,2,22
3,1995,95,2,2,22
7,1993,142,3,2,11
5,1998,93,2,2,11
5,1985,102,2,3,11
2,1985,126,2,3,11
7,1994,146,3,2,11
2,1980,133,2,3,11
2,1986,118,2,3,11
2,1986,130,2,3,11
2,1988,124,2,3,11
2,1983,129,2,3,11
7,1991,94,2,2,21
2,1985,119,2,3,11
1,1940,193,3,4,22
2,1986,116,2,3,11
2,1997,82,1,2,14
5,2006,87,2,3,18
5,1957,193,3,5,2
1,1975,134,3,2,2
5,2005,58,2,2,21
7,2006,50,1,2,21
7,1957,118,3,2,18
3,1981,112,2,2,21
6,1997,65,2,2,21
7,1987,97,2,2,21
5,2021,22,1,1,21
5,2021,22,1,1,21
5,2021,22,1,1,21
5,2021,22,1,1,21
5,2021,22,1,1,21
5,2021,22,1,1,21
5,1998,98,2,2,21
5,1998,115,2,3,21
5,1998,103,2,3,21
0,1976,110,3,4,1
5,1998,103,2,3,21
5,1998,71,2,2,21
5,1998,63,2,2,21
5,1998,95,2,2,21
5,1998,75,2,2,21
0,1969,124,3,3,13
5,1998,82,2,2,21
5,1990,118,2,3,21
5,1990,119,2,3,21
5,1990,127,2,3,21
3,1998,91,2,2,22
0,1977,166,3,4,13
3,2011,58,1,1,18
0,1930,234,3,4,19
7,2005,52,2,1,21
2,1982,123,2,3,11
2,1978,142,2,3,11
3,1995,107,3,2,2
2,1974,141,2,3,11
1,1975,118,3,3,22
5,2004,53,2,1,21
5,2021,22,1,1,21
5,2021,22,1,1,21
5,2021,22,1,1,21
5,2021,22,1,1,21
5,2021,22,1,1,21
7,1998,61,3,2,10
5,2021,22,1,1,21
5,2021,22,1,1,21
5,2021,22,1,1,21
5,2021,22,1,1,21
5,2021,22,1,1,21
6,1973,154,3,3,21
6,1979,147,3,3,21
0,1982,114,2,3,21
0,1996,90,2,3,21
0,1990,87,2,3,21
0,1987,100,3,3,21
5,1990,120,2,3,21
5,1990,129,2,3,21
5,1990,131,2,3,21
2,2010,47,1,1,9
5,1990,131,2,3,21
5,1990,138,2,3,21
5,1990,130,2,3,21
5,1990,126,2,3,21
5,1990,104,2,3,21
5,1990,81,2,2,21
5,1990,103,2,3,21
5,1990,90,2,3,21
5,1990,108,2,3,21
5,1990,126,2,3,21
5,1990,162,2,4,21
0,1940,158,3,3,19
3,2004,63,2,2,21
0,1982,120,3,4,13
1,2006,101,1,2,13
0,1982,162,4,2,13
3,1998,86,2,2,22
0,1980,137,3,3,19
0,1989,97,3,2,19
2,1975,144,2,3,11
3,1991,92,3,2,2
3,1973,138,3,3,21
3,1952,174,2,4,11
3,1960,169,3,4,21
2,1972,167,2,3,11
3,1973,121,2,3,21
0,1996,79,4,3,19
0,1993,73,2,2,21
4,1990,127,3,3,21
4,1984,111,3,3,21
3,1978,105,2,2,6
2,2007,83,2,2,11
7,1976,108,3,3,6
5,1994,79,3,2,19
6,2019,12,1,1,2
5,1990,166,2,4,21
5,1990,119,2,3,21
5,1990,92,2,3,21
5,1990,123,2,4,21
5,1990,116,2,3,21
5,1990,94,2,3,21
5,1990,120,2,3,21
5,1990,121,2,3,21
5,1998,124,2,3,21
5,1998,81,2,2,21
5,1998,129,2,3,21
5,1998,105,2,3,21
5,1952,191,5,5,2
5,1945,211,4,5,2
5,1998,112,2,3,21
1,1976,89,2,2,21
5,1940,222,5,5,2
7,2012,64,2,1,18
5,1953,190,4,4,2
0,1940,210,4,3,19
1,2006,61,1,1,13
6,1985,141,3,3,22
0,1990,100,2,2,21
5,2012,37,1,1,11
3,1995,132,3,3,2
3,1973,177,3,4,21
5,1988,54,2,2,2
0,1996,74,1,4,19
3,1970,82,2,2,11
5,1993,84,3,3,6
5,1982,112,3,2,19
7,1955,202,3,4,19
6,1992,90,2,3,22
7,1969,157,3,3,21
5,1994,86,3,3,2
5,2009,34,1,1,21
2,1970,166,3,5,2
7,1975,116,2,3,21
2,1994,77,2,2,9
5,2022,29,2,1,2
0,1991,101,2,3,3
2,2000,150,2,3,21
6,1992,97,2,3,22
5,2008,80,1,2,18
7,2006,59,1,1,13
5,1974,165,3,4,22
1,1978,122,2,3,17
1,1960,211,3,4,21
3,2013,72,2,1,21
3,2000,79,2,1,21
3,1997,86,2,2,21
4,2006,83,3,3,23
4,2006,46,2,2,23
4,2006,68,2,2,23
0,1957,197,2,4,14
7,1957,184,4,4,21
7,1958,195,3,4,21
3,1990,99,3,3,2
2,2010,48,1,1,9
1,2017,26,1,1,2
1,2019,27,1,1,2
0,1980,116,2,4,21
5,1974,158,3,4,22
5,1974,157,3,3,22
1,1996,73,2,2,22
5,1974,163,2,4,22
5,1985,92,2,3,22
2,2012,55,1,2,21
1,1983,116,3,3,21
5,1974,135,2,3,22
5,1974,169,2,3,22
3,2003,68,1,2,22
6,1980,53,2,2,11
3,2003,60,2,2,23
1,2009,105,2,2,21
3,1957,102,2,2,18
0,2009,58,2,2,11
0,2005,73,2,2,18
0,1998,69,2,2,21
0,1986,115,3,4,21
4,1949,190,4,5,1
5,2017,25,1,1,1
6,1963,167,3,4,2
4,1917,289,3,4,2
0,1994,117,2,4,2
6,1994,100,3,2,2
0,1988,116,3,4,2
6,1997,80,3,3,2
0,1980,124,2,4,21
0,2019,45,1,1,11
0,1980,124,2,3,21
0,1984,115,3,3,2
6,1994,87,3,2,2
0,1980,136,3,3,21
0,1980,147,2,2,21
0,1980,120,2,3,21
0,1954,186,4,5,2
0,1980,113,2,3,21
2,2000,120,2,3,21
5,1978,108,2,3,21
5,1974,169,3,4,22
5,1974,140,3,4,22
5,1995,97,3,3,22
2,2000,102,2,3,21
5,1995,71,2,3,22
5,1995,125,3,4,22
5,1990,125,3,3,22
3,1975,138,3,2,21
1,1963,182,3,5,23
3,1939,245,4,5,21
3,1999,103,3,2,12
5,1992,104,2,4,22
4,2006,39,2,2,23
0,1980,137,2,3,21
6,1980,89,2,3,21
0,1980,140,3,4,21
0,2019,12,1,1,2
0,2012,90,1,1,11
5,1985,126,2,3,11
0,1980,144,2,4,21
0,1980,149,3,4,21
5,1983,113,2,3,11
6,2022,28,1,1,2
0,1980,115,2,3,21
0,1980,118,2,3,21
5,1961,140,3,3,3
5,2018,25,1,1,21
5,1995,87,2,3,22
5,1995,141,2,3,22
5,1995,98,2,3,22
5,1995,141,2,3,22
7,1977,140,2,4,23
5,1980,82,2,2,11
7,1984,137,2,2,12
7,1956,180,4,4,10
2,2015,50,1,1,11
1,1965,154,3,4,2
2,2015,61,1,1,11
0,1980,116,2,3,21
0,1980,102,2,3,21
0,1980,108,2,3,21
0,1980,124,2,4,21
5,1984,118,2,3,11
5,1990,88,2,2,11
3,1968,138,3,3,21
4,1989,101,2,3,22
5,1988,106,2,2,11
5,1985,109,2,2,11
1,1960,176,3,2,21
3,2000,81,2,2,21
4,1968,152,4,4,21
5,1995,124,2,3,22
4,1999,62,2,2,18
1,1947,200,5,4,2
1,1987,109,3,3,21
0,2009,46,2,1,3
6,1980,121,4,3,2
7,1967,118,2,3,13
7,1977,123,3,2,13
7,1973,155,3,4,21
3,2005,60,1,1,21
3,2005,63,1,1,21
7,1982,122,3,4,23
0,1995,75,2,3,5
1,1997,94,3,4,13
0,1970,130,3,3,5
0,2007,72,1,1,19
0,2004,35,2,1,19
5,2006,67,2,2,21
7,1977,147,3,4,23
1,1973,178,2,5,12
3,2021,24,1,1,21
5,2007,53,2,2,18
6,1966,151,3,4,22
7,1973,149,3,4,23
4,1957,148,3,4,16
0,2019,14,1,1,2
4,2022,22,1,1,19
2,2019,30,1,1,19
5,1978,162,2,3,21
3,1940,145,3,3,18
7,1972,121,2,3,13
5,2004,68,2,2,22
3,1973,122,3,2,18
4,2009,47,2,2,21
7,1978,130,3,4,23
3,1990,79,2,2,10
3,1977,154,3,3,13
0,2024,18,1,1,22
0,2024,18,1,1,22
0,1988,90,3,2,13
0,1957,80,2,3,19
5,2006,65,2,2,18
2,2022,23,1,1,11
0,2006,76,2,1,19
4,1957,184,4,5,22
0,2006,65,2,1,19
2,2021,30,1,1,11
5,2015,32,1,1,21
0,2014,65,2,2,22
7,1997,105,2,2,13
3,1947,191,4,4,18
7,1957,137,3,4,13
0,1985,115,2,3,21
1,1951,120,2,3,22
1,1975,95,2,2,22
1,1960,126,2,2,22
1,1975,66,2,2,22
0,1982,116,2,3,21
5,1990,105,2,3,10
5,2017,39,1,1,13
4,2024,20,1,1,10
0,1994,84,2,2,22
5,1955,188,3,4,22
0,2003,64,2,2,22
0,2004,74,2,2,22
2,2014,33,1,1,13
5,2021,20,1,1,22
7,1950,258,4,5,22
0,1955,250,4,2,10
0,1984,120,4,4,2
0,1979,125,5,4,2
2,2019,58,2,1,2
3,1950,174,4,3,18
3,1940,135,3,2,18
3,1950,171,4,3,18
3,1977,78,2,2,18
0,1993,65,2,1,17
3,1957,93,2,2,18
0,1991,87,3,3,22
3,1940,191,4,4,18
3,1957,89,2,2,18
3,1940,120,3,3,18
1,1980,129,2,3,16
3,1940,223,4,3,18
3,1995,80,2,2,18
3,1950,196,3,3,18
3,1940,195,4,4,18
4,1970,135,3,4,22
4,1970,160,4,4,22
1,1955,99,3,2,2
7,1995,119,2,3,22
7,1985,129,3,4,22
3,1978,130,3,4,22
7,1963,190,3,4,12
0,1960,150,2,3,10
4,1961,204,5,4,21
3,1957,78,2,2,18
0,1985,137,3,3,22
0,2008,40,3,1,13
3,1940,155,3,3,18
6,1988,100,2,3,22
3,1940,209,4,3,18
0,2000,60,2,2,16
3,1930,234,4,3,18
3,1957,97,3,2,18
3,1940,141,3,3,18
3,1984,111,3,3,22
0,1991,92,3,3,22
3,1940,142,3,3,18
3,1940,214,4,4,18
0,2000,70,3,2,2
7,2004,76,2,2,21
5,1986,101,2,3,16
0,2022,28,1,1,2
5,1965,140,3,4,22
5,1950,157,2,3,22
7,1930,234,4,5,13
4,1970,199,3,5,22
7,1920,225,3,4,13
4,1970,158,3,4,22
4,1970,219,4,5,22
4,1970,204,3,5,22
3,1947,103,3,2,18
3,1950,178,4,2,18
1,1973,139,2,3,16
3,1940,107,2,2,18
3,1940,204,4,4,18
3,2005,77,2,2,18
3,1957,95,2,2,18
3,1957,91,2,2,18
3,1957,104,2,2,18
5,2010,44,1,1,23
3,1957,94,2,2,18
0,2018,35,1,1,21
0,2004,56,2,3,22
0,2008,46,2,2,22
0,2005,52,2,2,22
0,2009,65,1,1,10
3,1957,109,2,2,18
4,1935,203,4,5,21
3,1940,130,3,2,18
3,1947,91,2,2,18
0,1995,92,3,2,13
3,1950,189,3,2,18
6,1970,176,4,4,23
0,2014,73,1,1,23
4,1970,130,3,4,22
4,1970,196,3,5,22
4,1970,175,3,5,22
4,1970,173,3,4,22
4,1970,192,3,5,22
4,2015,30,1,1,23
1,2014,24,1,1,13
4,1970,186,3,4,22
4,1970,230,3,5,22
0,1998,66,2,2,17
0,1920,149,2,3,17
4,2024,27,2,1,2
4,2024,29,2,1,2
4,2024,30,2,1,2
4,2024,29,2,1,2
5,1989,93,3,2,17
3,1947,185,3,4,21
6,1970,110,3,3,10
6,1956,204,4,4,10
6,2008,47,2,1,10
0,1970,96,4,3,10
1,1966,139,3,4,13
2,2015,43,1,1,22
5,1980,103,3,3,16
2,2023,20,1,1,19
2,2023,20,1,1,19
0,1976,128,3,2,2
3,1945,146,3,2,10
3,1940,196,4,2,18
3,1940,194,3,3,18
4,1975,134,3,3,10
3,1950,193,4,4,18
2,2009,97,2,2,21
5,1988,121,3,3,22
3,1940,140,4,3,18
7,2000,71,3,2,21
3,2005,47,2,1,21
0,1985,107,3,2,21
0,1980,126,2,3,21
2,2014,79,2,2,3
1,2007,80,3,2,2
5,1985,119,3,2,21
1,1980,77,2,2,22
1,1960,117,2,2,22
0,1977,99,4,4,15
0,1977,107,4,4,15
4,2024,25,2,1,2
4,2024,26,2,1,2
4,2024,26,2,1,2
1,1997,94,2,2,23
0,2009,88,2,2,23
0,2009,79,2,2,23
4,2023,28,2,1,2
4,2024,28,2,1,2
3,2003,87,2,2,23
3,1945,227,3,3,10
6,1980,88,2,2,10
0,1985,110,2,3,2
5,1990,82,3,3,22
0,1985,78,2,2,10
0,1984,113,4,3,2
4,1970,130,2,3,22
0,1997,87,2,2,22
4,1970,105,2,3,22
0,1979,76,2,3,22
6,1997,80,3,3,2
4,1970,197,5,6,22
6,2009,50,2,1,2
0,1987,94,2,3,16
0,1992,92,3,2,2
3,1990,94,3,3,21
3,1997,71,2,2,21
2,1980,190,3,4,12
0,1990,93,2,3,21
0,1980,145,2,4,21
2,1980,198,2,4,12
5,1975,135,4,4,2
5,2005,57,2,2,21
4,1957,194,4,4,13
5,1980,122,2,4,21
7,1996,106,2,2,12
3,1997,70,2,2,21
7,1996,106,2,2,12
3,1920,232,2,2,22
6,1991,94,3,3,2
4,1979,179,5,5,2
1,1930,204,4,3,13
1,1920,266,4,3,13
1,1920,271,4,3,13
0,1970,94,4,3,13
6,1956,121,3,3,15
7,1986,118,2,2,21
6,1990,95,3,2,13
4,2024,28,2,1,2
3,2004,72,2,2,23
4,2024,26,2,1,2
0,2009,96,2,2,23
0,1990,107,3,3,12
3,1998,60,2,2,23
2,2017,49,1,1,22
2,2021,28,1,1,11
0,1994,70,2,2,16
0,1996,63,2,2,16
0,2003,48,2,1,16
0,1982,47,2,1,2
0,1985,110,3,3,2
0,2006,65,2,2,22
5,1983,150,3,4,16
0,1985,90,2,2,10
4,1975,154,3,3,2
4,1975,203,4,4,2
4,1979,184,4,4,2
4,1979,203,5,5,2
0,1978,134,3,3,2
4,1979,187,4,5,2
0,2005,68,3,1,13
7,1984,85,2,2,23
4,1952,195,4,4,13
4,1979,136,4,3,2
6,2000,70,3,2,13
0,1940,241,4,3,13
6,1920,281,4,5,13
5,1986,67,2,2,22
5,1994,80,2,2,22
3,2018,22,1,1,13
4,2024,20,1,1,10
3,2006,59,1,1,23
7,1994,98,3,3,23
5,1982,266,2,4,23
2,2021,40,1,1,10
2,2021,35,1,1,10
7,2000,61,2,2,14
2,2019,42,1,2,10
2,2019,38,1,1,10
2,2018,47,1,1,10
2,2018,44,1,1,10
4,2009,47,2,2,23
2,2020,37,1,1,10
0,1992,73,2,3,22
4,1995,76,2,2,16
7,1989,91,2,2,4
0,1975,123,2,2,10
0,1975,116,3,2,10
0,1970,126,3,2,10
0,1985,102,2,2,10
0,2005,62,3,1,13
4,1979,137,4,3,2
4,2002,97,3,3,2
4,1979,164,3,4,2
4,1979,175,3,4,2
4,1979,163,4,4,2
0,2006,56,3,1,13
4,1979,160,4,4,2
4,1979,136,3,3,2
5,1980,125,3,3,9
7,1998,93,2,3,22
2,2020,36,1,2,10
2,2020,41,1,2,10
2,2020,48,1,2,10
6,1959,155,3,3,17
1,1982,142,3,3,23
2,2021,32,1,1,10
1,1990,76,2,2,17
1,1989,146,3,3,23
4,1965,155,3,3,22
4,1965,153,2,3,22
0,1995,93,2,2,21
1,1975,104,2,2,10
6,1986,100,2,3,22
7,1997,66,2,2,4
0,1960,180,4,4,22
6,1960,164,3,4,22
6,1957,175,4,3,2
3,1975,97,2,2,10
7,1978,151,3,2,10
0,1978,74,2,2,10
3,1980,112,2,3,5
4,1979,212,4,5,2
4,1979,168,4,4,2
4,1979,178,4,4,2
4,1979,161,4,4,2
4,1979,206,4,4,2
4,2023,29,2,1,2
5,1943,217,3,4,16
2,2014,44,1,1,10
3,1957,146,3,2,4
3,1997,64,2,2,4
3,2001,49,1,1,4
3,1976,136,3,3,9
2,2014,77,1,2,10
2,2014,56,1,2,10
4,2009,38,2,2,23
1,1982,135,2,3,23
6,1990,117,2,3,21
4,1975,112,2,3,22
1,1949,194,4,4,2
2,1984,114,2,3,2
5,1995,89,3,1,23
4,2017,63,2,2,10
7,1971,120,3,3,4
6,1960,229,3,5,22
0,1943,208,4,5,2
7,1978,115,2,3,10
0,1992,82,2,3,22
0,2007,36,2,1,22
0,2006,44,2,2,22
7,1978,85,2,2,10
7,1978,77,2,2,10
4,2015,29,1,1,23
7,1984,86,2,2,4
2,2015,28,1,1,22
2,2015,28,1,1,22
4,2023,28,2,1,2
2,2015,27,1,1,22
2,2015,30,1,1,22
4,2023,27,2,1,2
2,2015,28,1,1,22
4,2023,27,2,1,2
2,2015,43,1,1,22
2,2014,58,1,2,10
2,2014,45,1,1,10
2,2014,52,1,1,10
2,2014,42,1,1,10
2,2014,55,1,1,10
2,2014,50,1,1,10
2,2014,48,1,1,10
2,2014,70,1,1,10
3,1984,89,2,4,4
0,1991,97,3,4,9
7,1974,120,2,3,4
2,2014,60,1,1,10
0,1981,122,3,4,9
7,1945,177,4,4,4
2,2014,54,1,1,10
2,2014,54,1,1,10
7,1970,145,3,4,21
4,2017,68,2,2,10
4,2017,77,2,1,10
4,2017,80,2,1,10
4,2017,36,2,2,10
2,1980,124,2,3,2
3,1989,101,2,3,12
7,1901,282,4,5,12
6,1978,100,3,2,10
0,1978,118,2,2,10
1,1978,72,2,2,10
6,1978,154,3,3,10
7,1948,176,3,3,4
6,1978,150,3,2,10
5,1978,66,2,1,10
7,1985,89,2,2,4
7,1949,170,4,4,4
0,2020,52,2,1,17
5,1977,131,4,4,5
0,1978,50,2,1,10
0,1950,89,3,3,17
2,2017,51,1,2,22
0,2016,42,1,1,2
2,2015,41,1,1,22
2,2015,43,1,1,22
2,2015,41,1,1,22
4,2023,25,2,1,2
4,2023,25,2,1,2
2,2015,43,1,1,22
2,2015,42,1,1,22
2,2015,42,1,1,22
2,2015,40,1,1,22
4,2023,26,2,1,2
0,2017,40,2,1,2
2,2015,42,1,1,22
2,2015,42,1,1,22
2,2015,43,1,1,22
2,2021,20,1,1,22
2,2015,39,1,1,22
2,2015,41,1,1,22
0,2019,36,2,1,2
2,2015,67,1,1,10
2,2013,75,2,2,10
2,2013,55,1,2,10
7,1985,92,3,3,4
3,1960,137,4,4,4
7,1982,114,3,3,4
3,1975,95,2,2,10
2,2024,21,1,1,10
2,2014,55,1,2,10
0,2008,54,2,1,9
3,1988,89,2,2,4
2,2018,36,1,1,23
0,1960,94,3,3,10
1,1990,80,2,2,22
0,1960,112,3,4,10
2,2019,42,1,1,10
6,1960,116,2,3,10
2,2019,43,1,1,10
2,2019,42,1,1,10
6,1978,132,2,3,17
2,2019,39,1,1,10
2,2019,30,1,1,10
2,2019,41,1,1,10
2,2019,42,1,1,10
6,1960,117,3,3,10
2,2019,40,1,1,10
7,1972,140,4,3,4
7,1978,99,2,2,4
3,1998,75,2,2,5
3,1950,164,3,2,5
5,1974,141,4,4,5
5,1950,102,3,3,17
2,2015,45,1,1,22
2,2015,40,1,1,22
2,2015,42,1,1,22
2,2014,46,1,1,10
7,1988,78,2,2,4
7,1978,99,3,3,4
6,1980,125,2,4,9
2,2014,60,2,2,4
2,2019,47,1,1,10
2,2019,48,1,1,10
5,2000,82,2,2,11
0,1978,136,2,2,17
2,2019,50,1,1,10
2,2019,49,1,1,10
2,2014,53,1,1,10
6,1982,90,3,3,12
6,1960,120,2,3,10
4,1960,131,3,3,10
6,1960,114,2,3,10
4,2024,28,2,1,2
3,1990,98,2,2,22
3,1990,89,2,2,22
4,1969,146,3,4,10
3,1990,84,2,2,22
5,1987,104,2,3,22
1,1957,115,3,3,2
0,2003,77,2,2,2
7,1978,126,3,2,10
7,1978,86,3,2,10
0,2015,35,1,1,21
2,2023,21,1,1,22
0,2016,43,2,1,2
0,2017,40,2,1,2
6,1958,177,3,5,3
5,2000,52,3,1,18
3,1994,67,2,2,18
5,1998,60,3,1,18
0,1995,58,3,2,18
5,1996,59,3,1,18
0,2006,100,2,3,22
3,1985,123,3,3,21
7,1974,120,2,3,4
0,2001,69,2,2,12
5,2019,21,1,1,22
0,2004,66,2,2,12
5,1987,130,2,2,22
3,1963,178,3,4,22
0,1945,201,4,5,12
6,1987,95,2,3,22
5,1990,110,2,2,22
3,1973,119,2,3,22
3,1973,174,3,4,22
3,1973,141,3,4,22
6,1978,49,2,1,10
7,1978,105,3,2,10
7,1978,120,3,2,10
7,1978,108,3,2,10
0,1978,134,3,2,10
6,1978,113,3,2,10
1,1956,195,2,3,18
4,2022,43,1,1,22
4,2022,43,1,1,22
0,1988,98,3,3,2
4,2022,32,1,1,22
4,2022,32,1,1,22
4,2022,32,1,1,22
4,2022,32,1,1,22
4,2022,32,1,1,22
6,2001,52,1,2,16
0,2006,46,2,1,21
7,1983,90,2,2,4
4,1974,108,2,3,10
4,1960,174,3,3,10
4,1960,179,3,4,10
3,1981,102,2,3,18
4,1974,86,2,2,10
0,1950,191,3,4,2
4,1989,113,2,1,10
3,1964,137,2,3,22
3,1973,177,3,4,22
7,1978,69,2,2,17
1,1945,158,3,2,2
7,1935,202,4,3,17
0,1956,92,2,1,17
1,1910,171,4,4,2
3,1990,99,3,3,21
5,1994,101,3,2,22
1,1986,80,3,2,2
1,1967,159,3,3,2
1,1957,190,4,3,2
7,1978,135,2,2,10
3,1975,142,3,4,22
2,2015,42,1,1,22
6,1956,150,3,4,16
6,1980,156,3,2,10
0,1963,137,2,3,16
0,1980,80,3,2,10
5,2000,38,1,1,11
3,1985,162,4,2,10
0,1997,81,3,2,2
0,1978,117,2,3,5
3,2005,62,2,2,13
7,1985,94,3,3,4
4,1975,102,3,2,10
7,1957,87,2,2,19
1,1972,115,3,2,2
1,1907,155,3,3,2
1,1972,136,3,3,2
2,2010,73,2,2,22
6,1944,174,2,1,17
0,1908,190,0,4,17
0,1997,62,2,2,22
0,1975,93,2,3,22
0,2006,54,2,2,22
1,1907,149,4,3,2
1,1972,144,4,2,2
5,1980,107,2,3,10
4,1995,94,2,2,22
0,2001,58,2,2,12
5,1980,90,2,3,10
5,1996,40,2,2,10
0,1978,125,3,2,10
1,1970,132,2,3,14
0,1985,103,2,3,10
6,2002,70,2,2,10
2,2021,30,1,1,10
2,2021,20,1,1,10
0,1982,95,2,3,15
1,2008,107,1,1,13
1,1958,206,3,4,23
6,1969,150,2,3,21
2,2017,54,1,2,2
7,1980,118,2,2,21
0,1980,181,3,2,13
0,1960,164,3,2,13
3,1957,82,3,2,19
7,1940,151,3,3,19
3,1940,155,4,3,18
3,1940,134,3,2,18
3,1930,193,3,3,18
5,1980,135,3,3,10
4,1969,156,3,5,10
1,1967,146,4,3,2
1,1967,134,3,3,2
2,2019,42,1,1,10
0,1985,56,2,2,22
0,2001,53,2,1,12
6,1951,160,4,4,4
2,2010,107,2,2,22
0,2000,59,2,2,22
0,2000,79,2,2,23
4,1975,153,3,4,10
4,1975,114,3,3,10
2,1993,114,2,3,22
4,1981,52,2,2,10
4,1975,117,3,4,10
0,2004,83,2,3,5
7,1953,163,3,4,4
1,1939,250,3,5,12
6,2005,72,2,2,22
1,1948,205,3,5,12
1,1950,209,3,5,12
0,1997,79,2,2,16
3,1994,86,2,2,21
5,1992,81,2,3,22
0,1980,150,3,3,13
2,2016,56,2,1,2
1,2000,75,3,2,2
1,1965,130,3,2,2
0,1997,61,2,2,22
1,2011,73,2,2,2
2,2019,35,1,1,10
2,2024,21,1,1,22
7,1964,134,3,3,4
7,1977,100,3,3,17
7,1968,123,3,4,17
2,2014,38,1,1,22
6,1973,122,3,4,3
0,1987,93,3,3,3
7,1991,84,2,2,21
7,1976,117,2,3,22
0,1965,143,3,4,3
1,1990,94,3,2,16
1,1980,102,3,2,16
7,1950,227,4,3,11
4,1990,187,3,5,19
3,1998,100,2,2,14
1,1951,174,2,1,13
7,2001,52,2,1,13
3,2000,76,1,1,14
4,1921,243,4,6,3
0,2000,99,2,2,22
1,1981,118,3,3,13
6,1980,56,2,2,11
1,1981,99,3,2,13
1,1956,189,3,4,13
0,2003,57,1,2,11
7,1988,93,2,2,22
6,2002,60,1,2,11
7,1987,129,3,3,22
7,1980,121,2,2,14
7,1980,103,2,2,14
2,2011,60,1,1,22
2,2009,58,1,1,11
5,1973,134,3,3,22
1,1957,160,3,3,14
1,1986,102,2,2,22
0,2004,87,2,2,11
1,1987,98,2,1,14
0,2004,103,2,2,11
1,1939,250,5,6,9
0,2006,87,2,2,11
1,1985,106,2,3,23
5,1998,42,2,2,22
4,2015,45,1,1,23
4,2015,27,1,1,23
1,1975,135,2,3,23
1,1963,180,2,3,23
3,1997,118,3,4,11
1,1991,93,3,2,13
2,1992,128,2,3,22
6,1991,78,3,2,3
7,1991,107,3,2,13
2,2009,57,1,1,11
2,2011,47,1,1,22
5,1982,130,1,2,11
5,1978,148,1,2,11
5,1982,131,1,2,11
2,2009,57,2,1,22
7,1998,72,2,1,10
5,1980,103,3,3,22
5,1982,93,3,4,14
0,2001,51,2,2,22
0,1990,52,3,2,22
0,1984,76,3,2,22
4,2013,105,2,3,22
7,1972,97,2,2,14
0,1995,81,3,3,22
5,1965,142,3,3,17
0,1963,117,3,2,16
0,1993,42,3,2,16
3,1973,158,3,2,16
3,1990,146,3,4,11
2,2011,69,2,2,21
3,1998,76,1,2,14
3,1985,105,2,3,14
1,1973,151,2,3,23
1,1976,140,2,3,23
5,1999,62,2,2,21
1,1978,130,2,3,23
0,1975,153,2,3,11
6,1970,138,3,3,11
0,2000,92,2,2,11
0,2009,75,1,1,11
0,1970,109,2,2,11
0,2004,85,2,2,11
0,2010,32,1,1,10
4,1980,114,3,3,10
4,1980,93,2,2,10
5,1986,110,1,2,11
5,2000,84,1,2,11
4,1980,108,2,2,10
4,1980,105,2,2,10
6,1981,121,1,2,11
0,1975,137,2,3,11
6,1981,112,1,2,11
6,1998,79,2,2,11
7,1967,95,2,2,14
4,1965,125,3,3,10
1,1912,218,3,4,14
0,1995,51,2,2,22
6,2000,69,3,2,17
1,1964,107,2,2,14
0,1999,84,2,2,22
6,1955,151,3,3,17
1,1985,116,2,3,23
1,1991,95,2,3,23
1,1967,131,3,3,14
1,1988,70,2,1,22
1,1977,136,2,3,14
5,1982,108,2,3,14
1,1967,134,2,3,14
0,2003,79,2,2,23
1,1967,137,2,3,14
4,1970,220,4,5,22
0,1976,143,3,3,18
0,1959,179,3,4,18
0,2010,46,2,2,18
0,1976,129,3,3,3
3,1940,135,4,4,19
5,2006,56,3,2,3
4,1970,200,3,5,22
0,1974,136,3,3,3
7,1975,157,3,4,21
4,1985,120,2,3,22
0,1963,174,4,4,18
0,1967,152,3,4,3
0,2004,62,2,2,2
0,1970,157,3,4,21
0,1960,188,3,4,18
0,1963,153,4,4,18
4,1970,162,3,4,22
0,1987,69,2,2,11
6,1999,94,1,2,11
4,1970,126,3,3,10
4,1970,156,3,3,10
4,1970,128,3,3,10
1,1954,190,3,3,6
6,1994,117,2,2,11
4,1966,183,3,3,11
4,1966,229,2,2,11
1,1920,210,3,3,22
0,2011,43,1,1,22
4,1966,180,2,2,11
4,1966,215,2,2,11
0,1972,128,2,3,17
4,2013,68,1,1,22
4,2013,65,1,1,22
6,1986,93,2,2,3
0,1971,129,3,4,3
0,2009,62,2,2,3
0,1965,135,3,4,3
4,1970,193,3,5,22
0,1986,110,3,4,3
4,1970,197,4,4,22
0,2006,45,2,2,21
0,1930,245,3,5,18
0,2021,30,1,1,2
0,1975,170,2,4,18
0,1940,226,4,4,9
0,2004,95,2,2,11
0,1948,221,4,4,18
0,2017,41,2,1,2
2,2014,21,1,1,22
6,1963,167,3,3,18
0,1977,138,2,2,11
0,1925,205,3,4,22
7,1991,150,3,3,22
0,1982,76,2,2,14
4,2009,68,2,2,23
0,1922,180,4,4,14
7,1978,142,2,2,6
5,1980,144,2,3,22
2,2019,40,1,1,22
0,2025,24,1,1,18
4,2006,51,2,2,23
4,1979,156,4,5,6
4,2006,40,2,2,23
4,1915,273,4,7,2
2,1975,150,3,4,1
6,2019,43,1,1,2
5,1975,131,2,3,22
6,1940,237,4,4,18
6,1910,229,5,3,18
6,1970,91,3,3,18
3,1958,205,3,4,22
3,1930,142,3,4,22
3,1972,152,3,4,22
3,1972,155,3,4,22
3,1991,78,2,2,22
1,1928,273,4,5,18
3,1985,110,3,3,22
2,2015,49,1,1,22
5,1985,140,2,3,22
0,1977,89,3,3,14
6,1957,113,2,3,14
4,2017,23,1,1,13
0,1977,89,4,4,14
7,1980,164,3,3,22
0,1937,145,4,4,14
4,2022,32,1,1,22
0,1980,105,3,4,14
0,1985,77,2,2,22
2,2014,30,1,1,22
0,1932,239,3,6,2
5,1981,104,2,2,22
6,1988,105,2,3,23
5,1979,108,2,3,22
5,1982,103,2,3,22
5,1980,102,2,2,22
5,2009,56,2,2,2
5,1981,109,2,3,22
5,1969,150,3,3,22
5,2003,71,2,2,2
3,2001,83,2,2,23
1,1948,220,4,4,18
1,1983,117,2,3,18
0,1979,124,3,4,2
1,1935,255,4,4,18
1,1980,131,3,3,18
1,1940,192,4,3,18
3,1982,118,3,3,22
3,1978,128,3,3,22
3,1972,149,3,4,22
3,1972,148,3,4,22
3,1985,112,3,3,22
3,1985,105,2,3,22
3,1982,117,2,3,22
7,1994,79,2,2,22
0,1967,112,3,3,14
4,2022,32,1,1,22
4,2022,32,1,1,22
4,2022,32,1,1,22
0,1967,110,4,4,14
0,1957,121,3,2,14
2,2021,41,1,1,22
2,2020,47,1,1,22
7,1945,224,5,3,18
1,2008,77,2,2,22
0,1982,135,3,3,6
5,1994,102,3,3,21
7,2008,98,2,2,11
3,1985,63,2,1,14
3,2010,73,1,1,11
7,1975,105,2,3,22
0,1954,187,3,6,2
3,1955,176,4,4,2
0,1988,111,4,2,2
0,1993,70,2,2,21
0,1991,108,3,3,22
3,1988,120,2,3,22
3,1978,123,3,3,22
3,1972,150,3,4,22
3,1978,122,3,3,22
3,1978,123,2,2,22
3,1972,158,3,4,22
5,1994,62,2,1,22
0,1990,108,2,3,22
1,1922,226,3,3,9
0,1988,80,2,2,22
0,2023,21,1,1,2
7,1975,93,2,3,22
3,1975,79,3,2,22
6,1975,104,2,4,22
3,1975,104,3,2,22
6,1975,120,3,3,22
0,1975,142,3,3,22
3,1975,57,2,2,22
5,1975,87,3,2,22
3,1944,125,3,3,22
0,1986,116,2,3,3
2,2017,36,1,1,13
7,1990,63,2,2,13
7,1980,78,2,2,13
3,1972,149,3,4,22
2,2014,67,2,2,18
6,1991,84,2,3,22
0,1989,103,2,2,22
1,1996,99,2,1,23
0,1970,183,3,3,13
0,1960,180,4,2,13
5,1960,187,4,2,13
0,1982,84,2,3,14
0,1937,157,3,4,14
0,1960,169,3,2,13
0,1987,62,2,2,22
0,1980,122,3,2,13
4,1992,117,3,3,23
1,1960,171,4,2,13
4,1959,187,3,4,18
4,1984,130,3,4,23
3,1920,231,5,3,13
6,1979,99,2,2,22
6,1974,118,3,3,22
0,1967,87,2,3,14
0,1970,190,3,4,13
2,2024,17,1,1,1
3,1950,250,3,4,11
5,1975,83,3,2,22
7,1975,79,2,2,22
5,1975,87,2,2,22
0,2009,34,2,1,23
5,1975,78,2,2,22
5,1975,151,3,3,22
1,1975,65,2,2,22
1,1975,72,2,2,22
4,2009,50,2,2,10
1,1975,83,2,2,22
0,1949,163,3,4,9
7,1965,131,3,3,13
5,1928,126,4,3,14
7,1917,138,3,4,13
7,1996,73,2,2,13
2,2017,26,1,1,13
4,1988,119,3,3,23
7,1990,56,2,2,13
7,1990,51,2,2,13
5,1996,85,1,2,2
7,1960,161,3,3,13
0,1986,108,3,3,22
5,2013,44,2,1,3
4,1988,130,3,3,23
1,2011,36,1,1,22
1,2011,46,1,1,22
1,2011,46,1,1,22
0,1982,73,3,2,14
1,2011,46,1,1,22
3,1982,147,3,2,14
2,2016,39,2,1,3
2,2016,39,2,1,3
1,1975,81,2,2,22
0,1991,127,3,2,11
7,1985,85,2,2,22
0,1984,118,3,3,21
0,1979,123,3,3,21
0,2009,90,2,2,23
0,2004,70,2,2,11
4,2002,80,2,3,22
4,1934,206,5,7,9
4,1921,242,5,6,9
7,1990,61,2,2,13
4,1918,238,5,6,9
4,1980,238,4,6,10
5,2000,88,2,1,2
4,1956,154,4,3,9
4,1940,195,5,4,9
2,2018,34,1,1,22
3,1928,247,4,6,2
4,1933,253,4,6,2
2,2014,59,1,2,3
7,2004,69,3,2,2
2,2017,59,2,2,13
0,1989,98,3,3,22
2,2016,44,2,1,3
0,2005,62,2,2,21
2,2016,35,1,1,3
2,2016,35,2,1,3
2,2016,39,2,1,3
2,2016,39,2,1,3
1,2021,34,1,1,2
4,1967,145,3,4,3
1,1954,187,3,3,2
1,1955,181,3,3,2
4,1955,182,4,5,3
4,1949,199,4,5,3
0,2004,73,2,2,11
0,1989,96,3,3,21
0,1985,123,3,4,21
6,1983,116,3,4,21
0,1986,105,3,3,21
4,2009,44,2,2,23
4,2009,43,2,2,23
0,1993,91,3,2,17
0,1984,105,3,3,21
4,2009,36,2,2,23
4,2009,40,2,2,23
1,1930,180,3,3,21
7,1985,100,2,2,13
7,1985,77,2,1,13
7,1983,143,3,3,13
3,2010,72,2,2,11
3,2010,65,2,2,11
4,1983,205,5,4,10
2,2024,21,1,1,1
5,1990,94,3,3,2
4,1965,146,4,4,3
1,1948,170,3,3,3
4,1961,162,4,4,3
5,2004,100,2,2,22
2,2017,43,2,1,3
2,2017,50,2,2,3
2,2017,48,2,2,3
2,2017,53,2,2,3
2,2017,48,2,1,3
2,2020,19,1,1,3
2,2020,21,1,1,3
4,2009,39,2,2,23
7,1981,151,4,3,13
3,2004,64,2,2,18
4,1979,122,3,3,3
3,1960,146,4,2,18
3,1935,210,5,3,18
0,1997,76,3,3,2
0,1917,128,4,3,2
2,2020,23,1,1,3
2,2018,37,1,1,13
2,2018,28,1,1,13
2,2024,23,1,1,10
5,2006,46,1,2,18
5,2002,73,2,2,18
5,1965,153,4,3,18
3,1971,138,3,3,2
1,1970,168,3,3,19
2,2020,24,1,1,3
2,2020,21,1,1,3
2,2018,46,2,1,3
2,2018,50,2,1,3
2,2018,38,2,1,3
2,2018,29,2,1,3
2,2018,39,2,1,3
1,1925,256,3,5,2
2,2018,30,2,1,3
2,2018,45,2,1,3
2,2018,44,2,1,3
2,2018,39,2,1,3
2,2018,37,2,1,3
1,1924,260,3,5,2
2,2018,29,2,1,3
2,2018,38,2,1,3
1,1973,134,3,3,2
2,2018,39,2,1,3
2,2018,39,2,1,3
2,2018,44,2,1,3
1,1963,157,3,4,2
2,2018,44,2,1,3
2,2020,27,1,1,3
2,2020,22,1,1,3
4,2010,52,2,2,23
4,1979,109,2,3,3
0,1951,148,3,4,22
0,1979,93,3,4,22
6,1955,125,3,3,22
4,1990,112,4,3,21
0,1980,102,2,3,22
4,1961,180,5,4,21
4,1979,126,3,4,3
7,1996,56,2,1,13
4,1961,186,5,5,21
4,1984,114,3,3,21
4,2009,72,2,3,2
5,2020,28,1,1,18
2,2016,39,1,1,22
5,1959,188,4,3,18
0,1985,109,3,3,2
5,1985,83,2,2,11
2,2020,28,1,1,3
2,2020,25,1,1,3
2,2020,26,1,1,3
2,2020,24,1,1,3
2,2020,25,1,1,3
2,2020,23,1,1,3
2,2021,24,1,1,3
2,2021,24,1,1,3
2,2021,26,1,1,3
0,2005,77,2,2,23
2,2021,24,1,1,3
2,2021,24,1,1,3
2,2021,24,1,1,3
2,2020,25,1,1,3
2,2020,23,1,1,3
0,1972,165,3,4,23
2,2020,24,1,1,3
2,2020,23,1,1,3
2,2020,27,1,1,3
4,1957,178,4,4,2
2,2020,26,1,1,3
2,2020,25,1,1,3
2,2020,25,1,1,3
2,2018,34,2,1,3
2,2018,33,2,1,3
2,2018,33,2,1,3
2,2014,47,2,2,21
4,2011,82,2,2,23
4,2011,53,2,2,23
2,2016,45,1,1,13
1,1981,114,3,3,16
4,1989,106,3,4,21
4,1974,144,3,3,9
0,1995,75,3,2,22
4,1990,95,2,2,22
6,1952,239,4,4,21
0,1954,154,3,5,22
2,1984,135,2,3,21
1,1949,213,5,5,9
6,1985,101,2,2,11
6,1985,136,2,2,11
5,1985,200,2,3,11
5,1985,114,2,2,11
5,1993,91,2,2,11
7,1990,80,2,2,14
7,1988,90,2,2,22
2,2018,32,2,1,3
4,1959,166,3,3,2
2,2018,32,2,1,3
2,2018,32,2,1,3
2,2018,34,2,1,3
2,2018,34,2,1,3
2,2018,39,2,1,3
4,2015,29,1,1,23
0,1979,129,2,4,23
3,1956,170,2,5,3
0,1998,75,2,2,3
1,1975,101,2,2,16
0,2000,58,2,2,16
0,2000,68,2,2,16
0,2000,66,2,2,16
1,1928,210,2,4,14
0,2000,67,2,2,16
7,1989,143,3,2,11
0,2000,64,2,2,16
1,1969,163,3,3,9
0,1995,115,3,4,22
7,1976,153,4,4,13
3,1990,97,2,2,14
7,1996,68,2,2,13
3,1985,64,2,2,22
3,2000,98,2,3,14
2,1973,142,2,4,3
0,1995,86,2,2,22
3,1990,83,1,2,14
5,2000,78,2,2,22
1,1955,186,3,3,23
5,2000,85,2,2,22
5,2004,45,2,1,22
0,1960,170,4,4,2
1,1994,102,2,3,23
1,1985,111,3,3,23
4,2020,30,2,1,23
1,1960,169,4,4,22
1,1969,182,2,2,22
1,1974,180,5,4,22
1,1984,158,5,3,22
1,1969,199,5,3,22
1,1974,177,5,4,22
0,2009,81,2,2,23
1,1989,130,5,3,22
0,2009,83,2,2,23
1,1991,119,4,3,22
1,1964,226,5,4,22
1,1974,170,5,3,22
5,2003,60,2,2,3
1,1979,149,4,3,22
5,1977,133,3,4,22
0,2007,52,2,2,2
4,1989,115,3,4,23
3,1910,208,2,2,19
4,1985,130,4,5,2
4,2024,20,1,1,10
4,2024,20,1,1,10
1,1974,184,2,2,22
1,1964,231,3,3,22
4,2024,20,1,1,10
4,2020,19,2,1,10
0,2004,87,2,3,11
4,2009,85,2,2,23
1,1979,160,4,3,22
1,1991,119,3,3,22
0,2009,68,2,2,23
1,1989,140,4,3,22
1,1974,186,5,3,22
1,1964,231,2,2,22
1,1974,167,5,3,22
1,1964,218,5,4,22
0,1999,88,3,3,2
3,1940,194,4,3,19
0,1934,154,4,4,17
5,2010,39,1,1,2
2,1999,72,2,2,2
0,2011,46,2,3,2
7,1993,67,2,2,15
1,1974,131,2,3,2
2,1992,91,2,3,2
4,1995,94,3,4,23
6,2019,22,1,1,22
5,2012,32,1,1,11
0,2004,90,2,3,11
7,1982,71,1,2,14
1,1990,165,3,5,11
4,2015,30,2,1,23
3,1990,126,3,3,11
7,1967,146,2,2,14
7,1977,87,2,2,14
6,2003,84,2,3,11
7,1982,72,2,2,14
3,2003,93,2,3,11
6,1945,208,3,5,2
3,2001,87,2,3,11
1,1967,129,3,3,14
3,2004,76,2,3,11
3,2004,86,2,2,11
6,1975,61,3,2,11
4,2017,20,1,1,10
2,2020,35,1,1,22
4,1992,108,3,4,23
0,1984,99,3,3,1
7,1985,106,2,3,22
5,1980,126,3,4,20
5,2012,36,1,1,11
6,2019,23,1,1,22
5,2015,24,1,1,21
4,2020,23,1,1,23
4,2020,25,2,1,23
4,2006,53,2,2,23
1,1960,136,2,3,22
0,1935,274,4,4,11
5,1994,123,2,3,22
6,2004,84,2,3,22
3,2004,95,1,2,11
4,2017,22,1,1,10
3,2010,61,1,1,11
4,2017,22,1,1,10
5,2001,86,3,4,11
3,1996,85,2,2,21
3,1940,232,3,4,22
4,2020,38,1,1,23
3,2001,102,3,4,11
6,2001,94,3,4,11
4,2017,28,1,1,23
5,2003,87,2,2,22
4,2017,29,2,1,23
4,2021,29,2,0,10
6,1999,70,2,2,2
6,1966,104,3,3,17
4,1915,256,3,5,1
4,1968,146,3,3,1
0,1949,127,3,3,17
2,2000,86,2,2,22
4,1970,220,4,5,22
3,2014,46,1,1,20
0,2008,60,2,2,2
6,2019,23,1,1,22
4,2017,24,1,1,23
4,2020,24,2,1,23
0,1975,136,4,5,23
4,2017,39,1,1,23
6,1970,153,3,5,23
2,2024,20,1,1,12
4,2020,31,1,1,10
0,2014,33,1,1,22
2,2025,21,1,1,22
0,1993,122,3,4,22
4,2017,28,1,1,23
5,2018,32,1,1,22
4,1951,264,3,4,22
6,1991,125,2,3,22
0,2005,64,1,2,22
1,1964,204,4,4,20
6,2000,81,2,3,22
7,1976,127,2,4,2
6,2013,35,2,2,2
2,2002,59,2,2,2
2,2023,23,1,1,1
4,2020,25,1,1,23
4,2010,38,2,2,23
4,2016,27,1,1,23
3,1968,160,3,4,23
1,1989,145,3,3,22
1,1990,106,3,4,11
6,1985,83,2,3,22
1,1990,146,3,4,11
0,1940,235,3,4,19
4,1987,162,3,4,2
6,2001,39,2,2,2
6,2022,25,1,1,2
4,2020,39,2,1,23
1,1923,257,4,7,2
6,2005,75,2,2,22
3,1990,133,2,3,23
3,1975,130,3,4,23
4,2010,39,2,2,23
1,1940,245,3,6,23
5,2016,32,1,1,12
1,1986,122,2,3,23
1,1991,119,2,2,23
6,1967,107,2,3,14
4,2020,18,1,1,10
7,1956,194,3,5,22
0,1999,122,3,3,2
0,1997,126,3,4,2
0,1917,140,3,3,2
5,2004,89,2,3,11
0,1917,117,3,3,2
0,1995,78,2,2,2
3,1960,176,3,3,19
0,1969,155,3,5,2
0,1991,170,2,4,2
0,1980,115,2,4,2
1,1991,111,2,2,23
1,1992,111,2,2,23
1,1991,127,2,2,23
4,2015,30,1,1,23
1,1954,201,3,4,23
1,1978,133,3,4,23
4,2020,23,1,1,23
1,1989,123,2,3,23
1,1992,96,3,3,23
1,1980,135,3,3,23
0,2003,73,2,2,22
2,2009,24,1,1,10
6,1968,169,4,5,2
3,1947,100,2,3,19
3,1947,113,3,3,19
3,1947,99,3,2,19
3,1940,127,3,4,19
0,1970,79,2,2,18
0,1980,139,2,2,21
4,1954,165,4,4,21
4,1921,259,4,3,21
6,1975,146,3,3,10
6,1980,158,3,3,21
4,2020,24,2,1,23
4,2015,29,1,1,23
0,1980,118,4,2,12
0,1980,104,4,2,12
4,2020,24,1,1,10
6,1985,124,3,3,10
0,2003,66,3,2,22
1,1950,111,3,2,2
1,1997,69,3,2,2
2,2017,84,2,2,2
7,1970,124,3,2,19
1,1945,174,3,2,10
3,1985,80,2,2,10
4,1969,139,3,4,22
4,1984,105,3,3,2
1,1970,159,3,3,16
5,2011,52,2,2,22
1,1975,108,2,2,16
2,2008,80,2,2,21
2,2008,57,2,2,22
3,1947,86,3,2,18
3,1940,217,3,4,18
4,2021,26,2,1,23
1,1997,91,3,2,2
3,1940,118,3,3,19
1,1935,194,3,2,10
3,1975,108,3,2,10
4,2020,23,1,1,23
4,2020,25,1,1,23
4,1935,222,4,4,10
0,1965,143,3,2,10
1,1935,201,3,3,10
6,1945,161,3,2,10
4,1915,234,4,3,10
7,1995,90,3,1,10
4,2020,26,1,1,23
5,1985,181,3,2,11
4,2020,28,2,1,23
3,1940,145,3,4,18
0,1997,75,2,2,22
0,1959,146,3,3,16
0,1997,63,2,2,22
0,1996,79,2,2,15
3,1978,158,4,3,22
3,1973,173,5,4,22
6,1940,195,3,3,18
4,1980,205,4,3,10
5,1947,111,2,3,19
4,1970,212,3,5,22
4,2020,21,1,1,10
4,1970,165,3,4,22
4,2023,20,1,1,10
6,2019,40,1,1,2
4,2023,20,1,1,10
0,1987,109,2,2,11
7,1979,130,3,2,11
0,1981,153,3,2,11
3,1965,165,4,4,22
3,1940,125,3,3,18
2,2020,25,1,1,22
4,2020,26,1,1,23
0,1987,78,2,2,8
0,1947,105,3,2,18
1,2011,60,1,2,22
0,1978,164,3,3,22
4,2012,75,2,2,14
5,1978,159,4,4,22
4,2024,20,1,1,22
3,1988,138,4,4,22
4,1943,264,4,5,22
3,1968,195,4,5,22
1,1953,240,2,2,22
4,1980,145,3,3,22
6,1965,125,3,3,10
1,1965,194,4,3,10
4,1985,152,3,2,10
4,2020,26,1,1,23
1,1953,178,3,4,15
4,1922,255,4,7,2
4,1961,169,4,4,2
5,2001,81,2,2,22
3,1990,117,3,3,21
0,1986,171,3,2,11
4,2021,40,2,2,2
4,2024,20,1,1,10
2,1984,110,3,2,11
4,2024,20,1,1,10
4,2020,20,1,1,2
3,1940,156,3,4,18
0,1985,89,3,3,8
3,1940,147,3,3,18
3,1950,164,3,4,18
4,2020,30,2,1,23
4,1986,190,4,5,2
3,1930,236,3,3,18
0,1947,104,3,2,19
1,1963,205,4,4,22
1,1973,175,4,3,22
1,1988,165,5,4,22
3,1940,154,3,3,18
7,1975,75,2,2,14
4,1961,162,4,5,2
4,1967,149,4,5,2
0,1973,151,3,3,21
4,1964,161,4,4,2
2,2001,150,3,3,20
1,1952,182,3,3,2
1,1974,125,2,3,2
7,1930,225,5,5,10
1,1975,138,3,3,2
3,1985,119,3,3,21
4,2024,20,1,1,10
0,2000,84,2,2,22
6,1980,89,2,2,11
6,2023,20,1,1,2
1,1960,156,3,3,18
4,2021,26,2,1,23
1,2022,44,1,2,2
3,1957,84,2,2,18
4,2015,27,1,1,23
7,1978,132,3,3,21
1,2021,34,1,1,2
1,2021,38,1,1,2
1,2021,28,1,1,2
7,1975,76,2,2,14
1,1993,110,5,2,22
1,1973,179,5,3,22
1,1980,152,4,2,22
1,1988,166,2,1,22
1,1978,159,5,3,22
1,1994,112,3,2,22
1,1991,126,3,3,22
1,1984,144,4,4,22
4,2021,25,2,1,23
7,1983,112,2,3,2
7,2011,53,1,1,2
0,2024,20,1,1,22
2,1978,123,2,4,2
3,1950,143,3,3,11
3,1950,161,3,2,11
3,1950,150,3,2,11
7,2006,62,1,1,11
4,2020,23,1,1,23
1,1989,160,5,3,22
4,2009,43,2,2,23
4,2006,66,2,2,23
1,1974,177,5,3,22
0,2010,45,2,1,22
2,1976,131,2,4,2
5,2010,44,2,1,22
6,1984,107,2,3,2
3,1960,110,3,2,11
1,1988,72,2,2,2
6,1995,67,2,2,11
1,1984,104,2,2,2
0,2018,32,1,1,22
4,2024,22,1,1,22
1,1974,182,5,3,22
4,2015,31,1,1,23
4,1925,218,4,3,10
1,1991,130,5,2,22
0,2010,76,2,2,23
1,1984,159,4,3,22
4,2024,24,1,1,22
4,2015,38,1,1,23
1,1984,140,5,2,22
5,2010,45,2,1,22
4,1992,117,3,3,23
3,1995,92,3,3,21
5,2010,46,2,1,22
5,2011,42,2,1,22
0,2011,36,2,1,22
4,1988,107,3,4,23
0,2010,46,2,2,22
5,1994,81,2,2,22
0,2009,43,1,1,17
0,2011,43,2,2,22
6,1975,148,3,3,22
5,2009,50,2,1,21
3,1990,116,2,2,21
0,1994,83,2,3,2
6,2014,51,2,2,22
5,2022,25,1,1,2
6,1999,65,3,2,9
0,1992,80,3,2,2
0,1983,112,3,4,2
2,2018,40,1,1,16
1,1935,149,4,2,2
2,2015,40,1,1,16
3,1950,162,4,2,18
0,2009,61,2,2,20
5,1980,147,2,3,23
2,2015,58,1,2,16
2,2017,36,1,1,10
2,2017,47,1,1,10
7,1994,73,2,2,10
5,2006,49,2,2,20
3,1940,185,4,6,11
2,2012,72,2,2,15
3,1940,144,4,4,11
3,1940,162,4,4,11
3,2004,40,1,1,19
3,2015,31,1,1,11
1,1932,159,3,3,14
2,2017,77,1,2,6
2,2018,65,1,2,15
1,1917,184,4,5,14
1,2014,42,1,2,14
3,1985,122,3,4,11
1,1972,87,2,2,14
2,2018,56,1,2,15
4,1944,192,5,5,16
4,2009,81,2,1,10
4,2009,81,2,2,10
4,2009,82,2,1,10
2,2015,45,1,1,7
2,2015,41,1,1,7
2,2015,51,1,1,8
2,2015,44,1,1,8
2,2020,40,1,1,20
2,2015,86,2,2,18
2,2015,60,2,2,18
2,2015,40,1,1,18
2,2020,31,1,1,20
2,2020,40,1,1,20
2,2020,32,1,1,20
2,2022,20,1,1,20
2,2015,60,2,2,18
2,2020,39,1,1,20
1,1910,210,4,4,18
2,2012,77,2,2,15
6,1955,132,3,3,16
3,1960,208,4,5,11
6,1977,102,2,2,16
1,1974,123,3,2,16
2,2015,57,1,2,15
2,2015,58,1,2,7
1,1907,217,4,4,14
2,2013,81,1,2,7
3,2005,76,2,2,11
2,2013,75,1,2,7
2,2013,83,2,2,7
2,2020,59,1,1,18
2,2015,62,2,2,18
2,2015,73,2,2,18
2,2015,42,1,1,18
2,2015,60,1,2,18
2,2020,44,1,2,20
2,2024,20,1,1,21
2,2015,44,1,2,21
2,2015,49,2,2,21
3,1960,184,4,5,11
3,1960,152,4,5,11
1,1957,110,2,2,14
3,1960,164,4,5,11
1,1927,170,3,4,14
7,1960,158,4,5,11
1,1932,160,2,3,14
3,2004,65,2,2,11
2,2015,64,1,1,6
2,2022,34,1,1,22
2,2018,73,2,1,22
7,1988,102,2,2,22
2,1998,59,1,2,3
5,1980,82,2,2,10
2,1997,59,2,2,3
5,2010,36,1,1,21
5,1980,119,3,2,10
2,2015,43,1,1,18
2,2015,48,1,2,18
2,2015,56,2,2,18
2,2015,48,1,1,18
1,2005,77,3,2,2
6,1979,110,2,2,21
2,2015,42,1,1,9
2,2013,59,2,2,21
0,2005,54,2,1,21
2,2015,51,2,2,21
2,2020,38,1,1,21
2,2024,20,1,1,21
2,2024,20,1,1,21
2,2024,20,1,1,21
2,2024,20,1,1,21
2,2024,20,1,1,21
2,2024,20,1,1,21
2,2024,20,1,1,21
2,2024,20,1,1,21
2,2024,20,1,1,21
1,2022,33,1,1,2
2,2024,20,1,1,21
2,2024,20,1,1,21
2,2020,36,1,1,12
2,2015,52,2,2,21
6,1940,170,3,4,19
3,2004,68,2,2,23
1,1995,103,2,2,23
3,1990,61,2,2,12
6,1993,71,1,2,11
7,1988,72,2,2,22
7,1976,149,2,4,22
1,1993,90,3,2,13
3,1960,142,4,3,11
1,1975,130,2,2,21
2,2019,47,1,1,2
5,1983,126,2,3,22
2,2019,46,1,1,2
3,1960,132,4,4,11
2,2019,43,1,1,2
3,1960,162,4,4,11
1,1971,142,3,3,2
3,1940,146,4,3,11
3,1940,120,5,3,11
3,1940,195,5,5,11
6,2003,64,3,2,11
0,1983,112,3,4,2
0,1990,100,3,3,2
0,1973,140,3,3,18
3,1990,80,2,2,12
0,1955,133,4,5,18
0,1950,180,4,4,18
0,1955,166,4,2,18
1,2008,60,2,1,13
0,1947,117,3,3,19
2,2014,72,1,2,2
1,1943,162,4,2,16
0,1971,145,3,4,2
5,1938,226,4,3,2
7,1974,221,3,2,11
3,1940,130,4,3,11
6,1940,218,3,5,2
3,1940,146,4,4,11
0,1979,120,3,4,2
6,1986,98,3,2,11
1,1968,150,3,3,2
1,1997,73,2,2,2
3,1940,161,4,3,11
4,2023,20,1,1,10
4,2023,20,1,1,10
7,1982,86,2,2,15
4,2023,20,1,1,10
4,2023,20,1,1,10
4,2023,20,1,1,10
4,2023,20,1,1,10
0,2014,70,2,2,22
4,2023,20,1,1,10
4,2018,74,2,2,22
4,2018,61,1,1,22
0,2014,56,2,2,22
0,1996,96,2,2,11
0,2014,47,1,1,22
0,2014,56,2,2,22
2,2025,39,2,1,15
5,2009,56,2,2,2
0,1986,118,3,4,10
0,1991,144,2,2,11
5,2002,111,3,3,21
0,1994,87,2,3,21
5,1993,94,2,3,22
2,2014,46,1,1,3
1,1945,104,3,3,16
2,2015,47,1,1,12
2,2015,50,1,2,12
3,1940,116,4,3,11
0,2014,35,1,1,22
4,2023,20,1,1,10
4,2018,45,2,1,22
6,1960,139,4,4,6
4,2023,20,1,1,10
4,2023,20,1,1,10
4,2023,20,1,1,10
4,2023,20,1,1,10
6,1945,190,3,4,18
4,2023,20,1,1,10
4,2023,20,1,1,10
2,2003,39,2,1,3
0,2007,60,2,2,13
5,1979,122,5,2,2
2,1972,135,3,3,3
3,2015,50,2,2,22
6,1983,176,3,2,11
2,2015,29,1,1,10
3,1940,190,4,3,18
3,1995,85,3,2,21
3,2005,51,2,1,21
3,2005,55,2,2,21
0,2018,32,2,2,16
3,1940,151,3,3,18
3,2003,106,2,3,11
0,1938,125,3,3,16
1,1994,83,3,2,2
2,1993,160,3,4,20
2,1993,175,3,3,20
2,1993,174,3,4,20
3,1940,149,4,3,11
3,1995,73,2,2,18
2,2015,60,1,2,17
2,2015,72,1,2,17
5,1975,109,2,3,20
5,1975,134,3,3,20
5,1975,220,3,5,20
4,1922,238,4,6,12
3,2015,27,1,1,12
2,2023,20,1,1,21
0,1952,175,3,5,12
6,1940,115,3,2,18
2,2019,35,1,1,21
6,2008,41,2,1,18
0,1986,104,3,4,12
0,1960,160,3,4,12
6,2000,82,2,2,18
0,1986,200,4,3,11
0,2003,54,2,2,13
5,1964,162,4,3,2
2,2000,53,1,1,3
2,1998,57,2,2,3
0,1983,180,3,3,11
0,2000,95,2,2,11
2,1987,142,3,3,10
2,1969,133,2,3,3
1,1992,100,4,2,2
0,1978,142,4,5,2
1,1953,186,3,5,2
5,1981,122,5,3,2
0,2007,40,2,1,13
2,1987,93,3,2,3
2,1997,62,2,2,3
0,1959,176,5,4,2
4,1970,182,4,4,22
0,1985,109,2,2,21
3,2000,68,2,2,21
0,1990,94,2,2,21
7,1995,70,3,2,10
6,2005,46,2,1,21
0,2000,65,3,2,21
6,1943,134,3,4,17
7,2001,41,2,1,10
5,1975,146,3,3,20
3,1940,158,4,3,11
5,1975,133,3,3,20
5,1975,128,3,3,20
5,1975,140,2,4,20
2,2015,70,1,2,17
2,2015,70,1,2,17
5,1975,199,3,4,20
5,2005,90,3,2,2
2,2015,75,1,2,17
0,1999,57,3,2,12
0,1985,192,3,3,12
0,1982,104,3,3,12
0,2015,23,1,1,12
0,1986,87,3,3,12
6,1925,293,4,4,18
2,2020,24,1,1,22
0,1997,187,3,3,12
2,2023,20,1,1,22
0,2001,53,3,2,12
0,2000,54,3,2,12
0,1994,134,3,2,12
0,1990,76,3,3,12
0,1998,59,3,2,12
0,1995,72,3,3,12
2,2015,36,1,1,22
0,1997,61,3,2,12
2,2015,40,1,1,22
0,1988,83,3,3,12
0,2000,61,3,2,12
0,1997,64,3,2,12
0,1999,59,3,2,12
7,1993,87,3,2,22
0,1991,79,3,3,12
3,1967,153,4,3,22
0,1997,62,3,2,12
6,2020,23,1,1,18
0,1989,80,3,3,12
2,2020,25,1,1,11
2,1997,61,2,2,3
0,2005,60,5,2,2
0,1977,128,3,3,2
7,1972,185,3,3,11
0,1998,74,5,1,2
5,1996,129,2,3,22
0,1991,91,5,2,2
1,1966,207,3,4,22
5,1989,102,5,2,2
5,1973,142,5,3,2
1,1953,187,4,5,2
6,1989,101,3,2,2
0,1956,254,4,5,17
0,1947,173,3,4,17
7,1997,48,2,1,10
0,1936,211,3,4,17
4,1979,150,3,4,2
4,1979,189,5,5,2
1,1973,119,3,2,16
3,1989,80,2,2,17
3,1993,59,2,2,17
0,1962,93,3,3,16
2,2021,35,1,1,20
6,1960,98,3,2,16
5,1967,90,3,2,17
2,2015,75,1,2,17
2,2015,36,1,1,22
0,1942,194,4,5,12
2,2020,25,1,1,22
2,2020,28,1,1,22
5,2000,68,3,3,12
0,1933,209,4,6,12
6,1957,106,2,2,18
3,1960,170,3,4,22
0,1984,122,2,4,12
2,2020,30,1,1,21
3,2015,45,2,1,21
2,2024,25,1,1,21
6,2019,30,1,1,2
6,1963,160,4,3,2
6,1986,159,3,2,11
1,1955,184,5,4,2
0,1914,180,3,3,17
0,1990,76,2,2,17
0,1902,195,3,4,17
3,1990,75,2,2,18
0,2002,58,2,1,17
6,1920,175,3,4,17
2,2014,41,1,1,3
0,2001,76,2,2,23
0,1995,110,2,2,23
3,2008,63,2,2,11
2,2015,52,1,1,8
3,1940,103,3,4,11
4,1982,137,3,4,23
2,2015,56,1,2,8
2,2014,72,2,1,20
3,2015,33,1,1,21
3,2015,36,1,1,21
6,1947,105,2,3,18
3,2015,31,1,1,21
2,2020,43,2,1,21
2,2022,28,1,1,21
6,1995,83,2,2,22
5,2008,47,3,1,11
2,2020,33,1,1,21
6,1992,89,2,2,22
7,1987,111,3,4,2
6,1980,103,3,3,10
0,1991,99,4,2,2
0,1980,129,4,3,2
1,1999,82,2,2,2
0,1996,80,4,2,2
0,1981,123,4,3,2
1,1999,83,2,2,2
2,2015,67,2,2,11
5,1970,151,5,3,2
0,1992,88,4,2,2
7,1960,84,2,3,11
0,2002,62,4,2,2
7,1991,106,4,3,2
5,1983,251,3,3,23
5,1989,77,3,2,23
0,1998,63,3,2,9
0,2008,70,2,3,22
0,1989,77,2,2,9
1,1927,283,3,6,23
1,1947,216,3,4,13
3,1977,70,2,2,18
2,1993,171,3,5,20
2,2020,43,1,1,8
1,1928,235,5,2,16
1,1963,138,4,2,16
1,1943,183,5,3,16
2,2020,25,1,1,21
6,2001,68,2,2,22
2,2020,26,1,1,21
2,2021,28,1,1,21
5,2009,39,2,1,21
1,2012,60,1,2,18
2,2021,20,1,1,21
2,2021,22,1,1,21
1,1996,67,2,2,18
2,2008,78,2,2,22
2,2018,35,2,2,22
4,2002,135,3,3,2
3,1960,122,3,3,11
3,1967,78,2,2,19
3,1996,69,3,2,17
3,1960,108,3,4,11
7,1975,117,2,3,19
0,1990,97,2,2,14
2,2015,63,2,2,11
7,1970,132,3,2,19
3,1960,161,3,4,11
2,2015,70,2,2,11
6,1999,70,2,2,2
2,2020,30,1,1,12
0,1980,70,3,1,16
2,2019,30,1,1,16
2,2020,28,1,1,12
1,1983,87,2,1,16
3,1940,119,4,4,11
1,1995,115,3,3,22
2,1993,199,3,4,20
2,2019,29,1,1,10
1,1927,167,2,4,18
4,1979,159,4,4,2
4,2024,20,1,1,22
4,2024,20,1,1,22
4,2024,20,1,1,22
1,1965,143,3,2,18
1,1950,192,4,3,18
0,1996,79,3,2,22
3,1960,149,4,5,11
5,1977,152,2,3,21
5,2004,53,2,2,21
3,2011,39,1,1,11
5,1989,110,2,2,21
5,2012,32,1,1,22
2,2015,57,1,2,8
2,2015,55,1,2,9
3,1940,141,3,2,18
3,1940,142,4,4,11
2,2013,57,2,2,7
2,2019,33,1,1,10
1,1937,130,3,3,2
5,2006,72,1,1,11
1,1937,132,3,3,2
0,1990,76,2,2,10
3,1940,140,4,4,11
0,1990,140,2,2,10
1,1937,145,3,2,2
0,1990,97,2,2,10
2,2019,34,1,1,10
1,2002,90,2,3,2
1,1967,111,3,2,2
2,2019,40,1,1,10
1,1967,122,2,2,2
4,2022,25,1,1,22
0,2011,43,2,2,22
2,2020,25,1,1,22
4,1979,144,4,3,2
4,2018,31,1,1,22
5,1998,78,2,2,21
5,2012,43,2,2,2
3,2001,59,1,2,18
7,1940,177,3,3,19
3,1940,128,3,2,18
3,2003,72,2,2,18
6,1928,167,4,3,17
2,2004,147,1,1,11
0,1990,65,2,2,10
2,2015,41,1,1,7
5,2013,29,2,1,22
1,1957,148,3,3,2
2,2012,71,2,2,15
2,2012,91,2,2,15
1,1967,110,3,2,2
2,2012,62,2,2,15
1,1977,106,3,2,2
4,2009,58,2,2,9
7,1940,139,3,3,19
2,2012,72,2,2,12
2,2016,52,2,2,9
2,2017,55,2,1,12
4,1949,237,4,5,22
1,2022,30,2,1,2
0,2005,88,2,3,11
2,2015,85,2,2,16
2,2015,52,1,1,16
2,2015,58,2,2,16
1,1982,71,3,2,2
2,2012,59,2,2,15
7,1940,124,3,3,19
7,1940,163,3,4,19
3,1940,145,4,4,11
2,2008,60,1,2,2
1,2019,35,1,1,2
2,2020,27,1,1,20
6,1973,134,3,3,2
2,2009,64,2,2,20
1,1995,64,3,2,2
2,2020,36,1,1,20
1,1929,242,4,5,2
2,2020,30,1,1,20
2,2020,35,1,1,20
4,1986,128,3,5,2
2,2020,32,1,1,20
4,2024,40,1,1,11
5,2015,32,2,1,2
0,1994,88,2,2,22
0,1997,102,2,2,22
0,2007,57,2,2,22
2,2018,61,2,2,20
1,1985,76,3,2,2
0,2009,52,2,2,20
2,2020,45,2,2,20
0,2009,54,2,2,20
2,2018,66,2,2,20
2,2018,57,2,2,20
2,2018,55,2,2,20
1,1960,120,4,3,2
5,2005,86,2,3,20
5,2006,39,2,1,19
2,2020,21,1,1,19
2,2022,30,1,1,19
2,2020,23,1,1,19
2,2020,23,1,1,19
0,1993,115,2,3,23
3,1965,167,3,4,22
0,1975,118,4,3,10
0,1960,150,4,3,10
2,2020,29,1,1,19
5,2015,42,1,1,21
1,1986,53,3,2,2
4,1980,143,4,4,11
4,1980,206,4,5,11
4,1980,134,3,3,11
4,1980,199,4,5,11
1,2007,30,1,1,2
0,2007,31,1,2,16
1,1993,100,2,2,16
4,1980,157,3,3,11
0,1993,65,2,2,16
2,2020,54,2,2,2
0,1997,97,2,3,22
2,2025,20,1,1,21
0,1955,191,3,4,22
0,2000,65,2,2,22
2,2018,64,2,2,20
1,1960,147,4,2,2
0,1980,110,2,4,10
0,1975,111,3,4,10
5,2006,59,2,2,21
1,1960,110,3,2,2
4,1980,199,4,4,11
4,1980,221,4,4,11
4,1980,210,4,4,11
1,1989,73,3,2,2
2,2012,25,1,1,21
2,2020,32,1,1,19
2,2020,30,1,1,19
2,2020,34,1,1,19
1,1990,50,2,2,2
3,1930,126,2,2,17
1,1928,108,3,2,2
1,1963,89,3,2,2
5,1955,189,3,5,22
6,1950,243,3,4,22
2,2023,20,1,1,21
5,1967,207,3,5,2
4,1970,164,4,5,4
4,2010,73,2,2,22
4,1970,218,3,6,22
4,1970,182,3,4,22
4,1970,200,3,4,22
2,2020,38,1,1,21
2,2015,41,1,1,21
2,2015,46,1,2,21
2,2013,51,2,2,21
2,2013,44,1,1,21
2,2024,20,1,1,21
2,2015,45,1,1,21
2,2015,33,1,1,21
2,2024,20,1,1,21
2,2023,26,1,1,10
0,2016,28,1,1,12
2,2024,20,1,1,21
2,2015,48,1,1,12
2,2024,20,1,1,21
2,2024,20,1,1,21
2,2024,20,1,1,21
2,2024,20,1,1,21
2,2024,20,1,1,21
2,2024,20,1,1,21
0,1999,45,1,2,19
2,2020,27,1,1,19
3,1935,162,3,3,17
2,2020,28,1,1,19
1,2010,36,1,2,2
2,2020,12,1,1,19
7,2008,87,2,2,21
1,1970,103,3,2,2
3,1945,266,4,5,18
2,2020,33,1,1,20
5,2022,29,1,1,2
2,2020,33,1,1,20
5,2022,22,1,1,2
5,1980,121,4,2,2
2,2020,33,1,1,20
6,1982,118,2,3,2
2,2017,26,1,1,20
0,1985,102,3,3,10
3,1940,125,3,3,2
2,2020,30,1,1,20
2,1946,211,3,4,2
2,2020,24,1,1,20
2,2024,20,1,1,21
2,2024,20,1,1,21
2,2024,20,1,1,21
2,2024,20,1,1,21
2,2024,20,1,1,21
2,2024,20,1,1,21
2,2024,20,1,1,21
1,2022,27,1,1,2
2,2024,20,1,1,21
2,2023,22,1,1,10
2,2015,47,1,1,21
2,2021,23,1,1,19
6,1956,177,3,3,2
4,2020,37,1,1,2
2,2017,31,1,1,20
2,1992,96,2,2,2
2,1973,151,3,3,2
1,1961,173,4,3,2
2,2017,57,2,2,1
7,1966,163,4,5,2
1,1986,105,2,3,2
2,2010,63,2,2,20
1,1943,212,5,5,2
1,1989,95,3,3,2
1,1951,191,4,4,2
2,2020,30,1,1,20
3,2000,94,3,3,23
2,1994,93,2,2,2
2,1996,83,2,2,2
4,1933,275,5,4,16
2,2015,32,1,1,3
4,1992,104,3,4,23
0,2006,68,2,2,3
2,2020,30,1,1,3
2,2015,35,1,1,3
2,2022,32,1,1,3
2,2020,35,2,2,3
2,2020,24,1,1,19
1,1914,280,5,6,2
0,1978,109,3,3,1
2,1980,127,3,4,2
0,1986,104,2,3,2
4,2012,52,3,2,9
2,2020,26,1,1,20
2,2020,37,1,1,20
2,1981,120,3,4,2
1,1956,176,4,3,2
2,2020,40,1,1,20
1,1985,111,3,3,19
2,1973,141,3,3,2
2,1984,111,3,3,2
5,1946,204,5,6,2
5,2015,33,2,1,2
5,2014,33,2,1,2
5,1987,102,4,2,2
5,1970,146,4,4,2
2,2020,37,1,1,3
0,2010,47,2,2,3
2,2020,30,1,1,3
2,2020,30,1,1,3
2,2020,31,1,1,3
2,2022,32,1,1,3
2,2020,31,1,1,19
1,1947,201,4,5,2
2,2020,21,1,1,19
5,2008,54,2,2,2
5,1948,203,5,5,2
5,2006,62,2,2,2
5,2003,69,2,2,2
4,1975,156,4,5,23
4,1961,198,4,6,23
4,1957,211,4,6,23
4,1972,172,4,6,23
4,1959,201,5,6,23
4,1979,146,4,5,23
4,1977,158,4,5,23
5,1974,135,4,3,2
5,1971,143,4,3,2
5,2006,57,2,2,2
5,2002,63,2,2,2
2,1973,147,3,4,2
2,2020,38,1,1,20
2,2020,31,1,1,20
0,2008,44,1,1,19
2,2020,32,1,1,20
2,2020,38,1,1,20
2,2024,19,1,1,3
0,2010,68,2,2,22
2,1992,161,3,3,17
1,2016,48,2,1,2
2,2015,41,2,2,3
2,2015,62,2,2,3
0,2009,58,2,3,3
0,2006,68,2,3,3
2,2009,94,1,2,16
2,2022,28,1,1,3
2,2015,73,2,2,3
5,2007,54,2,2,2
2,1990,115,2,3,2
2,2015,49,1,2,9
2,1941,238,3,5,2
2,2015,50,1,1,9
2,1936,251,3,5,2
2,2020,27,1,1,9
6,1984,104,2,2,17
2,2020,24,1,1,9
2,2020,33,1,1,9
5,1992,119,2,2,23
1,1960,129,2,3,16
4,1981,138,3,4,23
2,2020,31,1,1,20
2,2020,42,1,1,20
1,1959,169,4,4,2
2,2020,21,1,1,20
2,2017,30,1,1,20
4,1980,198,4,5,11
4,1996,142,3,4,11
1,1944,208,2,3,2
2,2017,53,2,2,3
2,2017,46,2,2,3
2,2018,35,1,1,3
2,2015,72,2,2,3
1,2023,28,1,1,2
0,2010,49,2,2,3
2,2020,39,1,1,3
2,2020,34,1,1,9
6,2005,123,2,3,11
3,1980,126,3,3,21
2,2020,24,1,1,3
2,2020,29,1,1,3
2,2015,72,2,2,3
2,2020,25,1,1,3
4,1982,146,3,4,23
4,1982,140,4,4,23
4,1984,120,3,5,23
2,2020,30,1,1,20
2,2020,31,1,1,20
2,2020,25,1,1,20
3,1930,147,3,3,2
1,1970,112,3,3,2
0,2004,56,3,2,19
0,1996,75,2,2,13
0,2008,59,2,2,3
2,2020,34,1,1,3
2,2020,31,1,1,3
2,2015,83,2,2,3
2,2020,49,2,2,3
2,2020,45,2,2,3
0,1947,114,3,4,19
2,2020,39,2,2,3
0,1991,85,2,2,5
2,2020,26,1,1,3
2,2020,27,1,1,3
1,1992,81,3,2,2
2,2015,53,2,2,3
2,2015,55,2,2,3
2,2020,27,1,1,3
2,2020,26,1,1,3
0,2017,26,2,2,5
2,2015,68,2,2,3
2,2020,25,1,1,3
2,2020,27,1,1,3
2,2019,40,2,2,3
2,2020,32,1,1,3
2,2020,37,2,2,3
1,1976,143,2,2,23
2,2020,23,1,1,20
1,1945,141,3,2,2
2,2020,29,1,1,20
2,2020,29,1,1,20
7,1950,140,3,2,2
2,2020,43,1,1,20
2,2020,35,2,2,3
0,2006,71,2,3,3
0,1980,134,3,2,10
2,2021,23,1,1,1
2,2024,20,1,1,19
2,2020,36,1,1,1
2,2020,43,2,1,1
0,1947,113,3,4,19
2,2019,32,1,1,1
2,2015,41,1,1,1
0,1957,105,2,3,19
2,2022,36,1,1,3
0,1980,88,2,1,19
4,2015,26,1,1,9
0,2010,42,2,2,3
2,2020,22,1,1,3
0,1998,73,2,1,19
4,2020,21,1,1,9
2,2020,25,1,1,3
2,2020,22,1,1,3
2,2018,30,1,1,3
5,1979,110,3,2,17
5,1949,207,4,5,2
1,1961,162,4,4,16
3,1975,89,2,2,2
5,2009,61,2,2,20
2,2022,24,1,1,20
0,2009,48,2,2,20
2,2022,22,1,1,20
0,1990,74,4,2,1
0,2004,96,2,3,19
2,2019,34,1,1,1
2,2019,46,1,1,1
2,2020,31,1,1,1
6,1940,138,3,3,19
4,1970,139,3,2,10
2,2021,25,1,1,1
2,2022,30,1,1,1
6,1940,157,4,4,19
6,1940,152,4,4,19
6,1940,134,3,4,19
6,1940,138,3,4,19
5,2000,53,2,3,21
2,1970,126,2,3,22
2,1975,113,2,3,22
2,1984,94,2,3,22
0,2010,68,2,3,3
2,1987,85,2,3,22
2,1984,93,2,3,22
2,2015,78,2,2,3
2,2015,76,2,2,3
2,1984,93,2,3,22
2,2020,50,2,2,3
1,1992,83,3,2,2
0,2006,93,2,3,3
1,1990,109,3,2,2
1,1990,96,3,2,16
2,2012,69,2,2,12
2,2012,66,2,2,12
2,2020,29,1,1,20
7,1992,105,3,3,2
2,2020,32,1,1,20
6,1980,119,3,2,10
2,2020,29,1,1,20
2,2019,42,1,1,16
3,1940,109,3,3,19
2,2020,12,1,1,19
2,1946,215,3,4,2
2,2015,82,2,3,3
2,2022,38,1,1,3
5,2002,85,2,3,2
2,1945,214,3,5,2
1,1992,94,3,2,2
1,2001,74,2,2,2
6,1973,136,3,3,2
3,1979,129,3,3,2
0,1944,220,3,6,2
6,1983,116,3,2,2
0,1961,168,3,4,2
1,1946,178,4,4,17
2,2019,35,1,1,16
2,2020,32,1,1,20
2,2020,30,1,1,20
2,2020,28,1,1,20
2,2023,22,1,1,20
1,1958,186,3,4,23
6,1926,144,3,2,17
1,2014,50,2,2,2
2,2020,14,1,1,19
4,1931,234,3,6,17
2,2014,84,1,2,2
5,2008,57,2,2,17
0,1990,90,3,3,19
2,2010,69,1,2,2
2,2010,79,2,2,2
1,1951,173,3,3,17
2,2020,31,1,1,19
1,1963,80,2,2,17
5,2005,62,3,1,2
0,2012,49,2,2,3
1,1910,181,4,3,2
0,2007,45,2,2,3
0,2008,61,2,2,3
0,2006,75,2,2,3
0,2023,27,1,1,2
1,2013,45,1,2,2
6,2000,61,2,2,22
2,2016,73,2,2,3
0,2007,45,2,2,3
1,2007,68,2,2,2
0,1981,117,3,4,2
6,1983,117,3,3,2
1,1984,64,3,2,2
2,2015,40,1,1,16
2,2020,29,1,1,2
4,1980,128,3,3,11
1,1939,189,2,2,17
5,2005,58,1,2,17
5,2002,64,2,2,21
5,2008,55,2,2,17
2,2020,22,2,1,1
7,1982,140,3,4,1
2,2020,24,1,1,19
2,2020,25,1,1,19
2,2020,24,1,1,19
0,1982,116,4,3,2
5,1988,103,4,2,2
6,1998,77,4,2,2
6,1994,84,4,2,2
0,1988,100,4,3,2
2,2017,72,2,2,3
3,1970,99,2,3,2
2,2018,61,2,2,3
3,1995,99,3,3,2
2,2007,50,2,2,2
2,2012,46,2,1,2
0,2023,27,1,1,2
0,1941,214,5,5,2
3,1995,83,3,2,2
0,2023,21,1,1,2
1,1938,179,4,3,17
6,1939,137,3,4,22
0,1978,64,2,2,16
3,1950,118,3,3,2
2,2008,81,2,2,2
7,1994,88,2,2,2
2,2017,66,2,3,2
2,2017,51,2,2,2
0,2003,59,2,2,17
6,1979,124,2,3,2
2,2017,28,1,1,2
0,2014,42,1,1,17
2,2019,52,2,2,20
0,2014,41,1,1,17
2,2024,20,1,1,20
2,2025,20,1,1,20
4,1980,125,3,4,11
4,1980,146,3,4,11
4,1980,153,3,4,11
2,2020,21,1,1,19
5,2002,64,2,2,21
0,2000,63,2,2,21
3,1973,62,2,2,16
3,1963,118,3,2,16
1,2009,36,2,2,2
2,2010,53,2,2,2
2,2019,44,1,1,20
3,1950,144,3,3,2
7,1975,76,3,2,2
2,2017,35,1,1,20
2,2019,41,1,1,20
2,2019,44,1,1,20
2,2009,96,2,3,20
1,2016,28,1,1,2
2,2019,26,1,1,20
2,1994,90,2,2,2
1,1915,161,4,3,2
2,2019,26,1,1,20
5,2020,23,1,1,2
1,1944,205,4,4,2
1,1978,129,2,3,23
0,2009,73,2,2,20
0,2004,48,2,2,19
5,1999,54,1,1,23
4,1980,148,4,4,11
4,1980,167,4,4,11
4,1980,186,4,4,11
0,2010,38,2,2,20
2,2019,30,1,1,20
0,1980,117,2,2,17
6,1980,91,3,2,10
5,2005,61,2,2,2
1,1940,124,3,3,2
2,2017,60,2,2,20
2,2008,116,2,3,20
2,2009,30,2,1,20
2,2020,28,1,1,20
2,2009,65,2,2,20
2,2020,20,1,1,19
1,1951,183,3,7,17
4,1923,221,4,5,17
2,2020,21,1,1,19
2,2020,21,1,1,19
5,2006,37,2,1,19
5,2006,36,2,1,19
2,2020,28,1,1,19
2,2008,60,2,2,20
3,1995,95,2,3,11
2,2021,30,1,1,20
2,1986,118,2,3,2
5,2020,25,1,1,2
2,2009,64,2,2,20
1,1965,72,3,2,2
2,2020,34,1,1,20
0,1994,76,2,2,22
2,2020,28,1,1,20
1,1920,225,3,3,10
1,1967,86,2,2,14
7,1940,242,3,4,23
1,1972,100,3,3,14
1,1967,125,3,6,14
1,1907,222,3,4,14
0,1984,101,2,2,23
5,1984,123,2,2,23
6,1984,93,2,2,23
7,1984,134,2,2,23
2,2020,48,2,2,20
2,2021,32,1,1,20
2,2020,37,1,1,9
2,2020,36,1,1,9
2,2020,56,2,2,20
0,1997,91,2,2,22
1,1970,117,2,3,18
3,1989,82,2,2,22
2,2019,49,2,1,2
1,2020,28,1,1,21
6,1990,94,2,2,16
1,1993,133,3,4,13
1,2021,26,1,1,21
0,1990,72,2,2,16
0,1965,119,2,2,16
3,1940,193,4,4,22
0,1999,84,2,3,16
0,1950,200,3,4,19
6,1994,97,2,2,21
3,1970,140,3,2,19
0,1975,144,3,4,21
3,1962,143,3,4,12
0,1999,72,3,3,21
2,2021,36,1,1,10
2,2021,29,1,1,10
2,2021,30,1,1,10
5,1998,75,2,2,21
1,2021,26,1,1,21
0,2000,38,1,2,16
1,1980,140,3,2,19
4,1970,145,3,4,22
4,1970,174,4,4,22
4,2018,41,2,1,22
4,1970,136,3,3,22
4,1970,179,4,4,22
4,1970,182,3,4,22
4,1970,125,2,4,22
4,1970,172,4,4,22
4,1970,136,3,4,22
4,1970,174,3,4,22
4,1970,131,3,3,22
0,1999,58,1,2,16
1,2020,25,1,1,21
1,2008,78,2,2,21
0,2005,39,2,1,16
1,2020,28,1,1,21
0,2006,95,2,3,11
1,2020,35,1,1,21
3,1943,181,3,3,16
6,1985,86,2,3,22
2,2021,38,1,1,21
1,1937,208,3,3,12
2,1990,136,3,4,21
0,1972,113,2,3,16
0,1997,83,2,3,22
1,1954,269,3,4,21
6,1956,140,3,3,16
0,1997,71,3,3,22
3,1978,151,2,4,11
4,2019,38,2,1,22
2,2019,34,2,1,2
4,1970,147,3,4,22
4,1970,109,2,3,22
4,1970,104,2,2,22
4,1970,122,3,4,22
0,1970,138,3,3,12
4,1970,150,3,4,22
4,1970,102,2,3,22
4,1970,137,3,4,22
0,2009,54,2,2,11
7,1941,184,3,3,16
0,2005,93,2,2,11
6,1970,130,2,2,18
2,1984,158,3,4,21
5,1990,105,2,2,18
0,1979,112,3,4,17
1,1954,152,2,3,12
3,1932,157,2,3,15
5,2005,61,3,2,21
2,2020,28,1,1,17
1,1977,112,3,3,12
1,1972,133,3,3,12
4,1970,229,4,5,22
4,1970,163,3,4,22
4,1985,121,3,3,22
4,1970,179,3,4,22
0,1980,117,3,3,12
4,1970,138,3,3,22
4,1970,237,5,6,22
0,1980,108,2,2,12
4,1970,146,3,3,22
4,1970,237,5,5,22
4,1970,190,4,5,22
1,2008,26,1,1,21
2,2003,102,3,2,20
0,1992,81,2,2,16
0,2000,68,2,2,19
1,1998,79,3,3,13
1,2021,20,1,1,21
6,1935,195,3,4,16
5,1990,87,2,2,19
5,1991,105,2,2,11
1,2021,20,1,1,21
1,1960,106,3,2,2
1,1972,116,2,3,14
5,1970,138,4,3,14
4,1970,150,3,4,22
7,1985,112,1,2,22
4,1970,130,3,4,22
4,1970,197,4,5,22
4,1970,155,3,4,22
4,1970,188,3,4,22
4,1970,153,3,4,22
3,1977,94,2,2,15
4,1970,180,4,4,22
4,1970,197,4,5,22
4,1970,177,3,5,22
4,1970,75,2,2,22
4,1970,197,3,4,22
4,1970,177,4,5,22
4,1970,171,4,4,22
4,1970,190,3,5,22
0,1970,154,3,4,21
0,1970,121,2,3,21
0,2018,31,1,1,15
1,2020,20,1,1,21
5,1991,85,2,2,11
1,2021,20,1,1,21
1,2020,20,1,1,21
2,2004,71,2,2,16
2,2022,20,1,1,12
5,2021,20,1,1,21
2,2011,61,2,2,3
2,2011,61,2,2,3
1,2009,39,1,1,13
5,1991,115,2,2,11
5,1999,83,2,2,11
2,2022,20,1,1,21
2,2024,20,1,1,21
0,1989,114,2,3,21
0,1989,123,3,4,21
0,2017,35,1,1,23
4,1970,184,3,5,22
0,2014,35,2,1,1
4,1988,121,3,4,23
0,1987,101,2,3,22
6,2005,76,2,3,22
0,1970,148,3,4,21
4,1970,152,4,5,22
5,1990,93,3,2,21
2,2020,36,3,1,22
2,2020,45,3,1,22
2,2016,56,3,1,22
1,1960,230,4,3,21
2,2017,64,3,1,22
1,2020,25,1,1,21
1,1992,80,2,2,3
1,1985,121,3,2,21
7,1963,144,3,3,21
4,1965,169,3,3,10
6,1999,85,2,3,21
3,1985,70,2,2,21
4,1987,119,3,4,23
1,1984,146,3,4,21
0,1972,105,3,3,15
4,1991,95,3,3,22
4,1984,149,2,5,10
2,2020,20,1,1,21
1,1985,124,3,3,21
2,2015,58,3,1,22
0,1986,91,2,2,21
1,1970,189,3,3,21
1,1970,160,3,3,21
1,1960,208,3,3,21
2,2017,59,3,1,22
1,1955,210,3,3,21
3,1980,136,4,3,21
3,1970,162,4,3,21
3,1975,150,4,3,21
3,1970,188,4,4,21
3,1975,159,4,3,21
3,2000,60,2,2,21
3,2010,46,2,1,21
2,2020,38,3,1,22
4,1982,146,4,4,20
3,2008,38,2,1,21
4,2002,66,3,2,1
5,1971,138,2,3,21
4,2022,20,1,1,21
4,2022,20,1,1,21
2,2019,22,1,1,3
6,1976,110,3,3,11
2,2016,62,2,2,20
3,1973,145,3,4,22
5,1980,109,2,4,16
0,1989,110,3,2,10
0,2021,32,1,1,2
0,1989,124,3,2,10
0,1970,132,3,4,21
0,1975,136,2,4,21
6,1984,105,2,2,23
3,2000,42,2,2,21
3,1975,159,4,5,21
2,1993,117,2,3,22
2,1993,100,2,3,22
3,1960,184,4,4,21
2,1993,116,3,3,22
3,2020,20,1,1,21
0,2010,65,2,2,11
2,2017,61,3,1,22
3,2020,20,1,1,21
3,2020,20,1,1,21
3,1960,181,3,3,21
3,1970,155,3,2,21
3,1970,155,4,2,21
3,1980,145,4,3,21
3,1985,121,5,3,21
3,1990,113,4,3,21
3,1985,122,2,2,21
3,1975,152,4,4,21
7,1950,179,3,3,18
5,1987,186,2,2,22
5,1987,161,2,3,22
3,1950,227,4,4,21
1,1970,179,4,3,21
4,2022,20,1,1,21
4,2022,20,1,1,21
4,2022,20,1,1,21
2,2017,65,2,2,20
2,2020,35,1,1,2
0,1958,150,3,5,16
7,1988,92,2,2,21
0,2003,84,3,2,20
0,1991,117,2,4,22
6,1996,73,2,3,23
1,1940,131,3,3,2
1,1997,107,3,2,2
7,2006,36,1,1,21
6,2003,78,2,2,21
0,2021,25,1,1,2
6,1984,53,1,1,23
0,1970,115,2,4,21
0,1980,115,2,3,21
0,1970,109,2,3,21
1,1970,160,4,3,21
1,1970,186,4,3,21
1,1955,217,5,4,21
1,1970,167,4,3,21
1,1980,135,3,3,21
1,1955,210,2,3,21
1,1970,185,4,4,21
1,1980,145,4,3,21
1,1980,148,3,3,21
1,1965,183,4,3,21
7,1997,50,2,2,22
1,2000,75,2,2,21
1,1960,225,4,4,21
1,2000,63,2,2,21
1,1970,178,2,2,21
7,1940,199,3,4,22
0,2007,89,2,2,11
0,1975,118,2,2,21
6,1987,140,2,2,22
1,2010,32,1,1,21
1,1950,247,4,4,21
0,2010,66,2,2,11
1,1981,132,2,2,23
4,1969,137,2,2,23
5,1996,84,2,2,21
2,2020,27,1,1,10
0,1923,181,3,4,14
1,2000,146,2,3,21
0,1928,141,3,4,14
0,1923,162,3,3,14
4,2019,33,2,1,22
4,2019,28,2,1,22
7,1937,193,3,4,16
0,1970,127,2,4,21
6,1980,103,2,3,21
1,1975,151,3,3,21
1,1950,226,4,4,21
5,1990,112,4,3,21
1,1965,185,4,3,21
1,1998,85,3,3,13
1,1960,203,4,4,21
7,1990,103,2,3,22
3,1958,143,3,2,16
1,1980,141,4,3,21
1,1960,193,4,3,21
1,1960,193,2,2,21
1,1975,150,3,2,21
2,2015,50,2,1,11
7,1940,280,4,5,22
1,1950,240,4,4,21
1,1950,241,4,3,21
1,2012,40,1,1,13
2,2015,62,2,1,11
3,2004,73,2,2,22
3,1966,125,2,2,11
6,1980,209,2,2,11
4,2022,26,1,1,19
2,2024,26,1,1,19
7,1984,110,2,2,23
0,1984,107,2,2,23
0,1992,83,2,3,21
6,1989,82,2,3,21
0,1970,140,2,3,21
6,1970,118,2,3,21
0,1984,126,2,2,23
4,2002,94,2,3,10
6,1984,95,2,3,21
0,1970,140,3,4,21
0,1984,118,2,2,23
3,2000,128,2,3,11
0,1970,162,3,3,21
4,1999,85,2,3,21
7,1985,88,2,3,22
7,1975,118,3,3,22
7,1965,100,2,2,22
4,1999,73,2,2,21
6,1980,141,1,2,21
2,2015,62,2,2,11
4,1999,68,3,2,21
2,2000,58,2,2,21
0,1990,97,3,2,10
7,1975,90,2,2,22
6,1980,147,2,3,11
5,1960,199,3,4,11
5,1969,150,4,4,2
1,1983,100,3,4,22
2,2014,78,1,2,3
7,1982,127,3,3,2
0,1970,111,2,3,21
5,2008,69,2,2,11
0,1970,148,2,3,21
0,1984,110,2,2,23
5,2010,59,2,1,11
0,1984,119,2,2,23
0,1980,110,2,3,21
0,1984,118,2,2,23
4,2020,32,1,1,11
0,1984,103,2,2,23
4,1989,98,3,3,21
4,1989,98,3,3,21
1,2000,43,2,1,21
0,2000,81,2,1,17
0,1990,132,2,2,10
4,2009,49,2,2,21
1,2003,59,2,2,13
3,1967,87,3,2,19
7,1972,114,2,3,16
0,1947,108,2,3,19
1,1978,126,2,3,21
6,1987,119,3,3,21
1,1996,63,2,2,22
2,2020,30,1,1,3
6,1989,93,2,2,21
4,2020,35,1,1,11
6,1989,105,2,3,21
4,2020,31,1,1,11
0,1993,170,2,2,11
0,1984,110,2,2,23
3,1966,138,3,2,11
0,1984,110,2,2,23
7,1984,151,2,2,23
6,1989,87,3,3,21
6,1980,119,3,3,21
0,1990,67,2,2,14
7,1956,186,4,4,9
3,1951,157,2,4,16
5,2006,68,2,2,22
2,2021,33,1,1,10
0,1967,152,2,3,13
7,1947,228,4,4,13
1,2003,80,2,2,22
5,1997,40,2,1,21
0,2000,92,3,3,22
2,1986,121,2,2,9
6,1992,71,2,3,21
6,1992,96,2,3,21
7,1984,131,2,2,23
0,1995,50,2,1,19
7,1984,133,2,2,23
0,1982,114,2,3,21
1,1975,134,2,2,10
0,2003,68,2,2,21
1,1994,130,2,3,21
2,2025,20,1,1,20
6,1970,151,4,4,21
0,1977,101,3,4,16
7,1975,165,4,5,21
3,1983,115,3,3,21
0,1970,126,4,4,21
6,1976,192,4,5,21
6,1950,162,3,5,16
0,1977,155,3,5,13
2,1996,86,2,2,9
2,2015,40,1,1,23
0,1980,60,2,2,19
7,1984,106,2,2,23
7,1991,70,2,2,21
7,1992,62,1,2,14
7,1982,89,2,3,21
7,1984,125,2,2,23
0,1984,122,2,2,23
0,1984,95,2,2,23
2,1950,182,2,3,22
0,2006,78,2,2,18
0,1952,192,4,5,7
0,1968,155,4,3,18
2,2018,41,1,1,16
2,1984,152,3,3,21
5,2010,57,1,1,23
4,2024,20,1,1,21
4,2010,74,1,2,16
3,1980,158,4,5,11
0,1992,92,3,3,2
5,2000,83,2,3,23
6,1989,95,4,2,2
1,1995,120,2,2,11
0,1992,87,4,3,2
0,1992,88,4,3,2
7,1953,192,5,4,9
3,1980,100,3,3,14
5,2004,58,2,2,21
6,1955,182,4,4,2
0,1984,120,3,4,2
0,1992,100,3,3,2
5,1996,34,2,1,2
6,1910,224,5,3,2
1,2009,46,2,2,2
3,2004,46,2,1,16
0,1996,79,2,2,3
6,2003,21,1,1,22
3,2008,39,1,2,3
6,2011,48,1,1,22
0,1978,124,3,3,3
1,1998,62,2,2,21
1,2011,61,1,1,10
0,2006,43,2,2,22
1,1976,92,3,2,17
0,1946,204,4,5,3
7,1920,280,5,5,22
6,2003,71,2,2,21
3,1950,159,4,4,22
0,2005,66,2,2,22
0,1920,198,4,5,2
6,1960,119,5,3,2
3,1997,64,2,2,16
0,1996,88,3,3,2
0,2012,68,2,2,21
0,1996,83,3,3,2
0,2012,34,1,1,21
0,1996,48,2,2,2
0,1975,99,2,3,21
0,2011,58,2,2,21
7,1985,91,2,3,22
0,1942,220,4,6,3
6,1993,99,2,3,21
3,1975,111,3,4,22
0,1997,84,3,2,13
0,1975,137,3,4,22
0,1983,109,3,4,22
3,1997,62,1,1,14
0,2009,68,2,2,11
7,1983,102,2,3,21
6,1978,88,3,2,17
0,2009,71,2,2,11
0,2009,76,2,2,11
6,1960,107,4,2,2
6,2003,66,2,2,2
6,1973,148,3,4,10
1,1979,93,3,2,16
5,2000,77,3,2,2
3,1983,97,3,2,16
0,1997,93,3,3,2
3,1983,92,3,2,16
0,2002,69,3,3,2
1,1977,150,3,3,12
2,1967,162,4,4,21
6,1967,83,2,2,18
0,1997,89,2,2,13
0,2005,47,2,1,10
2,2020,38,1,1,20
0,1982,141,2,3,21
2,2020,24,1,1,22
0,2009,58,2,2,11
2,2006,72,2,2,12
0,2009,83,2,2,11
0,1976,136,4,4,2
1,1994,84,2,3,2
1,1911,256,4,5,14
0,1974,135,4,2,2
6,1968,151,5,2,2
0,1998,83,3,3,2
0,1972,143,5,4,2
0,1958,175,3,4,3
6,1951,190,5,4,2
7,1984,117,4,3,2
1,1965,139,3,3,2
7,1987,107,4,3,2
0,1995,82,4,2,2
1,2000,91,3,2,2
6,1958,167,2,2,12
6,1918,274,3,5,12
2,2020,56,2,2,20
4,1959,185,4,5,21
0,1955,187,3,3,12
0,1955,175,3,3,12
0,1955,169,3,4,12
2,2020,32,1,1,22
6,1998,93,2,2,21
6,1998,83,2,3,21
2,1994,110,2,3,22
6,1998,89,2,3,21
0,1998,90,2,3,21
2,2020,28,1,1,22
6,1993,111,2,3,21
0,1988,127,3,2,13
7,1972,170,4,3,22
0,2005,75,2,2,11
0,2005,62,2,2,11
0,2009,76,2,2,11
0,2009,86,2,2,11
6,1966,160,2,3,21
0,2009,47,1,1,11
0,2009,75,2,2,11
1,1926,239,3,4,17
0,1975,105,4,3,2
0,2007,60,3,2,2
0,1966,152,4,5,2
1,1980,90,3,2,2
5,1969,152,5,3,2
1,1999,95,3,2,2
5,1986,106,5,2,2
0,1998,74,3,2,2
0,1986,107,5,3,2
0,1990,98,4,2,2
5,2000,72,4,1,2
0,1999,76,5,2,2
5,1950,165,3,3,22
6,1934,206,4,4,14
0,1961,134,5,3,2
0,1993,89,3,3,2
0,1955,188,3,3,12
0,1955,187,3,3,12
4,2022,32,1,1,22
5,1987,94,2,2,10
4,2022,32,1,1,22
6,1998,83,2,2,21
6,1998,97,3,3,21
7,1998,84,2,2,10
2,2018,29,1,1,13
6,1952,135,3,2,17
6,1983,134,3,3,21
5,1987,110,3,4,22
0,2009,98,2,2,11
5,1985,129,3,5,22
2,2009,89,2,2,11
0,2005,56,2,2,21
2,2011,68,2,2,21
5,2010,39,2,2,22
1,1960,123,3,3,2
1,1948,201,5,4,2
5,1999,72,3,1,2
5,1991,92,4,2,2
1,1910,158,3,3,2
5,1999,72,3,2,2
5,1986,104,4,2,2
1,2007,47,2,2,2
5,1989,97,4,2,2
0,1926,225,5,6,14
5,1995,79,4,1,2
5,1988,98,4,3,2
0,1982,93,3,3,21
5,1985,107,4,3,2
5,1989,98,5,2,2
0,1992,89,4,2,2
1,1980,92,3,2,2
6,1988,122,3,3,21
0,1982,124,3,3,21
1,2000,99,2,2,10
6,1988,115,2,3,21
6,1988,120,3,3,21
2,2014,79,2,2,10
5,1990,109,2,3,21
2,2015,44,1,1,13
3,1990,117,2,3,21
0,2009,43,2,2,10
2,2019,49,1,1,17
5,1981,119,4,2,2
1,1993,115,3,2,2
2,2007,103,2,3,11
0,1994,97,3,4,9
1,1991,91,3,2,2
0,1983,108,3,4,14
2,2003,66,1,1,3
5,1988,100,4,2,2
2,2007,102,2,3,11
5,1982,113,5,3,2
2,2007,89,2,2,11
1,2018,21,2,1,2
1,2023,26,1,1,2
3,1990,123,2,4,11
1,1952,196,2,2,2
5,1993,96,2,3,21
0,2020,20,1,1,21
5,1975,144,2,3,21
5,1987,105,2,2,22
2,2015,80,2,2,17
2,2007,103,2,2,11
1,1992,93,3,2,2
1,2000,73,2,2,2
1,1997,129,3,3,2
0,2007,56,2,2,11
0,2007,75,2,2,11
0,2007,76,2,3,11
3,1957,151,4,3,14
0,1989,90,3,3,14
6,2001,87,3,2,2
1,1976,130,3,3,2
1,2000,66,3,2,2
5,1950,180,3,3,19
5,2016,45,1,1,2
0,1952,190,3,4,3
6,1956,193,4,3,16
5,2022,15,1,1,2
5,2018,22,1,1,2
5,2016,23,1,1,2
4,1980,136,3,3,23
0,1996,50,2,1,10
0,2008,72,2,2,10
0,1994,86,2,3,21
3,1966,157,4,4,3
1,1995,99,2,2,11
5,1995,103,2,3,21
3,1924,141,3,3,17
5,1990,89,2,2,11
5,1994,82,2,2,11
5,2010,37,1,1,13
5,1994,81,2,2,11
5,1991,84,2,2,11
0,2005,86,2,2,11
1,1920,175,5,4,2
5,1988,95,2,2,11
7,1917,236,6,4,15
0,1982,125,4,3,19
7,2005,62,2,2,21
6,1975,160,3,4,22
0,2000,80,3,2,21
0,2000,73,2,2,21
6,1944,207,5,5,2
7,1955,197,3,3,3
0,1993,84,3,3,21
1,1995,93,2,2,11
7,1981,129,3,3,3
1,1966,114,2,3,17
0,2007,68,2,2,21
3,1976,164,4,3,3
1,1995,124,2,2,11
1,1947,117,2,3,19
5,1990,86,2,2,11
5,1984,75,2,2,11
5,1993,90,2,2,11
2,2018,35,1,1,17
3,1995,111,3,4,11
3,1943,182,3,4,17
7,1940,152,3,3,18
1,1925,150,3,3,16
1,1985,111,3,2,15
5,2016,42,1,1,2
5,2020,13,1,1,2
1,1955,195,3,3,22
5,2017,39,1,1,2
5,1975,88,3,2,22
2,2015,69,2,2,15
0,2005,69,2,2,21
0,2008,52,2,2,21
2,2020,26,1,1,15
0,2005,56,2,2,21
1,1995,90,2,2,11
1,1995,106,2,2,11
1,1902,156,3,3,19
1,1995,110,2,2,11
1,1995,119,2,2,11
2,2023,20,1,1,3
4,1999,67,2,2,21
1,1995,119,2,2,11
4,1999,75,2,2,21
1,1995,141,2,2,11
5,1993,81,2,3,11
0,1930,225,5,5,13
5,1987,99,2,3,11
5,2010,54,1,1,13
1,1965,210,3,3,21
3,2004,78,2,2,11
6,1998,120,3,4,11
3,1947,96,2,2,19
3,1975,169,3,5,11
0,1998,78,2,3,11
6,1975,149,3,3,21
0,1990,100,3,4,11
0,1990,103,3,4,11
4,1989,77,2,2,21
3,1965,172,3,4,22
3,1940,197,4,3,19
4,1928,249,4,3,21
3,1940,165,2,2,19
0,2010,58,2,2,11
1,1973,149,3,2,21
7,1985,100,3,2,12
1,1995,144,2,2,11
1,1995,78,2,2,11
1,1977,54,2,2,19
1,1995,100,2,2,11
0,1995,95,3,3,21
3,1947,114,3,4,18
1,1929,245,4,4,4
1,1970,138,3,3,2
5,1985,100,2,2,11
1,1985,114,3,3,2
1,1948,136,2,3,17
6,1991,100,3,3,9
0,1994,93,2,3,9
3,1940,152,3,3,19
0,2006,63,2,2,10
0,2007,72,2,2,11
0,2007,67,2,2,11
4,1957,160,3,4,1
3,1995,81,2,2,12
4,1957,166,4,5,1
3,1935,22,4,3,18
2,2010,40,2,1,10
0,2010,55,2,2,10
2,2018,32,2,1,1
0,2010,65,2,1,11
3,1957,183,3,4,22
4,1931,272,3,3,21
1,1976,172,4,5,11
1,1920,181,5,3,2
0,1997,127,3,4,13
0,1997,75,2,2,17
6,1988,100,3,3,13
4,1993,93,2,2,17
3,1940,139,3,3,19
3,1947,181,4,3,19
3,1940,151,3,2,19
1,1972,117,3,2,17
0,1983,135,2,3,21
1,1921,146,2,4,17
2,2010,112,2,2,11
0,2010,69,2,2,11
6,1977,126,3,3,15
5,1997,68,2,3,22
5,1997,26,2,1,22
6,1998,90,2,2,21
6,1990,105,3,3,21
1,1960,127,3,2,16
0,2004,47,2,2,11
0,2000,44,2,2,11
6,1957,145,3,3,9
1,1963,153,3,3,16
7,1993,95,2,3,21
6,2015,35,1,1,9
2,2020,31,1,1,18
4,1977,115,3,3,1
5,1989,110,2,4,22
0,1965,118,4,4,2
3,1973,146,3,3,1
1,1975,125,3,2,17
3,1976,124,3,3,1
0,1999,58,2,2,17
6,1961,120,3,2,17
5,1990,105,2,1,21
3,1947,103,2,2,19
6,1983,127,2,3,21
6,2011,47,2,2,21
0,1995,86,3,2,17
6,2003,65,2,3,21
0,1975,83,2,2,17
0,1966,102,2,3,17
6,1967,105,2,2,17
7,1990,70,2,2,22
5,1981,141,2,4,22
6,2008,53,2,2,21
3,1940,120,3,3,19
0,2007,46,1,1,13
0,1993,109,3,3,21
6,2003,76,3,3,11
6,2003,65,2,2,21
7,1989,96,2,2,22
6,1984,109,3,2,2
6,1964,159,4,3,2
2,2014,31,1,1,13
6,1960,169,4,5,2
6,1968,147,3,5,2
0,1994,89,2,3,2
6,1977,62,1,2,19
5,1944,102,3,4,14
3,2011,76,2,2,23
5,2005,78,2,2,16
0,1996,43,2,1,21
3,1972,115,2,2,16
1,1990,56,2,1,17
6,2005,59,2,2,21
6,1978,162,4,4,21
6,1983,130,3,3,21
6,2006,32,1,1,22
6,2006,34,1,1,22
6,1988,123,3,3,21
6,1988,133,2,2,22
7,1988,122,3,3,21
6,2003,72,2,2,21
6,1993,100,2,3,21
3,1991,88,2,2,14
5,1995,91,2,3,21
6,1990,108,2,3,21
7,1981,116,2,2,17
3,1954,80,2,2,14
7,1980,124,4,3,2
1,1971,148,3,3,23
0,2005,60,3,2,2
0,2006,43,2,1,22
0,1994,86,3,2,2
0,1994,88,4,2,2
1,2010,48,2,1,2
0,1955,183,5,4,2
0,1996,90,3,2,2
0,1954,187,4,5,2
0,1998,86,3,2,9
0,1980,177,3,5,11
1,1999,72,2,2,13
1,2000,39,1,1,21
1,1984,101,2,2,13
1,1979,125,3,3,13
1,1949,210,4,4,19
3,1985,100,2,2,16
2,2015,87,1,1,3
3,2007,57,2,2,21
2,2010,98,2,2,17
2,2008,123,2,2,17
2,1981,112,2,2,3
4,1984,108,3,4,2
2,2010,83,2,2,17
2,1980,115,3,3,3
2,1984,98,2,2,3
2,1995,66,2,2,3
1,1983,100,2,2,16
0,1957,81,3,2,18
5,1976,134,2,3,22
2,2017,54,1,1,22
2,2017,65,1,2,22
2,2017,67,1,2,22
2,2017,67,1,2,22
2,2017,60,1,2,6
2,2017,61,1,1,22
2,2017,64,1,1,22
2,2017,65,1,1,22
2,2010,70,1,1,10
2,2017,51,1,1,22
1,1972,120,3,3,2
2,2020,46,1,1,12
2,2015,85,1,1,22
2,2017,59,1,1,22
2,2012,65,1,1,10
2,2015,80,1,2,7
2,2015,52,1,1,7
2,1955,154,2,2,16
2,2017,39,1,1,16
2,2016,45,1,1,16
2,2015,106,1,1,3
2,2018,40,1,1,21
4,1949,196,4,7,1
0,1975,134,4,3,1
0,1982,118,4,4,1
2,1997,64,2,2,3
0,1995,86,2,3,2
3,2020,12,1,1,21
2,1971,138,3,4,3
7,1988,99,2,3,22
0,2007,72,2,2,17
1,1993,88,3,3,13
0,1960,172,3,6,2
0,1969,147,4,4,3
0,1978,71,2,2,2
0,1950,103,3,3,2
6,1950,154,3,2,18
0,1983,88,2,3,2
4,2007,91,3,3,13
2,2016,34,1,1,7
2,1961,151,2,3,16
2,2015,51,1,2,7
2,2015,65,2,2,11
2,2015,66,2,2,11
2,2015,63,1,1,10
1,2014,82,2,2,2
2,2020,31,1,1,12
1,1972,153,3,3,2
2,2015,79,2,2,11
2,2015,29,1,1,10
2,2015,38,1,1,10
1,1927,169,4,3,2
5,1992,76,2,2,10
2,2015,41,2,1,10
3,2007,40,1,2,21
1,1925,145,3,3,2
5,1992,96,2,2,10
7,1962,160,3,3,3
5,1995,100,2,2,21
2,2015,90,1,1,3
2,2015,109,1,1,3
1,1975,84,3,2,10
2,2015,99,1,1,3
2,2020,42,1,1,12
2,2020,33,1,1,12
2,2017,43,1,1,12
1,1995,117,2,2,11
2,1997,57,2,2,3
3,2019,13,1,1,21
0,2008,70,2,2,17
2,1995,65,2,2,3
7,1988,107,2,3,22
1,1978,188,3,2,11
2,2017,72,2,2,22
2,1945,183,3,2,16
5,1960,201,3,3,21
2,2020,48,1,1,6
3,1990,133,3,4,21
0,2010,44,1,1,23
0,2015,44,1,1,23
3,2023,20,1,1,21
6,2002,77,2,2,17
2,2012,86,1,2,10
2,2015,80,1,1,5
2,2015,82,1,1,5
2,2015,60,2,2,11
2,2015,61,2,1,11
2,2015,76,1,1,4
1,1997,105,3,2,2
4,2015,31,2,1,10
2,2017,50,1,1,12
2,2017,32,1,1,15
2,2016,39,1,1,15
4,1975,189,4,4,22
0,2005,48,2,2,21
2,2020,45,1,1,15
4,1975,195,3,4,22
2,2020,43,1,1,15
4,2008,64,2,3,12
2,2020,44,1,1,15
2,2020,38,1,1,7
4,1975,193,4,4,22
4,1965,170,5,5,2
1,1980,131,2,2,21
3,1995,62,2,2,16
3,1992,69,3,2,16
4,1938,232,5,6,2
1,1960,199,3,2,21
1,1986,84,3,2,16
0,1990,94,4,3,2
4,2018,51,2,1,21
2,2010,34,1,1,23
0,1978,112,3,4,2
1,1978,144,3,2,13
5,1980,101,3,2,18
3,1982,62,2,2,17
7,1944,66,2,2,17
7,1981,62,2,1,17
0,1978,134,2,4,2
0,1978,145,2,4,2
5,1970,153,3,3,18
0,1970,111,3,2,18
1,1963,109,2,3,16
2,2019,48,2,2,10
0,1992,117,2,4,23
1,1967,74,2,2,16
7,2008,45,1,1,21
2,2019,66,2,2,10
2,2020,32,1,1,10
2,2020,35,1,1,10
2,2007,74,2,2,22
2,2020,26,1,1,10
2,2020,21,1,1,10
2,2011,46,1,1,12
2,2011,46,1,1,12
2,2005,58,2,2,12
0,1963,191,2,3,22
3,1977,71,2,2,19
3,1940,127,3,3,19
3,2005,56,2,2,19
1,1998,128,3,3,16
2,2020,24,1,1,3
3,1957,77,3,2,19
0,1972,138,3,4,1
0,1947,107,3,3,19
1,1970,171,2,3,21
5,1968,160,6,3,2
2,2012,45,1,1,8
5,2002,62,3,1,2
0,1993,89,3,3,2
5,1980,74,2,2,18
5,1960,117,3,3,18
0,1970,125,3,3,18
0,1980,103,3,3,18
7,1997,63,3,2,10
5,1988,125,3,3,16
5,1938,150,5,5,2
3,1926,144,3,3,17
7,1976,99,2,1,17
7,1999,53,3,1,10
2,2020,56,2,2,20
1,1947,141,3,3,2
1,1907,153,3,3,2
4,2017,43,2,2,10
4,2017,40,2,2,10
2,2006,71,2,2,12
4,2017,80,2,2,10
4,2017,70,2,1,10
2,2006,67,2,2,12
1,1988,78,3,2,2
4,2017,51,2,1,10
4,2017,55,1,1,10
1,1930,125,3,2,2
2,2012,49,1,1,12
2,2005,63,2,2,12
2,2004,72,2,2,12
2,2012,76,2,2,22
2,2006,81,2,2,12
1,1960,143,3,3,16
2,2020,37,1,1,22
6,1948,195,4,4,2
7,1940,157,3,3,18
5,1967,162,5,2,2
5,1944,118,3,2,17
7,1991,75,3,2,10
6,1977,117,3,2,14
2,2012,82,2,2,6
7,1997,57,3,2,10
2,2012,93,2,2,6
2,2015,66,2,2,15
0,1998,57,2,1,12
2,2015,75,2,2,11
2,2020,41,1,1,17
2,2020,35,1,1,11
3,1995,95,2,2,21
2,2015,67,2,2,11
2,2015,65,2,1,11
0,1990,117,2,3,21
2,2020,39,1,1,11
1,1929,237,4,5,13
3,1970,150,3,4,10
2,2020,25,1,1,3
5,2001,52,2,2,16
1,1928,234,3,2,17
2,2016,61,2,1,21
1,1973,137,3,2,17
1,1969,152,4,3,17
5,2002,64,3,2,17
0,1989,97,3,2,17
1,1980,107,3,2,22
0,1994,75,3,2,17
5,1972,141,3,3,17
6,1966,159,3,3,17
3,1984,101,2,2,16
0,1997,88,2,2,16
5,2003,59,4,2,2
6,1967,158,3,4,17
0,2005,43,2,1,17
3,1986,87,2,2,16
2,2020,39,1,1,11
2,2015,67,2,2,11
2,2015,48,2,1,11
2,2015,46,1,1,11
1,1948,198,3,4,2
2,2015,49,1,1,11
2,2015,47,1,1,11
2,2015,46,1,1,11
4,1978,129,3,4,23
0,1989,104,2,3,22
1,1989,93,2,2,13
4,1979,121,2,3,21
3,1970,149,2,3,10
5,2000,80,2,2,2
0,1986,108,4,2,2
3,2000,60,2,2,11
0,1988,98,4,3,2
0,1989,104,5,3,2
0,1997,83,4,3,2
0,1997,65,1,1,16
6,1926,279,3,4,17
5,1959,181,3,3,17
0,1999,118,2,1,17
2,2015,46,1,1,7
5,1976,128,3,2,17
0,2005,56,2,2,17
1,1972,153,3,3,12
0,1990,94,2,2,17
0,1988,79,2,2,16
5,1988,111,2,2,16
1,1984,119,3,3,12
1,1956,210,3,3,16
0,1992,93,2,3,3
4,1983,156,3,4,23
2,2015,78,2,2,8
4,1992,121,3,3,23
4,1996,98,3,3,23
4,1982,141,3,4,23
4,1993,95,2,3,23
4,1985,135,3,4,23
1,1960,154,3,2,11
1,1979,104,3,3,13
1,1989,69,2,2,13
2,2010,68,1,1,21
3,1997,49,1,1,21
2,2021,20,1,1,5
2,2021,24,1,1,5
1,1979,120,2,2,23
4,2021,20,2,1,2
3,1940,147,3,2,18
0,1954,167,3,5,1
0,1976,110,3,4,1
3,1967,87,2,2,18
3,1957,174,4,2,16
7,1937,234,4,5,20
1,1949,172,3,2,16
3,1958,162,4,2,16
2,2017,49,1,1,22
5,1992,154,3,4,16
1,1937,203,3,3,16
4,1972,176,3,4,23
2,2016,39,1,1,8
4,1982,123,3,4,23
4,1992,141,3,4,23
2,2014,56,2,2,10
2,2014,68,2,2,10
4,1997,140,3,3,23
2,2014,63,2,2,10
2,2023,28,1,1,8
2,2014,54,2,2,10
2,2014,64,2,2,10
2,2014,60,2,2,10
2,2014,63,2,2,10
2,2014,64,2,2,10
1,1980,76,2,2,11
4,2021,37,2,1,2
1,1974,131,3,3,13
0,2021,20,1,1,21
4,2021,43,1,1,2
1,1979,125,3,3,13
4,2021,39,1,1,2
6,2000,80,2,2,11
6,2002,90,2,3,11
0,1977,62,1,2,19
6,2002,84,2,3,11
1,1932,232,5,4,2
1,1996,85,3,2,2
1,2004,58,2,2,2
5,1993,79,3,3,16
5,1979,118,4,3,2
1,1988,129,3,2,16
1,1978,152,2,4,16
5,1990,84,2,2,16
0,1926,222,3,3,15
0,2023,27,1,1,2
1,1978,118,3,3,16
1,1998,66,2,2,16
3,1987,78,2,2,16
0,2009,72,2,2,22
5,2011,60,1,1,11
2,2015,86,2,2,11
2,2015,56,1,2,11
0,1978,95,2,3,2
2,2015,50,1,1,11
2,2015,67,2,2,11
3,1964,158,1,1,21
2,2015,123,1,1,3
4,2021,38,1,1,2
4,2021,32,1,1,2
1,1989,85,2,2,13
1,1979,107,3,3,13
1,1999,74,1,1,13
0,2021,20,1,1,21
6,1973,132,3,4,10
3,1940,190,4,4,18
1,1952,182,4,5,2
2,2015,79,1,1,3
6,1973,74,2,2,10
7,1999,134,3,4,13
2,2015,81,1,1,3
6,1973,82,2,2,10
1,1943,205,6,5,2
3,2007,61,2,2,13
3,1940,136,2,3,18
1,1919,265,5,6,2
1,1973,141,3,3,16
6,1989,129,3,3,22
1,1973,109,3,2,16
5,2001,79,2,2,16
2,2021,38,1,1,21
2,2015,68,2,2,11
2,2015,50,2,1,11
0,1990,117,2,2,10
0,1976,144,2,3,12
0,1971,138,2,3,12
2,2015,55,2,2,11
2,2015,55,2,1,11
2,2015,63,2,1,11
4,1985,110,3,3,21
3,1970,118,3,3,10
6,1983,91,2,2,16
4,2021,29,1,1,2
4,1985,113,2,3,21
0,1984,113,3,3,3
2,2015,113,1,1,3
3,1940,201,3,4,18
1,1993,102,3,4,13
3,1980,122,2,2,18
1,1989,101,3,3,2
3,1940,118,2,3,18
1,1978,125,2,2,16
5,1997,75,2,3,2
7,2008,36,1,1,21
0,1982,117,4,4,2
0,1967,163,4,4,12
2,2020,35,1,1,11
4,2021,27,1,1,2
1,1955,84,3,2,2
4,2018,43,2,1,22
5,1997,131,3,3,11
3,1930,219,3,4,18
0,2013,57,2,2,3
6,1949,170,4,5,4
6,2005,75,2,2,11
4,1990,158,4,4,10
0,1998,80,2,2,22
6,1950,136,3,3,2
4,2021,33,1,1,2
4,2021,31,2,1,2
6,1998,99,2,2,21
4,2021,33,1,1,2
2,1980,125,2,4,3
5,1996,118,3,4,11
0,1980,118,2,5,11
5,1999,95,3,3,11
0,1947,119,3,3,18
0,1998,83,2,3,11
3,1996,110,2,3,11
3,1987,124,2,3,23
3,1996,95,2,3,11
5,2004,51,2,2,16
2,2020,35,1,1,20
2,2011,116,2,3,10
0,2012,39,1,2,9
2,2018,39,2,2,21
2,2015,89,1,1,5
2,2015,41,1,1,12
2,2015,62,2,2,16
7,2008,45,2,2,21
0,1940,152,2,4,19
2,1986,98,2,3,3
6,1968,144,3,5,2
0,1998,60,2,2,18
2,2016,46,1,1,16
3,1998,124,3,4,11
2,2020,43,1,1,16
0,1992,107,2,3,11
3,1998,114,3,3,11
4,2015,51,1,2,12
3,1957,90,2,2,19
2,2011,59,2,1,10
1,1985,103,2,2,16
6,1946,208,4,4,13
0,1981,130,3,4,22
2,2015,55,1,2,7
2,2015,76,2,2,18
3,1987,93,2,3,16
2,2020,30,1,1,5
3,1975,134,3,3,16
3,1980,97,3,3,16
3,1975,118,3,4,16
3,1975,130,3,3,16
2,2017,110,1,2,4
2,2017,133,1,2,4
1,1951,189,3,5,2
6,1986,102,2,2,17
6,1998,92,2,3,21
2,2020,26,2,1,3
1,1988,137,3,4,13
5,1936,275,5,5,23
1,1973,65,2,2,17
2,2021,32,1,1,5
2,2021,20,1,1,22
6,1940,138,4,4,19
0,1955,151,4,3,8
2,2020,38,1,1,15
3,1947,116,3,4,18
1,1940,124,3,3,19
1,1947,119,2,2,19
6,1940,122,2,2,19
2,2023,22,1,1,11
2,2023,33,1,1,11
1,1940,145,2,3,18
3,1967,119,2,2,19
2,2024,20,1,1,15
3,1998,80,2,2,23
3,1967,114,2,2,19
2,2020,31,1,1,7
0,1990,98,3,2,13
2,2021,28,1,1,5
0,1950,197,5,3,13
2,2021,21,1,1,5
0,1950,211,4,3,13
2,2021,40,1,1,5
0,2007,55,2,2,7
3,2018,38,1,1,13
3,1940,212,4,2,13
1,1989,89,3,2,2
2,2020,32,1,1,12
7,1920,252,4,3,13
2,2020,33,1,1,12
2,2018,55,1,2,15
7,2006,54,2,1,3
0,1965,133,3,4,1
6,1985,84,3,2,11
5,1994,96,2,3,2
0,1997,73,3,2,1
3,1981,112,3,3,1
2,2014,39,2,2,1
5,1994,73,2,2,2
0,1985,78,2,2,11
3,1983,110,4,3,1
2,2021,40,1,1,4
0,1985,107,3,3,11
0,1950,186,4,3,13
7,1960,202,4,4,13
2,2021,31,1,1,3
2,2023,23,1,1,7
2,2023,21,1,1,8
2,2023,25,1,1,12
2,2023,20,1,1,12
2,2023,23,1,1,17
2,2023,26,1,1,6
2,2023,26,1,1,7
2,2023,26,1,1,7
6,1940,125,2,3,19
2,2023,25,1,1,18
2,2023,20,1,1,5
2,2020,42,1,1,12
2,2020,36,1,1,12
0,2002,65,3,2,1
0,1996,69,3,2,1
0,1965,116,3,2,2
2,2020,37,1,1,5
3,2023,25,1,1,21
2,2015,44,1,1,6
2,2020,30,1,1,10
1,1957,115,2,2,19
2,2016,38,1,1,6
2,2020,42,1,1,11
1,1977,121,2,3,8
1,1977,115,2,3,8
1,1970,143,2,4,12
0,1981,97,3,3,1
6,1940,234,4,3,13
0,1990,110,3,2,13
2,2012,49,3,2,1
2,2014,39,3,2,1
7,1990,102,4,2,13
4,1986,188,4,5,2
7,2000,98,4,2,13
5,1993,110,1,1,11
0,1996,71,3,2,1
6,1996,66,3,2,1
5,1993,110,2,2,11
4,2020,32,1,1,10
2,2011,37,2,2,1
1,1912,206,4,5,2
2,2020,32,1,1,3
0,1917,177,4,4,2
1,1983,98,3,3,2
1,2018,46,1,1,2
1,1983,70,3,2,2
1,1987,137,3,3,2
2,2020,27,1,1,3
1,1927,185,4,5,2
1,1922,191,4,3,2
7,2000,64,2,2,23
1,1994,76,3,2,2
1,1982,162,3,4,2
1,1991,109,3,3,2
7,2000,61,2,1,11
1,1982,176,3,4,2
7,1983,107,3,3,17
4,1975,197,4,4,22
2,2020,32,1,1,7
0,1993,83,4,3,2
2,2020,44,1,1,17
2,2016,40,1,1,8
2,2015,40,1,1,16
2,2020,33,1,1,8
1,2021,28,1,1,2
1,1970,186,3,3,12
4,2023,20,1,1,10
7,1990,86,3,2,1
3,1977,120,3,3,1
1,1985,75,2,2,12
6,1975,112,3,3,10
0,1982,136,3,2,10
3,1977,126,3,2,1
3,1979,102,3,2,1
7,1975,91,2,2,12
2,2012,39,2,2,1
1,1920,244,5,3,13
6,1973,130,4,3,1
6,1985,91,3,2,1
6,1963,140,3,3,1
0,2005,38,2,2,1
6,2000,51,1,2,11
0,1984,90,3,2,1
2,2012,61,3,2,1
2,2023,25,1,1,11
6,1982,97,3,3,1
4,2020,38,1,2,10
0,2003,56,1,2,11
0,1977,102,3,3,1
0,2000,64,1,2,11
3,1994,73,3,2,1
2,2020,40,1,1,7
2,2018,77,1,2,18
0,1980,96,3,3,8
5,1995,96,3,1,10
1,1995,153,3,2,10
0,1995,88,3,2,10
6,2023,31,1,1,10
0,1972,123,3,4,8
0,1995,121,3,2,10
0,1970,131,2,3,21
0,1940,123,3,4,19
0,1947,119,4,3,19
2,2020,51,1,1,16
2,2016,44,1,1,16
1,1987,133,2,3,23
2,2018,57,1,2,16
2,2016,47,1,2,16
1,2021,30,1,1,2
2,2018,55,1,1,16
4,1975,161,3,3,22
3,1990,118,3,2,20
2,2020,32,1,1,16
6,2000,46,2,2,19
0,1973,129,3,3,1
0,1962,160,3,4,1
4,1958,161,4,4,1
5,1982,73,3,2,16
4,1965,136,4,4,1
4,1954,156,3,4,1
0,1980,71,3,2,10
0,1982,114,3,2,10
4,1949,180,4,4,1
6,1990,61,2,2,10
7,2008,41,2,2,21
4,1954,169,4,4,1
4,1965,144,4,3,1
2,2016,62,1,2,17
3,1981,100,3,3,7
0,1985,88,3,2,1
6,1975,117,3,3,1
0,1984,112,4,3,1
0,1951,174,4,5,1
4,2020,35,1,1,10
2,2021,38,1,1,10
4,2020,40,1,1,10
4,2020,38,1,2,10
2,2020,35,1,1,11
2,2020,28,1,1,11
2,2022,25,1,1,7
2,2024,39,1,1,4
0,1992,76,3,3,1
0,1961,141,3,4,1
6,1981,94,2,3,7
6,1940,126,4,3,19
3,1997,74,3,2,21
0,1990,97,2,2,21
0,1980,143,2,3,21
6,1940,129,3,3,19
6,1980,121,2,2,19
4,2024,24,1,1,23
1,2022,36,1,1,11
4,2024,23,1,1,23
7,2008,37,2,2,21
2,2020,35,1,1,7
7,1940,130,3,2,19
7,1983,132,3,3,20
7,2003,75,2,1,19
4,1954,168,4,4,1
4,1950,188,3,4,1
7,1995,76,2,1,22
2,2020,40,1,1,8
5,1994,88,3,3,2
6,1971,119,3,3,19
0,1985,60,2,2,22
5,1993,93,2,3,2
2,2018,69,1,1,22
6,1972,114,3,3,19
1,1937,228,4,3,13
0,1972,120,5,2,1
6,2003,45,1,1,11
2,2016,69,1,2,17
0,1956,152,3,3,1
0,1979,131,1,2,11
3,1968,125,4,3,1
6,2023,31,1,1,10
2,2014,31,1,1,10
2,2014,70,2,2,10
0,1980,120,2,3,10
6,1983,100,2,3,7
6,1965,98,3,3,10
5,1980,145,3,3,10
6,1940,139,3,3,19
5,1999,102,2,3,22
6,1940,133,4,3,19
6,1985,105,3,3,3
7,1947,118,3,2,19
1,1943,188,4,4,16
0,1998,72,2,2,21
1,1988,83,2,1,16
2,2020,35,1,1,8
2,2016,44,1,1,8
2,2016,36,1,1,8
0,1970,120,3,3,19
6,1953,162,3,3,19
1,1995,59,2,2,22
2,2016,32,1,1,7
4,1981,131,3,3,7
4,1981,118,3,3,7
0,1992,82,3,3,1
3,1978,116,4,2,1
2,2015,59,1,2,8
5,1999,80,1,2,11
0,1989,92,3,3,1
5,1986,74,1,2,11
6,1968,129,4,4,1
0,1987,89,3,3,1
0,1969,124,3,3,1
0,1983,93,3,2,1
2,2022,18,1,1,1
0,2017,47,2,3,19
2,2016,58,2,2,8
2,2018,25,2,1,1
2,2020,29,1,1,10
2,2011,60,1,2,10
0,2002,74,3,3,19
2,2020,49,1,1,11
7,1984,90,3,4,2
0,1978,107,3,4,9
0,1980,99,2,3,19
5,1971,145,4,3,2
4,1981,122,3,4,7
4,1971,138,3,4,7
2,2022,25,1,1,7
4,1971,165,3,4,7
2,2020,33,1,1,3
4,1971,141,3,4,7
4,1971,145,3,4,7
2,2020,25,1,1,3
2,2021,41,1,1,5
2,2022,28,1,1,6
4,2021,25,1,1,7
5,1985,119,2,2,11
2,2017,35,2,1,1
0,2001,46,3,2,1
2,2011,35,2,2,1
2,2020,31,2,1,1
2,2022,34,1,1,1
6,1989,81,2,3,7
0,1992,91,2,3,22
2,2020,30,1,1,11
2,2019,33,1,1,7
7,2008,43,2,2,21
0,1961,156,3,4,20
6,1989,95,2,3,20
4,1957,125,3,3,15
7,2007,57,2,2,21
4,1947,144,3,3,15
6,1947,130,3,3,20
3,1960,140,4,3,12
0,1937,159,3,3,20
4,1947,138,4,3,15
0,1970,155,3,4,12
2,2020,27,1,1,3
3,1982,106,3,3,8
0,1950,185,3,4,19
0,1947,107,3,2,19
7,2008,49,2,2,21
0,1947,149,3,3,19
2,2012,48,2,2,1
2,2012,47,2,2,1
2,2020,31,2,1,1
2,2014,56,2,2,1
0,2019,22,1,1,3
4,1971,146,3,4,7
4,1971,125,3,4,7
4,1971,152,2,4,7
3,2011,48,1,1,23
3,1990,106,2,3,23
0,2002,66,2,2,7
2,2017,35,2,1,1
2,2020,33,1,1,10
2,2012,39,2,2,1
2,2014,61,2,2,1
2,2021,26,1,1,1
2,2020,31,1,1,10
2,2020,35,1,1,11
1,1968,150,2,3,23
2,2019,42,1,1,12
0,2025,28,1,1,15
2,2019,43,1,2,12
2,2019,46,1,1,12
3,2025,18,1,1,15
2,2019,36,1,1,12
2,2019,39,1,1,12
0,1997,66,2,2,22
0,2001,88,3,2,20
0,2002,89,2,2,20
0,1927,174,4,4,20
0,1984,97,3,3,20
6,1983,101,3,3,20
6,1983,104,3,3,20
0,2008,55,2,2,20
0,1991,125,3,4,20
6,1989,106,2,3,20
0,1995,109,3,3,20
0,2006,54,2,2,13
1,1996,81,2,2,23
0,1995,73,2,3,22
2,2020,40,1,1,11
2,2020,53,1,1,11
0,1947,107,3,3,19
0,1940,138,3,3,19
2,2020,34,1,1,21
0,1964,137,4,3,8
0,2012,41,1,1,19
2,2024,21,1,1,10
6,1988,70,3,1,13
2,2020,36,1,1,16
6,1950,174,3,2,19
6,1940,126,3,1,19
1,1968,151,3,3,11
6,1940,124,3,3,19
2,2024,21,1,1,10
6,1993,82,2,2,10
2,2024,21,1,1,10
2,2020,33,1,1,10
2,2018,29,2,1,1
2,2020,24,2,1,1
2,2017,26,2,1,1
2,2022,20,1,1,1
2,2022,18,0,1,1
2,2017,24,1,1,1
2,2020,29,1,1,10
2,2020,48,1,1,17
2,2020,37,1,1,9
2,2020,43,1,1,16
2,2020,36,1,1,7
2,2020,21,1,1,5
2,2022,20,1,1,15
2,2022,20,1,1,15
2,2020,26,2,1,15
0,1950,200,4,2,13
2,2020,31,1,1,4
7,1984,109,2,2,12
4,1949,198,4,4,9
4,1942,152,4,4,15
0,1988,98,2,3,22
0,1976,142,2,3,21
7,1932,191,4,4,15
3,1995,85,2,2,21
3,1990,115,2,2,21
2,2020,39,1,1,16
1,1968,130,3,3,11
6,1940,133,3,3,19
0,1997,59,2,2,8
1,1968,142,3,3,11
0,2003,107,2,1,11
0,1950,183,4,3,19
0,1945,177,4,5,8
3,1950,179,3,2,19
0,2009,37,2,1,8
6,1969,122,3,3,8
0,1967,88,2,2,19
6,1986,90,2,3,8
6,1947,96,3,3,19
0,2003,81,3,3,11
2,2012,38,2,2,1
2,2013,54,3,2,1
3,1981,122,3,3,2
2,2010,67,3,2,1
2,2017,34,2,1,1
2,2014,49,3,2,1
7,1987,106,4,3,7
2,2017,34,2,2,1
2,2022,25,1,1,11
1,1935,165,3,2,10
2,2010,47,3,2,1
2,2012,39,3,2,1
2,2017,26,2,2,1
2,2017,25,2,1,1
0,1988,111,2,3,23
0,1999,87,2,3,7
2,2020,36,1,1,4
1,1950,217,4,3,13
5,2003,63,2,2,22
6,1990,76,2,2,7
1,1920,249,4,3,13
4,2020,32,1,1,15
2,2020,45,1,1,12
4,1963,181,3,4,22
2,2020,43,1,1,17
6,1999,53,2,2,8
2,2020,35,1,1,8
2,2020,36,1,1,16
2,2018,35,1,1,21
3,1995,87,2,2,12
2,2020,55,1,2,19
3,2023,20,1,1,10
2,2014,42,1,1,22
3,2024,18,1,1,10
2,2017,39,1,1,12
0,2000,79,2,2,21
6,1993,85,2,2,10
7,1965,147,4,4,4
1,1968,117,3,3,11
1,1998,93,2,3,2
7,1943,190,4,4,4
7,1952,169,3,4,4
0,1985,90,3,3,8
1,1980,100,2,2,11
1,1973,131,3,3,11
2,2018,43,1,1,16
2,2017,37,2,2,1
4,1983,173,5,4,10
2,2017,35,2,2,1
2,2017,39,2,2,1
2,2017,39,2,2,1
2,2017,38,2,2,1
2,2020,37,1,1,10
2,2020,41,1,1,7
2,2020,36,1,1,7
0,2002,53,2,3,22
0,2007,57,2,2,22
2,2020,38,1,1,15
1,1942,210,4,4,2
4,2024,17,1,1,10
0,1955,177,4,4,16
3,1990,100,2,3,21
3,1989,81,2,2,21
2,2016,41,1,1,17
2,2016,65,1,2,17
2,2016,47,1,2,9
6,1927,147,4,4,17
2,2018,40,1,1,16
2,2020,30,1,1,7
2,2013,69,1,1,21
2,2016,75,2,2,8
1,1960,124,3,2,11
0,1971,123,3,3,8
1,1960,128,3,3,11
1,1960,139,3,3,11
2,2021,32,1,1,5
2,2016,43,1,1,15
1,1985,100,3,3,11
1,1985,105,3,3,11
2,2022,27,1,1,8
2,2017,39,2,2,1
2,2014,56,2,2,1
2,2017,33,2,2,1
2,2017,33,2,2,1
2,2014,60,2,2,1
2,2018,30,1,1,21
2,2018,29,1,1,1
2,2022,17,1,1,1
1,2022,25,1,1,2
2,2017,33,2,2,1
2,2017,27,2,1,1
2,2020,41,2,1,7
2,2020,55,1,1,18
2,2020,43,1,1,11
6,2023,26,1,1,10
5,2016,32,1,1,2
2,2020,35,1,1,11
4,1995,123,3,3,23
2,2016,45,1,1,7
2,2016,42,1,1,7
2,2021,37,1,1,10
2,2020,45,1,1,7
3,2023,23,1,1,21
0,1973,114,3,3,8
2,2020,41,1,1,6
0,1973,117,4,4,8
1,1960,140,3,3,11
2,2020,40,1,1,15
1,1985,101,3,3,11
2,2016,43,1,1,18
1,1960,108,3,3,11
3,1960,130,2,3,12
1,1995,73,2,2,11
2,2020,31,1,1,18
1,1998,106,2,3,2
2,2016,48,1,1,18
2,2020,38,1,1,18
2,2003,138,3,3,10
0,1999,56,2,3,8
2,2020,25,1,1,10
2,2012,38,2,2,1
2,2018,29,2,1,1
2,2020,29,1,2,10
2,2020,27,1,2,10
2,2022,18,1,1,1
2,2022,24,1,1,1
1,1951,214,4,5,23
2,2022,23,1,1,1
2,2022,30,1,1,11
0,2016,45,2,2,8
2,2019,58,2,2,10
2,2020,34,1,1,11
2,2018,38,1,1,7
0,1996,59,2,2,16
2,2017,62,2,2,8
2,2019,37,1,1,18
2,2016,43,1,1,16
2,2020,41,1,1,11
2,2020,31,1,1,11
0,1975,113,3,4,8
2,2020,43,1,1,11
7,2000,98,2,2,11
7,2008,64,2,2,21
2,2020,35,1,1,11
2,2003,154,3,3,10
2,2019,41,1,1,12
0,2005,65,2,2,21
2,2020,34,2,1,1
2,2014,54,2,2,1
3,2018,35,1,1,23
2,2024,20,1,1,1
2,2023,20,1,1,1
0,1959,152,4,4,1
0,1989,65,2,2,17
2,2021,30,1,1,11
6,2003,62,2,2,7
0,1970,164,3,2,13
2,2020,40,2,1,8
0,1999,84,2,3,7
0,1989,99,2,3,7
1,1994,105,3,2,2
2,2024,20,1,1,18
4,2022,27,1,1,7
2,2020,30,1,1,18
4,1966,140,3,4,7
2,2020,32,1,1,16
5,2007,68,2,1,11
4,2024,17,1,1,10
4,1930,226,4,4,11
4,2024,18,1,1,10
2,2020,30,1,1,8
4,1973,188,3,2,11
2,2020,39,1,1,8
2,2020,48,1,1,19
2,2020,37,1,1,8
2,2020,35,1,1,8
2,2020,39,1,1,6
2,2020,45,1,1,6
6,1980,79,2,2,11
2,2020,33,1,1,15
6,1970,145,2,2,21
2,2020,33,1,1,18
2,2019,32,1,1,12
0,1987,100,3,4,7
2,2019,48,1,1,12
2,2019,41,1,1,12
1,1945,210,5,4,20
3,2005,57,2,2,18
3,1940,182,3,3,18
2,2022,29,1,1,7
1,1940,135,3,3,19
3,1950,163,4,2,18
1,1940,132,3,3,19
3,1947,103,2,2,18
3,1967,88,2,2,18
3,1940,163,3,2,18
3,1950,169,3,4,18
2,2022,26,1,1,3
1,1993,119,3,2,2
2,1995,96,2,2,7
2,2020,33,1,1,15
2,2018,53,1,1,7
2,2020,40,1,1,7
2,2020,32,1,1,8
2,2020,37,1,1,8
7,2008,49,2,2,21
2,2016,59,1,2,17
4,1930,180,4,4,11
4,2021,39,1,1,10
6,1960,182,3,4,22
7,1959,151,3,4,3
7,1949,182,3,4,3
2,2022,23,1,1,8
1,1975,144,3,3,11
2,2020,34,1,1,17
2,2020,42,1,1,9
5,1992,85,3,2,2
2,2015,43,1,1,16
4,1926,240,4,6,20
3,1974,133,3,3,2
5,2000,85,2,2,21
4,1950,181,3,4,10
4,1950,180,4,3,10
4,1950,164,3,3,10
2,2015,41,1,2,12
2,2019,42,1,1,12
4,1950,197,4,3,10
2,2012,59,2,1,12
4,2009,64,2,1,10
2,2012,65,2,2,12
2,2012,72,2,2,12
2,2014,79,2,2,3
7,1990,160,3,2,11
7,1996,140,3,2,11
7,1995,128,3,2,11
2,2014,85,2,2,3
5,1966,156,3,4,22
7,1998,133,3,2,11
7,1999,101,3,2,11
5,2008,82,2,2,22
7,1997,124,3,2,11
7,1994,129,3,2,11
7,1996,113,3,2,11
1,1945,92,2,4,14
2,2023,25,1,1,12
2,2023,26,1,1,12
2,2023,25,1,1,12
0,2008,34,1,1,14
3,1911,247,3,4,14
0,1996,92,2,2,22
3,1936,238,3,4,20
6,1960,133,3,3,18
0,2000,70,2,2,17
5,2008,42,1,2,22
5,2008,44,1,2,22
5,2008,55,2,2,22
5,2008,53,2,2,22
5,2008,63,2,2,22
5,2008,43,2,1,22
5,2008,41,2,1,22
5,2008,50,2,2,22
5,2008,43,1,2,22
2,2015,38,1,1,16
6,1940,174,4,3,19
5,2008,61,2,2,22
7,2008,51,2,2,21
2,2017,36,1,1,16
2,2018,43,1,1,16
6,1978,123,4,3,19
0,1994,96,3,2,5
0,1997,80,2,3,5
4,1910,273,6,5,3
0,2001,71,2,2,5
7,1997,112,3,2,11
7,1990,140,2,2,11
2,2014,50,2,1,3
2,2015,53,1,2,23
5,2008,47,2,1,22
5,2008,39,1,1,22
2,2014,58,2,2,3
2,2024,21,1,1,11
3,2006,67,2,2,21
2,2014,47,1,1,3
2,2014,48,1,1,3
2,2014,49,1,1,3
6,1958,119,3,3,20
7,1940,121,3,4,19
5,2008,40,2,1,22
5,2008,72,2,2,22
0,1940,191,3,4,14
7,1996,86,1,2,14
0,1990,72,2,3,18
5,1983,89,2,2,23
6,1982,136,3,3,20
2,2001,124,3,3,20
2,2003,143,3,3,20
5,2015,25,1,1,21
2,2016,44,2,2,20
2,1994,97,2,2,20
0,1985,67,3,2,20
2,2018,40,1,1,16
5,1987,93,2,2,23
5,2007,28,1,1,22
0,1967,82,2,2,19
5,2007,56,2,2,22
5,2007,46,2,2,22
2,2018,45,1,1,16
2,2015,61,1,2,16
5,2007,46,2,1,22
0,2011,34,1,1,19
0,2025,16,1,1,19
0,1967,76,2,3,19
2,2015,61,1,2,16
7,2008,74,2,2,21
2,1986,128,2,3,5
5,1921,270,4,5,2
0,1993,102,2,3,2
1,1977,102,2,2,17
1,1930,152,3,4,17
2,2014,46,1,1,3
5,2008,76,2,2,22
2,2014,41,1,1,3
2,2020,36,2,1,20
2,2014,42,1,1,3
2,2014,39,1,1,3
2,2014,44,1,1,3
2,2014,43,1,1,3
0,2017,48,1,1,19
0,1977,62,2,2,18
0,1968,106,3,3,20
2,2023,23,1,1,18
2,2018,68,2,1,20
6,1970,127,3,2,20
5,2008,30,1,1,22
2,2021,26,1,1,20
0,1979,94,3,2,20
2,2018,64,1,2,20
2,2016,76,2,2,20
2,1994,118,3,3,20
2,2016,65,2,2,20
2,1996,136,3,3,20
2,1996,124,3,3,20
2,2014,70,2,2,20
2,2014,53,2,2,20
2,2001,150,3,3,20
0,1940,119,3,3,20
2,2021,37,1,1,20
2,2015,93,2,2,20
2,2003,101,2,2,20
2,2014,69,2,2,20
3,1939,190,3,3,19
3,1934,203,3,3,19
5,2007,73,2,2,22
5,2007,83,2,3,22
1,1999,67,2,2,21
2,2022,26,1,1,16
5,2007,100,2,3,22
5,2007,87,2,3,22
6,2000,101,2,1,11
6,1998,98,2,3,11
6,1998,90,3,4,11
5,2007,48,2,2,22
5,2007,60,2,2,22
2,2012,72,2,2,16
5,2007,42,2,1,22
5,2010,63,2,3,2
6,1981,97,3,2,3
2,2018,34,2,1,3
2,2018,39,2,1,3
2,2018,39,2,1,3
2,2020,47,1,1,5
2,2018,43,2,1,3
2,2018,34,1,1,3
5,2011,48,2,2,2
1,1982,157,4,4,2
0,1961,140,2,4,19
1,1985,159,3,4,2
3,1933,206,4,5,19
4,1960,152,4,5,2
3,1929,211,4,3,19
2,2014,37,1,1,3
2,1995,126,3,3,20
2,2016,72,2,2,20
2,2015,56,1,2,20
2,2018,53,2,1,20
2,2020,34,1,1,20
0,1979,135,3,4,20
0,1950,139,3,3,20
2,2015,48,1,2,20
0,1927,123,3,3,20
2,2016,73,2,2,20
5,2007,49,1,1,2
2,1999,141,3,3,20
2,1999,95,3,2,20
2,1999,151,3,3,20
2,2014,64,2,2,20
2,2024,20,1,1,16
6,1955,131,3,3,17
3,1990,156,3,3,11
5,2007,42,1,1,22
0,1966,105,3,3,17
5,2009,52,2,2,22
5,2009,36,2,1,22
5,1960,150,3,3,18
2,2022,26,1,1,16
3,1980,112,2,2,11
5,2000,86,2,2,21
2,2012,55,2,2,12
2,2019,38,1,1,12
2,2020,40,1,1,12
2,2012,60,2,2,12
4,2001,75,2,1,10
4,1965,163,3,3,10
3,2006,65,2,2,21
2,2012,74,2,2,12
2,2019,44,1,1,12
2,2012,50,2,2,12
5,1998,67,2,2,10
2,2012,56,1,2,12
2,2020,40,1,1,12
2,2020,45,1,1,12
0,1979,124,3,4,2
2,2023,23,1,1,20
6,1930,127,3,2,20
4,2024,36,1,1,7
7,1984,47,1,1,17
3,2007,67,1,2,2
2,2016,73,1,1,20
2,2022,39,1,1,20
2,2020,31,1,1,20
2,1999,145,3,3,20
2,2021,32,1,1,20
2,2014,64,1,2,20
5,2006,34,2,2,22
5,2006,35,1,1,22
6,1962,73,2,2,20
2,2015,87,2,2,20
5,2009,49,2,2,22
2,2013,80,2,2,16
4,1984,150,3,4,2
2,2020,35,1,1,16
2,2016,50,1,2,16
2,2017,42,1,1,16
2,2018,55,1,2,16
2,2017,56,1,2,16
1,1985,127,3,4,11
7,1998,65,2,2,21
2,2017,49,1,2,16
0,1980,128,3,3,19
2,2017,40,1,2,16
5,2009,36,2,1,22
2,2020,38,1,1,16
2,2015,45,2,1,16
7,1996,130,3,2,11
7,1990,147,3,2,11
7,1998,115,3,2,11
7,1999,118,3,2,11
2,2020,49,1,1,6
7,1987,149,3,2,11
4,1970,101,3,2,10
2,2020,41,1,1,6
2,2024,20,1,1,21
2,2018,56,1,1,6
2,2020,36,1,1,17
2,2024,20,1,1,21
2,2015,40,1,1,17
3,1991,69,2,1,14
5,1999,105,3,3,22
0,1901,203,3,3,19
3,1950,213,2,3,18
7,1953,189,3,3,2
2,2015,60,1,2,20
2,2015,71,2,2,20
2,2013,52,1,1,20
1,1970,112,2,2,16
2,1994,132,3,3,20
3,1940,136,3,3,18
2,2013,58,1,2,20
1,1980,118,2,2,23
0,2020,48,1,1,12
2,2013,48,1,1,20
2,2014,64,2,2,20
0,1996,76,2,2,19
2,2015,70,1,2,20
2,2015,85,2,2,20
5,1977,132,2,3,19
2,2015,60,1,1,20
2,1994,136,3,3,20
2,1994,174,3,4,20
0,1975,105,2,3,19
2,2021,16,1,1,20
2,2015,53,1,2,16
2,2017,38,1,2,16
6,1980,110,3,1,19
2,2015,43,1,1,16
3,2017,30,1,1,19
2,2015,41,1,1,16
2,2015,44,1,1,16
2,2017,49,1,1,16
5,2009,58,2,1,22
5,2004,76,2,3,21
5,2009,29,2,1,22
2,2016,57,1,2,16
3,1960,194,3,5,19
2,2015,43,1,1,7
7,1996,63,2,2,21
2,2016,39,1,1,16
2,2020,36,1,1,7
3,1960,232,4,4,19
2,2016,47,1,1,7
2,2015,61,1,2,7
2,2022,25,1,1,7
2,2020,40,1,1,17
2,2016,46,1,1,17
2,2016,37,1,1,17
2,2024,20,1,1,21
2,2016,43,1,1,17
7,1944,240,3,4,21
2,2024,20,1,1,21
2,2015,66,1,2,17
2,2016,62,1,2,17
2,2016,68,1,2,17
2,2024,20,1,1,21
1,1970,146,3,3,18
2,2020,42,1,1,17
2,2015,56,1,2,17
2,2024,20,1,1,21
2,2015,70,1,2,17
2,2016,53,1,1,17
2,2020,40,1,1,17
2,2024,20,1,1,21
2,2021,36,1,1,17
2,2024,20,1,1,21
2,2020,36,1,1,11
3,1947,101,2,1,19
7,1952,192,4,4,2
0,1982,118,2,3,18
3,1950,166,3,3,18
0,2007,53,2,2,13
2,2020,33,1,1,10
3,1970,83,2,2,22
7,1932,242,4,3,2
0,2000,73,3,3,2
3,1947,129,3,2,18
3,1940,159,3,2,18
3,1940,223,4,3,18
2,2013,84,2,2,20
2,2013,75,2,2,20
1,1985,123,2,3,19
6,1960,180,3,4,19
2,2015,54,1,2,20
2,1994,150,3,3,20
6,1995,82,2,3,19
2,1994,148,3,4,20
0,1999,70,2,2,19
2,2015,63,2,2,20
0,2005,74,3,2,18
2,2020,34,1,1,20
2,2020,31,1,1,20
5,1999,81,2,2,3
2,1996,163,3,4,20
2,2020,28,1,1,7
2,2020,36,1,1,7
2,2015,61,1,2,7
2,2022,30,1,1,7
3,2016,48,1,1,19
2,2020,39,1,1,7
3,2004,32,1,2,19
2,2020,40,1,1,7
2,2020,40,1,1,7
2,2023,22,1,1,7
5,2009,52,2,2,22
2,2023,25,1,1,17
2,2020,42,1,1,17
2,2020,43,1,1,17
5,1997,57,3,1,18
2,2015,66,2,2,17
2,2020,50,1,1,17
2,2020,42,1,1,17
2,2022,24,1,1,17
2,2015,60,1,2,17
2,2015,83,1,2,17
2,2016,65,1,2,17
2,2020,46,1,1,17
2,2015,48,1,1,8
2,2020,36,2,1,8
2,2016,50,1,1,8
2,2015,71,2,2,8
2,2020,51,1,2,16
7,2020,22,1,1,23
7,1940,151,3,3,19
7,1940,148,3,3,19
0,2008,53,2,2,2
0,1940,141,3,3,19
2,2023,20,1,1,4
7,1940,127,3,2,19
2,2023,20,1,1,4
0,1970,127,4,3,2
2,2023,20,1,1,4
3,1957,90,3,2,19
7,1940,134,3,2,19
2,2021,26,1,1,20
2,2016,83,2,2,20
2,2021,29,1,1,20
2,2021,35,1,1,20
2,2021,34,1,1,20
2,2021,36,1,1,20
4,2018,31,2,2,3
2,2016,72,2,1,20
2,2021,31,1,1,20
2,2014,45,2,2,20
2,2025,20,1,1,19
2,2015,51,1,1,7
7,1978,119,2,2,21
2,2016,51,1,2,7
2,2016,55,1,2,7
5,2010,35,1,1,22
5,2010,46,2,2,22
7,1993,83,2,2,21
2,2020,33,1,1,7
2,2021,31,1,1,7
2,2021,32,1,1,7
7,1995,101,2,2,21
2,2022,36,1,1,7
2,2015,65,2,2,8
2,2015,75,2,2,8
1,1980,137,2,2,11
2,2015,68,2,2,8
2,2015,65,1,2,8
2,2015,45,1,1,8
2,2015,65,1,2,8
2,2015,57,1,2,8
2,2020,35,1,1,8
2,2015,46,1,1,8
0,2006,58,2,2,2
0,1974,137,3,3,2
3,1957,115,2,2,19
2,2020,31,1,1,10
0,1993,74,2,2,19
6,1993,71,2,2,19
2,2024,21,1,1,15
5,2015,25,1,1,2
0,2014,46,1,2,2
2,2020,29,1,1,20
2,2020,36,1,1,20
3,1990,91,2,2,22
6,1968,159,3,3,21
5,2006,39,2,2,22
0,1998,92,3,2,20
6,1961,153,4,3,20
5,2006,85,2,3,22
2,2022,35,1,1,19
0,1999,70,3,1,18
6,1961,129,3,3,20
6,1940,146,2,3,18
3,1952,164,3,4,3
6,1940,131,3,4,18
5,2006,110,2,2,22
6,1940,172,4,5,19
7,1987,155,3,2,21
1,1971,85,2,2,16
2,2020,55,1,1,7
2,2020,40,1,1,8
2,2025,23,1,1,8
2,2020,33,1,1,8
7,1989,147,2,3,21
2,2022,26,1,1,8
7,1992,129,2,3,21
7,1992,111,2,3,21
2,2020,33,1,1,8
2,2015,39,1,1,8
2,2015,41,1,1,8
2,2015,50,1,1,8
1,1986,69,2,2,16
2,2015,46,1,1,8
2,2020,40,1,1,8
2,2016,47,1,2,9
2,2020,42,1,1,9
2,2020,40,1,1,9
2,2016,43,1,1,9
0,1987,93,2,3,22
4,2022,23,1,1,23
2,2021,27,1,1,13
2,2024,23,1,1,3
2,2015,101,1,1,3
5,1986,89,3,2,18
2,2024,20,1,1,5
2,2024,20,1,1,5
0,1989,114,3,3,22
2,2024,25,1,1,6
2,2015,49,1,1,16
7,2000,60,2,2,23
2,2020,44,1,1,10
5,2004,51,2,1,16
5,2000,55,2,2,16
0,1957,97,3,2,18
0,1940,131,3,3,18
6,1958,128,3,2,20
6,1940,196,3,4,18
3,2007,50,1,1,2
5,1993,68,2,2,16
0,1947,151,3,3,18
0,2001,98,3,3,20
2,2021,27,1,1,8
3,1990,118,2,2,21
2,2020,37,1,1,8
5,2010,39,1,1,21
2,2020,37,1,1,8
1,1966,118,3,3,16
7,1991,118,2,3,21
0,2000,63,2,2,21
1,1961,122,3,3,16
1,1951,168,3,4,16
1,1930,255,3,3,11
2,2015,93,1,1,3
2,2015,90,1,1,3
4,2022,22,1,1,23
4,2022,23,1,1,23
0,2000,87,3,3,11
2,2015,103,1,1,3
2,2021,22,1,1,3
2,2015,76,1,1,3
4,2022,22,1,1,23
4,2022,22,1,1,23
2,2020,43,1,1,3
2,2020,32,1,1,3
0,1970,121,3,3,2
2,2019,45,2,1,2
0,1989,112,2,3,22
2,2019,35,2,1,2
2,2020,51,1,1,10
5,2008,58,2,2,21
5,2003,38,1,2,16
5,2000,45,2,2,16
0,1975,108,3,3,16
2,2012,89,2,2,19
0,1979,98,2,2,16
5,1983,94,2,2,16
2,2022,39,1,1,5
2,2015,89,1,1,3
2,2014,97,2,3,3
2,2014,81,2,2,3
2,2014,79,2,2,3
2,2014,86,2,2,3
2,2014,92,2,2,3
3,1930,196,2,2,19
2,2014,58,1,2,3
2,2023,22,1,1,23
2,2023,23,1,1,23
1,1972,137,2,3,2
6,2014,44,1,1,22
5,1978,136,3,3,16
4,2020,27,1,1,15
4,2015,40,2,1,15
5,1987,88,3,3,16
5,1943,185,3,4,16
5,1985,94,2,3,16
3,2007,81,2,2,2
5,2002,58,2,2,16
5,1945,178,3,3,16
0,1995,96,3,3,20
4,2020,31,1,1,15
4,2020,29,1,1,15
5,2000,100,2,2,16
3,1985,108,3,3,21
2,2020,40,1,1,5
2,2020,37,1,1,5
0,2007,73,2,2,13
2,2020,41,1,1,5
2,2021,35,1,1,5
3,1980,124,3,4,21
3,1986,87,3,2,18
2,2023,23,1,1,23
6,1940,111,3,1,19
2,2020,28,1,1,3
2,2023,22,1,1,23
2,2023,22,1,1,23
2,2023,22,1,1,23
2,2023,22,1,1,23
2,2023,22,1,1,23
2,2023,22,1,1,23
2,2023,22,1,1,23
2,2020,27,1,1,3
7,1975,75,2,2,22
4,2022,28,1,1,23
7,1955,175,3,5,2
0,1998,72,2,2,2
7,1980,124,3,3,23
3,1956,154,2,2,19
4,1970,175,3,3,22
5,1974,161,3,3,14
4,1970,128,3,3,10
5,1941,189,3,3,16
4,1970,193,4,3,10
5,2000,64,2,2,16
4,1965,197,4,3,10
6,1988,89,3,2,20
5,2000,58,2,2,16
4,2008,80,2,1,10
0,1987,144,2,2,13
1,1997,91,2,2,13
5,1945,187,3,3,16
5,2002,71,2,2,16
4,2011,49,1,1,10
4,1965,193,4,3,10
5,1985,89,3,2,16
3,1990,98,2,3,21
5,2011,48,2,1,22
6,1947,241,4,4,13
0,1991,93,2,3,22
2,2010,43,1,1,21
2,2020,28,1,1,3
0,2005,62,3,3,19
4,1995,91,2,2,11
4,1975,218,3,2,11
6,1977,61,2,1,19
5,2007,37,2,1,22
2,2020,32,1,1,3
2,2020,33,1,1,3
2,2020,25,1,1,3
3,1986,127,2,3,14
0,1924,225,3,4,14
7,1949,169,2,4,14
3,1971,136,2,2,14
0,1940,115,3,3,18
4,1965,138,4,3,10
4,2009,74,2,1,10
4,2009,63,2,1,10
2,2024,22,1,1,12
2,2020,50,1,1,12
6,1995,76,2,3,21
2,2021,43,1,1,12
4,2000,86,2,1,10
1,1960,133,3,2,14
4,2022,37,1,1,13
4,2022,34,1,1,13
2,2021,41,1,1,5
2,2015,92,1,1,22
2,2021,28,1,1,5
1,1942,238,4,4,19
6,2005,31,1,1,21
3,1940,248,6,6,19
0,1987,120,2,2,21
4,1963,194,5,6,22
7,2008,69,2,2,21
4,1963,183,4,4,22
4,1969,146,2,4,22
4,1963,181,3,6,22
4,1914,295,4,4,11
4,2022,32,1,1,13
5,2008,62,2,2,21
0,2004,89,2,2,22
6,2024,29,1,1,2
2,2025,20,1,1,19
2,2025,20,1,1,5
2,2025,22,1,1,8
6,2009,45,1,1,14
1,2014,49,2,2,2
2,2020,40,1,1,12
2,2012,62,2,2,12
2,2022,24,1,1,12
2,2012,75,2,2,12
2,2016,55,2,2,12
2,2020,43,1,1,12
2,2015,73,2,2,12
2,2015,56,1,2,12
2,2020,43,1,1,12
4,2022,35,1,1,13
2,2023,21,1,1,12
2,2019,37,1,1,12
2,2012,64,2,2,12
2,2015,47,1,2,12
2,2017,43,1,1,12
5,1995,112,2,2,21
2,2019,38,1,1,12
0,1994,103,2,2,21
4,1990,93,2,2,21
2,1991,124,2,3,21
2,2021,42,1,1,5
2,2021,21,1,1,5
5,1938,265,4,7,19
4,1963,174,3,6,22
2,2020,25,1,1,3
2,2020,29,1,1,3
5,2007,28,2,1,22
4,1963,171,3,4,22
1,1964,199,2,2,22
2,2020,26,1,1,3
5,2007,57,2,2,22
2,2020,27,1,1,3
2,2020,27,1,1,3
4,1981,159,4,5,22
5,1953,165,4,4,16
0,1981,120,4,3,2
6,2000,68,2,2,2
2,2019,35,1,1,10
2,2019,35,1,1,10
6,2002,76,2,2,2
4,1960,171,5,3,2
4,1961,174,5,3,2
0,2009,63,2,2,10
2,2019,30,1,1,10
0,1940,221,4,6,2
2,2019,46,1,1,10
6,1956,176,3,2,2
4,1969,184,4,5,22
4,1981,131,3,4,22
4,1950,195,4,5,22
4,1986,102,3,4,22
2,2020,28,1,1,10
5,1980,130,3,2,19
2,2020,41,1,1,15
2,2015,70,1,2,15
3,1957,92,3,2,19
2,2020,25,1,1,10
2,2019,43,1,2,10
5,2010,40,2,2,22
6,1946,202,4,4,2
4,1979,122,4,3,2
4,1967,148,4,3,2
4,1989,95,3,3,2
2,2023,20,1,1,10
6,1973,99,2,3,22
6,1977,126,4,3,2
0,2001,63,2,2,23
1,1990,105,3,2,19
4,1998,102,3,3,23
2,2009,75,2,2,10
2,2020,43,1,1,15
2,2024,20,1,1,15
2,2015,51,1,2,15
2,2015,41,1,1,15
2,2018,70,1,2,15
2,2018,71,1,2,15
6,1940,112,2,2,19
0,1995,112,2,4,23
0,2000,92,3,3,23
4,1964,164,5,4,2
6,1971,140,3,3,2
0,1976,128,4,3,2
6,1948,197,3,3,2
6,1958,173,4,5,2
2,2012,54,2,2,10
0,1960,115,3,2,10
1,1988,106,2,3,12
4,2020,24,1,1,10
2,1990,96,2,3,2
6,1970,101,2,2,10
2,2019,33,1,1,10
3,1991,95,2,3,2
6,1959,168,3,4,2
7,1969,126,3,2,10
3,2013,52,2,1,3
0,1990,47,2,1,21
4,1986,121,3,4,2
0,1998,77,3,3,10
0,1966,160,3,4,2
2,2020,35,1,1,15
2,2018,60,1,2,15
0,1962,172,3,4,2
0,1962,143,3,3,2
2,2015,62,2,2,15
2,2015,66,1,2,15
2,2015,42,1,1,22
0,2015,44,2,1,2
0,1995,132,3,3,23
2,2020,28,1,1,10
3,2006,73,2,2,22
1,1994,102,3,2,22
1,1989,136,3,3,22
1,1959,158,4,3,10
2,2020,32,1,1,5
2,2020,42,1,1,5
0,1988,103,4,3,2
1,2024,28,1,1,2
5,2007,35,1,2,22
7,1998,71,2,2,5
0,1986,109,4,3,2
4,2015,23,2,1,3
0,2005,59,2,1,2
5,1986,105,3,2,21
6,1978,125,4,2,2
1,1999,96,3,3,22
4,1981,162,4,5,22
2,2024,20,1,1,6
0,2012,84,2,2,10
7,1991,103,2,2,17
2,2020,44,1,1,5
1,1965,104,4,3,10
2,2012,32,1,1,5
0,1996,77,3,2,2
0,1993,89,3,2,2
0,1999,79,2,2,2
2,2020,27,1,1,10
2,2023,20,1,1,6
2,2023,20,1,1,6
2,2023,20,1,1,6
2,2023,20,1,1,6
6,1996,62,2,2,21
4,1981,161,3,4,22
4,2024,22,1,1,9
4,2006,134,2,2,10
0,1975,69,2,2,10
2,2023,20,1,1,6
0,1998,84,3,3,10
1,1965,122,4,3,10
4,1959,175,2,2,17
1,1953,200,3,4,17
1,1950,202,4,3,10
2,2012,33,1,1,5
5,1985,113,2,1,18
5,1973,155,2,3,18
5,1982,119,2,2,18
2,2015,97,2,2,7
0,1993,87,4,2,2
6,1981,117,4,2,2
0,2002,69,3,2,2
0,1994,90,3,2,2
0,1973,130,3,3,19
3,1970,74,2,2,10
6,1965,99,2,3,2
4,2020,19,1,1,9
4,2024,20,1,1,9
2,2024,31,1,1,5
5,1996,68,2,2,10
2,2024,20,1,1,5
5,1990,91,2,1,10
4,1983,234,4,6,10
4,1983,231,4,4,10
6,1950,191,4,4,18
2,2020,20,1,1,21
2,2015,65,2,2,7
2,2020,32,1,1,7
2,2020,22,1,1,10
2,2020,26,1,1,10
5,2009,57,2,1,22
7,1939,247,3,3,23
4,2025,18,1,1,22
2,2020,46,1,1,15
2,2012,67,2,2,15
2,2012,83,2,3,15
2,2012,84,2,2,15
2,2012,65,2,2,15
2,2012,87,2,3,15
2,2012,83,2,2,15
0,2015,65,2,2,10
1,1990,97,2,3,12
3,2006,86,2,2,21
2,2020,28,1,1,7
4,1983,186,4,4,10
4,1983,198,4,5,10
2,2019,42,1,1,7
2,2020,43,1,1,7
4,1983,258,4,7,10
6,2019,25,1,1,22
2,2020,27,1,1,10
2,1962,172,2,3,2
0,1970,130,3,5,12
0,2019,22,1,1,10
5,2012,45,2,1,21
4,1995,82,3,3,2
0,1989,77,2,2,21
0,1993,65,2,2,21
2,2017,135,1,2,4
2,2023,20,1,1,4
0,2008,58,3,2,10
2,2020,34,1,1,5
0,1995,75,2,2,22
2,2012,70,1,2,15
2,2015,52,1,2,7
2,2016,26,1,1,7
2,2015,74,1,2,7
2,2018,38,1,1,7
2,2015,45,1,1,7
7,1998,70,2,2,21
2,2018,52,1,1,7
7,1988,93,2,2,21
2,2020,36,1,1,7
2,2022,25,1,1,6
2,2025,20,1,1,7
4,1984,172,3,6,10
7,1930,217,3,4,19
5,1962,155,4,4,16
0,1997,82,3,2,2
0,2002,65,3,2,2
0,1989,102,3,3,2
6,2001,65,3,1,2
0,1997,78,3,3,2
0,1992,100,4,2,2
2,2021,32,1,1,4
1,1964,172,3,3,12
5,2002,71,2,2,23
2,2022,31,1,1,15
2,2020,44,1,1,15
1,1975,119,3,3,22
1,1916,235,4,5,22
2,2012,90,2,2,15
2,2012,95,2,2,15
0,1981,126,2,3,17
5,1992,46,2,2,23
1,2024,24,1,1,18
0,2000,59,3,2,10
4,1984,207,3,6,10
2,2022,26,1,1,7
4,1989,102,2,3,10
2,2020,40,1,1,7
4,1989,79,2,2,10
4,1989,93,2,3,10
4,1989,91,2,3,10
0,1988,109,3,3,2
4,1972,122,3,3,9
6,2023,23,1,1,2
6,1990,104,2,3,2
0,2023,25,1,1,2
2,2012,40,1,1,4
2,2020,31,1,1,4
2,2021,36,1,1,4
7,1988,101,3,3,22
1,1990,114,3,3,23
2,2012,86,2,2,15
2,2015,54,1,2,15
5,2002,57,2,2,23
3,1985,97,2,3,22
2,2015,68,1,2,15
0,1985,82,3,3,10
2,2022,31,1,1,15
1,1997,69,2,2,23
0,2011,54,2,2,22
2,2020,33,1,1,15
2,2020,46,1,1,7
2,2022,26,1,1,7
7,1984,109,2,2,21
2,2020,23,1,1,18
1,2007,87,2,2,2
2,2021,20,1,1,13
2,2021,20,1,1,13
2,2021,20,1,1,13
2,2021,20,1,1,13
5,2008,56,2,1,2
5,1988,98,3,2,2
5,1976,136,3,4,2
1,1950,201,4,3,2
0,2022,26,1,1,2
1,2021,20,1,1,13
2,1992,91,2,2,22
1,1997,93,2,2,12
2,2020,42,1,1,15
2,2020,47,1,1,6
2,2022,32,1,1,6
5,1967,201,4,4,18
0,1985,139,2,4,10
2,2024,26,1,1,18
2,2018,48,1,1,18
2,2016,50,1,1,18
2,2016,48,1,1,18
2,2024,22,1,1,18
2,2015,63,2,2,18
2,1958,184,2,3,2
2,1994,102,2,3,2
3,1984,107,3,2,2
2,1967,156,2,3,2
6,1995,52,3,2,21
2,1968,153,2,4,2
6,2005,62,3,2,21
4,1989,104,3,4,2
2,1995,95,2,3,2
6,1973,122,3,3,2
7,1965,188,3,5,22
4,1966,165,2,5,12
2,2020,38,1,1,6
2,2022,25,1,1,6
0,1989,80,3,2,17
0,1972,100,2,2,17
2,2015,44,1,1,18
0,1968,111,2,3,17
2,2023,21,1,1,18
2,2016,65,2,2,18
2,2015,63,2,2,18
2,2016,52,1,2,18
2,2015,56,1,2,18
2,2015,53,1,2,18
3,2003,64,1,1,21
6,2005,65,2,2,7
0,1997,66,2,2,7
0,2022,29,1,1,15
1,1998,95,2,2,12
2,2021,28,1,1,5
2,2023,20,1,1,5
2,2016,36,1,1,6
0,1925,157,3,2,2
2,2017,53,1,1,6
2,2019,56,1,1,6
2,2019,48,1,1,6
2,2015,65,2,2,18
6,1989,126,3,4,22
2,2015,59,2,2,18
2,2020,25,1,1,18
4,2015,38,1,2,9
2,2011,88,2,2,7
2,2011,51,1,1,7
0,1991,93,3,2,2
4,2006,58,2,3,2
2,2017,56,2,1,7
2,2019,44,1,1,10
2,2019,44,1,1,10
0,1953,184,3,5,2
0,1975,120,2,3,4
4,1940,206,3,5,4
6,1971,124,3,3,4
1,1920,221,4,5,10
1,1920,242,4,4,10
2,2020,40,1,1,6
3,1920,232,4,5,10
2,2020,45,1,1,6
3,1970,153,3,3,16
4,2021,27,1,1,9
4,1981,100,2,2,22
7,2012,54,2,2,22
3,1967,69,1,2,19
5,2014,48,2,2,22
2,2019,56,1,2,10
0,2007,64,2,2,2
2,2015,43,2,1,10
0,1943,210,3,4,2
0,1987,100,3,3,2
2,2019,33,1,1,10
6,1972,136,4,2,2
6,1978,125,3,3,2
6,1994,82,3,2,2
2,2019,56,1,1,10
0,1963,172,3,4,4
0,1979,121,3,3,4
4,1951,245,4,6,12
2,2015,28,1,1,15
2,2015,30,1,1,15
1,1990,93,2,2,12
0,2010,38,2,2,22
5,1992,88,3,3,4
0,2010,58,2,2,11
2,2015,51,1,1,11
6,2020,20,1,1,2
4,1986,89,2,3,4
1,1956,174,4,4,2
2,2015,55,1,1,11
1,1954,180,4,2,2
7,1993,88,3,3,2
2,2015,35,1,1,11
2,2020,35,1,1,11
0,1962,161,3,3,2
2,2024,20,1,1,12
2,2024,20,1,1,12
0,1975,161,2,3,11
6,2013,42,2,1,2
5,1955,179,4,4,2
5,1972,136,4,3,2
6,1965,167,3,4,2
3,1941,221,3,4,22
4,2020,39,1,2,10
2,1993,97,2,3,2
5,1961,163,3,4,22
2,1997,84,2,3,2
4,2020,43,1,2,10
7,1985,110,2,3,2
2,2018,65,2,2,19
2,2019,184,1,2,10
2,2022,20,1,1,12
3,1981,126,2,4,21
2,2020,30,1,1,11
2,2020,34,1,1,11
2,2019,89,1,2,10
0,2021,42,1,1,18
4,1980,235,4,6,11
4,1980,186,4,5,11
5,2008,49,2,2,22
2,2015,33,1,1,23
4,2020,41,1,2,10
4,2020,38,1,2,10
2,2023,21,1,1,16
2,2021,29,1,1,16
3,2006,55,2,2,2
2,2025,20,1,1,16
6,1995,84,2,3,2
7,1995,87,2,3,2
2,1993,93,2,3,2
4,2020,38,1,2,10
4,2020,39,1,2,10
4,2020,37,1,2,10
4,2020,43,2,2,10
2,1990,101,2,3,2
6,1958,166,3,3,2
5,1943,210,3,3,2
0,2000,63,2,2,21
2,2022,22,1,1,12
4,1980,178,4,4,11
4,1980,202,4,5,11
4,1980,175,4,4,11
4,1980,194,4,5,11
7,1980,131,2,3,21
2,2019,144,1,2,10
2,2019,129,1,2,10
2,2019,130,1,2,10
4,1980,198,4,4,11
4,1980,163,3,4,11
4,1980,141,4,5,11
5,1911,296,3,5,2
6,1974,129,3,2,2
6,1954,178,3,4,2
6,1941,208,4,4,2
2,2021,28,1,1,16
4,1990,93,3,4,2
1,1997,80,2,2,2
2,2021,24,1,1,16
2,2015,59,2,1,11
6,1940,113,3,3,18
2,2007,103,2,3,11
3,1970,133,3,4,4
6,1954,184,3,4,2
2,1991,96,2,3,2
2,2019,32,1,1,10
2,2015,47,1,1,23
2,2019,31,1,1,10
4,1980,231,4,5,11
2,2019,57,1,1,10
2,2019,43,1,1,10
4,1980,226,4,5,11
4,1980,237,4,5,11
2,2019,41,1,1,10
2,2019,68,1,1,10
2,2019,35,1,1,10
2,2019,41,1,1,10
1,1992,90,2,2,2
4,2020,21,1,1,10
1,1995,86,2,2,2
0,1966,153,3,5,2
6,2002,61,2,2,2
2,2007,90,2,2,11
7,1966,94,2,2,2
2,2009,107,2,2,11
0,1978,147,3,4,22
5,1990,71,2,2,2
1,1982,116,3,3,2
0,2023,27,1,1,2
1,1953,166,4,4,4
2,2012,54,1,1,10
2,2003,61,2,2,2
2,2012,67,1,1,10
0,1959,169,3,3,2
0,2009,81,2,2,11
2,2015,56,1,1,11
2,2015,52,1,1,11
2,2015,56,1,1,11
1,2013,16,1,1,23
2,2015,52,1,1,11
2,2017,57,1,2,2
0,1980,126,2,4,2
0,1983,114,3,3,2
6,2020,22,1,1,2
4,1979,124,4,2,2
4,1924,264,5,5,2
4,1958,175,5,3,2
7,1986,104,2,2,21
1,1984,115,3,3,2
4,1969,149,3,5,2
1,1994,88,2,2,2
2,2023,20,1,1,20
6,1951,189,4,3,2
3,1969,159,3,3,19
1,1922,278,4,6,13
5,2023,22,1,1,2
5,2020,20,1,1,2
5,1968,150,4,3,2
6,1969,164,2,4,19
3,1934,210,3,5,4
4,1958,178,5,4,2
6,1960,173,4,3,2
0,2005,57,2,2,2
0,1989,101,2,3,2
3,1982,102,3,3,13
7,1937,228,4,5,13
0,1991,92,2,2,2
0,1999,74,2,2,2
4,2011,34,2,1,10
4,1958,207,4,5,22
6,2020,22,1,1,2
0,1961,168,4,5,2
4,1940,223,5,6,2
0,1970,149,4,4,2
6,1981,116,3,3,2
4,2011,33,2,1,10
1,1987,89,3,2,13
2,1959,185,2,4,2
1,1927,249,4,7,13
1,1927,250,4,6,13
2,2009,105,2,3,11
2,2015,66,2,2,11
1,1982,77,3,2,13
1,2016,44,1,1,19
3,1959,205,3,4,19
5,2020,21,1,1,2
6,1979,132,4,4,19
5,1948,198,3,3,2
5,1949,197,5,5,2
0,1958,156,3,4,4
5,1968,153,4,3,2
5,2022,25,1,1,2
5,2007,51,3,2,2
0,2001,70,3,2,2
0,2007,54,3,2,2
0,2003,62,2,1,2
0,2006,52,3,1,2
3,1957,157,4,3,13
7,1947,196,4,5,13
2,2015,69,1,2,11
0,1988,102,3,3,2
3,1997,67,2,2,13
2,2015,86,2,2,11
2,2015,91,2,2,11
6,1925,255,3,4,2
6,2023,20,1,1,2
0,1962,168,4,4,2
0,1968,146,4,3,2
6,1955,182,4,5,2
0,1965,154,3,3,2
2,2017,30,1,1,16
1,1975,132,2,3,21
2,2017,25,1,1,14
2,2017,36,1,1,14
6,1971,143,4,5,2
6,1968,149,4,3,2
6,1963,160,3,3,2
2,2022,20,1,1,14
0,1990,97,2,3,2
6,1982,109,2,3,2
2,2017,37,1,1,14
1,1963,161,3,3,2
1,1957,176,3,4,2
4,1947,197,4,5,13
5,1910,289,4,5,2
3,2010,61,2,2,20
6,1979,106,3,4,22
6,1946,202,4,3,2
1,1977,132,3,4,13
2,2024,20,1,1,12
0,1938,222,4,3,2
0,2024,24,1,1,2
0,2022,24,1,1,2
1,1966,199,3,3,13
0,1948,194,4,5,2
2,2008,70,2,2,22
5,2008,50,2,2,2
5,1976,128,4,3,2
5,1966,155,4,3,2
5,1929,247,4,6,2
5,1990,93,4,2,2
5,1974,134,4,3,2
5,1960,167,5,4,2
2,2022,23,1,1,11
0,2002,65,2,1,2
2,2015,72,2,2,11
2,2024,20,1,1,23
3,1977,92,2,2,13
7,1966,147,4,3,13
0,1996,81,3,3,2
2,2015,76,2,2,11
0,2005,61,2,2,3
0,1969,145,3,4,2
0,1996,79,2,2,2
2,2020,30,1,1,11
0,2000,71,2,2,2
6,1977,127,3,2,2
2,2020,41,1,1,11
7,1993,90,2,4,2
6,1974,132,3,5,2
1,2021,21,1,1,2
0,1969,146,3,5,2
1,1988,97,2,3,2
6,2023,21,1,1,2
2,2015,24,1,1,10
2,1984,116,2,3,2
1,1982,112,3,3,2
0,1975,132,3,5,2
4,1982,111,3,4,2
0,1981,118,2,4,2
0,1988,96,3,3,2
6,1980,115,3,3,2
7,2024,23,1,1,2
2,2020,44,1,1,10
1,1977,130,3,3,13
4,1984,115,5,3,2
2,2008,67,2,2,22
2,2020,33,2,2,22
1,1992,89,3,3,13
1,1992,64,2,2,13
2,2016,38,2,2,22
1,1992,111,3,4,13
2,1974,143,3,4,2
1,1927,263,4,4,13
2,1977,130,2,4,2
0,1952,168,4,4,4
2,2015,63,2,2,11
0,2007,53,2,2,2
2,2015,53,2,1,11
3,1999,68,2,2,4
2,2020,37,1,1,11
2,2015,56,1,1,11
6,1981,117,3,3,2
2,2015,47,1,1,11
2,2020,35,1,1,11
7,1972,136,3,3,13
2,2015,58,1,1,11
0,2013,48,1,1,3
2,2020,45,1,1,11
0,2023,25,1,1,2
7,1973,117,3,3,21
6,2020,21,1,1,2
2,1975,137,2,4,2
2,1968,148,2,4,2
1,1952,178,4,2,21
2,1996,84,2,3,2
1,1988,96,2,3,2
2,1967,155,2,4,2
6,1978,127,3,4,2
3,2007,52,2,2,2
2,2023,20,1,1,16
2,2022,26,1,1,16
4,1938,231,4,7,2
2,1982,125,2,3,2
1,1976,98,2,2,22
5,1984,93,3,2,22
3,1970,198,3,4,22
0,2007,107,2,2,11
2,2015,76,2,2,11
0,2005,78,2,2,21
4,1980,168,3,5,12
7,1965,125,3,2,12
3,1989,80,2,2,4
2,2015,53,2,1,11
0,1992,105,2,2,14
2,2022,25,1,1,11
2,2020,35,1,1,11
0,2006,43,2,2,11
3,1986,89,2,2,4
2,2020,30,1,1,11
2,2022,25,1,1,11
5,2018,16,1,1,23
2,2020,35,1,1,11
3,1994,77,2,3,4
2,2015,55,2,2,11
2,2020,31,1,1,11
2,2020,30,1,1,11
2,2020,38,1,1,10
2,2025,20,1,1,16
2,2015,49,2,1,10
3,1938,223,4,5,2
5,1995,97,3,2,2
0,1997,80,3,2,2
0,1994,91,3,2,2
0,1983,121,3,3,2
0,1973,136,3,3,2
2,2020,29,1,1,10
0,1985,109,3,3,2
0,2005,60,3,2,2
0,2001,69,3,2,2
0,2005,57,3,2,2
0,2003,64,3,2,2
6,1986,107,3,3,2
2,2022,26,1,1,16
0,1998,75,2,2,2
0,2006,88,2,2,11
3,1995,65,3,2,3
0,2007,116,2,3,11
3,2000,53,2,2,3
5,2006,76,2,2,11
7,1962,144,4,3,13
6,1946,201,3,3,2
5,2020,16,1,1,13
3,1956,105,2,2,15
6,1958,177,4,4,2
2,2015,63,2,2,11
2,2020,30,1,1,11
1,1918,272,5,5,2
2,2020,31,1,1,11
3,1956,174,3,4,4
0,2002,64,2,2,3
2,2022,25,1,1,11
2,2015,69,2,2,11
2,2015,61,2,1,11
0,2008,52,2,2,2
0,2006,50,2,2,11
0,2001,70,2,2,2
0,1999,76,3,2,2
0,1989,101,3,3,2
6,1996,80,2,2,11
1,1927,248,5,5,2
1,1965,154,4,3,2
0,2006,60,2,2,10
0,1990,111,2,2,21
0,2008,62,2,2,10
1,1958,173,3,4,2
2,2015,76,2,2,10
2,2011,75,2,2,10
2,2025,20,1,1,16
2,2014,41,1,1,21
2,1973,138,2,4,2
2,1983,114,2,3,2
2,2022,20,1,1,14
0,2005,83,2,2,11
5,2006,45,2,2,11
0,1939,218,4,4,2
5,2006,50,2,2,11
0,2009,70,2,2,11
6,1999,70,3,2,2
0,2011,59,2,1,11
1,1940,203,3,3,18
1,1918,269,5,4,2
7,1947,167,3,4,3
2,2015,77,2,2,11
3,1970,119,3,3,3
2,2020,26,1,1,12
2,2024,20,1,1,12
2,2022,30,1,1,11
0,1990,93,3,2,2
0,2004,58,3,1,2
2,2022,30,1,1,11
0,2004,59,3,2,2
2,2015,62,2,2,11
0,1990,96,3,3,2
2,2023,25,1,1,11
2,2022,20,1,1,14
2,1967,156,2,4,2
5,2003,63,2,2,2
7,1974,135,3,4,2
2,2022,20,1,1,15
2,2013,40,1,1,11
0,2009,48,2,2,10
2,2015,65,1,2,10
1,1976,128,3,3,2
2,2015,42,1,1,10
6,2022,21,1,1,2
2,2011,39,1,1,10
0,1985,110,3,3,2
2,2020,34,1,1,10
2,2022,22,1,1,11
0,2009,69,2,2,11
7,1972,143,4,3,13
1,1927,256,4,6,13
7,1944,198,4,3,13
1,1977,119,3,3,13
2,2015,45,2,1,11
6,2020,21,1,1,2
3,1949,166,4,4,3
2,2015,55,1,1,11
0,2012,46,2,1,11
1,1943,209,5,4,2
0,1987,105,2,3,4
2,2020,35,1,1,11
0,1956,178,4,5,2
0,1986,101,3,3,2
6,1966,153,3,4,2
0,1971,155,3,4,4
6,1966,156,3,4,22
1,2024,23,1,1,2
5,1928,248,5,5,2
4,2021,32,2,1,10
4,2021,34,2,1,10
2,2020,28,1,1,10
6,2023,23,1,1,2
1,1970,162,3,4,22
7,1980,155,3,3,21
2,2021,29,2,1,16
2,1996,107,2,3,2
2,2020,39,1,1,11
3,1964,130,4,3,3
3,1948,163,4,4,3
2,2015,62,2,2,11
2,2025,20,1,1,11
2,1983,117,2,3,2
2,2020,48,1,1,11
7,1975,134,2,1,21
2,1965,172,2,4,2
3,1986,105,2,3,21
0,1990,80,3,3,12
0,2006,94,2,3,11
5,1995,94,2,2,22
0,1987,100,3,3,2
5,1917,276,5,5,2
1,2024,24,1,1,2
1,2024,25,1,1,2
1,2024,25,1,1,2
5,2008,62,2,2,22
2,1996,95,2,3,2
2,2022,39,1,1,10
2,2019,56,2,1,10
6,2019,35,1,2,2
2,2021,40,1,1,10
2,2019,50,2,2,10
3,1997,72,2,3,22
6,1996,79,2,2,2
2,2011,97,2,2,10
2,2021,28,1,1,10
0,1993,72,2,2,22
2,2022,29,1,1,10
3,1999,50,2,2,22
2,2021,29,1,1,10
2,2025,20,1,1,11
0,2005,75,2,3,11
2,2015,62,2,2,11
2,2020,44,1,1,11
6,2005,54,2,2,11
0,2011,63,2,2,11
2,2020,40,1,1,11
6,2020,25,1,1,2
2,2015,84,2,2,11
2,2015,68,2,2,11
2,2020,30,1,1,11
0,1986,102,2,2,10
7,1978,125,2,3,21
0,2001,93,2,2,10
2,2019,41,1,1,10
0,1979,121,2,2,2
5,1948,195,3,6,2
4,1984,168,4,5,2
4,2020,37,1,1,10
4,2020,35,1,1,10
3,2007,39,1,1,2
4,2020,38,1,2,10
4,2020,39,1,2,10
3,2006,52,2,2,22
6,1996,86,2,2,2
4,2020,38,1,2,10
3,1932,177,2,3,22
4,2020,39,1,2,10
3,1930,238,5,5,19
2,2002,80,2,2,2
4,1997,80,2,3,2
7,1957,169,4,4,13
3,1989,111,2,2,4
3,1966,141,4,3,13
4,1962,164,3,5,4
4,1998,104,2,3,4
4,1956,195,5,6,4
0,2007,81,2,2,11
6,2019,25,1,1,2
0,2010,57,2,2,11
0,2010,62,2,2,11
5,1986,113,3,3,4
2,2025,20,1,1,12
2,2019,160,1,2,10
2,2023,29,1,1,12
2,2023,28,1,1,12
2,2024,20,1,1,12
2,2024,20,1,1,12
2,2020,37,1,1,11
2,2021,27,1,1,11
6,2006,54,2,2,2
5,1996,86,3,2,2
0,1984,115,3,4,2
6,1997,75,3,2,2
7,1990,78,2,2,14
6,2000,81,2,2,10
7,1947,106,3,3,19
7,1926,137,3,3,14
0,2008,46,2,2,23
3,1940,185,3,3,19
3,1957,197,3,4,22
0,2001,54,2,2,12
3,1957,159,3,2,22
3,1957,157,3,3,22
0,2001,52,2,2,12
0,2001,66,2,2,12
7,1956,127,2,2,14
0,1996,62,2,2,12
0,1981,82,2,2,14
3,1972,93,2,2,14
3,1982,79,2,2,14
3,1957,115,2,2,14
3,1937,144,3,3,14
3,1952,121,3,3,14
1,1985,90,3,2,2
3,1957,120,3,2,14
3,1947,146,3,3,14
3,1942,145,3,3,14
3,1947,138,3,2,14
3,1947,128,3,2,14
5,1951,243,4,3,19
7,1947,202,4,4,14
0,1992,94,2,2,14
0,1967,139,2,3,14
0,1967,119,2,3,14
3,1960,151,3,3,10
0,1967,134,2,3,14
0,1971,134,3,2,19
0,1992,112,2,2,14
0,1960,174,2,3,18
1,2020,20,1,1,13
0,1950,207,3,4,18
6,2018,26,1,1,2
5,1960,176,3,3,14
7,1915,273,4,4,14
1,1915,268,3,4,14
0,1992,133,2,2,14
0,1982,154,2,3,14
0,1962,185,2,3,14
0,1977,134,3,3,14
0,2002,47,2,1,19
0,2002,51,1,1,19
3,1949,125,3,3,10
5,1943,199,4,3,19
0,1993,70,3,2,19
3,1970,162,3,4,21
0,1977,113,2,3,14
1,1977,110,2,2,14
3,1952,117,3,2,14
4,1970,177,4,4,22
3,1957,111,3,2,14
3,1937,148,3,2,14
3,1952,119,3,3,14
3,1962,98,2,2,14
7,1952,129,3,2,14
7,1947,111,2,2,14
3,1952,121,2,3,14
7,1949,146,3,3,10
0,1957,144,4,3,14
5,1980,139,2,3,21
0,1962,147,2,3,14
0,1962,132,3,3,14
0,1967,128,2,3,14
5,1955,177,3,3,14
2,2022,34,1,1,18
0,2021,20,1,1,18
5,1960,189,3,3,14
2,2022,36,1,1,18
3,1949,119,3,3,10
0,1992,93,2,2,14
6,1967,121,2,3,14
5,1966,253,2,3,16
5,1954,291,3,5,16
5,1993,90,2,3,2
5,2004,44,1,1,14
7,1949,111,3,3,10
3,1949,115,3,3,10
4,1975,219,4,4,10
4,1975,217,4,4,10
4,1953,169,4,5,9
5,2011,56,2,1,10
2,2019,49,1,1,10
7,1967,95,2,2,14
7,1957,123,1,2,14
7,1967,99,3,1,14
5,1985,123,2,3,10
5,1920,230,5,4,10
7,1947,134,3,3,14
7,1947,142,3,3,14
2,2019,52,1,2,10
3,1952,129,3,3,14
2,2019,47,1,2,10
5,1985,113,3,2,10
3,1954,249,3,5,22
4,1980,176,4,4,11
0,2005,70,2,3,8
4,1982,151,4,4,11
4,1980,130,3,3,11
0,1976,140,4,4,2
5,2007,59,2,1,14
2,2019,40,1,1,10
1,2014,32,1,1,6
0,1972,215,4,3,11
5,1997,96,2,2,14
0,2020,36,1,1,10
4,1975,234,4,4,10
3,1987,67,3,2,13
4,1975,175,4,4,10
5,1996,66,2,2,14
4,1975,162,4,4,10
5,1981,96,2,2,14
4,1975,228,4,4,10
7,1966,168,4,5,13
4,1975,157,4,4,10
5,1981,97,2,3,14
4,1975,160,5,3,10
5,1974,131,3,3,14
4,1975,149,4,4,10
4,1975,166,5,3,10
4,1975,173,4,4,10
0,1944,145,3,3,14
0,1991,98,3,2,12
0,1992,90,2,2,14
3,2005,56,2,1,21
0,2005,51,2,1,14
6,1963,105,2,2,14
6,1982,110,2,1,22
0,1993,82,2,2,14
1,1967,126,2,2,14
0,2008,63,2,2,12
0,1987,92,3,2,22
4,1980,148,4,4,11
4,1980,222,4,4,11
7,1978,128,2,2,2
3,1977,126,3,3,2
5,1975,127,2,2,14
5,1965,150,3,3,14
7,1981,107,3,2,11
5,1955,187,3,3,14
0,1972,151,3,3,17
7,1994,92,3,2,11
0,2014,64,1,1,22
5,1960,185,3,3,14
3,2004,88,1,2,14
3,1938,249,4,4,14
4,1975,140,4,4,10
4,1975,179,4,4,10
4,1975,164,4,4,10
4,1975,219,4,4,10
4,1975,202,4,4,10
3,1947,129,3,3,10
0,1978,80,2,1,14
7,1909,159,3,3,17
1,1974,144,2,2,14
7,1975,94,3,2,14
7,1965,133,3,3,14
7,1965,137,3,3,14
3,1960,144,3,3,10
1,1982,110,3,2,14
1,1997,56,2,2,14
0,2002,77,2,2,14
0,1975,80,2,1,14
3,1976,161,3,2,10
4,1985,160,4,4,11
2,2015,35,2,2,23
4,1980,215,4,4,11
2,2024,20,1,1,12
1,1959,158,4,3,10
0,1974,146,3,2,11
5,1965,134,3,2,14
4,2018,62,2,2,22
0,2005,82,3,3,8
5,1990,81,2,2,14
5,1965,137,4,3,2
3,2017,48,1,1,14
6,1984,103,2,3,23
3,2017,23,1,1,14
5,2012,57,1,2,22
2,2023,23,1,1,14
3,1965,137,3,2,14
3,1960,124,3,4,10
1,1975,164,2,3,14
6,1948,170,3,4,22
0,1975,138,2,3,12
4,1960,194,3,3,14
4,1979,216,4,6,2
2,1995,94,1,2,14
0,1953,170,3,4,12
4,1979,169,3,4,2
1,1960,159,3,3,14
1,1960,130,3,2,14
0,1966,133,3,4,12
0,1990,98,2,2,10
1,1960,140,3,3,14
0,1999,62,2,2,10
1,1960,223,3,3,14
1,1960,114,3,3,14
6,1957,130,3,4,22
0,1987,96,2,3,12
2,2022,23,1,1,21
4,1980,161,4,4,11
0,1965,110,4,3,10
4,1980,113,2,3,11
4,2020,30,1,1,11
1,1959,183,4,3,10
6,1972,141,3,3,22
1,1959,187,4,3,10
0,2008,65,2,1,22
3,1965,152,3,2,14
3,1965,123,3,2,14
4,2018,44,1,1,22
0,2014,39,1,1,22
5,1984,103,3,3,23
4,2018,39,1,1,22
1,1927,212,3,3,14
3,1952,183,4,4,13
3,1984,97,3,2,14
1,1914,216,3,3,14
1,1914,208,3,3,14
5,2008,73,2,2,17
3,1966,154,3,3,13
5,2008,84,3,3,17
5,1983,67,2,1,17
1,1960,219,3,3,14
1,1960,184,3,3,14
1,1960,151,3,3,14
6,2007,41,2,1,22
0,1986,101,2,3,22
1,1940,161,2,3,19
0,1948,169,3,2,19
0,1960,125,2,2,14
0,1960,129,2,2,14
0,1955,137,3,2,14
0,1971,132,3,4,12
0,1974,135,3,3,22
1,1959,169,4,3,10
1,1959,171,3,3,10
0,2021,34,1,1,18
6,2024,18,1,1,18
5,2021,53,2,2,18
2,2024,20,1,1,23
2,2020,21,1,1,23
6,2021,40,2,2,18
4,2018,50,1,1,22
0,2014,51,1,1,22
1,1907,239,3,3,14
0,1986,151,2,3,21
1,1914,212,3,3,14
1,1954,170,3,3,14
1,1934,187,3,3,14
1,1934,197,4,3,14
1,1908,260,3,3,17
3,2006,67,2,2,18
3,1960,172,3,4,10
4,1979,207,4,5,2
0,1966,140,3,4,12
0,1953,171,3,5,12
6,1957,153,2,2,22
4,2024,28,2,1,2
6,1957,146,3,3,22
0,1949,187,3,6,12
1,2008,47,1,2,12
1,1975,139,2,3,23
1,1975,140,2,3,23
1,1990,87,2,2,10
1,1982,114,2,3,23
1,1990,96,2,2,23
2,2021,26,1,1,23
7,2024,22,1,1,2
1,1959,176,3,3,10
1,1959,159,3,3,10
4,1979,147,3,3,10
7,1984,116,2,2,23
3,1993,86,2,3,5
3,1988,98,3,4,5
3,1985,95,3,2,23
0,2021,20,1,1,5
0,1977,94,2,3,15
1,1992,91,2,2,13
1,1979,125,2,2,14
1,1982,110,2,2,22
1,1970,162,2,3,12
0,1998,71,2,1,14
0,2000,72,2,2,23
1,1970,179,2,3,12
6,2000,74,2,2,23
6,2005,87,2,2,23
7,1978,121,3,3,12
7,1980,93,2,2,14
4,1979,167,3,3,10
4,1979,161,3,3,10
4,1979,170,3,3,10
4,1979,170,3,3,10
0,1967,134,3,3,21
6,1970,142,2,2,18
4,1979,143,3,3,10
5,1980,117,2,2,18
0,1990,92,2,2,18
6,1940,130,3,3,18
4,1979,174,3,3,10
7,1966,137,3,3,11
3,1985,106,3,2,23
3,1985,104,3,2,23
3,1990,107,2,2,23
3,1985,125,2,2,23
7,1984,144,2,2,23
0,1984,98,2,2,23
5,1950,172,3,4,2
5,1960,114,3,3,2
7,1982,121,4,2,13
1,1924,189,4,4,14
5,2005,65,2,2,23
2,2021,44,1,1,14
3,1927,234,4,4,12
2,2024,22,1,1,14
0,1970,131,2,4,10
0,1970,123,2,5,10
1,1991,92,2,2,22
4,1979,193,4,3,10
4,1979,201,4,3,10
4,1979,176,4,3,10
1,1990,82,2,1,18
4,1979,193,4,3,10
4,1979,128,3,3,10
6,2022,27,1,1,18
6,1960,180,2,2,18
4,1979,119,3,3,10
6,1940,228,2,3,18
0,1980,60,2,1,18
6,1940,120,3,3,18
5,1990,62,3,1,18
0,1990,80,2,2,18
5,2021,26,1,1,2
0,1987,79,2,2,14
1,2004,75,1,1,14
0,1980,133,3,4,21
5,1970,186,3,4,21
0,1980,116,3,3,10
3,1970,126,3,4,22
1,1914,210,4,4,14
1,1934,196,3,3,14
7,2001,57,2,2,14
0,1995,44,2,1,22
7,2001,85,2,2,14
0,1951,126,3,2,17
0,1933,208,3,3,19
3,1977,136,4,4,12
2,2019,36,1,1,10
0,1986,116,2,3,21
1,1994,118,2,2,22
0,1989,91,2,2,21
6,1970,96,2,2,18
2,2017,39,1,1,11
0,2000,60,2,1,18
0,1940,130,3,3,18
6,1960,143,2,2,18
3,1961,176,4,4,9
0,1950,150,3,3,18
1,1973,117,2,2,2
0,1940,160,2,5,18
4,1920,285,3,4,14
0,2024,24,1,2,19
0,2024,40,2,2,19
5,1960,116,3,2,2
7,1984,97,2,2,23
0,2024,26,1,1,19
3,1997,51,2,1,14
3,2016,47,2,1,14
7,1965,152,3,3,14
3,1947,177,4,4,13
2,2015,43,1,2,9
3,1977,122,2,3,14
3,1974,117,2,2,14
7,1947,185,3,4,14
6,1968,112,3,3,17
5,1962,154,4,4,14
0,1992,83,2,2,22
0,1986,118,2,3,22
6,1990,142,2,1,18
6,1966,158,4,4,2
1,2005,71,2,2,13
1,1946,229,3,4,13
6,1967,106,2,2,14
0,1947,167,2,3,14
0,1972,100,2,2,14
0,1977,107,2,2,14
0,1977,91,2,2,14
0,1982,100,2,2,14
0,1977,82,2,2,14
5,2013,38,2,1,22
6,1965,113,3,2,22
3,1992,85,2,2,13
7,1957,125,2,3,14
1,1920,163,4,3,10
1,1920,147,3,2,10
0,1940,162,3,5,19
3,1964,145,3,3,14
6,1940,153,2,2,19
3,1981,119,2,3,12
3,1981,124,3,3,12
2,2019,41,1,1,10
2,2019,54,1,1,10
2,2019,65,1,1,10
2,2019,38,1,1,10
2,2019,37,1,1,10
2,2019,39,1,1,10
7,1970,114,2,2,14
7,1975,100,2,2,14
5,1944,182,3,4,14
2,2019,37,1,1,10
2,2019,45,1,1,10
2,2019,41,1,1,10
3,1995,89,2,2,20
3,1960,169,3,3,19
1,1940,180,3,3,22
1,1960,165,2,3,14
5,1970,68,2,2,14
1,1950,118,2,2,14
4,1960,145,3,5,10
4,1979,119,3,4,10
1,2002,85,3,2,2
1,1920,200,4,3,10
0,1977,160,2,3,13
0,2010,41,1,2,10
5,1993,93,3,2,10
0,1940,115,3,3,19
7,1917,160,3,4,17
2,2019,39,1,1,10
2,2019,37,1,1,10
0,1957,145,3,4,14
4,2020,39,1,1,14
2,2019,41,1,1,10
0,1992,83,2,2,14
4,1984,203,2,2,23
2,2019,41,1,1,10
2,2019,22,1,1,10
2,2019,22,1,1,10
0,1977,88,3,3,14
2,2019,20,1,1,10
0,1977,90,2,2,14
2,2020,26,1,1,15
2,2020,26,1,1,15
2,2020,26,1,1,15
2,2021,24,1,1,15
4,1979,96,3,3,10
3,2005,88,2,2,12
4,1960,135,3,4,10
6,1991,96,3,2,22
1,1990,69,2,1,14
1,1955,177,3,3,22
4,1979,99,3,3,10
5,2005,58,2,2,22
5,1980,82,2,2,10
3,1920,239,5,4,10
6,1947,92,1,2,19
5,2006,45,1,2,21
7,1952,111,3,2,14
7,1957,121,3,2,14
6,1940,133,3,2,19
7,1957,113,3,2,14
4,2020,30,1,1,14
3,2017,36,1,1,14
6,1930,195,5,4,2
2,2017,77,2,2,14
2,2017,72,2,2,14
5,1970,159,2,2,14
0,1984,100,2,2,23
2,2021,33,1,1,10
2,2020,24,1,1,15
2,2023,24,1,1,15
4,1979,109,3,4,10
0,1974,83,2,2,14
0,1975,101,2,2,14
0,1988,104,2,3,10
0,1996,62,2,2,10
0,1959,111,2,3,14
3,1977,82,2,2,14
7,1957,114,3,2,14
3,1957,110,3,2,14
0,1957,76,2,2,19
0,1920,271,4,4,13
3,1990,78,2,2,14
3,1947,127,3,2,14
3,1957,98,2,2,14
3,1957,105,2,2,14
3,1960,163,3,3,14
6,1957,66,2,1,18
5,1970,148,3,3,17
0,1992,105,2,2,14
2,2021,33,1,1,10
3,1980,150,3,3,21
6,1992,79,2,2,14
6,1982,94,2,2,14
7,1935,254,3,4,14
0,1977,99,2,3,14
7,1935,227,3,4,14
3,1967,159,2,2,14
3,1947,171,3,4,14
0,1982,74,2,2,14
0,1977,113,2,3,14
0,1987,96,2,2,14
5,1965,167,2,2,14
5,1975,127,2,2,14
2,2021,24,1,1,15
2,2021,24,1,1,15
6,1958,153,2,3,20
2,2021,24,1,1,15
4,1972,145,3,3,20
0,1926,160,3,3,14
0,1983,90,2,2,14
0,2001,66,2,2,10
0,1989,74,1,2,14
0,2004,105,2,2,14
7,1911,159,3,3,14
7,1946,130,2,3,14
7,1912,154,3,3,14
7,1947,129,2,3,14
0,2006,68,1,1,14
0,2007,34,1,1,12
0,1991,56,2,2,14
0,1960,108,3,3,22
0,1992,71,2,2,14
5,1994,53,2,2,2
7,1950,213,4,3,12
0,1997,73,2,2,14
6,1949,172,3,4,22
1,1935,257,4,4,14
5,2003,75,2,3,14
5,2002,77,2,3,14
5,2003,64,2,2,14
5,1989,101,3,3,3
5,1945,230,3,4,14
5,1935,272,4,4,14
5,1945,223,4,4,14
2,2017,37,1,1,2
2,2010,81,2,3,2
2,1975,137,2,3,3
1,1957,142,2,4,14
1,1907,239,4,4,14
5,1930,180,3,3,2
5,2006,73,2,2,20
5,1997,105,3,3,2
1,1967,103,2,2,14
5,1994,136,3,3,2
5,1950,147,3,3,2
5,1950,199,4,4,2
5,1950,195,3,4,2
5,1960,143,4,4,2
5,1970,96,4,2,2
1,1927,175,3,2,14
1,2000,86,1,2,17
0,2009,78,2,3,20
5,1970,129,4,3,2
5,1990,93,3,2,2
0,1982,77,3,2,14
0,1982,99,3,3,14
5,1979,113,4,2,19
3,2015,59,1,1,14
7,1940,167,3,3,19
1,1945,240,4,3,14
7,1940,155,3,3,19
5,1945,198,4,3,14
5,1945,153,4,2,14
0,2019,27,1,1,14
7,1940,127,3,2,19
0,2019,27,1,1,14
7,1950,170,3,4,19
7,1940,143,3,4,19
7,1947,115,2,2,19
7,1940,138,3,3,19
7,1940,168,3,4,19
7,1940,155,3,3,19
1,1940,142,2,2,19
1,1940,123,2,3,19
2,2020,32,1,1,20
1,1917,213,3,4,14
2,2007,73,2,2,2
0,1920,299,4,4,19
7,1983,86,1,1,3
5,2006,50,1,2,14
5,2006,64,2,2,14
3,1977,76,2,2,19
0,1972,119,3,4,3
0,2005,48,2,2,3
6,2000,56,2,2,10
1,1907,164,4,3,2
0,1982,77,2,2,14
0,1968,132,4,5,3
7,1980,114,2,2,14
3,2006,61,1,1,19
7,1935,253,3,3,14
2,2020,33,1,1,2
7,1935,178,3,3,14
7,1985,100,2,2,14
3,1985,111,2,2,14
3,2006,50,1,1,14
5,1988,101,3,2,14
3,1940,127,3,3,19
6,1994,68,3,2,14
5,1999,67,3,2,14
4,1933,295,4,5,16
0,2007,55,3,2,2
6,1996,82,3,2,2
0,1987,105,2,2,2
6,2003,65,2,1,2
1,1965,89,3,2,2
6,1997,80,3,2,2
6,1989,101,3,1,2
0,2014,37,1,2,2
0,2001,70,3,1,2
0,2013,51,1,1,2
1,1912,218,3,4,14
7,1966,166,5,5,12
0,1947,141,2,3,14
3,2007,50,1,1,17
2,2024,25,1,1,17
2,2007,42,2,1,2
2,2022,30,1,1,14
1,1967,96,3,2,2
2,2019,35,2,2,2
2,2024,20,1,1,2
1,1997,68,2,2,2
2,2020,31,1,1,2
6,1962,134,3,3,6
3,1947,128,4,4,14
1,1910,180,3,3,2
0,1960,141,3,4,19
1,2023,24,1,1,2
4,1908,208,4,5,16
4,1908,217,4,4,16
4,1908,256,4,4,16
5,1975,110,2,2,14
2,2016,57,1,1,17
0,2008,58,2,2,17
2,2009,97,2,2,17
0,2007,37,1,1,17
0,1981,121,2,3,17
1,1993,101,3,2,2
4,1980,160,3,3,14
0,1981,87,2,2,17
4,1980,183,3,2,14
4,1975,150,3,3,2
4,1975,96,3,2,2
4,1980,139,3,2,14
0,1985,105,3,2,17
6,1996,64,2,1,17
6,1996,61,2,1,17
7,1991,107,3,2,12
2,2009,51,2,1,20
0,2000,73,2,2,2
0,2005,61,2,2,2
6,1940,114,3,3,19
2,2019,49,4,2,14
2,2020,31,1,1,2
0,1967,100,3,4,14
2,2020,32,2,1,2
1,2021,25,1,1,2
0,1977,83,2,3,14
7,1949,210,1,4,16
7,1992,77,1,2,14
2,2019,44,1,1,10
5,1920,258,5,4,10
5,1920,282,5,5,10
3,1952,123,3,3,14
3,2023,62,1,1,18
0,2022,28,1,1,18
0,2022,18,1,1,18
3,1982,79,2,2,14
5,1960,215,5,5,10
7,1952,123,2,2,14
3,1952,117,2,2,14
5,2013,46,1,1,10
0,2014,38,1,1,22
4,1980,164,3,3,14
0,2006,50,2,2,17
2,1992,133,3,3,17
2,1992,166,3,3,17
4,2002,112,2,3,2
4,1979,212,4,6,2
2,1992,156,3,3,17
2,2015,62,2,2,2
3,1940,152,2,2,18
2,2024,29,2,1,2
4,1980,191,3,3,14
3,1975,136,2,2,14
3,1975,135,3,2,14
7,1975,129,2,2,14
7,1975,86,2,0,14
7,1995,85,2,2,14
7,1982,105,2,2,14
1,1920,167,4,2,2
2,2019,46,2,1,20
2,2020,34,1,1,20
2,2020,31,1,1,20
6,1966,94,3,2,20
0,2005,59,3,2,2
0,1995,72,2,2,14
0,1947,132,3,3,14
0,1957,112,2,2,14
0,1962,104,3,3,14
1,1920,256,3,6,18
2,2017,40,1,1,22
2,2017,53,1,1,22
0,1995,50,1,2,14
3,1947,127,3,2,14
6,1938,222,5,5,2
0,1953,190,3,4,2
3,1977,90,2,2,14
7,1940,177,3,3,19
3,1940,134,3,2,19
3,1987,85,1,2,14
3,1940,139,2,3,19
1,1920,202,4,3,10
0,1991,81,2,2,21
7,1940,147,3,3,19
7,1981,146,2,3,21
3,1940,176,3,4,19
1,1982,106,2,2,14
3,1997,85,1,2,14
3,1947,112,3,2,18
1,1939,230,4,5,20
5,2007,40,2,1,14
3,1960,177,4,4,19
0,1979,127,3,3,2
1,1987,117,2,2,13
0,1974,142,2,3,21
1,1984,103,3,2,2
0,2017,35,1,1,2
3,1967,95,4,4,14
2,2015,41,1,1,22
4,1986,115,3,3,2
7,1987,159,4,4,12
1,1930,248,4,4,18
3,2003,74,3,3,12
2,2017,44,1,1,22
0,1996,77,2,2,12
2,2012,103,1,2,22
1,1953,152,3,2,16
3,1940,125,3,2,19
3,1977,96,2,2,14
3,1947,146,2,3,14
5,1967,150,3,4,19
1,1950,95,3,2,10
3,1972,85,3,2,14
3,1952,127,3,3,14
3,1952,134,2,3,14
7,1975,121,3,2,19
3,1962,125,2,3,14
3,1942,161,3,3,14
7,1970,148,3,2,19
7,1975,111,2,2,19
3,1967,100,2,2,14
1,1920,223,4,4,10
3,1952,141,3,3,14
7,1975,165,3,2,19
3,1975,137,3,2,19
3,1940,123,2,2,18
2,2022,23,1,1,21
7,2009,69,2,2,22
5,2009,71,3,3,22
5,1991,117,3,3,22
1,1972,125,4,2,2
5,2017,28,1,1,14
5,2001,38,2,2,17
5,2001,54,2,2,17
5,1987,78,2,3,14
5,1987,64,2,2,14
0,1980,129,3,2,21
6,1980,116,2,2,21
5,1920,248,5,4,10
5,1983,217,2,3,12
1,1984,115,3,2,12
0,1990,121,2,2,14
1,1974,142,3,3,12
7,1987,97,3,3,14
7,1987,83,2,3,14
7,1975,143,4,2,12
5,1905,238,3,4,10
6,1965,159,3,3,2
7,1951,146,2,2,14
7,1957,136,2,3,14
3,1947,130,3,3,14
3,1986,57,2,2,14
0,1923,264,3,5,2
3,1970,144,3,2,19
3,1965,93,2,2,14
6,1989,100,3,2,2
3,1980,76,2,2,14
3,1980,85,1,2,14
3,1970,155,3,3,19
0,1995,55,2,1,18
3,1940,161,3,3,18
3,1940,122,3,3,18
3,1911,140,3,3,14
0,1977,84,2,2,14
0,1962,130,4,5,14
0,2002,63,3,3,14
2,2020,32,1,1,20
2,2020,33,1,1,20
4,1949,201,4,5,2
2,2020,34,1,1,20
2,2020,37,1,1,20
2,2020,32,1,1,20
0,1990,90,2,3,14
5,2001,47,2,2,17
6,1970,138,2,4,14
3,2023,18,1,1,9
6,2000,81,1,1,14
6,1970,140,3,2,14
2,2020,34,1,1,20
1,1960,214,4,4,10
3,2000,81,2,2,12
1,1998,92,3,2,2
7,1987,78,2,3,14
7,1965,151,3,2,12
2,2015,49,1,2,21
7,1960,131,3,3,12
2,2010,110,2,2,22
2,2009,79,2,2,22
4,1982,117,2,2,14
1,1967,101,2,2,14
2,2009,82,2,2,22
2,2009,102,2,2,22
7,1970,141,2,3,19
7,1970,159,3,3,19
7,1982,69,2,2,14
3,1990,77,2,2,19
7,1980,96,2,2,14
7,1970,129,3,3,19
3,1987,71,2,2,14
7,1970,135,3,2,19
3,1987,70,2,2,14
3,1982,88,2,2,14
7,1965,157,3,3,19
3,1980,99,2,2,14
7,1975,87,3,1,19
7,1965,126,3,3,19
3,1987,67,2,1,14
7,1940,157,3,2,19
3,1951,130,2,2,14
3,1951,109,2,3,14
3,1960,114,2,2,14
7,1990,113,3,2,19
0,1999,80,4,2,14
1,1907,107,3,2,2
4,1999,80,2,2,23
4,1979,132,3,3,23
4,1999,84,3,3,23
5,2017,32,1,1,23
4,1989,90,2,2,23
0,1980,127,3,4,14
2,2020,46,2,1,20
0,1995,82,2,3,14
2,2020,36,2,2,20
2,2006,107,1,1,20
1,1960,83,3,2,2
3,1937,157,4,3,15
2,2017,62,1,2,22
2,2009,108,2,2,22
7,1965,153,4,4,12
2,2009,106,2,2,22
5,1982,86,1,2,14
0,1982,65,1,2,14
6,1932,166,4,4,14
3,1950,120,2,2,14
7,1957,95,2,2,19
3,1957,148,2,3,14
7,1957,85,2,2,19
7,1957,80,2,2,19
3,1975,87,2,2,14
1,1947,194,3,4,2
3,1957,108,3,3,14
3,1967,114,2,2,14
7,1940,147,3,3,19
5,1995,73,2,2,19
5,2016,40,1,1,19
3,1970,97,2,2,14
4,1989,82,2,3,23
4,1989,95,2,2,23
5,1928,173,2,3,14
0,1985,71,2,2,14
4,1989,131,2,3,23
5,1933,173,4,3,14
0,1964,91,3,3,14
6,1931,139,4,3,14
5,1935,165,5,4,14
5,1915,197,2,3,14
5,1983,92,3,2,14
2,2020,33,1,1,20
2,2020,29,1,1,20
2,2020,28,1,1,20
1,2005,56,3,2,2
2,2020,24,1,1,20
2,2009,26,2,1,20
2,2009,35,2,1,20
2,2022,25,1,1,20
0,1977,101,2,3,14
0,1957,116,3,3,14
0,1967,122,3,4,14
2,2015,41,1,1,21
1,2000,77,2,2,12
1,1977,135,3,3,12
7,1965,170,4,4,12
0,1977,100,2,2,14
3,1951,132,2,2,14
3,1965,143,2,2,14
3,1957,123,3,3,14
3,1961,107,2,2,14
3,1962,96,2,2,14
0,1976,97,3,2,14
0,1942,128,2,3,14
0,1957,118,3,3,14
0,1952,121,1,2,14
5,2002,77,2,2,22
2,2020,25,1,1,20
2,2020,27,1,1,20
2,2020,27,1,1,20
2,2020,27,1,1,20
2,2020,29,1,1,20
6,2010,48,1,1,3
1,1990,61,3,2,2
7,1985,80,3,2,12
0,2003,55,2,1,12
6,1967,96,3,2,14
0,1977,96,3,3,14
2,2015,37,1,1,21
0,1989,106,2,2,5
3,1959,172,3,4,5
1,1976,143,3,3,5
6,1972,82,1,2,14
6,1981,115,3,3,5
6,1966,162,4,5,5
0,1987,79,2,3,14
3,1958,110,2,2,14
7,1942,181,3,1,14
3,1952,108,2,2,14
7,1967,100,3,3,14
7,1962,109,2,2,14
3,1947,220,5,5,19
3,1962,100,2,3,14
7,1968,116,2,2,14
7,1952,108,2,2,14
0,1967,83,1,2,14
0,1992,67,2,2,14
0,1962,106,2,3,14
3,1940,145,2,2,18
5,2002,51,2,2,22
3,1947,96,2,3,18
3,2005,60,2,2,18
7,1940,125,3,2,18
5,2002,82,2,2,22
0,1986,104,2,2,18
6,1982,114,3,3,22
6,1957,99,2,2,18
0,1917,191,4,3,14
0,1957,105,2,2,14
6,1985,51,2,2,18
0,1982,96,2,2,14
0,1977,87,3,2,14
4,1957,132,2,3,18
3,2020,26,2,1,3
2,2020,30,1,1,20
5,1965,187,4,5,14
0,1997,63,2,2,6
7,1995,89,2,3,6
0,1994,82,3,3,6
0,1967,106,2,3,14
2,2015,45,1,1,21
0,2005,60,2,2,22
0,2003,83,2,2,22
0,2003,81,2,2,22
0,2008,64,2,2,22
0,2008,50,2,2,22
0,2008,64,2,2,22
0,1993,108,2,2,22
2,2015,46,1,1,21
0,1977,70,2,2,14
3,1975,80,2,2,14
3,1962,107,3,2,14
7,1940,132,3,3,19
3,1957,147,2,3,14
5,1951,99,2,2,14
0,1995,108,2,2,21
3,1950,132,3,3,14
6,1937,147,4,3,14
1,1990,111,3,2,2
6,1972,74,2,1,14
4,1965,178,4,5,22
0,1922,194,4,5,14
0,1977,97,3,4,14
3,1940,160,3,4,19
3,1940,147,3,4,19
2,2020,30,1,1,20
2,2020,28,1,1,20
0,1983,100,2,3,6
2,2020,28,1,1,20
3,1961,139,3,3,6
3,1962,135,3,3,6
2,2020,30,1,1,20
4,1984,112,3,3,6
1,1970,151,4,3,2
0,2007,98,2,2,11
6,1963,156,3,4,22
7,1968,132,3,3,21
5,1965,103,2,2,14
5,1968,90,2,2,14
7,1950,187,3,4,19
7,1970,127,3,3,19
1,1969,154,3,3,19
1,1959,178,4,3,19
5,1977,66,2,2,14
3,1951,141,2,2,14
3,1952,87,2,1,14
3,1903,148,2,2,14
7,1960,138,3,4,19
3,1982,85,2,2,14
5,1982,120,3,3,4
3,1940,158,3,3,19
7,1907,131,3,2,14
7,1928,112,2,2,14
0,1907,215,4,6,14
2,2010,106,2,2,22
0,1967,95,3,1,14
1,1907,171,3,3,2
0,1992,96,3,3,14
3,1940,136,2,3,19
3,1940,161,3,4,19
3,1940,142,3,4,19
3,1947,113,3,3,19
0,1947,133,3,3,14
3,1947,107,3,3,19
6,1957,104,3,2,14
5,1972,140,3,4,22
0,1967,97,3,3,14
0,1957,112,3,3,14
2,2020,50,2,2,6
2,2020,29,1,1,20
2,2020,27,1,1,20
0,1992,48,1,1,14
0,1987,58,1,1,14
3,1957,98,2,2,19
1,1977,93,1,2,14
1,1982,86,2,2,14
1,1982,95,2,2,14
5,1937,219,3,4,19
7,1940,146,3,3,19
3,1937,99,2,3,14
7,1960,178,3,3,19
7,1940,131,3,3,19
3,1937,101,3,2,14
7,1960,160,3,3,19
7,1940,139,2,3,19
3,1940,103,3,3,14
3,1926,116,3,2,14
7,1915,121,3,3,14
7,1978,103,2,1,14
3,1957,127,3,3,14
1,1994,89,2,2,12
1,1947,107,3,2,2
6,1973,129,3,4,14
0,1946,140,3,2,2
0,1997,52,1,1,14
6,1977,129,2,4,14
0,2001,73,2,2,3
1,1979,130,3,3,3
6,1977,113,2,2,14
0,2005,58,1,1,22
3,1974,120,2,3,3
0,1941,135,3,3,14
1,1947,122,3,3,14
1,1994,74,3,2,2
1,1972,84,2,2,14
3,1940,134,3,2,19
7,1952,103,2,2,14
3,1982,91,2,2,14
3,1983,84,2,2,14
3,1994,67,1,1,14
0,1989,96,3,2,19
3,1988,62,1,2,14
3,1982,69,1,2,14
3,1999,78,2,1,14
3,1998,64,2,1,14
3,1998,81,2,2,14
0,1999,71,2,2,19
7,1980,127,2,3,14
5,1945,187,3,3,14
5,1925,190,3,3,14
5,2015,63,1,1,14
5,1982,72,2,2,21
0,1970,148,4,4,10
0,1990,77,3,2,10
0,2004,92,2,2,10
0,1997,53,1,1,22
1,2010,74,2,2,2
1,2001,92,3,2,2
0,1995,96,2,2,14
0,1982,72,2,2,15
3,2006,67,2,2,21
0,1982,98,2,3,17
5,1983,112,2,2,17
2,2014,45,2,2,3
6,1977,113,2,3,14
2,2020,27,1,1,2
6,1987,79,2,2,14
6,1967,143,3,3,14
6,1987,98,2,3,14
6,1960,114,3,3,2
2,2007,67,2,2,2
1,1967,100,3,3,14
0,1947,106,3,2,19
1,1932,160,3,3,14
1,1967,120,3,3,2
1,1927,175,3,4,14
1,1932,157,3,3,14
1,1922,178,3,4,14
1,2011,34,2,1,2
1,1990,106,3,2,2
5,1979,128,3,2,17
6,1940,138,4,4,19
5,1955,168,2,2,17
2,2020,42,2,2,2
3,1940,190,3,4,14
1,1968,162,2,3,21
1,1988,96,2,2,21
1,1987,107,3,3,21
7,1951,160,2,2,14
0,1982,132,2,2,10
2,2017,51,1,2,22
0,1982,142,3,2,10
0,1995,93,3,4,11
0,1982,114,2,3,10
7,2014,59,1,2,14
7,2014,54,1,2,14
7,1960,109,3,2,2
1,1996,75,2,2,23
2,2020,43,2,2,2
2,2020,40,2,2,2
2,2020,34,1,1,2
0,1974,153,3,3,21
2,2012,45,2,2,2
2,2020,37,1,1,2
7,1966,110,5,2,2
5,1982,103,2,2,14
5,1982,95,2,2,14
3,1980,190,3,4,14
3,1990,122,2,3,14
1,1937,180,3,2,14
1,1947,175,3,3,14
1,1967,137,3,2,14
2,2019,45,1,1,10
1,1967,124,3,2,14
1,1963,93,2,2,14
6,1966,93,2,2,14
6,1978,65,2,2,14
0,2005,66,2,2,21
1,1985,128,3,3,21
6,1957,119,4,3,2
3,1941,189,3,4,14
1,2007,41,2,1,21
0,1945,186,2,5,14
0,1957,158,4,5,2
5,1991,94,3,3,14
2,2017,53,1,1,22
2,2017,55,1,1,22
2,2017,56,1,1,22
2,2019,45,1,1,10
1,1985,125,2,3,14
1,1980,128,2,3,14
1,1980,135,3,2,14
6,1927,231,3,2,2
7,1985,110,4,4,14
3,1950,157,3,3,2
0,2001,58,2,1,14
3,1982,78,2,2,15
3,1927,181,2,3,15
7,1975,119,2,3,14
7,1975,98,2,3,14
1,1983,101,2,2,14
0,1983,117,2,2,14
5,1970,107,2,2,14
0,1940,136,3,3,14
0,1986,50,2,2,2
0,1966,136,2,4,14
0,1966,175,2,5,14
1,2000,45,1,1,21
0,1966,188,3,5,14
1,2001,80,3,2,2
0,1966,145,3,4,14
0,1950,181,3,5,6
0,1927,200,5,5,2
5,1908,260,3,5,14
0,1960,176,3,4,22
0,1953,162,3,4,14
4,2022,38,1,1,19
0,1947,133,3,4,14
2,2020,43,2,2,2
6,1947,123,2,3,14
0,1967,95,3,3,14
0,2014,34,2,1,22
5,1950,158,3,3,14
7,1980,176,5,4,2
1,1996,92,2,2,23
3,1932,207,3,4,17
6,1966,80,2,1,14
0,1966,114,3,3,14
2,2019,38,1,1,10
0,1976,140,4,4,14
2,2022,24,1,1,3
1,1924,218,3,3,14
1,1909,257,3,4,14
6,1927,110,3,2,2
5,1985,141,3,2,14
3,1978,135,3,3,21
1,2000,123,3,3,2
4,2005,63,2,2,2
4,1950,184,5,4,16
2,2020,43,1,1,2
2,2020,38,1,1,2
2,2020,37,1,1,2
5,1990,95,3,2,17
2,2023,26,1,1,2
0,1997,65,2,1,17
2,2020,41,2,2,2
2,2020,36,2,1,2
2,2020,31,1,1,2
1,1997,80,3,2,2
2,2020,33,1,1,2
2,2023,26,1,1,2
3,1970,97,2,2,14
5,1969,123,2,2,23
1,1991,92,2,3,17
5,1943,187,3,3,14
5,1989,137,2,3,21
6,1984,120,3,3,2
0,1905,189,4,4,2
1,1967,129,3,3,2
4,2023,38,1,1,11
2,2017,66,2,2,22
2,2017,74,2,2,22
2,2017,51,2,2,22
2,2017,65,2,2,22
2,2023,23,1,1,22
2,2023,24,1,1,22
2,2023,29,1,1,22
1,1937,213,4,4,13
4,1981,117,3,4,22
2,2019,48,2,2,2
1,1997,70,3,2,2
5,1988,91,2,2,21
2,2020,46,2,2,2
1,1957,95,3,2,2
3,2015,41,1,1,18
2,2019,47,2,2,2
4,2024,27,1,1,19
3,1950,147,2,3,14
3,1995,65,1,1,14
2,2020,24,1,1,2
3,1990,88,2,2,14
3,1970,153,2,2,14
3,1995,58,2,2,14
2,2020,29,1,1,2
0,1997,41,2,2,13
2,2014,33,1,1,2
7,1995,63,2,1,14
1,1905,271,4,6,14
5,2010,25,2,1,21
0,1986,97,3,4,2
1,1991,102,3,2,2
5,1910,240,3,4,14
1,1990,111,3,2,2
1,1997,133,3,3,13
1,1924,125,3,2,14
2,2022,34,1,1,14
3,1993,87,2,2,22
2,2022,24,1,1,14
2,2022,26,1,1,14
3,1988,100,2,3,22
2,2019,40,2,2,2
1,1998,72,3,2,2
6,1975,114,3,3,17
0,1990,92,3,2,10
5,1970,131,3,3,17
0,1999,83,2,2,14
0,1960,137,4,3,10
0,1948,175,3,3,17
0,1965,99,2,2,14
0,1999,65,2,1,14
4,1979,147,3,3,10
0,1960,154,2,4,14
4,1969,172,3,3,10
2,2022,32,1,1,14
0,1975,106,3,3,17
2,2022,34,1,1,14
1,1971,96,2,2,14
0,1972,113,3,3,9
7,1992,149,3,2,11
7,2001,121,3,2,11
6,1953,155,4,4,16
1,2001,78,2,2,2
7,1996,126,3,2,11
2,2009,77,2,3,2
6,1970,118,2,3,14
5,2002,62,2,2,17
0,1940,161,3,3,14
5,1998,42,1,1,22
0,1965,146,2,3,14
0,1999,53,2,1,14
0,1947,112,2,3,19
0,1999,45,2,1,14
0,1995,51,2,2,14
0,1947,94,2,2,19
3,1997,87,2,2,10
0,1992,42,2,1,13
0,1947,125,2,3,19
2,2019,44,1,1,10
0,1995,103,3,2,2
6,1978,113,3,2,10
1,1980,56,2,2,10
1,1966,128,3,3,14
5,1969,86,2,2,10
5,1992,89,3,2,2
1,1951,144,3,3,14
5,1966,155,4,5,2
6,1980,94,2,2,10
1,1966,116,3,2,14
1,2000,97,2,2,13
5,1987,99,3,3,2
2,2005,72,2,2,22
1,1940,122,3,2,2
2,2012,78,2,2,2
7,1966,103,4,2,2
2,2019,27,1,1,2
2,1980,187,3,4,23
2,2019,42,2,2,2
2,1980,164,3,4,23
0,1955,164,3,3,14
6,1977,113,2,3,17
2,2020,28,1,1,2
2,2020,26,1,1,2
2,2020,31,2,2,2
6,1955,178,3,3,2
0,1980,40,2,2,14
0,2009,43,2,2,21
0,2009,51,2,1,21
3,1930,216,3,2,19
0,2009,45,2,1,21
0,2009,47,2,1,21
6,1937,139,3,2,2
0,2009,45,2,2,21
0,1996,42,2,2,21
2,2019,47,1,1,10
5,1918,182,3,3,13
0,1994,101,3,2,21
1,1956,135,3,3,14
0,1969,111,2,2,10
3,2005,84,2,2,12
0,1950,146,3,3,2
1,1951,170,3,3,14
0,1969,131,3,3,10
1,1998,76,2,2,2
1,2007,87,2,2,2
1,1956,142,3,3,14
1,1966,121,2,3,14
2,2015,67,2,2,2
1,1960,109,3,3,14
2,2022,33,1,1,2
1,1937,170,3,3,14
0,1975,43,2,2,14
0,1985,42,2,2,14
3,1946,134,3,2,2
7,1970,103,3,3,14
1,1910,258,4,3,19
1,1916,230,3,2,19
1,1912,246,3,3,19
0,1927,161,4,4,2
0,1927,151,4,3,2
6,1947,132,3,3,2
7,1997,82,2,2,6
7,1988,102,2,2,3
6,1940,130,3,4,18
1,1961,129,2,3,14
0,1969,114,2,3,10
1,1999,90,3,2,2
1,1966,132,2,2,14
1,2000,112,3,3,2
5,1984,52,2,2,2
4,1985,59,2,2,22
1,2002,66,3,2,2
5,1995,77,2,2,22
5,1985,154,2,3,22
2,2012,71,2,2,23
2,1980,137,2,3,23
1,1922,205,3,3,14
2,1980,180,3,4,23
6,1989,82,3,2,19
2,2012,157,2,2,2
1,1923,224,3,5,15
0,1978,105,2,3,2
1,1998,91,2,2,13
4,1986,156,4,4,2
6,1981,83,3,2,19
0,1935,198,3,3,19
2,2020,35,1,1,2
2,2020,28,1,1,2
0,1965,99,2,2,14
0,1984,121,2,3,21
0,1927,179,5,4,2
0,1984,108,2,3,21
0,1980,127,2,3,21
0,1987,107,3,2,14
0,1979,116,2,3,21
4,1986,163,4,3,2
1,1960,112,3,3,2
2,2009,108,2,2,17
1,1960,112,3,2,2
7,2003,92,3,2,11
1,1920,152,5,3,2
2,2012,139,2,2,2
2,1980,139,2,3,23
2,1980,161,3,4,23
2,1980,135,3,4,23
2,1985,149,3,4,23
2,1980,168,2,4,23
0,1955,191,3,3,14
5,1950,173,3,4,2
0,1997,74,2,2,14
0,1985,82,2,2,14
7,1970,99,2,2,14
3,1927,175,3,3,15
0,1998,62,2,2,14
7,1975,118,2,2,14
5,1995,118,3,3,2
1,1970,190,3,3,13
0,1955,176,3,3,14
7,1999,61,2,2,14
2,2022,23,1,1,11
6,1980,116,2,2,21
0,2002,52,2,2,14
0,1972,118,4,4,15
0,1927,147,3,4,2
0,1997,89,2,2,14
0,1930,167,3,4,2
1,1960,90,3,2,2
1,1917,200,3,3,14
5,1992,104,2,1,14
5,2010,70,2,2,14
7,1977,75,2,2,14
5,1982,119,3,3,22
5,1963,155,3,4,22
1,2002,82,3,2,2
1,1912,193,4,4,2
1,1990,153,3,3,2
1,2018,50,1,1,2
2,2012,132,2,2,2
1,1927,174,3,3,2
3,1960,142,3,3,19
1,1922,193,3,4,2
1,1995,147,3,3,2
1,1912,208,3,4,2
7,1920,299,3,4,14
2,1980,125,2,3,2
4,1916,275,5,6,2
7,1995,99,2,2,14
2,2017,35,1,1,17
2,2020,27,1,1,2
2,2020,26,1,1,2
7,1987,106,2,3,22
3,1957,124,4,3,15
7,1990,104,2,3,22
1,2000,120,3,3,13
4,2024,53,2,1,4
6,1984,98,2,2,21
1,1927,136,3,3,2
0,1932,155,3,4,2
6,1980,130,2,2,21
1,1961,164,3,4,17
1,1906,252,4,5,17
6,1984,97,2,2,21
6,1984,83,2,2,21
6,1984,100,2,3,21
7,1982,64,2,2,14
2,2005,125,2,4,22
2,2005,136,2,4,22
2,2010,36,1,1,22
0,2017,53,2,2,17
2,2005,129,2,3,22
0,1965,173,3,2,14
2,2005,123,2,3,22
2,2005,127,2,4,22
5,2004,62,2,1,22
2,2005,131,2,3,22
0,1965,161,3,2,14
2,2005,130,2,3,22
1,1996,80,2,2,22
5,1997,74,3,2,22
0,1990,118,2,2,10
1,1962,105,3,2,2
7,1950,108,3,3,2
1,1982,121,3,2,2
3,1970,80,2,2,2
1,1982,121,3,2,2
3,1995,114,3,3,23
3,1990,100,2,3,17
0,1995,51,2,2,21
0,1998,68,2,3,22
0,2000,71,2,3,22
3,1973,110,3,2,14
7,1990,91,3,3,22
6,1965,129,4,4,9
4,1976,161,3,4,23
6,1980,116,2,2,21
6,1980,108,2,2,21
0,1927,147,3,4,2
0,1913,203,5,4,2
2,2020,27,1,1,3
6,1977,133,2,3,21
0,1957,90,3,2,18
0,1947,119,3,3,2
2,2005,118,2,2,22
2,2005,125,2,3,22
0,1990,74,3,2,14
4,1984,169,4,4,20
2,2005,130,2,3,22
0,1982,121,3,4,21
7,2006,60,2,2,21
2,2017,59,1,1,22
2,2017,55,1,1,22
2,2017,65,1,2,22
0,1960,183,3,3,14
2,1998,121,3,3,23
2,1998,130,3,3,23
3,1950,223,3,4,22
6,1973,122,3,3,22
1,1965,90,2,2,22
1,1973,139,3,2,17
6,1970,106,3,3,17
0,1987,90,3,3,13
0,1997,42,2,2,21
5,1981,120,3,3,17
4,1986,108,4,3,14
0,2000,41,2,2,21
7,1984,135,2,3,14
1,1997,68,2,2,17
6,1987,77,2,2,21
2,2023,25,1,1,11
7,1940,158,3,3,19
0,2016,49,2,1,19
1,1961,180,3,3,19
0,1974,150,3,3,21
0,1931,177,3,3,14
0,1976,124,3,3,2
2,2015,40,1,1,22
6,1984,128,3,3,21
2,2017,55,1,1,22
0,1982,123,3,3,21
2,2017,70,1,1,22
2,2017,49,1,1,22
0,1993,50,1,1,14
6,1937,137,3,2,14
1,1955,197,4,5,14
0,2002,92,2,3,19
1,1940,148,3,3,2
2,2020,39,2,1,2
2,2022,26,1,1,2
0,1994,80,3,2,17
1,1999,64,2,2,17
3,1947,119,2,3,19
0,1990,70,2,3,23
0,1982,94,3,3,23
3,1988,95,2,3,14
3,1980,115,2,2,14
0,1945,149,3,3,2
0,1914,246,3,4,16
0,1982,121,3,2,10
2,2005,139,2,3,22
2,2005,120,2,3,22
2,2005,96,2,3,22
2,2005,65,2,2,22
2,2005,85,2,3,22
2,2005,89,2,3,22
2,2005,86,2,2,22
2,2020,36,2,2,2
2,2023,24,1,1,2
7,1985,143,3,2,14
2,2020,38,2,2,2
2,2020,37,2,2,2
2,2020,37,1,1,2
7,1920,253,3,4,14
2,2020,33,1,1,2
2,2020,44,2,2,2
7,1975,105,2,2,14
7,1965,114,2,2,14
2,2020,39,2,2,2
3,1980,91,3,2,2
0,2007,41,2,1,2
4,1937,208,3,6,12
2,2020,27,1,1,2
5,2018,47,1,1,17
0,1995,88,3,2,17
2,2020,33,1,1,2
2,2020,27,1,1,2
2,2020,29,1,1,2
2,2020,27,1,1,2
2,2020,27,1,1,2
2,2020,26,1,1,2
5,1966,161,2,2,17
0,1957,96,2,2,19
2,2014,87,1,1,14
0,1977,118,2,4,14
0,1975,137,3,3,10
6,1999,58,2,2,13
1,1911,152,2,2,18
4,1970,194,4,3,10
4,2007,62,2,1,10
7,1987,64,2,2,15
4,1974,142,3,5,20
4,1985,103,2,2,10
4,1995,41,2,1,10
3,1947,98,2,1,19
4,1974,132,3,2,10
0,1968,120,2,4,14
3,1973,100,2,2,14
4,1985,38,2,1,10
0,1992,54,2,2,21
1,1985,108,2,3,22
1,1976,131,2,3,22
4,1974,77,2,2,10
6,1961,160,3,4,2
1,1987,101,3,3,18
0,1983,92,2,3,21
7,1948,176,3,5,16
0,1979,110,2,3,21
6,1948,176,3,4,14
1,1922,233,3,6,14
1,1985,125,3,2,2
0,1973,148,2,4,14
4,1974,122,2,3,10
4,1974,115,2,2,10
4,1960,180,3,4,10
3,1977,126,3,3,2
4,1974,148,3,3,10
4,1974,105,3,3,10
3,1959,172,3,3,2
4,1974,111,3,3,10
4,1974,123,3,3,10
0,1998,72,2,2,10
4,1960,185,3,4,10
4,1960,144,3,3,10
1,1980,120,2,3,22
3,2001,49,1,1,23
1,1936,256,3,4,17
4,2014,50,2,2,10
3,2005,77,2,2,20
4,1975,98,3,2,10
0,2005,66,2,2,20
4,2014,35,2,1,10
4,1975,97,3,2,10
1,1983,109,2,2,14
1,1988,103,2,2,14
4,1974,114,3,2,10
6,1979,170,3,3,21
0,1997,75,4,3,18
4,1974,122,3,3,10
4,1974,135,3,4,10
4,1974,123,3,4,10
6,1985,103,3,3,14
6,1980,105,2,2,14
3,1960,144,4,2,14
4,1974,96,2,2,10
4,1974,102,3,3,10
3,1974,92,2,3,10
3,1981,120,3,3,2
7,1983,124,4,3,2
6,1985,83,2,3,14
7,1944,176,3,4,16
7,1965,129,3,3,16
3,1986,83,1,1,14
6,1968,122,3,3,14
0,1975,129,3,2,14
3,1940,122,3,3,18
4,1974,93,3,3,10
1,1940,193,3,3,18
4,1974,105,3,3,10
4,1974,123,2,3,10
5,1974,143,2,4,14
4,1960,148,3,4,10
3,1974,93,2,2,10
4,1974,152,3,3,10
5,1969,160,2,4,14
5,1979,137,3,4,14
4,1974,105,3,2,10
0,2010,48,1,1,22
4,2006,50,2,2,10
4,1975,84,2,2,10
4,1975,94,2,2,10
4,1975,110,3,2,10
4,1974,104,2,2,10
4,1974,142,2,2,10
4,1974,106,3,3,10
4,1974,95,3,3,10
4,1974,109,2,3,10
4,1974,139,3,3,10
1,1990,95,2,3,22
4,1974,150,3,3,10
4,1974,107,3,2,10
1,1984,110,2,3,22
0,2013,39,1,2,9
4,1974,122,3,3,10
4,1974,145,3,4,10
3,1965,129,3,4,14
1,1988,100,2,3,22
3,1956,152,3,3,14
3,1960,141,4,2,14
3,1979,95,3,2,14
0,1992,94,2,3,9
4,1974,70,2,1,10
4,1974,111,2,3,10
4,1974,105,2,3,10
4,1908,280,4,4,16
6,1968,121,2,2,16
4,1960,173,3,3,10
1,1971,151,3,3,14
4,1949,186,3,6,14
4,1960,171,3,3,10
4,1974,121,3,3,10
4,1959,166,4,4,14
4,1949,205,4,4,14
4,1960,155,3,3,10
4,1974,106,3,2,10
4,1949,190,4,4,14
3,1967,189,3,6,14
0,1940,183,4,5,18
3,1966,174,3,4,14
4,1985,105,2,2,10
0,2000,65,2,2,21
6,2019,37,2,2,2
0,1999,68,2,2,21
4,2015,36,1,2,10
6,1976,115,3,3,4
0,1991,100,2,3,5
4,2015,41,1,2,10
0,1970,78,4,2,20
0,1980,139,2,3,21
4,1975,159,3,3,10
7,1981,135,2,4,14
5,2001,75,2,2,22
5,1973,124,3,3,16
5,1966,154,3,3,16
5,2001,63,2,2,22
7,1967,136,3,3,16
5,1980,122,3,3,10
6,1976,92,2,4,16
6,1980,101,2,3,22
1,1949,165,2,4,14
0,1957,120,3,3,2
5,1946,185,4,3,19
1,1908,267,4,5,13
5,1995,69,2,1,18
1,1991,108,2,3,14
1,1995,88,2,3,14
7,1979,138,3,4,14
0,1968,155,2,6,14
5,2009,35,1,1,14
6,2004,45,2,1,10
0,1975,94,2,2,10
4,1920,229,4,5,11
5,2001,88,2,2,22
0,1962,129,3,3,2
7,2005,50,2,2,14
1,1942,183,2,5,14
6,1952,158,2,5,14
3,1946,172,2,4,14
1,1959,144,3,3,16
6,1950,193,2,2,22
0,1980,96,3,2,10
0,1980,111,3,2,10
2,2022,20,1,1,16
5,2024,27,1,2,17
0,1985,55,2,2,10
0,1991,109,2,3,23
6,1958,148,3,3,14
1,1950,167,4,4,13
7,1952,120,2,2,14
3,1947,131,2,2,14
5,1961,150,3,3,14
3,1942,162,2,2,14
0,1973,115,3,3,14
2,2018,20,1,1,21
0,1949,165,2,5,14
1,1983,126,3,3,23
2,2019,18,1,1,21
7,1940,159,3,3,19
4,1986,108,3,3,21
1,1978,124,3,2,2
3,1940,178,3,4,19
1,1999,117,2,2,22
0,1997,83,2,2,7
1,1966,128,2,4,14
6,1948,172,3,4,16
0,1947,103,3,3,2
0,1923,169,3,3,16
4,1989,104,2,3,21
4,1933,230,4,5,16
4,1933,261,4,5,16
6,1989,101,3,3,3
0,1981,64,2,2,16
3,1951,166,2,4,14
0,2005,56,2,1,16
6,2002,42,2,1,10
0,1975,112,2,3,21
4,1969,145,2,4,13
7,1930,190,3,4,19
7,1940,155,3,4,19
1,2004,76,2,2,12
7,1940,157,3,3,19
1,1973,143,2,4,12
3,1940,142,3,4,19
1,2006,59,2,2,12
4,1920,281,3,4,19
2,2024,20,1,1,4
4,2022,26,1,1,19
2,2024,21,1,1,4
0,1942,187,3,5,14
0,1927,97,3,3,2
3,1951,136,3,2,16
3,1951,144,3,2,16
3,1940,114,2,3,16
3,1933,153,3,3,16
3,1953,80,2,3,16
3,1933,181,3,3,16
3,1971,70,2,2,16
5,1985,128,3,4,21
3,1910,147,2,4,16
3,1958,93,3,4,16
3,1944,126,3,2,16
3,1948,113,3,2,16
0,1980,151,3,4,21
0,1910,150,2,3,16
0,1975,64,2,2,16
0,1963,72,2,2,16
0,1963,81,2,2,16
1,1949,223,3,5,14
5,1970,125,3,3,18
0,1960,121,2,3,21
0,1975,121,3,3,21
4,1975,77,2,2,10
1,1982,91,2,2,14
1,1997,84,2,2,12
1,1967,148,3,3,2
5,1987,104,2,2,16
5,1923,213,3,4,14
0,1982,77,3,3,14
3,1990,142,2,2,12
6,1999,109,2,3,19
5,1969,141,2,2,16
5,1987,99,2,2,16
4,2024,53,2,1,4
6,1977,92,3,3,15
3,1972,140,3,4,12
0,1995,72,2,2,2
3,1909,251,5,6,14
0,1927,148,4,3,2
0,2002,86,2,2,16
0,1975,103,2,2,16
0,1975,100,2,3,16
0,2008,65,1,1,10
6,1980,127,3,4,14
0,1993,112,2,2,14
6,1957,93,3,2,19
4,1999,96,2,3,14
7,1991,92,2,4,14
7,1971,216,4,5,14
5,1960,151,3,5,10
0,1965,122,2,2,21
7,1928,215,4,4,14
7,1938,191,4,5,14
0,1988,106,2,3,22
0,2007,52,2,2,22
0,2004,73,2,3,16
7,1980,108,2,2,22
1,1998,72,2,3,13
5,2006,76,2,2,13
5,2001,75,2,2,22
7,1977,164,3,4,13
5,2001,52,2,1,22
1,1970,131,3,3,21
1,1919,234,4,6,14
2,2019,35,1,1,10
4,1957,164,3,4,13
0,1927,148,4,4,2
0,1996,70,3,2,14
6,1986,117,4,2,2
0,2025,39,1,1,14
0,1997,80,2,2,13
0,1927,205,5,6,2
0,2005,82,2,3,16
0,2005,72,2,3,16
1,1928,149,3,3,16
1,2007,74,2,2,16
0,1957,76,2,2,19
7,1926,219,4,6,14
7,1959,146,3,4,14
7,1931,209,4,7,14
6,1965,165,3,4,17
0,1998,70,3,3,17
5,2003,50,2,2,10
7,1956,214,3,5,23
4,1975,174,3,4,10
0,2004,48,1,2,14
1,1930,208,3,4,14
1,1906,261,2,6,14
4,2024,54,2,1,4
5,1955,165,4,3,19
0,2002,60,2,1,13
0,2025,55,2,1,14
1,1954,153,2,4,14
0,1997,73,2,2,13
2,1995,132,2,3,12
0,1986,130,4,3,2
0,1980,105,3,2,10
5,1957,38,1,1,14
6,1957,93,3,2,19
4,1919,237,5,6,16
3,2005,66,2,2,18
5,1970,135,3,4,10
0,1992,62,2,2,15
0,1986,67,2,2,21
3,1967,101,3,2,18
5,1975,108,2,4,10
0,1992,54,2,2,15
5,1975,135,4,4,10
5,1975,120,2,4,10
5,1975,120,3,4,10
0,1998,56,2,2,15
5,1975,114,3,4,10
4,2024,56,2,1,4
4,2024,54,2,1,4
5,1916,292,5,5,20
1,2002,70,2,2,12
1,1922,234,4,5,13
1,2002,61,2,2,12
1,1977,113,2,2,14
5,1970,135,4,4,14
3,1920,247,3,6,14
0,1927,94,3,2,2
0,1953,161,3,4,14
6,1927,117,3,3,2
2,2018,23,1,1,14
7,1940,187,3,5,16
1,1971,121,3,4,13
4,2010,75,2,2,2
3,1967,84,2,2,18
3,1970,118,3,4,14
3,1939,189,5,4,14
3,1949,120,4,3,14
5,1960,172,3,4,10
5,1975,114,3,4,10
5,1970,122,3,4,10
3,2006,52,2,2,18
5,1975,89,2,3,10
0,1952,119,3,3,15
5,1975,119,3,4,10
3,1929,208,2,3,14
0,1985,66,2,2,10
5,1929,217,3,7,14
4,2008,106,1,1,10
0,1942,179,2,5,14
1,1989,141,5,2,22
5,1960,211,2,2,18
3,2013,45,2,1,22
0,1980,107,2,2,18
6,1993,72,2,2,14
0,1983,93,2,2,14
2,2010,46,1,1,12
0,2015,51,2,2,14
0,1958,144,2,4,14
0,1965,128,1,5,14
0,1989,75,3,2,2
5,2008,55,2,1,16
6,1936,193,3,4,14
6,1967,87,3,2,2
0,1987,83,3,3,21
0,1975,115,2,2,10
0,1957,149,3,3,14
0,1997,70,2,2,14
1,1927,185,4,3,15
0,1996,73,2,3,14
4,2024,54,2,1,4
3,1988,80,2,2,14
5,1975,99,2,4,10
3,1967,61,2,2,18
5,2010,57,2,1,10
5,1982,115,2,2,10
1,1954,152,3,4,14
0,1922,223,3,6,14
3,1971,116,2,3,14
5,1985,236,3,3,23
0,1985,125,3,3,23
5,1985,93,2,2,23
3,1925,218,3,3,14
5,1946,173,3,5,14
0,1941,188,3,6,14
0,1918,226,3,7,14
3,1938,190,3,4,14
0,2007,70,2,2,13
0,1989,79,3,3,2
1,1938,195,2,5,14
2,2015,39,1,1,12
0,1989,74,2,2,14
0,1978,98,2,4,14
0,1954,156,3,4,16
2,1995,126,2,2,12
0,1980,123,3,2,10
3,1940,150,3,4,19
7,1950,164,3,3,19
0,1975,137,3,2,10
1,1920,240,4,4,14
6,1990,83,2,1,10
0,1983,105,3,4,14
0,1960,119,2,2,14
0,1945,187,5,5,14
0,1980,102,3,2,10
5,1940,260,4,6,10
5,1981,106,3,3,22
3,1940,137,2,2,18
1,1981,104,3,3,2
5,1975,125,3,3,22
5,1974,155,2,4,22
1,1960,186,3,4,21
4,1974,97,2,3,10
3,1966,130,2,4,14
3,1990,102,2,2,21
4,1974,89,2,2,10
3,1948,167,3,3,14
6,1997,73,2,2,21
2,2024,21,1,1,16
4,2023,21,1,1,16
6,1965,102,5,3,2
2,1995,128,2,2,12
1,1968,152,3,3,21
0,1961,137,2,2,14
0,1999,53,2,2,14
2,1995,116,2,2,12
0,1964,130,2,3,14
0,1956,167,4,4,14
5,1987,107,2,2,16
0,1955,128,2,2,14
5,2016,40,1,1,14
5,1987,94,2,2,16
3,1947,97,2,2,18
4,2023,24,1,1,16
0,1957,84,2,2,19
5,1989,161,4,4,14
6,1989,69,2,2,2
5,1975,119,3,4,10
5,1983,93,3,2,14
3,1940,123,3,2,18
5,1973,121,4,3,14
5,1975,115,3,3,10
6,1993,68,2,2,2
7,1983,116,2,2,14
5,1975,141,3,4,10
1,2013,35,1,1,2
4,1974,156,3,3,10
0,1974,134,4,4,2
4,1985,75,2,2,10
2,1995,118,2,3,12
1,1952,158,2,4,14
2,1995,123,2,3,12
2,2015,44,1,1,12
1,1943,180,3,4,14
2,2015,51,1,1,12
0,1990,96,2,2,10
0,2012,30,1,1,15
2,2023,29,1,1,5
6,1998,56,2,1,23
4,1974,69,2,2,10
4,2010,72,2,2,11
7,1986,100,2,2,14
1,1985,105,2,2,14
3,1940,115,3,3,19
5,1982,76,2,2,10
0,1984,105,2,3,14
3,1986,97,2,3,14
3,1940,109,3,2,19
7,1985,107,2,3,21
4,1985,56,2,2,10
7,1987,83,1,2,9
5,2013,69,2,2,14
1,1999,82,2,2,12
1,1957,144,3,5,14
3,1960,209,4,4,21
3,1943,211,3,3,2
7,1957,175,3,4,21
2,2020,39,1,1,20
2,2020,48,1,1,20
5,1916,284,5,8,3
2,2020,39,1,1,20
0,1980,123,3,4,2
2,2022,22,1,1,20
5,1972,140,3,4,2
2,2020,46,1,1,20
2,2022,20,1,1,20
2,2010,78,1,2,22
4,1988,109,2,3,23
6,2000,78,2,2,21
5,1984,92,2,2,19
6,1966,158,3,3,2
2,2020,24,1,1,3
5,1999,82,2,2,21
0,1933,202,4,6,14
3,1998,83,2,2,23
4,1947,202,4,5,4
3,1998,106,2,2,23
2,1972,107,2,2,12
7,1967,110,3,3,13
0,1996,78,2,2,16
0,1957,131,3,3,15
0,1972,132,3,4,15
1,1978,136,2,4,23
3,1908,133,3,2,17
4,1918,285,4,5,15
2,1982,169,2,3,15
1,1975,146,2,4,23
3,1901,145,3,3,17
3,1918,115,3,2,17
7,1942,176,4,3,17
2,2020,37,1,1,21
3,1975,117,3,4,15
1,1992,92,2,2,2
0,2002,68,3,2,2
0,1980,109,2,4,22
3,1986,97,2,3,15
6,1990,86,2,3,22
1,1956,146,4,5,15
6,1998,67,2,2,22
1,1936,185,4,4,15
5,1947,205,4,5,14
2,2020,25,1,1,3
3,1936,95,2,2,17
5,2000,106,2,2,21
3,1936,94,2,2,17
5,1999,125,2,2,21
3,1925,115,2,2,17
4,1948,206,4,4,15
3,1927,103,3,2,17
3,1987,110,2,3,23
0,1972,132,3,3,15
5,1993,93,3,2,15
0,1957,78,2,2,19
1,2003,72,2,2,13
1,1989,106,2,3,6
3,1931,157,4,3,15
3,1986,73,2,2,15
0,1947,113,3,3,19
7,1946,152,3,3,20
3,1941,136,1,2,15
3,1946,140,3,3,15
7,1946,140,3,3,20
5,1986,122,2,2,16
0,1985,89,2,2,16
3,1903,141,3,3,17
1,1977,86,2,2,14
5,2002,95,2,3,22
7,1940,106,3,2,17
5,2002,46,2,1,18
0,2002,47,3,1,18
2,2023,22,1,1,1
3,1987,89,3,4,18
3,1993,65,3,2,18
0,1993,74,3,3,15
0,1987,89,3,3,22
0,1990,81,2,3,22
6,1937,199,5,4,15
7,1995,104,2,2,22
6,1993,67,2,2,15
5,1957,160,5,4,2
0,1975,124,3,4,15
5,1967,115,3,4,15
5,1977,77,3,4,15
5,1962,125,4,4,15
6,1972,122,3,4,15
0,1983,108,3,3,5
4,1965,132,3,3,10
3,1939,197,3,6,14
7,2005,60,2,2,5
2,2010,67,2,2,21
2,2022,45,1,1,14
4,1975,158,4,3,10
0,1964,162,4,5,5
3,1938,197,3,4,14
4,1975,163,3,3,10
6,1943,186,3,4,14
4,1975,130,3,3,10
3,1931,166,3,3,15
6,1957,79,3,3,19
0,1996,65,2,2,16
3,1916,195,4,3,15
3,1998,99,2,2,23
7,1946,158,3,3,20
2,2020,38,1,1,20
3,1946,127,2,2,15
0,1977,70,2,2,19
7,1946,146,3,4,20
3,1936,155,2,3,15
3,1941,141,3,2,15
7,1946,148,3,3,20
7,1946,177,3,4,20
3,1936,155,3,3,15
6,1967,93,1,2,15
7,1978,100,2,2,20
3,1961,160,4,3,15
6,1977,62,1,1,15
3,1998,80,2,2,23
3,1972,206,3,3,20
2,1977,141,2,2,15
3,1986,102,2,3,15
4,2021,25,1,1,9
3,2002,70,3,2,15
0,1992,93,2,2,15
4,1989,120,2,3,22
4,1963,207,3,5,22
3,1982,85,2,3,15
0,1991,123,2,2,23
2,2020,27,1,1,20
3,1996,107,2,2,23
2,2024,20,1,1,20
3,2010,54,1,1,20
2,2020,30,1,1,20
2,2020,41,1,1,20
0,1991,105,3,3,3
3,1972,137,2,3,2
4,1965,170,3,3,10
4,1975,100,2,3,10
1,2017,29,2,1,2
7,2001,42,1,1,14
1,1940,124,3,3,2
6,1973,118,3,6,14
1,1993,48,2,2,2
1,1993,60,2,2,2
3,1985,119,3,3,21
1,1930,145,3,3,2
5,1979,99,2,3,16
0,1991,61,2,2,16
5,1982,152,3,4,22
0,1955,153,3,3,20
0,1956,114,3,2,20
6,1960,150,3,3,20
3,2006,56,1,1,23
0,1995,95,2,2,23
2,1998,87,2,2,23
3,1997,94,2,2,22
7,1997,108,2,3,22
2,2004,112,2,2,8
2,2015,42,1,1,23
2,2004,95,2,2,8
5,1968,265,3,5,22
5,1984,129,2,1,17
3,2005,79,1,1,23
7,1982,127,3,3,20
1,2009,34,2,2,2
1,1990,73,3,2,2
1,1990,86,3,2,2
1,1994,85,3,2,2
1,2006,34,2,2,2
1,2018,24,1,1,2
7,2012,79,2,2,20
1,1920,167,3,3,2
6,1986,96,2,2,21
1,1930,106,3,2,2
1,1950,124,3,3,2
2,2020,47,1,1,20
6,1945,155,4,3,14
3,1990,109,2,2,10
4,1970,126,3,3,10
4,1999,64,2,2,1
4,1942,209,4,5,9
3,1909,255,5,4,15
2,2019,48,1,1,23
4,1985,95,3,2,10
3,1998,83,2,2,23
7,1957,171,3,3,15
5,1971,127,3,4,17
4,1970,150,3,4,22
4,1970,142,4,4,22
4,1970,140,3,4,22
4,1970,122,3,4,22
4,1970,258,5,6,22
4,1986,149,3,4,22
4,1970,186,4,5,22
0,1947,136,3,3,15
4,1970,220,5,6,22
1,2023,22,1,1,2
1,1991,105,3,2,2
1,1930,248,4,6,20
1,1995,96,3,2,2
3,2001,69,2,2,14
4,1989,78,2,2,1
1,1997,82,2,2,20
1,1950,198,3,4,20
1,1955,135,3,2,2
6,1945,211,5,6,5
1,1940,145,3,3,2
0,1992,85,2,2,21
0,1995,85,3,2,21
4,1973,156,4,5,5
1,1960,110,3,2,2
3,1998,100,2,2,23
0,1985,85,2,3,21
3,1951,164,4,4,6
0,1961,147,3,3,15
1,1979,125,3,2,19
3,1970,139,3,3,10
5,1956,181,3,3,22
7,1955,159,3,4,6
6,1994,83,3,2,19
4,1915,275,4,7,5
7,1978,161,3,2,10
2,2012,68,1,1,23
4,1993,106,3,3,15
2,2014,58,1,1,23
6,1991,102,2,2,15
2,2012,66,1,1,23
7,1982,151,3,4,22
3,2002,76,2,2,23
3,1998,88,2,2,23
3,2018,30,1,1,15
7,1978,71,3,2,10
6,1932,162,2,4,15
3,2002,67,2,2,23
3,1998,92,2,2,23
6,2024,22,1,1,3
5,1967,99,3,3,15
1,1945,128,3,3,2
0,1978,120,3,2,10
1,1960,95,3,2,2
1,1955,125,3,3,2
1,2002,48,2,2,2
1,2017,31,2,1,2
4,2009,48,2,1,1
2,2015,61,2,2,20
1,1993,106,3,3,2
1,2025,18,1,1,2
1,1960,97,3,2,2
1,1920,153,4,3,2
1,1955,96,3,2,2
1,1965,78,3,2,2
0,1951,133,4,3,15
0,1991,57,2,1,15
3,1970,173,3,3,10
0,2000,63,2,2,21
0,1981,94,3,2,15
4,2009,46,2,1,1
3,2005,67,1,1,17
2,2020,41,1,1,20
4,1980,196,4,5,10
2,2009,90,1,1,23
4,1980,188,4,4,10
4,1980,260,4,6,10
6,1932,160,3,3,15
0,2016,29,2,2,22
3,2002,79,2,2,23
5,1992,122,2,2,23
4,1980,184,3,6,10
2,2023,30,1,1,20
1,2011,54,2,2,2
1,2000,45,2,2,2
1,1986,95,3,3,2
1,2017,45,2,2,2
1,2021,28,1,1,2
1,1940,134,3,2,2
1,1970,95,3,3,2
4,1999,58,2,2,1
1,1965,92,3,2,2
1,2014,39,2,2,2
1,2025,20,1,1,2
3,1998,82,2,2,15
1,1985,52,3,2,2
1,1990,45,2,2,2
1,1960,109,3,3,2
3,1982,81,3,3,15
3,1972,100,3,3,15
3,1942,142,3,3,15
1,1980,78,3,2,2
2,2020,33,1,1,21
5,1948,231,3,5,22
3,1998,81,2,2,23
2,2020,27,1,1,21
4,2009,47,2,2,1
2,2022,20,1,1,20
0,1981,113,3,3,2
0,1977,89,2,3,15
2,2022,20,1,1,20
0,1972,94,3,2,15
2,2008,84,1,1,23
4,1980,207,4,6,10
4,1980,203,4,7,10
4,1980,210,4,5,10
5,1991,134,2,3,21
0,1994,84,2,2,2
5,1995,109,2,3,21
3,1979,150,3,3,22
1,1953,229,4,3,15
2,2016,59,1,1,23
2,2015,44,1,2,21
5,2005,52,2,1,23
5,2005,82,2,2,23
5,2018,30,2,1,3
5,1999,72,2,1,23
5,1975,131,4,2,17
0,2005,69,2,2,21
0,2005,82,2,3,21
4,1989,81,2,3,10
1,1935,159,3,3,2
3,1957,122,3,2,15
3,1957,131,4,4,15
1,2000,67,3,2,2
1,1997,98,3,2,2
1,1993,79,3,2,2
1,1997,79,3,2,2
1,1965,207,3,4,21
3,1957,105,2,2,15
1,2023,19,1,1,23
4,2009,52,2,2,1
1,2014,31,2,1,2
1,1965,94,3,2,2
1,1950,102,3,2,2
1,1991,70,3,2,2
1,1997,78,3,2,2
2,2013,55,2,2,21
2,2022,20,1,1,20
2,1990,95,3,3,2
7,1974,146,3,3,2
2,1983,118,3,3,2
7,1971,90,2,2,15
2,1971,151,2,4,2
1,1990,100,2,2,19
6,1966,159,3,4,3
0,1975,102,3,3,2
0,1975,140,3,4,3
0,2000,72,3,2,2
2,2008,75,1,1,23
4,1974,133,3,5,2
5,2002,156,2,2,21
3,1951,222,4,4,15
2,2008,75,1,1,23
4,1911,253,3,5,15
2,1991,198,2,2,21
1,1962,127,2,2,15
2,2015,38,1,1,13
2,2016,37,2,1,3
2,2020,38,1,1,21
5,1989,115,2,4,22
2,2016,39,2,1,3
2,2015,61,2,2,21
1,1930,145,3,2,2
0,1982,67,3,2,15
0,1952,129,3,4,15
1,1930,155,3,3,2
0,1957,125,3,3,15
0,1942,141,3,4,15
0,1982,93,3,3,15
1,2023,20,1,1,2
3,1982,88,2,2,15
3,1977,114,2,2,15
4,1989,84,3,2,1
3,1977,125,2,3,15
3,1972,106,3,3,15
3,1967,134,3,2,15
1,1990,87,3,2,2
2,2015,46,1,1,21
1,1945,185,3,3,2
2,2015,30,1,1,21
2,2015,32,1,1,21
1,1982,86,3,2,15
4,1947,199,4,6,2
0,2003,70,2,3,21
1,1982,77,2,2,15
4,1947,207,3,6,2
4,1949,205,4,5,1
2,2024,20,1,1,20
1,1937,171,4,4,15
6,1978,60,2,2,10
0,2011,45,1,1,15
3,1986,112,3,3,9
1,2019,26,1,1,2
0,1995,87,3,3,9
4,1975,126,2,3,15
3,1994,90,3,3,9
6,1940,119,4,3,19
3,1988,105,3,3,9
2,2008,71,1,1,23
6,1967,158,3,3,3
3,1938,190,3,3,17
3,1953,158,3,3,17
1,1982,84,2,2,15
3,1962,139,3,3,17
3,1980,137,2,3,15
1,1968,124,3,3,11
1,1992,69,2,2,15
4,1930,217,4,4,11
3,1952,158,3,3,17
3,1971,113,3,2,17
6,1998,68,2,2,21
5,1943,222,3,3,3
3,1971,112,2,3,17
3,1951,157,3,3,17
5,1946,208,3,5,2
3,1940,188,3,4,17
1,1992,62,1,2,15
1,1987,75,2,2,15
2,2013,74,2,2,21
3,1972,76,2,2,15
3,1987,74,2,2,15
7,1972,102,3,2,15
1,1976,76,2,2,16
0,1992,92,3,3,15
0,1987,75,3,3,15
7,1947,163,3,3,15
7,1982,101,3,2,15
6,2002,54,2,2,15
3,2000,118,3,2,19
0,2002,88,2,2,15
0,1997,85,2,2,15
0,1977,98,3,3,15
0,2002,67,2,2,15
2,2020,28,1,1,20
1,1975,135,3,3,2
3,1971,136,2,3,2
0,2005,75,2,2,20
2,2023,20,1,1,20
4,1961,150,4,5,1
1,1990,158,3,3,2
6,1978,95,3,2,10
1,1945,126,3,3,2
3,1957,145,3,4,17
3,1958,144,3,3,17
3,1957,144,3,3,17
2,2020,24,1,1,21
7,1938,193,3,5,16
1,1962,121,3,3,15
3,1945,170,3,2,17
3,1960,142,3,3,17
3,1993,72,2,2,17
3,1989,78,3,2,17
0,1999,51,2,2,15
6,1999,54,2,2,15
0,1999,53,2,2,15
0,2002,41,2,2,15
0,1997,53,2,2,15
0,1975,119,3,3,19
0,2002,78,2,2,15
3,1979,96,3,2,15
2,2018,34,1,1,19
3,1964,155,2,3,2
4,1961,173,4,4,2
2,2020,39,1,1,20
2,2022,20,1,1,20
5,1974,128,3,3,15
0,1997,121,2,4,22
6,1987,79,2,2,3
1,1994,105,2,2,2
1,1940,119,3,3,19
1,1967,123,3,3,15
1,1972,110,2,3,15
3,1987,78,3,2,17
3,1977,100,3,2,17
3,1949,161,3,4,17
1,1967,119,3,4,15
1,1982,77,2,2,15
1,1977,90,2,3,15
3,1947,170,3,4,17
1,1972,112,3,4,15
3,1955,150,3,4,17
3,1965,131,3,4,17
3,1952,160,3,4,17
7,1942,170,3,3,15
3,1993,83,2,2,15
5,1971,164,3,3,10
4,1926,204,5,5,20
7,1976,134,2,4,20
7,1947,202,3,2,15
6,1947,99,2,2,18
1,1980,172,3,4,21
0,1999,50,1,1,21
7,1972,92,3,2,15
1,1971,173,3,4,21
7,1997,68,2,2,15
4,1947,145,3,3,15
4,2009,47,2,1,1
2,2022,20,1,1,20
4,1913,278,5,5,2
0,2003,65,2,3,2
0,1968,162,3,5,2
4,1922,267,4,6,2
2,2017,29,2,1,1
2,1988,174,3,2,21
3,2005,65,2,2,15
1,1945,205,5,4,2
0,1932,172,3,3,15
7,1957,156,4,4,15
4,1937,165,3,4,15
3,1951,158,3,3,17
6,1988,97,2,2,23
3,1949,162,3,3,17
3,1961,140,3,3,17
1,1978,131,3,3,23
3,1942,142,2,4,15
7,1957,126,3,2,2
1,1985,119,2,3,23
3,1945,177,3,3,17
3,1947,135,3,3,15
3,1950,164,3,3,17
3,1959,149,3,3,17
3,1953,157,3,3,17
0,1997,69,2,2,15
0,1997,65,2,2,15
2,2013,86,2,2,21
3,1948,171,3,4,17
6,1975,123,3,3,23
7,1987,79,2,2,15
3,1943,181,3,3,17
7,1982,89,2,2,15
4,1987,56,2,2,15
0,1991,76,3,2,3
4,1967,133,3,3,15
6,1975,114,3,3,3
4,1972,125,3,2,15
6,1958,118,3,3,15
4,2009,50,2,2,1
5,1993,57,2,2,21
4,1923,259,4,5,2
0,1977,134,3,5,2
0,1997,68,2,2,22
0,2007,80,2,2,22
0,1999,57,2,2,15
0,1956,172,3,5,15
3,1937,198,3,3,17
7,1977,114,3,3,15
7,1980,137,3,3,23
2,2011,140,2,2,21
2,2011,123,2,2,21
6,1999,71,2,2,23
0,1937,166,4,4,15
0,1992,55,2,2,15
7,1975,183,3,4,21
3,1932,200,3,3,17
4,1980,187,4,6,10
3,1933,209,3,3,17
3,1960,146,3,2,17
0,1972,146,2,3,23
6,1957,70,2,2,18
6,2002,64,2,2,15
6,1961,171,4,4,7
6,1966,113,3,3,15
5,1996,107,2,3,23
0,1956,113,3,3,15
5,2002,49,1,1,23
4,1919,275,5,6,4
1,1939,225,4,4,2
4,1927,248,4,5,4
1,1905,283,4,5,12
5,1993,71,2,2,21
5,1955,217,3,3,17
5,1976,144,5,4,2
2,2024,20,1,1,20
2,2020,38,1,1,20
5,1981,104,2,2,17
0,1967,130,3,4,15
0,1987,135,2,4,22
0,1958,153,4,5,15
6,1978,108,3,4,15
6,1949,170,4,5,15
7,1952,157,3,4,15
5,1995,101,2,2,21
3,1975,122,2,3,21
3,1957,150,3,3,17
3,1953,160,3,4,17
7,2005,66,2,2,17
5,1988,104,4,3,2
3,1949,171,3,4,17
4,1980,238,4,7,10
3,1988,101,2,3,21
7,2006,43,1,1,17
3,1966,128,2,3,17
3,1958,147,3,3,17
1,1940,158,3,3,19
0,1976,90,2,3,15
0,1946,160,4,3,15
0,1976,81,2,3,15
4,1984,97,4,2,4
4,1947,205,4,4,4
0,1996,73,2,2,15
3,1989,111,3,3,23
3,1992,90,2,3,23
3,1989,127,2,3,23
4,2002,103,2,2,20
4,1927,254,4,6,4
4,1947,203,5,5,4
4,1949,199,4,5,4
3,1994,130,2,3,23
3,1977,111,3,3,15
2,2024,23,1,1,14
5,1956,187,4,5,2
0,1997,86,2,3,15
3,1971,145,3,3,14
7,1970,145,3,3,23
0,2001,116,2,2,23
7,1960,155,3,3,10
5,1988,86,2,2,21
0,1940,117,3,3,19
6,1947,137,3,3,20
0,1985,81,3,2,20
4,2022,36,1,1,13
0,1959,120,3,3,20
7,1976,118,3,5,15
4,2022,37,1,1,13
4,2022,37,1,1,13
0,1980,145,3,5,10
7,1967,154,2,2,13
7,1962,92,2,1,13
5,1994,82,2,2,15
7,1977,116,2,2,13
7,1977,102,2,2,13
3,1946,174,2,4,15
7,1977,147,2,2,13
7,1977,107,2,1,13
7,1972,141,3,3,13
7,1972,176,2,2,13
7,1977,131,2,2,13
0,2011,62,1,1,15
5,1976,132,2,5,15
2,2018,34,1,1,13
7,1978,162,2,3,13
3,1978,118,3,4,15
0,1977,121,3,5,15
3,1982,97,2,3,15
3,1987,89,3,3,15
3,1994,86,3,3,15
3,1982,106,3,3,15
3,1995,80,2,2,15
1,2003,70,1,2,19
1,1940,132,3,4,19
4,2022,39,1,1,13
4,2022,36,1,1,13
5,1985,241,3,3,21
4,2022,36,1,1,13
4,2022,35,1,1,13
4,2022,35,1,1,13
4,2022,38,1,1,13
6,1971,148,3,3,20
1,1959,170,4,4,9
4,2022,35,1,1,13
5,1957,143,4,4,15
7,1977,155,3,2,13
7,1957,179,3,2,13
3,1901,284,3,5,15
7,1947,219,3,3,13
7,1947,196,3,3,13
7,1947,191,3,3,13
7,1977,147,2,2,13
7,1982,117,2,2,13
7,1973,170,3,2,13
7,1957,161,3,2,13
7,1947,190,3,3,13
7,1947,181,3,2,13
7,1947,174,3,2,13
7,1929,260,4,4,12
7,1947,181,3,2,13
7,1972,160,3,2,13
7,1977,138,2,2,13
7,1952,172,3,5,15
0,1952,175,5,5,15
4,2022,37,1,1,13
4,2022,33,1,1,13
4,2022,31,1,1,13
4,2022,38,1,1,13
0,1957,87,2,2,19
4,2022,36,1,1,13
4,2022,37,1,1,13
4,2022,43,1,1,13
4,2022,40,1,1,13
4,2022,35,1,1,13
4,2022,33,1,1,13
4,1953,181,4,4,6
2,2021,21,1,1,16
7,1967,213,3,2,11
5,1973,161,3,4,21
0,1993,100,2,3,21
0,1955,161,4,5,15
1,1940,170,3,3,19
2,1977,141,3,4,15
2,1971,178,3,4,15
7,1977,161,3,2,13
0,1999,65,2,2,15
7,1977,160,3,2,13
7,1977,159,3,2,13
0,1998,69,1,1,15
7,1977,126,2,2,13
7,1957,166,3,3,13
7,1977,136,3,2,13
7,1972,182,3,2,13
7,1977,115,2,1,13
1,1925,167,5,3,2
0,1988,140,2,2,13
1,1941,185,4,4,17
4,2022,40,1,1,13
1,1966,119,3,3,17
4,2022,36,1,1,13
4,2022,36,1,1,13
1,1952,88,2,2,17
1,1951,166,3,4,17
1,1956,142,2,3,17
4,2022,38,1,1,13
4,2022,39,1,1,13
6,1984,54,1,1,17
4,2022,35,1,1,13
5,2002,76,2,2,11
5,2002,86,2,2,11
5,2002,82,2,2,11
2,2022,22,1,1,16
5,2002,76,2,2,11
5,2002,110,2,2,11
5,2002,112,2,2,11
0,1980,95,3,3,3
0,2000,75,3,2,3
0,1995,73,3,3,2
5,1977,127,4,2,14
1,1917,246,3,5,15
6,1990,127,1,3,14
3,1942,183,2,3,15
4,1989,92,3,3,15
6,1987,85,2,1,15
6,2001,50,2,1,15
0,2005,42,2,2,15
4,2022,39,1,1,13
5,1980,74,3,2,17
4,2022,37,1,1,13
4,2022,35,1,1,13
1,1955,92,3,2,17
1,1962,125,2,2,15
1,1992,75,2,2,15
1,1982,87,2,2,15
1,1982,89,3,2,15
7,1962,154,3,4,15
7,1953,180,4,4,15
3,2017,96,3,2,15
3,1990,65,2,2,15
3,2017,100,3,3,15
3,2001,106,3,3,22
0,1989,109,2,2,11
3,1957,128,4,3,15
1,1970,120,2,3,15
3,1957,111,3,3,15
0,2000,82,2,2,11
5,2001,111,2,3,22
3,1945,176,2,3,15
2,1980,212,2,3,21
0,2014,29,1,1,15
0,1929,216,3,6,15
1,1964,174,3,3,23
5,1992,55,3,2,13
5,1995,107,2,3,21
0,1997,36,2,1,13
0,1955,155,4,4,15
0,1970,119,3,4,15
0,1992,41,2,1,13
4,2022,36,1,1,13
1,1987,78,3,2,15
1,1992,70,2,2,15
1,1957,139,3,4,15
1,1967,122,3,2,15
1,1942,161,3,3,15
1,2002,56,1,2,15
1,1957,133,3,3,15
2,2024,19,1,1,22
3,2019,24,1,1,15
0,1986,140,3,5,10
4,1980,182,3,5,10
5,1996,116,2,3,22
0,1987,99,3,3,22
5,1930,246,4,3,22
5,1980,112,3,3,22
2,2021,32,2,1,22
5,2014,43,2,2,22
0,1995,74,2,2,22
0,1974,112,3,4,15
5,1997,41,1,1,13
0,1963,134,2,4,15
1,1990,136,2,3,23
0,1966,143,4,4,6
6,2024,19,1,1,14
4,2019,38,2,1,4
1,1952,164,4,4,15
4,2022,36,1,1,13
0,2001,62,2,1,10
6,1995,95,2,2,21
5,1957,169,4,5,14
5,2013,31,2,1,22
5,1906,237,3,4,22
5,1957,205,4,4,14
6,1975,130,3,2,10
0,1990,65,3,2,10
0,1996,77,2,2,15
6,1984,88,2,2,21
0,2005,78,2,3,11
3,1960,127,4,4,11
6,1988,85,2,2,21
5,1970,280,3,5,3
1,1942,222,4,4,20
7,1951,204,5,4,20
1,1953,194,4,4,20
1,1923,273,6,4,20
1,1985,117,3,3,20
1,1946,213,4,4,20
1,1935,244,5,5,20
1,1935,235,5,4,20
1,1961,172,4,4,20
4,1920,232,4,4,21
4,2022,35,1,1,13
4,2022,36,1,1,13
4,2022,36,1,1,13
4,1986,115,3,4,13
0,1997,70,3,3,6
4,1996,104,2,3,13
4,1977,137,3,4,13
4,1991,106,3,3,13
4,1988,108,3,5,13
4,1977,142,3,4,13
2,1970,118,2,3,22
2,1992,68,2,2,22
0,1985,85,3,2,10
5,1975,141,3,2,10
0,1960,146,4,3,3
0,1985,88,3,2,10
1,1994,102,2,2,21
0,1990,75,3,2,10
0,1990,97,2,2,10
4,1921,277,4,4,21
4,1921,271,4,4,21
0,1997,35,2,1,13
0,1992,28,2,1,13
1,1931,249,3,4,20
1,1941,231,4,6,20
3,1985,126,3,3,21
1,1938,231,3,6,20
6,1957,195,3,4,21
0,1959,153,3,3,21
3,1960,141,3,4,15
0,1979,114,2,2,15
4,1957,139,3,4,13
4,1937,200,4,5,13
6,2006,37,2,1,2
0,1981,131,3,4,2
3,2010,40,2,2,2
3,1970,146,3,2,2
0,1977,110,3,2,2
0,2000,58,2,2,10
5,1970,130,3,4,22
0,1990,87,2,2,10
5,1984,99,3,3,22
5,1984,97,3,2,22
5,1968,149,3,3,22
3,1965,131,3,4,15
0,1947,170,2,4,15
0,1987,94,2,2,13
0,1980,162,3,3,21
0,1997,46,2,1,13
1,1960,143,2,4,15
0,1994,69,3,3,3
3,1999,60,2,2,15
0,2002,53,2,2,3
0,2012,48,2,2,6
6,1986,103,2,3,22
7,1995,74,2,2,22
1,1975,120,2,3,22
7,1990,82,2,2,22
7,1993,94,2,2,22
7,1930,248,4,4,22
1,1971,142,3,2,12
5,1975,123,3,4,22
3,2016,33,1,1,15
5,1970,135,3,3,22
1,1995,108,2,1,10
1,1985,137,3,1,10
5,2000,68,3,2,10
6,1950,197,3,3,22
3,1978,102,3,3,15
3,1959,144,2,3,15
3,1964,128,2,2,15
7,1968,124,2,4,15
5,1922,228,3,7,15
3,2001,75,2,2,15
3,1994,68,2,2,15
5,1980,94,3,4,15
3,1982,107,3,4,15
3,1911,248,3,6,15
0,1910,249,4,5,22
7,1930,251,3,3,22
5,1941,189,1,2,22
5,1992,102,2,2,22
2,2007,60,2,2,22
0,1957,80,3,2,18
3,1929,180,3,4,22
0,1930,232,3,4,22
0,1957,88,3,2,18
0,1994,86,2,3,21
5,1998,92,2,3,21
3,1977,101,2,3,15
6,1947,127,2,2,15
5,1980,141,3,2,10
4,1969,165,3,3,10
4,1979,128,3,3,10
4,1980,99,3,3,23
0,2000,37,2,2,10
0,2000,78,2,2,10
4,1989,97,3,3,10
0,2000,49,2,2,10
6,1999,68,2,3,15
6,1976,92,3,2,20
0,2000,82,1,2,15
1,1947,167,3,4,15
1,1967,107,2,3,15
3,1992,82,2,2,15
2,2013,51,1,1,1
6,2021,27,1,1,22
7,1955,215,4,5,22
7,1959,198,4,4,22
0,1947,95,3,2,18
3,1968,156,3,4,22
7,1970,138,3,4,22
3,1960,177,3,4,22
0,1988,167,3,4,11
5,1995,133,2,3,21
0,1982,98,2,3,15
0,1990,62,2,2,10
6,1947,129,3,2,15
5,1980,83,2,2,10
0,1980,113,2,2,10
5,2000,82,2,2,11
6,1975,89,3,2,10
2,2018,32,1,1,10
6,1975,90,3,3,10
4,1980,187,4,5,10
0,1994,72,3,2,13
0,1990,51,2,2,18
0,1950,183,3,3,18
6,1950,175,3,3,18
3,2018,35,1,1,4
0,1957,92,3,3,18
0,1947,110,3,2,18
0,1940,121,3,2,18
6,1967,67,2,2,18
4,1991,133,3,3,6
0,1960,104,3,2,16
4,2022,34,1,1,13
5,1998,69,1,2,15
5,1971,196,2,4,23
1,1917,235,3,6,15
3,2009,96,1,1,10
5,1975,154,3,3,10
4,1980,191,4,7,10
5,1975,190,4,5,10
6,1975,83,3,2,10
1,2022,29,1,1,12
2,2016,41,1,1,15
5,2000,50,1,2,15
0,2022,28,1,1,4
0,1967,92,2,2,18
1,1985,135,3,2,13
4,2022,39,1,1,13
4,2022,34,1,1,13
4,2022,36,1,1,12
2,2021,44,1,2,14
4,2022,37,1,1,13
4,2022,37,1,1,13
4,2022,30,1,1,13
4,2022,32,1,1,13
4,2022,33,1,1,13
4,2022,33,1,1,13
4,2022,34,1,1,13
5,1977,77,3,3,15
4,2022,32,1,1,13
6,1963,192,3,4,23
0,1955,155,3,3,3
0,2009,98,2,2,12
6,1968,128,3,3,3
3,1949,177,3,4,15
3,1984,99,2,3,15
3,1971,119,2,4,15
0,1951,164,2,5,15
0,1936,195,2,4,15
2,2000,70,1,1,2
0,1957,127,2,4,15
0,1962,96,2,3,15
7,1947,132,2,3,15
3,1942,122,3,3,21
5,2005,70,2,2,23
4,1992,135,3,3,23
4,1997,106,2,3,23
4,1997,105,2,3,23
0,1940,151,3,3,18
0,1940,166,3,3,18
0,2001,71,2,2,23
4,2022,37,1,1,13
4,2022,35,1,1,13
3,1955,149,3,2,22
4,2021,35,2,1,14
1,1960,205,3,4,22
3,2004,34,1,1,18
3,1937,198,3,4,15
3,2000,76,2,1,15
0,1992,122,1,2,15
0,1970,124,3,2,15
2,2021,37,1,1,13
1,1997,70,1,1,13
5,1970,86,4,2,14
2,2022,24,1,1,13
1,2006,46,1,1,13
1,1997,74,1,1,13
1,1972,139,2,3,13
1,2006,43,1,1,13
3,1927,224,3,4,14
5,2002,42,2,2,22
0,2004,58,2,2,23
0,2006,74,2,2,23
3,2003,91,2,2,19
7,1940,146,3,3,19
4,2022,37,1,1,13
3,1968,126,3,4,15
2,2016,63,2,1,20
1,2012,65,2,2,2
5,1995,89,2,3,22
4,1920,213,4,5,11
4,1920,275,4,6,11
4,1920,271,4,6,11
4,1920,248,4,5,11
4,1920,229,3,5,11
4,1920,147,4,5,11
0,1957,113,2,3,14
0,1986,83,3,2,13
3,1980,123,2,3,23
3,1984,110,2,3,23
0,1962,101,2,2,14
3,1972,147,3,4,23
0,2001,112,4,3,13
7,1947,100,2,2,19
0,1981,88,3,4,13
3,1980,123,3,3,23
6,1998,73,2,2,23
3,1980,144,3,3,23
0,1997,78,2,2,13
0,1977,74,2,2,14
3,1932,97,2,3,14
5,1987,103,2,2,12
5,1987,99,2,2,12
2,2012,52,1,2,10
7,1955,161,3,3,14
2,2015,29,1,1,23
7,1935,231,3,3,14
3,1958,164,3,3,15
5,1967,169,3,4,2
3,1995,84,2,2,12
6,1974,88,2,2,10
0,1974,160,3,5,10
7,1974,118,2,2,21
0,1976,108,2,3,10
0,2004,47,2,1,10
0,1947,92,2,3,18
0,1940,119,3,3,18
0,1940,128,3,3,18
0,1980,100,3,3,18
6,1940,126,3,4,18
3,1982,106,2,3,22
6,1947,97,3,2,18
6,1940,122,3,4,18
3,1960,210,4,5,22
3,1972,142,3,4,23
3,1982,110,2,3,23
3,1980,127,2,3,23
3,2004,51,2,2,23
0,2005,51,2,2,13
0,1987,85,3,3,13
7,1940,158,4,4,19
6,1947,144,3,3,15
0,1986,83,3,4,13
0,1988,67,2,2,13
5,1991,54,2,1,12
4,1981,165,2,2,11
7,1980,127,3,2,21
0,1931,158,4,3,14
0,1931,158,3,3,14
1,1973,167,3,2,13
6,1957,66,2,2,18
6,1940,150,3,3,18
6,1940,127,3,3,19
0,1974,95,2,3,10
0,2007,40,2,2,10
0,1974,115,3,3,10
5,2014,32,1,1,12
5,2014,45,1,1,12
5,2014,53,1,1,12
1,1935,201,3,6,14
3,1949,163,3,3,14
1,1961,135,2,3,14
1,1904,242,3,7,14
3,1982,126,3,3,22
5,1928,220,3,2,14
0,1977,127,3,4,18
3,1978,131,2,3,18
3,2004,58,2,2,23
6,2000,89,2,3,22
3,1992,82,2,3,18
7,1935,205,3,5,16
1,1960,181,3,4,11
1,2016,36,1,1,12
0,1974,117,3,4,10
0,1974,100,3,3,10
0,1974,124,3,4,10
3,1973,114,3,3,21
0,1974,105,3,4,10
7,1935,202,3,4,4
3,1974,110,3,3,21
6,1940,162,4,4,19
0,1974,111,3,3,10
0,1986,106,2,2,10
0,1974,106,3,3,10
0,1974,110,3,4,10
0,1974,117,3,4,10
0,1974,116,3,4,10
0,1990,148,3,3,10
3,2011,45,1,1,14
3,1914,221,2,4,14
1,1905,257,3,6,14
5,1908,259,3,6,14
3,2005,71,2,2,22
1,1914,240,3,6,14
1,1935,195,2,5,14
5,1945,185,2,3,14
0,2005,82,2,3,22
0,2004,100,2,3,11
0,2004,119,2,3,11
0,2004,85,2,3,11
0,2004,86,2,3,11
0,2004,69,2,2,11
1,1975,130,2,3,11
4,2024,25,1,1,23
4,2024,23,1,1,23
4,2024,23,1,1,23
0,1974,115,3,5,10
0,1974,117,3,5,10
0,1988,98,3,3,10
0,1974,130,3,5,10
2,2018,35,2,1,4
0,1982,85,2,2,10
2,2018,53,2,2,4
3,1999,83,2,1,23
7,1972,117,3,4,13
0,1974,114,3,4,10
0,1974,96,3,3,10
0,1956,118,3,2,10
0,1974,142,3,4,10
1,1946,179,2,5,14
6,1972,130,4,4,14
1,1924,219,2,6,14
3,1980,148,3,4,22
1,1928,206,2,6,14
1,1966,123,2,3,14
1,1945,171,2,3,14
3,1989,81,2,3,14
1,1974,172,5,3,22
0,2004,86,2,3,11
4,2000,66,2,2,12
0,2004,83,2,2,11
0,1967,151,3,4,5
7,1981,145,3,2,11
0,1979,123,2,4,5
0,1963,157,4,4,5
5,1995,55,3,2,11
3,1981,114,3,3,5
0,1974,110,3,4,10
7,1958,177,3,4,22
3,1980,118,3,3,22
7,1962,167,4,4,22
2,2020,42,1,1,22
6,1955,187,3,4,22
3,1955,136,3,3,14
5,1990,90,3,2,14
5,1995,71,2,2,14
1,1930,205,3,4,14
4,1960,153,4,4,4
0,1995,44,2,1,11
3,1970,171,2,3,22
6,1993,69,2,2,16
1,1954,153,3,3,12
2,1996,124,3,3,12
7,1997,78,2,2,14
1,2007,52,1,1,12
1,2007,50,1,1,12
0,2001,73,3,2,20
0,1999,43,1,1,19
0,1974,149,3,4,10
0,1974,135,3,4,10
0,1966,174,3,3,14
1,1991,117,2,3,23
0,1974,138,3,4,10
1,1998,81,2,2,21
0,1970,141,3,4,10
0,1990,92,2,2,21
0,1984,103,3,3,21
4,1986,154,3,4,22
0,1975,140,4,3,12
4,1989,74,2,2,23
0,1996,81,2,2,21
0,1996,102,2,2,21
2,2025,19,1,1,13
2,2025,19,1,1,13
3,1990,107,2,3,21
0,1980,137,3,3,21
1,1980,85,2,2,19
0,2004,75,2,3,11
0,1963,68,2,2,16
0,1965,239,4,5,22
0,2004,78,2,2,11
0,2004,76,2,3,11
0,1990,121,2,2,11
0,1975,97,3,3,17
1,1957,93,2,2,19
0,1990,95,2,2,11
6,1970,187,2,4,22
3,1950,170,3,4,11
3,1950,128,2,3,11
5,1983,137,2,3,22
7,1980,140,3,4,10
0,1983,92,3,2,19
5,1989,98,2,3,22
1,1957,134,2,2,12
0,1993,94,4,2,13
0,1988,111,4,2,13
0,1978,166,3,2,13
0,2006,43,2,2,10
5,1973,147,2,3,13
6,1989,117,2,4,12
2,2020,36,1,1,21
0,1974,123,3,3,10
0,1972,83,2,3,21
6,1974,124,3,3,10
7,1947,115,3,3,19
0,1977,91,3,2,15
1,1977,92,2,2,15
1,1990,73,2,2,15
7,1940,127,3,3,19
6,2010,60,2,2,22
1,1972,103,2,2,15
1,1962,127,3,2,15
1,1942,171,3,3,15
1,1995,70,2,2,15
3,2010,56,1,1,11
0,1945,139,3,3,15
6,1927,165,3,3,15
3,2010,70,1,1,11
1,2007,54,1,1,12
7,1991,83,2,2,21
6,1999,79,2,2,12
0,1974,163,3,4,10
7,1990,95,2,2,21
2,1987,158,3,2,10
2,2012,67,2,2,4
0,1974,126,3,3,10
0,1974,147,3,5,10
0,1974,145,3,4,10
0,1974,149,3,3,10
4,1920,256,4,7,11
7,1987,103,2,2,21
2,2012,77,2,3,4
2,2008,96,2,2,4
2,2009,90,1,1,10
4,1920,250,4,5,11
1,1972,104,2,2,15
1,1960,152,3,3,2
1,1967,101,3,2,2
1,1982,82,2,2,15
2,2021,38,1,1,21
1,1977,91,2,2,15
1,1967,91,2,2,2
1,1947,150,3,3,15
2,1995,133,2,2,17
5,1910,294,3,3,14
2,1996,125,2,2,17
6,2025,27,1,1,23
2,1997,102,2,1,17
2,1997,100,2,2,17
2,1996,131,2,2,17
2,1997,85,2,2,17
0,1965,150,3,2,11
6,1930,243,4,3,11
0,1982,74,3,2,12
3,1956,164,3,3,22
3,2006,80,2,1,11
6,1965,121,3,2,11
0,1965,158,4,3,11
7,1973,123,3,2,22
0,1974,129,3,3,10
0,1974,166,4,3,10
2,2010,65,1,2,12
0,1980,125,3,3,10
3,1967,136,4,3,21
0,1974,144,3,4,10
0,1974,112,2,2,10
0,1974,135,3,3,10
5,1978,240,3,3,13
7,1950,165,3,4,19
4,2009,41,1,1,23
2,1997,72,2,1,17
1,2025,23,1,1,23
0,2006,78,2,3,22
0,1980,133,3,3,21
6,1990,94,2,2,21
5,2000,69,2,2,21
6,1965,94,3,2,11
6,1965,121,3,5,11
6,1975,127,3,3,11
4,1992,150,4,4,11
4,1992,165,4,5,11
4,1992,84,3,2,11
7,1929,215,3,4,16
0,1993,143,2,3,12
6,1974,137,3,3,10
6,1974,120,3,3,10
5,1985,85,2,3,22
6,1974,135,3,3,10
6,1974,124,2,3,10
0,1974,128,2,3,10
0,1983,110,2,2,13
0,2004,84,2,3,11
5,1998,51,2,3,22
0,1973,141,3,2,13
2,2010,66,2,2,12
0,1993,68,3,1,13
0,1970,128,2,3,10
0,1974,135,2,4,10
1,1963,167,3,4,5
5,1987,125,2,3,12
0,1980,126,2,3,21
1,2025,20,1,1,23
2,2022,31,1,1,14
2,2022,27,1,1,14
2,2022,31,1,1,14
3,2000,98,3,2,19
7,1940,157,3,4,19
0,1978,233,3,3,12
5,1998,124,2,4,22
5,2001,67,3,2,22
6,1971,138,3,3,18
6,2000,47,1,1,19
5,1998,50,2,2,22
0,1974,107,2,2,10
0,2024,26,1,1,15
0,1976,104,2,2,10
0,1976,105,3,3,10
7,2024,21,1,1,15
0,2004,73,2,2,11
0,1974,105,2,3,10
0,2020,32,1,1,23
0,1974,111,2,3,10
0,1970,137,3,4,10
6,2010,30,1,1,10
0,2003,63,2,2,13
0,1974,83,2,2,10
0,1971,161,4,4,12
0,1971,135,3,3,12
3,1980,119,4,3,22
5,1995,82,2,2,22
6,1966,180,3,4,12
0,1971,140,4,4,12
0,1944,208,4,5,13
0,2000,63,2,2,13
0,1956,202,4,5,13
3,1975,160,3,3,22
0,2011,31,1,1,13
0,1986,86,3,1,13
0,1971,138,3,4,13
1,1940,198,3,3,19
3,2000,109,3,2,19
3,2000,95,3,2,19
1,1932,185,4,3,15
2,2011,57,1,2,12
2,2011,56,1,2,12
2,1987,138,3,3,12
0,2006,66,2,2,19
1,1980,135,2,3,12
1,1982,139,2,3,12
1,1977,159,3,2,12
0,1947,108,3,3,19
0,1974,121,3,4,10
6,1974,90,3,3,10
0,1953,175,4,5,13
0,1984,117,3,3,10
0,1974,136,3,4,10
0,2004,95,2,3,11
6,1971,101,3,3,13
2,2014,55,1,1,2
0,1981,117,3,4,13
3,1980,155,3,4,22
6,1976,111,2,4,13
0,2005,71,2,2,13
0,2005,66,2,2,13
6,1988,99,3,4,13
0,2001,71,2,2,13
0,1981,129,3,4,13
0,1956,172,4,4,13
1,1955,198,2,4,23
0,1940,150,2,2,19
6,2000,72,2,3,21
2,2008,80,2,2,10
0,1976,94,2,2,15
1,1983,131,2,2,12
1,1993,85,2,2,12
1,1977,136,2,3,12
7,1950,164,3,3,12
3,1950,132,3,2,12
0,1920,174,3,3,19
7,1950,180,4,5,12
7,1950,183,4,5,12
7,1955,175,4,2,12
3,1950,161,3,3,12
5,2011,115,2,3,22
7,1984,121,2,3,21
0,2000,101,2,2,22
0,1994,79,3,3,22
0,1998,76,2,3,22
3,1962,141,3,3,21
6,2004,59,2,2,22
0,2004,84,2,3,11
6,1991,92,2,3,22
7,1997,84,2,2,23
6,1993,93,3,2,13
6,1946,216,4,5,13
7,2001,66,2,2,13
0,2000,91,2,2,13
0,1966,147,4,3,13
0,1991,91,2,2,13
4,1981,152,3,4,21
0,1981,122,3,3,13
0,1981,131,3,3,13
0,1981,102,3,3,12
0,1995,56,1,2,19
0,1947,110,3,2,19
3,1940,156,4,3,19
5,1998,74,2,3,22
7,1950,156,4,2,12
0,2015,39,2,1,22
7,1950,185,4,2,12
2,1974,191,3,4,12
0,2007,67,2,2,12
0,1955,160,4,4,12
6,2008,53,2,2,15
0,1979,122,4,7,12
0,1975,113,4,3,12
0,1968,132,4,4,12
0,2005,64,2,2,22
0,2004,88,2,3,11
0,2007,57,2,2,22
6,1988,95,3,3,22
3,1982,117,2,3,22
6,1988,101,3,3,22
1,1950,222,3,4,22
6,2000,69,2,2,22
6,1993,89,3,3,13
7,1982,97,2,3,22
3,1982,139,2,3,22
1,1990,70,2,2,19
3,1982,160,3,4,22
7,1982,138,3,4,22
1,1955,196,3,4,23
5,2001,42,2,1,12
5,1986,68,2,2,12
3,2000,51,2,2,23
5,1978,120,3,4,3
0,2001,89,3,3,12
5,1986,73,2,2,12
3,1986,104,2,2,23
4,2021,31,1,1,2
1,1975,199,3,4,22
3,1982,111,3,3,22
1,1937,175,4,4,15
2,2008,64,1,1,12
1,1927,194,4,4,15
3,1995,93,2,3,21
4,1975,150,3,5,21
5,1971,169,3,5,12
5,1946,243,4,5,12
4,1999,82,2,2,22
0,1958,160,4,4,12
2,2024,21,1,1,16
1,1987,101,2,3,22
1,1984,117,2,3,22
2,2021,22,1,1,16
6,1940,150,2,3,18
0,2003,76,2,3,22
3,1982,124,3,4,22
7,1982,95,3,4,22
3,1982,139,3,4,22
3,1982,137,3,4,22
3,1982,101,3,3,22
3,1982,107,3,2,22
3,2005,59,2,2,22
3,1995,103,3,3,22
6,1968,161,4,5,13
3,1998,125,3,4,11
3,1980,176,3,5,22
1,1990,115,3,2,19
0,1991,62,2,2,13
3,2002,94,2,2,11
5,1991,67,2,2,12
0,1981,89,3,3,13
0,1986,82,3,2,13
7,1990,99,2,2,22
4,2021,29,1,1,2
0,1991,89,3,3,13
0,2008,44,3,2,13
1,1994,79,2,2,23
0,2001,75,2,2,13
0,1985,89,3,2,12
0,2001,73,2,2,13
6,1991,64,2,2,13
3,1999,57,2,2,23
0,1981,96,3,3,13
0,2001,40,2,1,13
0,1991,76,3,3,12
0,1957,109,2,2,14
6,1937,134,2,2,14
5,1987,71,2,3,12
0,1987,63,2,2,14
1,1954,159,3,3,3
0,1994,86,2,3,3
6,1993,87,2,3,3
1,2024,34,1,1,2
1,2024,22,1,1,2
1,1989,91,3,2,2
5,1940,219,4,5,3
1,1940,221,3,4,3
4,1979,118,3,2,10
0,1974,121,3,3,10
3,1995,88,3,2,22
7,1980,162,3,4,22
3,2005,51,2,2,22
4,1959,165,3,3,12
5,1999,115,3,2,11
7,1980,121,3,4,22
4,1949,195,3,3,12
0,1985,108,2,3,22
0,1993,87,2,3,22
7,1980,113,2,3,22
4,1917,278,3,6,2
0,1992,91,2,2,14
5,1991,94,5,2,2
0,1990,83,3,3,23
5,1985,110,2,3,2
0,1963,170,3,5,2
0,2008,50,2,1,2
0,1957,97,3,3,19
2,2020,37,1,1,5
2,2020,42,1,1,5
3,1940,175,4,3,19
0,1982,91,2,2,5
0,1977,54,2,2,19
3,1908,142,3,2,14
3,1940,136,2,2,19
3,1940,153,3,2,19
5,1985,79,2,2,13
0,1989,115,2,3,13
0,1986,70,3,2,13
0,1992,63,2,1,13
3,1990,85,2,2,22
3,1975,138,3,4,22
3,1955,162,3,4,22
7,1972,107,3,2,15
7,1972,109,3,2,15
7,1998,94,2,1,15
7,1972,98,2,2,15
7,1982,101,3,2,15
3,2000,75,2,2,22
7,1946,175,3,4,15
7,1946,155,3,3,15
0,1991,102,3,3,2
6,1915,159,3,3,14
3,1939,185,3,3,16
0,1983,133,3,3,12
0,1997,74,2,2,12
0,1996,53,2,2,19
1,1981,78,2,2,16
0,1995,61,2,2,19
4,1996,161,2,3,12
1,1981,105,2,2,16
1,1976,114,3,3,16
1,1958,185,4,2,13
1,1976,95,3,3,16
7,1930,236,3,3,19
5,1981,90,2,3,13
0,1994,79,2,2,5
2,2019,37,2,1,20
6,1957,99,3,2,18
0,2001,50,2,2,5
0,1989,55,2,3,13
0,1993,56,1,1,13
5,1979,96,2,2,13
0,1998,67,2,2,19
2,2021,29,1,1,20
5,1973,94,2,3,13
5,1982,90,2,2,13
7,1941,160,3,3,15
5,1949,243,3,4,23
7,1956,125,3,2,15
1,1983,128,2,3,23
5,1985,91,2,2,14
5,1956,154,3,3,16
5,1978,105,2,3,16
5,1981,96,3,3,16
5,1965,140,3,2,14
1,1993,104,2,2,13
7,2003,72,1,1,13
3,2007,58,1,1,13
1,1999,88,2,1,13
1,1993,107,3,2,13
0,1977,67,2,2,19
3,2003,85,1,1,13
7,2002,77,2,2,13
6,1912,190,3,4,19
7,1950,152,3,2,19
3,1950,180,3,3,19
0,1950,175,3,3,19
3,2006,70,1,1,14
5,1980,69,3,2,2
5,1990,69,3,2,2
5,1985,89,3,2,2
0,1960,103,3,3,2
5,1980,76,3,2,2
5,1985,89,3,3,2
5,1990,71,3,2,2
1,1971,149,2,3,23
1,1986,97,2,2,23
7,1946,153,3,3,15
1,1992,82,2,2,23
1,1984,107,2,3,23
7,1971,94,2,2,15
7,1971,96,2,2,15
7,1961,119,3,2,15
7,1966,117,3,2,15
7,1966,104,2,2,15
0,1967,67,2,2,19
0,2014,43,1,1,19
0,1990,68,2,2,19
5,1990,87,2,2,19
6,1940,125,2,3,19
0,1957,81,2,2,19
0,1957,79,2,2,18
5,1954,174,2,3,14
0,1940,115,2,2,19
6,1980,133,3,3,22
2,2016,40,1,1,10
1,1989,93,2,2,18
0,1990,41,2,1,19
5,1937,246,4,3,18
5,1940,77,3,2,19
5,1990,82,2,2,19
0,1990,100,3,2,19
5,1990,95,3,2,19
2,1997,104,2,3,18
1,1956,139,3,3,16
1,1980,89,2,2,19
6,1990,90,2,2,19
6,1977,60,1,2,19
3,1957,77,2,2,18
0,1999,45,2,1,19
0,1940,112,2,2,19
5,2000,86,3,2,10
5,2023,23,1,1,2
1,1939,213,4,5,2
5,1982,121,5,3,2
7,2007,58,1,2,15
0,2001,65,3,2,2
3,1964,217,3,4,22
0,1995,88,4,3,2
1,1999,73,2,2,2
0,2000,52,2,2,23
5,1988,104,4,3,2
0,1998,77,4,3,2
4,1964,175,4,5,2
2,1957,204,3,5,2
1,2005,70,3,2,2
1,1979,128,2,3,18
1,1999,99,2,3,21
4,2022,23,1,1,10
3,2017,24,1,1,23
1,2006,85,2,2,21
4,2020,22,2,1,23
1,1978,167,3,4,21
1,1991,90,2,3,18
1,1978,164,3,2,21
6,1995,86,2,2,21
0,1947,96,2,3,19
1,1990,122,2,3,19
1,2000,102,2,2,19
1,1987,108,3,2,12
5,1969,122,3,3,16
3,2007,98,3,2,2
1,1989,75,3,2,2
5,1981,101,2,2,16
5,1987,82,2,2,16
1,1986,107,3,4,12
3,1940,172,3,3,19
3,1942,182,3,4,16
2,2000,69,2,3,19
3,1947,169,3,4,16
2,2006,109,2,4,19
7,1949,165,3,3,16
3,1941,187,3,4,14
0,1987,110,3,5,2
5,1972,150,4,4,2
0,1974,140,3,5,2
2,1977,150,3,3,2
1,1928,245,6,5,2
1,1941,217,6,3,2
0,1977,136,4,4,2
0,1958,184,4,5,2
0,1979,128,4,4,2
5,1931,249,4,4,2
0,1977,137,2,3,14
2,2024,20,1,1,4
7,1978,134,3,4,22
1,1976,101,2,2,16
0,2016,41,1,1,18
7,1969,159,3,4,23
2,2001,84,2,2,12
5,1970,101,2,2,14
1,1960,94,2,2,14
1,1966,125,3,3,16
1,1968,110,2,2,17
1,1928,204,3,2,17
1,1938,132,2,2,17
1,1938,135,3,2,17
1,1938,123,2,2,17
1,1997,57,3,2,2
3,1953,155,2,4,14
2,2020,30,1,1,10
0,1981,98,3,3,9
4,1985,115,2,3,22
3,1959,149,2,6,14
0,1981,107,2,3,1
0,1977,63,2,2,19
4,1957,176,5,4,3
6,2025,20,1,1,2
2,2024,19,1,1,4
0,1998,68,2,2,23
2,2024,20,1,1,4
0,2002,76,2,1,14
3,1967,124,2,3,14
0,1917,274,5,5,2
1,2012,61,2,2,2
7,1986,145,2,3,22
0,1973,133,2,3,22
1,1947,203,2,3,22
4,2021,35,2,1,2
4,2021,34,1,1,2
3,1983,74,2,2,22
7,2007,77,2,2,22
3,1968,165,3,4,22
7,1991,102,2,2,22
4,2021,37,2,1,2
3,1948,261,4,4,22
7,1964,166,3,3,22
0,1965,113,2,4,14
3,1940,137,3,3,19
0,1986,80,2,2,14
0,1930,233,3,4,19
0,1956,141,3,3,17
6,1948,155,3,2,17
6,1941,143,3,3,17
7,1905,168,3,3,14
7,1906,168,3,3,14
6,1913,176,3,4,16
0,1975,84,2,2,16
7,1953,117,2,2,14
5,1994,83,2,2,17
1,1954,103,2,2,17
5,1991,83,2,2,17
0,1990,80,2,2,1
5,1959,168,3,5,14
0,1954,157,3,4,1
3,1919,223,3,7,14
0,2000,81,2,2,1
0,1946,183,4,3,1
3,1947,182,3,3,1
0,1997,89,2,3,15
0,2005,93,2,3,15
0,2005,109,2,3,15
0,1974,152,2,3,17
0,1974,138,3,3,17
3,2016,69,1,1,17
6,1947,100,2,3,18
2,1983,126,2,3,1
5,1983,120,2,3,1
6,1980,105,3,3,1
0,1968,107,2,2,14
6,1918,121,2,6,14
6,1918,76,2,2,14
6,1973,86,2,2,14
1,1985,102,2,2,16
5,1991,90,3,2,21
1,1917,228,3,3,14
4,1970,206,5,5,20
7,1958,199,3,5,22
7,1958,181,3,4,22
7,1958,198,3,5,22
7,1994,135,3,3,22
7,1958,245,3,4,22
7,1970,204,3,4,22
7,1990,185,3,4,22
3,1999,68,2,2,22
7,1970,194,3,4,22
5,1986,104,3,2,17
7,1957,145,3,4,16
7,1936,191,3,6,16
7,1974,90,2,2,14
7,1948,169,2,4,16
7,1903,171,3,3,14
3,1923,221,3,6,16
7,1961,116,2,3,14
0,1935,194,2,5,16
3,2001,57,2,2,23
7,1953,153,2,4,16
0,1984,86,2,3,16
3,1982,90,2,3,16
0,1950,168,4,4,1
0,1972,121,4,5,1
0,2008,44,2,1,12
3,1917,180,4,2,19
0,2000,100,2,3,1
1,1916,242,5,5,1
1,1953,176,3,4,1
6,1923,225,5,5,1
6,1928,245,5,4,2
6,1957,174,3,5,2
6,1954,177,4,5,2
6,1977,53,2,1,19
1,1914,227,3,3,14
7,1996,97,2,2,22
7,1999,94,2,3,22
7,2001,132,2,2,22
3,1986,175,3,4,22
4,1974,132,3,3,1
7,1960,237,4,4,22
0,1989,89,3,3,7
1,1916,222,4,4,17
1,1956,184,3,4,17
7,1960,194,4,5,22
1,1971,100,3,2,17
4,2010,68,1,1,17
7,1970,167,3,4,22
0,1968,100,2,2,14
6,1941,182,3,5,16
6,1971,150,3,3,12
2,2015,76,1,2,16
1,1925,146,3,2,2
1,2014,51,2,2,2
1,1936,191,3,3,17
3,2002,44,2,1,23
0,2002,66,2,1,14
0,1989,66,2,2,14
3,1980,134,3,4,23
3,1967,117,2,3,14
0,1993,117,2,3,22
7,1980,95,3,2,14
7,1966,87,2,2,15
3,1957,126,2,2,14
3,1932,154,3,3,14
2,2003,99,1,2,12
7,1997,60,3,1,10
0,1949,195,4,5,2
4,1977,182,3,4,2
7,1999,53,3,1,10
7,1999,49,3,1,10
7,1998,56,3,2,10
7,1997,49,3,2,10
7,1993,75,3,2,10
7,2000,56,3,2,10
7,1996,60,3,2,10
7,1990,87,3,2,10
7,1996,68,2,2,10
4,1977,178,3,4,2
3,1985,126,2,3,10
3,1985,103,2,2,10
3,1985,75,2,3,10
5,1987,72,3,2,10
4,1980,134,3,3,10
4,1974,144,3,3,10
0,1982,116,3,4,7
1,1992,100,2,2,14
3,1937,176,4,3,14
1,1970,108,3,3,2
5,2014,66,2,2,21
0,1997,68,2,2,22
3,1957,85,2,2,19
1,1910,244,3,3,14
3,1980,112,3,3,23
7,1957,99,2,2,14
3,1957,106,2,2,14
3,1957,115,2,2,14
2,2019,38,1,1,13
0,1990,44,2,2,10
7,1952,138,3,3,14
3,1957,111,3,3,14
0,1957,99,2,2,18
5,1927,218,4,5,13
1,1947,110,2,2,18
4,1974,125,2,3,10
4,1975,99,3,2,10
4,1985,62,2,1,10
3,1957,124,3,2,14
3,1947,135,1,1,14
5,1987,84,3,2,13
4,1998,133,3,3,18
2,2025,21,1,1,21
1,1954,152,4,3,14
1,1984,86,2,3,14
5,1993,101,3,3,22
7,1994,68,2,2,10
0,1998,87,2,2,12
1,1961,118,2,3,17
1,1983,148,3,3,22
1,1988,114,3,3,22
7,1940,178,2,4,19
3,1982,106,3,3,23
2,2024,22,1,1,4
6,1957,88,2,2,19
0,1960,151,2,2,14
5,2016,32,1,1,14
5,1987,68,2,2,12
0,2020,25,1,1,12
6,1940,123,2,2,19
0,2020,27,1,1,12
4,1965,200,4,3,10
3,1967,71,3,2,19
3,1940,181,4,3,19
5,1995,89,2,2,12
6,1944,179,3,2,1
1,1972,142,2,2,23
3,1977,90,2,2,14
0,1993,54,2,2,13
0,1994,39,2,2,13
0,1994,46,2,2,13
0,1982,97,2,3,1
6,1970,120,3,2,10
0,1997,35,2,1,13
2,1974,128,3,3,1
0,1994,46,2,2,13
3,1949,163,3,4,19
3,1917,234,4,4,19
1,1975,74,3,2,10
0,1984,87,3,3,13
3,1952,176,3,3,19
7,1993,71,3,2,10
7,1993,67,3,2,10
2,2019,39,1,1,10
6,1975,115,2,2,14
7,1999,53,3,2,10
7,1993,74,3,2,10
7,1993,98,3,2,10
1,1987,96,2,2,14
4,2017,49,2,2,10
4,1957,176,3,4,2
4,2017,46,2,2,10
5,1980,103,3,4,3
0,1970,180,3,5,21
0,1985,109,2,3,21
3,1950,174,4,4,19
3,1940,154,4,3,19
3,1987,100,3,2,19
0,1975,107,2,2,14
6,1995,106,2,2,21
0,1998,100,2,2,14
7,1980,147,2,3,23
3,1942,213,4,5,2
3,1930,195,4,4,19
3,1940,149,4,2,19
3,1940,141,2,2,19
3,1967,73,2,2,19
3,1957,143,3,2,19
3,1930,225,4,3,19
3,1984,57,2,1,19
1,1911,259,5,5,1
3,1957,117,3,3,14
6,1957,163,4,5,1
0,1976,110,3,3,13
3,2002,91,2,2,13
4,1940,181,5,4,10
6,1975,87,3,2,10
4,1975,146,4,3,10
3,1975,78,2,2,14
5,1990,86,2,2,10
5,1990,110,2,2,10
1,1980,100,3,3,16
1,1960,145,2,3,16
5,2001,50,2,2,3
1,1970,96,2,2,16
1,1960,173,3,3,16
3,2007,46,2,2,2
1,1976,103,3,3,16
5,1993,69,2,3,3
0,1997,98,2,2,23
0,1989,167,3,3,23
0,1984,92,1,2,19
6,1947,96,2,1,19
0,1957,85,2,2,18
2,2024,20,1,1,4
0,1972,146,4,3,14
0,1947,107,3,4,19
5,1991,89,3,2,12
7,1970,101,2,2,14
3,1975,80,2,2,14
7,1970,87,2,2,14
0,2006,78,2,2,22
0,2006,86,2,2,22
0,1995,44,2,1,13
0,1940,142,2,4,18
3,1992,83,2,2,14
5,1978,97,3,3,13
4,1965,89,3,2,10
3,1992,57,1,1,14
0,1940,157,2,5,18
4,1974,113,3,3,10
6,1940,154,2,4,18
6,1943,136,2,2,17
6,1971,117,3,3,13
7,1992,60,2,2,14
1,1931,222,3,5,1
3,1980,85,2,2,14
7,1980,82,2,2,14
3,1982,92,2,2,14
4,2022,32,1,1,18
5,1970,123,3,3,13
3,1961,136,3,3,16
6,1987,128,2,2,13
7,1955,237,3,4,13
5,1975,114,2,3,19
0,1990,78,2,2,23
0,1996,46,2,2,23
0,1978,164,3,4,22
7,1998,90,2,1,13
0,1960,166,3,5,23
7,1988,91,2,1,23
0,1997,74,2,2,23
7,1970,150,3,4,23
7,1953,208,3,4,23
5,1940,227,4,4,3
1,1950,152,3,3,16
1,1976,111,3,2,16
0,2006,108,2,3,22
0,1989,117,3,3,22
0,1957,141,3,4,14
0,1954,203,3,5,22
0,1988,96,3,3,22
0,1970,150,3,4,22
1,1964,171,3,6,14
4,2020,33,1,1,14
5,1974,262,2,5,16
5,1964,136,3,3,16
2,2024,21,1,1,4
0,2002,69,2,1,14
1,1960,150,3,2,14
3,1940,209,3,4,19
6,1982,154,2,3,13
5,1970,75,2,2,14
4,1937,220,4,5,5
7,1968,109,2,2,14
1,1960,125,2,2,14
3,1940,131,2,2,19
3,1967,119,2,3,14
3,1910,223,2,3,19
0,1921,242,5,6,1
6,1993,77,2,2,16
0,1985,98,2,2,22
2,2019,38,2,1,20
0,1985,61,2,2,22
1,1971,98,2,2,16
4,1936,192,4,5,14
1,1981,72,2,2,16
7,1987,137,3,4,12
6,1982,94,2,2,12
0,1972,163,3,4,12
0,1977,158,3,4,12
0,2007,67,2,2,2
1,1959,187,3,4,23
5,1965,194,3,3,14
0,1957,109,3,2,19
4,1980,142,3,5,22
0,1992,106,2,2,14
0,1992,109,2,2,14
1,2009,42,2,2,2
5,1996,37,2,2,2
0,1940,183,4,5,2
5,1930,251,6,5,2
0,1987,117,2,3,14
1,2010,39,2,1,2
0,1996,64,2,2,2
0,2002,45,2,2,2
1,2005,43,2,2,2
0,1986,183,2,3,13
5,1985,77,3,2,13
3,1947,121,2,2,19
3,1958,103,2,2,14
3,1940,146,2,2,19
7,1962,107,2,2,14
3,1957,112,2,2,14
0,2007,49,2,2,19
2,2019,26,2,1,20
5,1981,90,2,3,13
3,1950,188,3,4,19
6,1963,139,3,3,5
3,1940,160,2,3,19
0,1987,67,2,2,13
0,1972,116,3,4,13
0,1980,88,2,2,22
3,1955,143,2,3,22
3,1990,84,2,3,22
7,1937,180,3,3,15
7,1947,170,3,3,15
3,1955,150,3,4,22
6,1960,106,3,2,20
7,1947,170,3,3,15
3,1951,188,3,4,22
7,1947,165,3,2,15
7,1957,139,3,2,15
7,1957,139,3,2,15
7,1988,198,2,3,21
5,2018,23,1,1,10
0,1995,87,2,2,14
4,2004,61,2,2,22
5,2013,56,2,2,14
5,1987,69,2,3,14
1,1960,137,3,3,19
0,1934,200,3,5,15
5,1992,67,2,2,14
0,2006,39,2,2,13
6,1965,175,4,3,14
0,1995,95,2,3,14
0,1972,93,2,3,14
0,1911,258,3,4,16
0,1972,79,1,1,14
0,1982,97,3,3,14
7,1979,125,3,2,23
7,1984,112,3,3,23
1,2016,16,1,1,12
7,1982,125,3,3,23
0,2007,58,2,2,13
1,2022,36,1,2,2
4,2005,82,2,3,16
0,1967,116,2,4,14
0,1975,140,3,3,14
3,1997,72,3,3,12
5,1985,84,3,2,19
2,2021,25,1,1,16
2,2021,40,1,1,16
1,1920,203,3,2,10
0,1987,124,2,3,19
0,1942,140,3,3,14
0,1957,119,3,3,14
0,1957,109,3,3,14
5,1966,171,3,2,15
2,2022,30,2,1,2
0,2019,29,1,1,13
1,2020,15,1,1,12
0,2004,51,2,2,13
0,2007,53,2,2,13
0,1990,85,2,1,19
5,2003,42,2,1,13
0,1992,79,2,2,14
0,1995,72,2,2,14
0,1995,62,2,2,14
6,2019,22,1,1,3
0,1982,82,2,3,14
0,1957,102,2,1,14
6,1967,15,3,5,14
0,1992,102,2,3,14
3,1995,79,2,3,13
1,1930,255,4,4,14
0,2010,45,1,1,22
5,2002,92,2,3,14
5,2002,88,2,3,14
5,2016,39,1,1,14
5,1970,109,3,3,2
5,1970,106,3,4,2
5,1970,107,3,3,2
5,1965,121,3,3,2
5,1965,125,2,2,2
5,1965,127,3,6,2
6,1957,75,2,2,18
0,1935,229,5,5,2
1,2009,115,3,2,2
1,2009,99,3,2,2
5,1990,106,3,2,13
0,1990,117,2,2,14
3,1995,98,2,2,11
0,1995,86,2,2,11
7,1987,60,1,1,14
1,1967,107,2,2,14
1,1907,213,3,3,14
1,1988,70,2,1,16
5,1989,98,3,3,3
0,2002,53,2,1,13
5,2007,76,2,2,2
7,2016,52,1,1,14
0,1955,122,3,3,2
0,1940,139,3,3,2
3,1977,110,2,2,14
7,1987,157,4,2,2
0,1930,99,3,3,2
7,1966,103,3,3,2
7,1960,101,3,2,2
0,1940,148,3,3,18
7,1946,140,5,3,2
1,1960,177,3,3,23
0,1970,95,3,2,14
5,2007,64,2,2,2
0,1997,52,2,1,13
0,1997,59,2,2,13
0,2010,58,2,2,13
1,1907,156,3,3,2
1,2009,77,2,2,2
3,1997,71,2,2,13
1,1983,90,3,2,16
1,1917,191,3,4,14
1,1977,114,3,3,1
5,1998,86,2,2,21
1,1957,129,3,3,14
5,1968,213,3,4,21
6,1958,153,2,2,21
6,1968,121,2,3,21
6,1968,152,2,2,21
6,1985,73,2,2,22
4,1925,282,4,3,10
0,1940,151,3,3,18
7,1960,130,5,3,2
7,1960,106,4,2,2
7,1966,90,4,2,2
7,1950,130,5,4,2
7,1983,105,3,3,2
7,1991,102,3,3,2
1,1930,276,3,3,18
7,1978,101,3,2,2
7,1960,175,5,6,2
3,1946,149,5,3,2
0,1995,106,2,3,22
0,2008,52,2,2,14
7,1935,246,3,3,14
4,2022,68,2,2,2
4,2022,76,2,2,2
5,1996,84,2,2,21
3,1957,81,2,2,18
1,1962,105,3,2,14
6,1983,111,2,3,11
0,1981,134,2,3,11
6,1997,74,2,2,11
5,1994,96,2,2,11
1,1927,182,3,3,14
0,1990,101,2,2,11
0,1962,113,3,4,20
0,1997,78,2,2,21
2,2015,86,2,2,20
0,1962,117,3,4,20
2,2024,24,1,1,20
0,1962,118,3,3,20
0,1962,129,3,4,20
0,1962,102,3,3,20
2,2020,38,1,1,20
0,1962,125,3,4,20
6,1982,99,3,3,20
2,2021,35,1,1,20
2,2018,50,2,1,20
3,1940,153,2,3,18
7,1940,159,5,4,2
2,2019,33,1,1,18
3,1957,82,2,2,18
6,1947,112,2,3,18
3,1947,105,2,3,18
7,1966,119,4,2,2
3,1957,110,2,2,18
0,1940,187,3,5,14
1,1960,111,2,2,14
7,1946,145,4,2,2
7,1960,136,5,2,2
0,2015,63,1,1,12
7,1946,132,4,3,2
7,1960,125,4,3,2
7,1930,172,4,3,2
4,2022,83,2,2,2
4,2022,81,2,2,2
4,2022,81,2,2,2
1,2005,53,2,2,12
4,1965,138,3,2,10
1,2009,89,2,2,2
4,1965,135,3,3,10
5,2005,84,3,2,2
5,1965,151,3,4,2
3,1996,89,2,2,11
0,1979,138,3,3,11
0,1933,157,3,4,21
0,1996,78,2,2,11
0,1982,129,3,2,11
0,1962,112,2,3,14
6,1999,56,2,3,11
2,2019,38,1,1,16
0,1988,122,2,2,11
0,1990,78,2,2,14
2,2014,79,2,2,20
0,1975,92,2,2,14
0,2014,43,1,1,21
2,2022,23,1,1,20
0,1964,107,3,3,20
2,2021,50,2,1,20
6,1992,85,3,2,20
0,1999,60,3,2,20
6,1947,94,3,2,20
0,1970,106,3,3,20
3,1987,102,2,3,21
6,1942,133,3,3,20
7,1960,135,5,2,2
7,1946,157,4,3,2
7,1946,126,4,3,2
3,1970,91,3,2,2
7,1964,150,4,3,2
7,1970,132,4,4,2
7,1970,163,5,4,2
5,1975,125,3,4,2
5,1970,122,3,4,2
5,1980,74,2,3,2
5,1978,78,3,2,2
6,1987,116,2,2,13
4,1950,217,4,4,10
6,2007,79,2,1,13
6,1950,136,3,4,2
0,2002,54,2,2,13
0,1995,107,2,3,21
0,2002,77,2,1,13
0,2020,39,2,1,2
0,1960,117,3,3,2
6,1960,116,3,3,2
0,1960,133,3,4,2
0,1996,79,2,2,11
1,2010,60,1,1,10
3,1985,113,2,2,21
0,1988,111,2,2,11
0,1996,75,2,2,11
0,1995,84,2,2,11
3,1999,71,2,2,3
3,1993,114,2,2,11
5,1950,150,3,3,2
5,1965,98,3,2,2
6,1982,82,2,2,20
6,1999,47,2,2,21
6,1976,74,2,2,20
2,2019,42,1,1,10
2,2021,42,1,1,20
2,2021,38,1,1,20
7,1983,96,2,3,2
7,1936,183,5,4,2
7,1966,104,4,2,2
7,1950,122,4,4,2
7,1983,106,4,2,2
7,1960,138,4,4,2
7,1984,94,3,2,2
7,1970,93,4,2,2
7,1950,144,5,3,2
0,1957,75,2,2,18
7,1970,99,3,2,2
7,1936,158,4,5,2
7,1950,139,5,3,2
7,1950,126,4,3,2
7,1946,155,3,3,2
7,1987,95,3,2,2
3,1950,121,3,2,2
4,2004,62,2,1,10
3,1970,91,3,2,2
3,1987,103,2,2,22
6,1988,123,2,3,22
3,1966,118,4,3,2
3,1946,117,3,2,2
3,1995,77,3,2,2
7,1940,172,3,3,2
3,1990,117,2,2,11
0,1990,271,3,4,13
0,1982,71,2,2,14
0,1967,110,2,3,14
0,1977,100,3,3,14
2,2018,52,1,1,10
1,1948,185,3,3,14
7,1950,123,5,4,2
6,1940,114,1,3,18
0,1967,64,1,2,18
6,1925,162,2,3,18
3,1975,91,3,3,2
3,1926,261,4,4,2
1,1968,150,3,4,23
3,1950,117,3,2,2
3,1980,115,3,3,2
5,2002,52,2,2,23
7,1980,159,5,3,2
5,1935,259,5,4,14
7,1970,164,5,5,2
0,2008,41,1,1,13
7,1960,163,5,4,2
7,1970,176,4,3,2
7,1970,166,5,4,2
7,1970,139,4,3,2
7,1983,114,3,3,2
0,2008,37,1,1,13
1,1960,136,2,2,10
6,1967,116,3,3,14
0,1974,124,3,3,2
0,1972,83,2,2,14
0,1927,174,4,4,2
0,2009,73,2,2,14
3,1968,83,2,3,14
2,2022,23,1,1,18
2,2016,49,2,2,10
5,2007,38,1,1,14
0,2000,86,2,2,22
6,1932,166,3,3,15
6,1940,123,2,2,18
0,1990,66,2,2,14
2,2021,29,1,1,21
2,2011,136,2,2,21
0,2007,44,1,1,13
7,1984,109,3,3,2
3,1983,91,3,3,2
3,1980,115,3,2,2
3,1946,128,4,3,2
7,1976,142,5,4,2
7,1976,142,5,2,2
3,1997,92,3,2,2
7,1982,106,3,3,2
7,1950,109,3,3,2
0,1998,84,2,2,13
7,1950,115,3,3,2
7,1946,168,5,5,2
0,2002,76,2,1,13
3,1956,104,4,3,2
5,1980,151,3,3,21
5,1995,111,2,3,21
3,1960,156,3,5,2
6,1927,174,3,3,15
3,2008,48,2,2,12
1,2025,23,1,1,23
3,1951,107,2,2,14
4,1997,100,2,3,11
0,1972,86,3,2,14
0,1982,99,3,2,14
0,1940,132,2,3,18
6,1940,133,2,4,18
6,1967,67,2,2,18
3,1970,81,3,2,2
7,1950,138,5,3,2
3,1950,138,5,4,2
7,1960,94,3,3,2
4,2009,72,2,1,10
0,1986,118,3,2,2
0,1986,134,4,4,2
7,1989,122,3,2,11
2,2019,33,1,1,10
0,1992,44,1,1,14
1,1937,145,3,2,14
5,1997,71,2,3,14
0,1978,67,2,2,14
1,1905,153,3,3,14
1,1959,110,2,2,14
5,2000,138,2,2,11
0,1980,99,2,2,11
6,1980,99,2,2,11
0,1980,80,2,3,14
5,1991,131,2,3,21
5,1988,166,2,4,21
3,1974,137,3,3,23
5,1995,118,2,3,21
6,1979,94,3,2,2
4,2009,75,2,1,10
5,1947,161,3,4,2
1,1952,119,3,3,14
1,1957,107,3,3,14
3,1965,150,4,2,14
3,1968,122,4,4,14
1,1962,96,2,2,14
0,1942,179,3,5,15
7,1936,166,4,4,2
7,1940,144,3,3,2
1,1912,193,3,4,14
1,1907,207,2,3,14
7,1956,139,3,3,2
1,1927,172,3,3,14
1,1937,151,3,3,14
1,1922,206,3,2,14
1,1917,187,4,4,14
0,1980,120,2,2,11
0,1993,50,2,2,14
6,1948,105,3,2,14
6,1980,52,2,2,11
5,1910,209,5,4,14
6,1980,63,2,2,11
6,1980,55,2,2,11
0,1987,65,3,2,14
0,1980,80,2,2,11
0,1979,103,3,4,14
0,1980,69,2,2,11
0,1987,110,3,3,14
0,1980,68,2,2,11
0,2016,11,1,1,11
0,1980,106,2,2,11
0,1980,90,2,2,11
0,1980,82,2,2,11
3,1969,164,3,3,23
6,1970,126,3,3,2
6,1971,125,3,3,2
6,1977,103,3,2,2
3,1960,190,3,3,23
4,2010,150,3,3,2
0,2007,52,1,1,13
5,1947,104,3,3,2
2,2012,25,1,1,21
0,1997,55,1,1,13
1,1967,100,2,2,14
1,1947,131,3,4,14
3,1960,143,4,5,14
1,1972,83,2,2,14
1,1937,140,3,3,14
1,1917,190,3,4,14
1,1907,216,3,4,14
1,1917,200,4,5,14
1,1917,193,4,4,14
1,1913,147,3,3,14
0,1979,153,2,2,11
0,1993,94,2,2,11
0,1997,76,2,3,11
7,2000,76,3,2,10
0,1992,69,2,2,14
5,1987,122,2,3,11
0,1999,100,1,2,11
0,1982,81,1,2,14
3,1975,135,3,4,23
4,2010,142,3,3,2
4,2010,140,3,3,2
4,2010,85,3,2,2
4,2010,127,3,3,2
0,1995,57,2,3,22
4,2010,136,3,3,2
6,2022,20,1,1,23
3,1969,150,2,3,23
5,1988,66,3,2,23
0,1987,78,3,2,23
5,2005,79,3,2,22
3,1997,92,2,2,23
5,2007,67,2,2,22
4,2009,54,2,1,10
5,2004,85,2,2,13
7,1960,135,3,3,12
7,1960,118,3,3,2
1,1962,98,2,2,14
0,2005,42,1,1,14
3,1977,161,4,4,2
3,1940,146,3,3,2
6,1962,109,4,3,14
5,1968,126,3,3,2
5,1968,76,2,2,2
1,1954,110,3,4,23
5,2000,115,2,2,11
0,1967,99,2,3,14
5,2015,45,2,2,11
0,1980,81,2,2,11
0,1990,58,2,2,11
6,1980,88,2,3,11
6,1980,78,2,2,11
0,1995,63,2,3,22
0,2005,51,2,2,22
5,1982,98,4,3,23
1,1970,178,4,4,12
5,1976,111,4,3,23
0,2003,65,3,2,2
3,2007,68,2,2,2
1,1963,144,3,3,2
4,1975,110,3,2,10
1,1930,144,3,2,11
5,1990,117,2,3,22
1,1930,211,4,3,11
5,2011,38,2,1,2
5,1990,80,2,3,22
1,1993,73,2,2,8
1,1950,105,3,3,11
1,1930,175,3,2,11
7,1966,149,3,4,2
6,2017,44,1,2,22
3,1995,125,3,3,2
5,2003,56,3,2,3
0,1980,119,2,2,11
0,1980,50,2,2,11
0,1980,61,2,2,11
0,1980,94,2,2,11
0,1980,85,2,2,11
0,1980,100,2,2,11
6,1981,125,2,3,11
5,2013,70,2,2,10
0,1985,111,2,2,11
0,1983,125,2,3,11
0,2000,117,2,2,21
0,1993,101,2,3,11
0,1999,70,2,3,11
5,1960,189,3,4,2
7,1984,132,4,3,23
4,2022,68,2,2,2
4,2022,67,2,2,2
7,1984,117,3,2,23
4,2022,33,2,2,2
4,2022,73,2,2,2
7,1987,102,2,2,23
4,2022,68,2,2,2
7,1982,120,3,2,23
4,2022,72,2,2,2
1,2011,38,1,1,10
1,2011,39,1,1,10
5,2015,24,1,1,19
0,1985,102,3,3,11
1,2018,25,1,1,19
0,2006,68,2,2,11
5,1992,90,2,2,16
1,1909,180,3,3,14
2,2023,20,1,1,18
4,2006,140,3,4,11
4,2022,23,1,1,11
0,1940,153,3,2,18
0,1940,128,2,2,18
0,1940,177,3,2,18
7,1929,217,3,4,14
0,2002,53,2,2,13
3,2015,40,1,1,7
4,1966,145,3,4,7
0,1967,77,2,2,16
0,1998,75,2,2,16
3,1990,83,2,2,14
1,2004,50,2,2,13
1,1933,203,3,4,14
1,1951,162,2,4,14
0,1999,78,2,3,14
5,1920,278,3,4,11
0,1947,122,2,3,18
0,1940,218,3,4,18
0,2008,88,1,1,18
5,2009,71,2,2,11
0,1940,120,3,3,18
5,2009,46,2,1,11
3,1974,123,2,3,14
4,1978,139,3,3,7
4,1975,126,3,4,7
3,2005,66,1,2,18
0,2007,41,2,2,7
2,2015,59,2,2,7
0,2014,46,2,2,7
6,1977,102,3,2,7
0,1991,75,3,2,7
6,1976,174,3,4,15
0,1984,100,2,2,14
7,2007,35,2,2,21
7,1996,71,2,2,14
3,1939,184,4,4,14
5,2009,48,2,1,11
0,1962,141,2,4,14
0,1940,201,3,3,18
5,1977,124,2,3,14
5,1937,192,3,4,14
5,2009,52,2,2,11
3,1940,147,4,3,19
7,2005,33,1,1,20
0,1940,184,4,6,14
7,1985,93,2,2,3
7,1991,70,2,2,14
5,2009,68,2,2,11
6,2005,57,2,2,7
3,1977,74,2,1,18
0,2007,53,2,3,7
0,1962,149,2,4,14
6,1997,63,2,2,7
0,2007,69,2,3,7
5,1939,210,4,5,14
0,1965,129,3,3,7
6,2000,58,2,2,7
3,1980,84,2,2,14
0,1995,57,2,1,14
1,1929,208,4,4,14
1,1924,221,3,8,14
0,1970,116,2,2,14
0,1987,87,2,2,14
0,1960,190,3,3,18
0,1980,100,2,2,18
2,2017,64,1,1,18
6,2005,19,1,1,20
0,1947,116,2,3,18
2,2006,137,2,4,11
6,1967,96,3,3,14
5,1933,294,4,3,17
0,2017,22,1,1,21
0,1982,76,2,3,14
0,1953,159,3,4,15
4,2017,47,2,2,10
0,1995,62,2,2,14
2,2021,26,1,1,1
1,1950,161,3,4,14
1,2000,102,3,2,2
0,1989,101,3,3,20
5,1949,187,2,4,14
0,1947,173,2,5,14
0,1976,110,2,2,14
1,1923,223,3,5,14
0,1972,134,3,3,2
0,1997,71,2,3,22
0,2000,93,2,3,14
0,2005,43,2,2,21
1,2015,36,2,2,21
0,1975,98,2,2,14
0,1975,95,2,2,14
0,1995,94,2,2,14
0,1975,87,2,2,14
7,1963,140,2,4,14
3,1981,122,2,1,14
3,1981,102,2,3,7
3,1985,90,2,3,7
1,2020,44,2,1,2
1,1991,59,1,2,14
1,1971,88,2,3,14
1,1961,125,3,3,14
1,1966,111,3,3,14
0,1999,45,2,2,21
2,2023,20,1,1,16
0,2005,55,2,2,21
7,1975,103,3,2,14
1,1970,148,3,3,14
1,1970,92,3,3,14
0,2002,57,2,2,23
6,1975,94,2,2,14
0,1975,80,2,2,14
0,1965,135,2,2,14
0,1965,157,2,3,14
0,1960,153,2,3,14
3,2008,42,1,1,14
6,1988,86,1,2,14
0,1923,151,3,4,14
2,2021,16,1,1,10
0,1986,80,2,2,14
6,2016,46,2,1,14
0,1961,148,3,4,14
1,1970,92,3,3,14
0,2012,68,2,2,14
1,1937,183,3,3,14
1,1992,67,2,2,14
1,1942,162,3,3,14
6,1995,72,2,2,14
0,1997,60,2,2,14
0,1927,162,2,3,17
0,1956,132,4,3,14
3,1982,141,3,4,22
0,1977,90,2,2,18
2,2021,21,1,1,16
0,1988,86,3,4,7
6,1984,109,3,5,14
0,1985,92,3,4,7
0,1985,101,3,4,7
0,1986,99,3,4,7
4,1962,213,3,4,14
0,1980,142,3,4,21
0,1960,153,3,2,14
2,2021,37,1,1,13
2,2020,26,1,1,13
6,1995,88,3,2,7
1,1928,224,3,4,13
7,1950,147,2,3,22
6,1972,150,4,3,7
4,1981,112,3,3,7
4,1975,129,3,3,7
0,2000,69,2,3,22
4,1969,137,3,4,7
0,1983,113,3,4,7
0,1984,111,3,4,7
1,1987,82,2,2,14
5,1992,95,3,3,14
0,1989,108,3,4,7
0,1980,104,3,4,7
0,1987,85,3,3,7
0,1965,161,3,3,14
0,1965,200,3,2,14
2,2020,34,1,1,13
0,1960,117,2,3,14
3,2018,37,1,1,15
6,1968,142,3,2,22
0,1975,123,3,4,22
4,1974,126,3,4,7
0,1984,134,2,3,7
0,2023,23,1,1,22
0,1983,111,2,3,7
0,1972,159,2,3,7
5,1995,110,2,2,5
0,1978,118,2,3,7
2,2014,59,1,1,7
1,1945,105,2,2,14
0,1978,81,3,2,16
4,2025,26,1,1,10
0,1963,75,2,2,16
5,1964,160,4,4,14
3,1989,81,2,2,21
0,1984,117,3,4,22
0,1970,67,2,1,14
0,1960,81,2,2,14
1,1918,240,4,6,13
0,1992,82,2,2,7
0,1986,101,2,3,7
0,1977,139,3,3,7
3,1941,172,4,5,13
0,1984,115,2,2,7
0,1986,112,3,3,18
6,1965,161,3,4,7
7,1966,137,3,3,16
7,1987,109,3,2,11
6,1957,183,3,3,7
3,1940,144,3,2,11
1,1995,88,3,2,14
1,1980,166,3,2,14
1,1977,137,3,2,14
1,1926,133,2,2,14
4,2025,26,1,1,10
2,2021,31,1,1,13
0,1970,80,2,2,14
3,1991,85,2,2,16
5,2009,50,2,2,22
6,1950,188,3,4,22
0,1970,65,2,2,14
5,1940,249,3,4,11
1,1950,131,2,3,11
1,1930,191,4,5,11
5,1994,59,3,2,23
1,1964,192,2,2,21
6,1975,103,2,3,11
0,1985,102,3,3,11
6,1985,104,3,3,11
3,1947,139,2,2,18
6,1960,100,3,2,14
1,1946,172,3,3,14
0,2001,53,2,2,7
1,1954,150,3,3,14
5,2016,28,1,1,19
0,1999,68,2,2,7
0,1997,68,2,3,7
0,1998,67,2,3,7
0,1997,68,2,3,7
4,1986,150,4,5,15
4,2022,42,1,1,19
5,1937,233,3,5,14
4,2025,26,1,1,10
0,1970,74,2,2,14
6,1960,175,3,4,22
7,1975,118,2,2,16
0,1980,63,2,2,14
0,1985,60,2,2,14
3,1974,128,4,3,21
0,1975,91,2,2,14
3,1951,123,2,3,15
1,1955,190,4,4,20
4,1971,162,3,4,7
2,2020,46,1,1,11
2,2020,42,1,1,7
0,1987,81,2,3,7
0,1962,134,3,4,7
6,1990,128,2,4,22
6,1958,154,3,4,7
6,2001,58,2,2,7
0,1997,72,2,3,7
0,2006,31,1,1,7
2,2021,35,1,2,11
3,1966,146,2,3,14
0,1961,147,2,3,14
0,2008,53,2,2,7
3,1920,227,4,4,14
1,1928,217,2,5,14
0,1994,83,2,3,7
4,1937,205,3,5,5
0,2003,49,2,2,7
7,1975,129,2,3,14
7,1975,100,2,2,14
5,1980,121,3,2,13
3,1980,147,3,3,21
6,2006,42,2,2,11
0,1985,114,2,4,11
0,1998,84,2,2,22
0,1980,57,2,2,14
0,1980,90,2,2,14
0,1985,101,2,3,11
7,1965,129,3,2,14
0,1985,114,2,4,11
7,1980,84,2,2,14
6,1965,98,2,2,14
0,1965,124,2,2,14
0,1967,132,3,4,7
2,2021,34,1,2,11
2,2012,77,2,1,7
2,2020,49,2,2,11
2,2020,50,2,2,11
2,2014,46,1,1,7
7,1950,167,3,4,11
2,2021,41,1,2,11
2,2020,40,1,1,11
0,1994,82,2,2,21
0,1992,101,3,3,7
3,1965,140,3,4,14
0,2014,43,1,1,7
0,1974,122,2,3,14
5,1985,95,2,1,14
2,2012,93,2,2,7
0,1973,113,3,3,14
6,2002,74,1,1,14
5,1970,116,2,2,14
0,1985,93,2,3,11
0,1985,92,2,4,11
0,1990,71,2,2,14
0,2005,43,1,1,11
2,2024,23,1,1,22
0,1985,99,2,3,11
0,1960,128,2,3,14
0,1965,118,2,3,14
5,1981,97,2,3,21
0,1986,100,3,4,7
1,1937,270,4,4,13
6,1998,59,2,2,7
0,1958,155,4,5,7
2,2020,40,1,1,11
2,2021,33,1,1,11
2,2024,21,1,1,7
5,1989,87,2,2,21
2,2023,24,1,1,11
2,2020,43,1,1,11
2,2023,24,1,1,11
0,2014,61,2,1,7
0,2004,66,2,2,7
0,1943,181,2,4,14
5,1986,90,2,3,14
0,1968,129,3,4,7
0,2000,65,2,3,7
4,1971,135,3,4,22
2,2024,18,1,1,16
4,1927,204,4,5,14
0,1963,74,3,2,16
7,1920,288,4,4,14
7,1999,69,2,2,14
7,1995,82,2,2,14
7,1995,89,2,2,14
2,2016,44,1,1,15
7,1965,109,2,2,14
7,2000,104,2,2,14
0,1901,194,3,3,14
0,1969,123,3,3,7
0,2003,63,2,2,7
2,2013,100,2,2,7
2,2023,21,1,1,11
0,1981,114,3,3,7
6,1980,105,3,3,7
6,1989,77,2,3,7
4,1997,60,2,2,16
6,1977,111,3,3,7
6,1992,67,2,3,7
0,1999,59,2,2,7
6,1981,99,1,2,11
5,1995,102,2,3,21
6,1980,126,3,3,22
0,1993,82,2,2,11
2,2007,74,1,2,11
5,2023,18,1,1,22
1,1925,225,3,4,19
0,1980,84,2,2,22
2,2021,39,1,1,12
2,2021,41,1,1,12
2,2021,40,1,1,12
2,2024,21,1,1,23
2,2021,40,1,1,12
2,2021,41,1,1,12
2,2021,37,1,1,12
3,1963,140,3,3,16
0,2003,70,3,2,2
6,1985,108,3,3,12
0,1980,138,3,4,12
7,2011,65,1,1,12
6,1975,196,3,4,12
0,1980,141,3,2,23
0,1919,236,3,6,14
1,1960,144,2,2,14
7,1947,114,3,3,19
6,1996,68,3,2,17
1,2024,22,1,1,23
2,2021,35,1,1,12
2,2021,34,1,1,12
3,1998,108,2,2,23
2,2021,42,1,1,12
5,1997,54,1,1,21
4,1972,173,3,5,12
5,1996,70,3,2,14
6,1993,95,2,2,17
0,1934,266,4,5,17
0,1975,113,3,3,13
6,1947,96,2,2,19
4,1906,273,5,6,20
1,1920,175,4,4,11
0,1991,79,3,2,12
5,1997,79,2,2,21
5,1997,96,2,3,21
5,1982,142,3,3,21
5,1992,94,2,2,21
0,1986,100,3,4,1
7,1974,122,3,3,1
0,2005,45,2,2,21
0,1927,215,5,4,1
3,2004,104,2,3,11
4,1991,70,2,2,23
7,1950,170,4,3,19
7,1940,124,3,2,19
4,1976,150,3,3,23
2,2010,58,1,2,23
0,1997,65,3,2,1
0,1990,44,2,1,18
0,1974,103,2,2,18
0,2000,67,2,2,22
1,1945,185,3,5,14
1,1931,210,3,5,14
1,1907,258,3,5,14
6,1973,104,2,3,10
0,1993,71,3,2,12
0,2000,55,3,2,12
1,1957,123,2,3,22
1,1980,52,2,2,22
1,1957,122,3,3,22
3,1944,176,3,2,16
0,1984,94,3,3,12
6,1985,77,3,2,2
5,1962,195,3,4,21
0,1982,135,3,3,21
0,1997,68,2,2,21
4,1985,77,2,2,10
2,2006,101,2,2,11
2,2011,63,1,2,11
0,2001,75,2,2,14
0,2012,30,1,1,2
0,1968,166,2,6,14
5,1973,125,3,3,23
0,1947,106,3,3,18
0,1940,142,3,3,18
1,1930,215,3,5,14
6,1959,168,3,3,23
0,1949,224,4,4,19
4,1995,163,4,5,20
0,1995,67,3,3,12
0,1989,83,3,2,12
1,2009,132,3,2,2
2,2012,60,1,2,22
0,1985,116,2,3,12
2,2014,29,1,1,12
0,1998,119,3,4,12
2,2014,61,1,2,23
1,1949,218,3,4,19
0,1986,99,2,1,14
5,2005,55,1,2,22
5,1932,221,4,5,13
2,2020,46,1,1,18
0,1954,154,3,2,14
0,2008,54,2,1,13
6,1980,110,3,4,22
2,2017,49,2,1,22
1,1984,111,2,3,22
5,1998,93,2,2,21
7,1958,204,4,4,12
1,1937,232,4,4,13
0,1997,91,2,2,23
3,1988,79,2,2,14
3,2002,84,2,2,23
0,1963,139,4,3,19
1,2022,24,1,1,23
4,1985,57,1,1,10
0,2000,50,2,2,22
0,1987,116,2,2,21
6,1947,155,4,4,13
0,1990,118,2,2,18
3,1940,111,2,2,18
3,1940,194,3,4,18
3,1991,74,2,2,14
3,1912,175,3,3,18
3,1983,100,2,2,14
3,1940,121,2,2,18
2,2022,34,1,1,18
2,2022,29,1,1,18
2,2001,65,2,2,11
1,1975,85,2,2,22
0,2000,56,3,1,12
4,2024,30,2,1,2
1,1982,100,2,2,22
1,2009,104,3,2,2
1,1919,225,3,4,22
5,1995,63,2,2,2
1,2009,96,2,2,2
1,2014,16,1,1,22
1,1987,83,2,2,22
0,1997,111,2,2,23
3,2002,73,2,2,23
0,1997,138,2,2,23
3,2002,107,2,2,23
1,1956,157,3,4,16
4,2022,22,1,1,23
7,1937,192,3,3,12
4,1974,129,2,3,10
0,1988,95,2,2,19
1,2011,25,1,1,10
1,1913,254,4,4,14
0,1940,201,3,4,18
5,1997,71,2,2,14
7,1954,160,5,3,14
0,1982,73,3,2,2
0,1981,135,3,3,12
0,1990,92,2,2,19
0,1991,99,2,2,23
5,1978,118,2,2,19
2,1990,140,2,3,5
4,1974,98,2,3,10
4,2022,24,1,1,23
7,1904,180,3,2,12
4,1974,102,2,3,10
4,1974,126,3,3,10
4,2022,22,1,1,23
4,2022,24,1,1,23
0,2008,42,2,1,10
4,1974,94,2,3,10
2,2024,25,1,1,1
4,1974,102,3,3,10
3,2000,72,2,1,14
1,1937,194,4,4,14
1,1955,255,4,5,14
2,2014,66,1,1,20
6,1947,111,2,3,18
2,2019,26,1,1,18
3,1938,197,5,6,13
6,1940,131,3,3,18
3,1939,193,5,5,13
2,2008,52,2,2,3
2,2020,25,1,1,18
3,1995,87,2,3,22
5,1959,146,4,3,19
0,1917,199,4,5,14
4,2022,21,1,1,23
4,1974,115,3,3,10
4,2022,21,1,1,23
1,1956,140,3,3,16
4,1974,132,3,3,10
4,1974,123,2,3,10
5,1973,100,2,2,16
4,1974,84,2,3,10
0,1998,94,2,3,22
0,1947,99,3,2,18
6,1965,100,2,2,18
2,2019,26,1,1,18
0,1968,75,3,2,18
2,2020,59,1,1,18
2,2016,56,1,1,11
2,2011,70,1,2,11
3,2017,35,1,1,22
4,1949,176,4,5,19
3,1966,93,2,2,11
4,1975,172,3,3,2
5,2006,35,1,1,23
5,1999,93,2,2,23
0,2000,76,2,2,23
0,2000,79,2,2,23
0,2000,63,2,2,23
4,1974,123,3,2,10
4,1960,151,3,4,10
4,1974,130,3,3,10
3,1959,142,4,3,14
0,1940,144,3,3,18
3,1938,187,3,3,14
3,1940,140,3,3,18
3,1950,112,2,2,18
2,1977,120,3,3,14
2,2010,65,2,2,2
0,1952,172,3,5,14
7,1967,124,3,4,13
4,1974,74,2,2,10
1,1937,271,4,4,13
0,1960,173,2,3,14
0,2006,60,2,2,18
0,1998,59,2,2,22
1,1930,290,4,4,18
1,1922,226,4,4,14
0,2002,60,2,2,14
1,1948,220,3,3,21
2,2019,28,1,1,19
6,1964,164,2,3,22
1,1940,125,2,3,16
6,1980,119,2,2,23
6,1980,111,2,2,23
6,1980,144,3,2,23
6,1946,169,2,6,14
1,1917,226,3,4,14
0,1988,125,3,3,21
1,1932,200,2,7,14
1,1969,121,1,3,14
5,1949,177,2,4,14
2,1970,152,2,3,20
4,1974,63,2,2,10
5,1973,101,3,3,16
5,1963,110,3,3,16
4,1974,100,2,2,10
5,1978,79,3,2,16
1,1940,147,3,3,18
7,1912,173,4,4,22
4,1974,102,3,3,10
5,1930,258,3,7,3
4,1926,249,4,6,20
5,1988,115,2,2,22
0,1996,74,2,3,14
0,1961,169,4,4,2
3,2014,27,1,1,14
0,1987,121,2,3,22
0,1995,76,2,3,22
5,2002,69,2,2,22
5,1961,156,3,6,14
1,2001,72,2,2,12
5,1973,109,3,3,16
2,2008,48,2,2,12
4,1987,152,3,4,2
5,1973,103,3,3,16
5,1985,115,3,3,23
5,2006,56,1,1,22
0,2016,46,1,1,23
0,2016,40,1,1,23
4,1993,93,2,2,23
1,1926,208,3,5,14
7,1940,155,3,3,19
6,1964,128,1,2,14
0,1913,246,3,7,14
2,2014,52,1,1,22
4,2000,69,2,2,2
7,1955,152,2,2,16
5,1990,84,2,2,23
1,1990,115,3,3,12
1,1990,104,2,3,12
0,2022,25,1,1,23
5,2005,63,2,2,23
0,1993,70,2,2,16
7,1957,185,3,4,2
0,2022,22,1,1,23
2,1996,70,1,1,23
1,1956,178,3,3,23
0,2004,56,2,2,14
2,1994,80,2,1,23
7,1940,145,3,4,19
7,1940,123,3,3,19
3,1990,112,2,2,12
3,1965,133,2,3,14
3,1990,88,2,2,12
3,1960,244,4,5,22
7,1945,172,3,3,16
2,1994,117,2,3,16
4,1993,97,2,3,23
4,1993,53,2,2,23
1,1954,195,2,3,23
4,1992,110,2,2,23
0,1987,126,2,3,22
0,2022,22,1,1,23
0,2022,22,1,1,23
0,2022,21,1,1,23
2,2019,31,1,1,5
3,1998,105,2,3,23
2,2021,29,1,1,22
4,1926,174,4,5,20
0,1967,137,4,4,14
2,2021,39,1,1,22
6,1939,226,3,4,20
0,1964,126,3,4,20
0,1962,129,4,4,14
3,1964,136,3,3,14
3,1936,202,1,3,14
1,1932,205,3,4,19
3,1990,100,2,2,12
1,1991,100,2,3,20
0,1971,146,3,4,22
6,1968,190,3,3,16
7,1986,124,3,3,13
3,1998,105,2,2,23
0,1992,96,2,3,22
5,2011,81,2,2,2
3,1998,105,2,2,23
3,1998,82,1,2,23
0,1988,109,2,3,22
0,1987,102,2,3,22
2,2008,63,1,1,11
1,1963,177,3,3,18
4,1965,181,4,5,11
4,1959,175,3,4,14
3,1973,161,3,5,14
1,1959,186,3,4,14
1,1997,238,2,4,14
3,1968,186,3,5,14
2,2015,42,1,1,10
2,2015,40,1,1,10
5,1987,165,2,4,22
2,2015,56,1,1,10
5,1987,131,2,2,22
1,1987,109,2,3,12
1,1989,99,2,3,12
0,2012,69,2,2,22
0,1996,87,3,3,2
1,1978,132,2,3,12
7,1989,74,3,3,13
0,1997,59,2,1,22
0,2000,47,2,1,22
0,1997,75,2,2,22
1,1955,205,3,5,12
3,1985,144,3,3,21
4,1983,102,3,3,4
4,1982,154,3,3,4
4,1980,103,3,3,4
5,1988,116,3,3,22
4,1978,105,3,3,4
4,1966,103,3,3,4
0,1957,79,2,2,18
6,1978,112,3,3,22
1,1948,229,2,3,22
0,1982,98,2,2,22
7,1986,105,3,2,12
0,1957,98,2,4,18
2,2025,23,1,1,22
4,1975,86,2,2,10
2,2025,21,1,1,22
0,1956,126,3,3,10
0,2004,37,2,2,10
2,2025,21,1,1,22
7,1940,167,3,2,19
0,1991,91,3,2,17
4,1964,147,4,3,4
4,1969,122,3,3,4
4,1982,108,3,3,4
1,1967,139,3,4,21
3,1983,107,2,2,15
6,1997,70,2,2,22
7,1940,191,3,5,4
4,1960,142,4,4,4
4,1958,162,4,5,4
3,1958,161,4,5,21
2,2022,20,1,1,1
0,1967,94,2,3,18
4,1966,122,3,3,4
0,1957,93,1,3,18
1,1976,133,4,3,2
0,1957,153,2,3,16
0,1940,119,2,2,18
4,1962,138,4,4,4
0,1947,102,3,3,18
6,1997,79,2,2,22
3,1940,125,2,4,19
0,1976,106,3,3,9
0,1981,110,3,4,9
2,2020,40,1,1,12
1,1981,120,2,2,23
0,2003,70,2,2,21
0,1979,106,3,3,9
0,2003,72,2,3,21
3,2015,26,1,1,12
0,2003,80,2,3,21
7,1990,104,2,2,12
3,1990,143,2,2,12
0,2003,68,2,2,21
4,1946,171,4,4,4
4,1940,202,4,3,11
4,1950,160,4,3,11
4,2011,33,1,1,11
4,1958,160,4,4,4
4,1960,131,4,2,11
0,1997,93,2,2,22
7,1985,109,3,3,7
0,1995,60,2,2,18
5,2007,47,1,1,15
7,1996,104,2,1,13
4,2010,69,1,2,16
6,1992,84,2,2,16
0,1974,124,2,3,17
6,1987,82,2,2,9
3,1990,91,2,2,12
0,1997,66,2,2,17
0,1947,118,3,2,18
6,1981,97,3,3,3
3,1974,123,2,2,16
2,2020,30,1,1,16
4,1942,208,5,5,4
0,1986,100,3,3,4
7,1948,211,4,3,12
0,1975,130,3,3,4
1,1975,113,3,3,2
7,1950,175,3,4,22
2,2016,65,3,1,22
5,1995,112,2,2,23
0,2018,28,1,1,10
5,2007,66,2,1,23
2,2020,22,1,1,3
5,1995,118,2,3,23
3,1965,139,2,3,18
0,2006,35,2,1,21
7,1995,77,3,2,22
2,2017,47,3,1,22
1,1950,185,3,3,18
1,1927,179,4,4,14
6,1983,91,3,3,9
1,2006,52,2,2,14
0,1970,120,4,3,3
1,1927,156,3,3,14
0,1977,111,3,3,3
0,1980,103,3,3,3
6,2000,65,2,2,21
0,2005,45,2,2,21
4,1938,242,4,4,4
4,1940,192,4,3,11
4,1940,216,4,3,11
3,2008,54,1,1,15
0,1970,113,3,3,13
4,1978,111,4,3,4
6,1987,115,2,2,22
6,1995,157,2,2,22
6,1987,102,2,2,22
6,1987,123,2,2,22
5,1996,129,3,3,10
5,2007,79,2,1,10
5,1980,108,2,2,10
5,1980,123,3,2,10
0,1983,104,2,2,14
5,2023,35,2,1,18
2,2018,54,3,1,22
4,1973,121,3,4,23
4,1973,155,3,4,23
1,1994,73,2,2,13
2,2013,63,2,2,1
6,2020,22,1,1,2
4,1979,151,3,4,23
1,1929,236,3,4,13
2,2025,25,1,1,22
2,2022,28,1,1,1
4,1990,121,2,3,23
4,1920,273,5,7,2
1,1995,88,2,3,12
1,1913,257,3,5,3
5,1970,161,3,4,21
6,2019,50,1,1,10
1,1994,84,2,2,17
0,1970,188,3,4,21
1,1914,242,4,3,17
3,1980,146,3,3,21
4,1956,175,4,4,4
4,1909,237,5,6,4
1,2023,30,1,1,2
1,1939,245,4,4,12
4,1940,176,4,3,11
0,2010,61,2,2,22
0,1973,114,4,2,19
4,1960,136,4,2,11
7,1966,140,3,3,13
6,1987,132,2,3,22
7,1991,84,2,2,13
5,1986,113,3,2,19
5,1989,106,2,3,19
7,1966,132,3,4,13
0,2016,51,1,2,2
6,2021,30,1,1,2
2,2025,25,1,1,22
2,2025,24,1,1,22
5,2019,43,1,1,2
5,2014,58,1,1,2
2,2025,23,1,1,22
3,1996,86,2,2,2
7,1970,184,3,4,21
7,1985,122,3,4,21
3,1991,96,2,2,2
3,1994,93,2,2,2
3,1990,102,3,2,21
7,1969,141,3,4,3
6,1985,93,2,3,3
6,1942,183,4,5,3
3,2022,24,1,1,10
1,1923,235,5,6,3
1,1935,195,5,5,3
0,1975,148,3,4,21
1,2023,28,1,1,2
4,1983,241,4,5,10
1,1925,296,4,6,18
7,2018,41,1,1,15
1,1950,246,3,4,22
4,1960,140,4,3,11
3,1961,143,3,4,14
4,2010,69,2,3,22
2,2003,60,2,2,16
5,1926,229,4,5,4
4,1960,122,4,2,11
7,1960,155,3,3,10
6,1994,91,2,2,10
4,1983,254,4,7,10
1,1950,142,4,2,10
1,1989,98,2,3,12
4,1980,183,3,3,10
7,2017,18,1,1,10
3,2001,71,2,1,13
7,2017,18,1,1,10
1,1975,106,3,2,11
0,1996,84,2,2,10
5,1965,170,4,4,2
4,1995,85,2,2,21
3,2000,74,2,2,21
5,1996,107,2,3,22
0,1996,103,2,3,23
7,1970,103,2,1,2
1,2002,92,2,1,12
1,1991,100,2,3,12
4,1985,148,3,4,23
6,1954,161,3,3,16
4,1968,151,4,4,9
0,1927,225,4,5,15
0,1926,220,3,5,15
6,1974,112,3,3,17
0,1953,159,4,5,15
4,1985,86,2,2,10
1,2023,25,1,1,2
1,1991,106,3,3,12
4,1919,234,4,5,4
1,2023,26,1,1,2
6,1987,82,2,3,16
3,1973,144,3,4,22
4,1970,146,3,4,22
3,1988,113,2,3,2
1,1990,107,2,3,12
1,1982,125,3,3,12
1,1996,97,2,2,12
1,1990,102,2,3,12
1,2017,43,1,1,2
0,2015,38,1,1,23
3,1995,99,3,3,21
3,1957,92,2,2,19
4,1974,84,2,2,10
4,1965,144,3,3,10
4,1975,107,3,3,10
4,2000,88,1,1,10
3,2000,50,1,1,18
4,1979,114,3,4,9
6,2011,66,2,3,12
4,1942,166,4,4,4
4,1975,106,4,3,4
3,2020,23,1,1,13
1,1983,117,3,3,12
6,1980,103,3,3,11
6,1973,128,2,3,17
0,2014,49,2,2,11
3,1995,96,3,3,21
6,2021,28,1,1,2
1,1983,126,2,3,12
5,1973,142,5,3,2
0,1993,98,4,2,2
5,1989,112,5,2,2
5,1993,109,2,2,23
1,1953,194,4,4,2
1,2017,42,1,1,2
0,1947,103,3,2,18
1,2016,41,1,1,2
4,1962,153,4,3,9
3,1970,113,3,3,2
1,1917,198,4,4,14
0,1958,150,3,5,15
7,1952,135,3,3,15
4,1958,160,4,4,4
4,1963,148,4,5,4
4,1918,259,5,6,4
3,1963,191,3,4,22
4,1901,294,5,6,4
0,1930,213,3,5,4
6,1930,235,3,4,18
1,1986,83,3,3,13
0,1950,224,3,4,23
0,1988,105,3,3,12
0,2005,70,2,2,12
3,1961,185,4,3,12
5,1987,82,2,2,16
6,1994,70,2,2,21
1,1973,139,3,3,2
0,1998,81,2,2,18
4,2014,44,2,2,2
2,1971,164,2,4,2
5,1989,118,3,4,19
6,2000,59,2,2,21
3,1992,121,2,2,23
1,1998,90,2,2,12
1,1940,138,3,3,2
0,1947,104,2,1,19
4,1951,181,4,5,4
4,1939,202,5,5,4
7,1986,104,3,3,5
1,1998,84,2,2,12
3,1993,84,2,3,5
3,1991,90,2,3,5
3,1989,96,3,3,5
5,1969,89,2,2,16
5,1987,58,2,2,16
7,1979,142,3,4,12
1,1957,175,4,5,5
1,2019,32,1,1,2
5,1994,89,2,3,21
7,1940,154,3,3,19
1,2019,35,1,1,2
1,2007,58,1,1,2
7,1946,181,3,4,9
1,1940,206,3,3,18
7,1994,80,2,2,9
1,2019,35,1,1,2
1,1968,155,2,3,2
1,1983,118,2,3,2
7,1968,138,3,4,9
7,1979,106,3,3,9
5,1925,260,5,5,20
6,1975,142,3,4,23
4,1992,142,2,4,23
6,1975,133,3,3,22
0,2005,72,2,2,22
4,1956,185,4,5,4
4,1941,215,4,5,4
4,2000,81,2,2,4
4,2010,37,2,1,4
5,1987,108,2,2,16
5,1987,91,2,2,16
1,1954,202,3,4,12
0,1995,83,2,2,22
1,1936,245,4,4,12
1,1925,226,4,4,16
1,1932,263,4,5,12
0,2023,27,1,1,23
1,1962,173,3,4,12
2,2006,72,2,2,22
2,2003,82,2,2,22
2,2005,77,2,2,22
0,2020,21,1,1,20
1,2019,39,1,1,2
2,2011,56,1,1,21
1,1982,96,2,2,23
1,1982,110,2,3,23
2,2022,32,1,1,12
0,1975,113,3,4,21
0,1969,122,3,3,21
6,2019,36,1,1,22
0,1984,88,2,3,22
5,2021,25,1,1,2
1,1970,151,3,3,12
2,2023,25,1,1,18
6,1930,197,4,3,18
0,1997,68,2,2,22
0,2022,22,1,1,20
4,1994,108,3,4,5
1,1983,123,2,2,16
5,1956,181,4,4,4
3,1950,224,4,3,18
6,1987,115,3,3,5
0,2022,21,1,1,20
6,1989,80,3,3,9
6,1977,81,2,3,22
2,2010,74,2,2,22
1,1997,91,2,3,2
5,2012,61,1,1,2
5,1967,155,4,4,2
6,1995,86,3,2,2
0,2004,79,2,2,9
4,2019,30,2,1,22
0,1997,86,3,3,2
4,2019,40,2,2,22
2,2012,61,2,2,23
7,1975,163,4,3,2
4,2017,63,1,1,12
7,1955,164,4,3,13
7,1985,150,4,3,13
3,1953,192,4,3,7
4,2017,64,1,1,12
0,1975,139,3,4,22
4,2017,72,1,1,12
4,2017,82,1,1,12
1,2023,27,1,1,2
5,1975,117,2,2,19
4,1947,202,4,5,4
4,1961,164,4,4,4
4,1968,159,3,4,4
0,1997,63,2,2,22
4,1970,120,4,3,4
4,1981,98,4,3,4
0,1997,75,2,2,22
4,1980,128,3,3,4
6,1997,80,2,2,5
1,1925,256,4,5,5
4,1986,97,3,3,4
4,1966,149,4,4,4
4,1963,163,4,4,4
0,2019,36,2,1,9
1,1950,207,4,3,19
6,1985,111,2,2,2
6,1995,88,2,2,2
3,1998,84,2,3,23
3,1998,93,2,2,23
6,2021,27,1,1,2
0,1991,86,2,2,15
3,1998,124,2,2,23
3,1979,153,3,4,22
4,2017,63,1,1,12
5,2023,30,1,1,11
3,1990,85,2,2,22
3,1990,95,2,2,22
4,2017,63,1,1,12
1,2008,65,3,2,2
1,1989,120,3,3,12
3,1990,115,2,2,22
4,2017,76,1,1,12
3,1990,95,2,2,22
7,1970,121,3,3,12
4,1978,120,4,3,4
4,1974,117,4,3,4
0,2000,72,2,2,22
4,1946,197,4,4,4
1,1977,114,2,3,22
0,2000,55,2,2,22
4,1978,112,4,3,4
4,1962,156,4,4,4
0,2012,33,1,1,2
0,1997,61,2,2,22
1,1997,91,2,2,16
4,1989,83,3,2,16
1,1998,101,3,2,16
5,1967,125,3,2,2
5,2009,50,2,2,2
4,1971,159,3,3,4
4,1935,224,4,5,4
2,2012,80,2,2,23
0,1980,122,4,3,2
0,1986,108,3,3,2
0,1995,89,2,2,15
5,1975,186,4,2,2
6,1982,117,4,3,2
0,1964,163,4,4,2
2,2020,26,1,1,12
3,1990,88,2,2,22
4,2022,37,1,1,12
3,1990,94,2,2,22
3,1990,93,2,2,22
0,1987,193,3,4,22
3,1990,108,2,2,22
3,1990,98,2,2,22
1,1950,204,4,4,13
6,2000,113,2,2,22
4,2017,68,2,2,10
1,1977,226,3,3,13
4,1938,240,4,5,4
4,1972,139,4,4,4
4,1975,128,4,3,4
4,1949,174,4,5,4
0,1997,70,2,2,22
5,2008,48,2,2,22
3,1961,189,5,5,12
4,1941,210,4,4,4
0,1947,100,2,2,18
7,1970,116,3,3,2
1,1940,194,2,2,18
0,1980,118,2,2,11
6,1980,144,2,2,11
0,1980,55,2,2,11
5,1950,224,4,4,21
4,1989,89,3,3,1
4,1989,91,2,3,1
3,1973,109,3,2,1
7,1982,161,3,4,22
5,1990,81,2,3,22
5,1960,180,3,4,21
5,1990,77,2,3,22
4,1976,184,3,2,11
1,1960,116,3,2,10
6,1960,196,2,2,21
0,1993,88,2,3,22
0,2001,63,2,2,22
0,1994,30,1,1,13
0,1985,93,3,3,13
0,1977,123,3,4,13
5,1976,113,3,4,22
5,1998,88,2,3,13
6,1973,142,3,4,5
7,1986,105,3,3,2
0,1980,170,2,4,17
7,1980,123,2,4,17
1,1999,81,2,2,12
1,1981,126,2,2,12
5,2002,63,2,2,2
1,2025,22,1,1,2
0,1975,134,2,3,10
7,1935,229,3,3,10
1,1971,142,1,1,2
4,1940,220,3,5,22
4,1940,230,3,5,22
0,2004,101,2,3,11
6,1990,102,2,3,5
7,1955,203,3,5,5
3,2010,66,1,1,11
4,1989,94,2,3,21
0,1966,85,2,2,16
1,1980,121,2,3,22
5,2012,39,1,1,21
5,1980,105,3,3,22
3,1982,127,3,3,22
5,1990,83,2,2,22
5,1965,164,3,4,22
5,1960,125,3,3,22
0,2002,66,2,2,21
5,1970,135,3,4,22
7,1951,193,4,3,5
0,1984,118,2,3,5
0,2004,98,2,3,11
4,1959,191,4,3,5
7,1955,138,2,4,22
5,1987,76,3,3,13
0,1974,161,3,3,5
0,2004,82,2,3,11
2,2024,25,1,1,17
2,1966,161,3,3,3
2,2024,22,1,1,17
2,2021,21,1,1,2
2,1973,145,2,3,2
5,1996,83,2,2,2
0,1992,115,2,3,14
6,1989,81,2,2,21
0,1997,64,2,2,14
6,1959,144,4,3,10
0,1927,162,2,2,14
4,1974,137,3,2,10
1,1960,173,3,4,1
5,1975,116,2,2,10
5,1980,116,3,4,22
6,1979,103,2,3,21
2,2015,25,1,1,22
2,2015,39,1,1,22
2,2015,35,1,1,22
2,2015,34,1,1,22
2,2015,35,1,1,22
0,1975,139,3,4,2
5,1964,168,3,5,2
1,1968,160,3,4,2
1,1951,196,3,5,2
1,1945,213,4,5,2
3,1993,92,2,2,9
2,2022,22,1,1,1
1,1992,118,2,2,12
1,1950,200,4,5,2
0,1986,89,3,3,1
1,1957,184,4,5,2
2,2023,20,1,1,2
3,1990,92,3,2,21
2,1991,99,2,3,2
0,2001,82,2,3,2
5,1986,109,2,3,2
0,1995,79,2,2,21
2,2018,39,2,1,3
0,1995,76,2,2,21
5,1958,178,3,5,2
2,2022,21,1,1,1
1,1975,140,3,4,1
6,1990,66,2,2,22
0,1975,166,3,4,21
1,1959,174,4,3,10
2,2022,22,2,1,1
7,1960,145,3,3,10
5,1998,91,2,2,13
0,1970,118,2,3,1
0,1985,89,3,3,1
2,2024,19,2,1,1
3,1981,98,2,3,14
0,1988,85,3,3,1
2,2024,20,2,1,1
1,1977,130,3,4,2
1,1973,160,4,3,2
1,1956,186,4,4,2
1,1976,134,3,3,2
1,1958,190,3,4,2
1,1949,205,4,5,2
7,2000,65,2,2,21
2,2020,27,1,1,3
2,2020,23,1,1,3
0,1983,113,3,4,3
2,2020,22,1,1,3
2,2016,44,1,1,2
2,2018,35,2,1,3
3,1964,138,2,3,10
6,1954,152,3,4,1
2,2002,88,3,2,1
2,2015,30,2,1,1
6,1994,101,2,3,21
2,2014,62,2,2,1
0,2006,56,1,1,14
1,2003,66,2,2,13
3,1992,91,3,2,1
3,1992,67,2,2,14
0,2018,24,1,1,3
4,1969,129,4,5,3
1,1984,101,2,2,22
0,1957,91,3,2,18
0,1994,84,2,2,3
3,1957,79,2,2,19
0,2004,54,2,2,3
6,1954,188,5,3,2
6,1985,74,3,2,11
6,1971,144,5,3,2
2,2021,25,1,1,19
1,1960,204,4,3,19
1,1985,94,2,2,2
5,1987,95,3,2,10
7,1935,133,3,3,10
1,1947,117,2,3,19
6,1991,114,2,3,17
3,2001,100,3,3,12
2,2012,65,2,2,1
4,1974,133,3,3,10
0,2005,54,2,1,18
0,1988,101,2,3,3
0,1940,133,3,3,18
1,1940,198,4,3,22
0,1961,144,3,3,20
0,1957,96,2,2,18
1,1950,137,3,3,2
0,1961,185,3,3,20
0,1940,130,2,3,19
1,2006,58,1,2,22
0,2008,105,2,1,12
5,1910,223,2,3,10
0,2008,102,2,1,12
3,1940,131,2,2,19
0,2008,101,2,2,12
0,1998,55,2,2,1
7,1924,235,4,4,3
6,1971,116,2,4,17
0,2023,25,1,1,20
0,1957,107,2,3,19
1,1950,208,2,3,14
3,1999,103,2,2,12
3,1996,110,3,3,12
0,1967,74,2,1,16
5,1995,99,3,2,20
5,1995,95,3,2,20
1,1987,86,2,2,22
5,1995,98,3,2,20
0,1955,80,3,3,22
5,1995,117,3,2,20
5,1995,72,3,2,20
3,1947,106,2,2,18
7,1950,170,3,4,19
4,1965,120,3,2,10
0,2015,36,1,1,21
4,1969,134,3,3,23
0,1948,152,2,2,14
0,2022,21,1,1,20
0,2022,21,1,1,20
5,2006,38,1,1,14
7,1965,119,3,2,10
2,2024,20,1,1,17
0,2023,28,1,1,17
3,1992,85,3,2,17
1,2021,27,1,1,23
5,1941,232,4,3,17
7,1988,156,3,3,20
7,1988,150,3,3,20
3,1988,164,3,3,20
3,1988,153,4,3,20
3,1988,135,3,3,20
3,1988,107,3,3,20
3,1988,163,4,3,20
7,1969,119,2,3,3
7,1940,145,2,2,19
7,1935,175,3,3,10
0,1973,84,2,1,14
3,1981,103,4,2,17
7,1992,68,3,2,18
3,1996,68,3,1,18
0,1981,92,3,2,1
3,1969,165,3,4,12
7,1980,147,3,3,12
3,1972,160,3,4,12
5,1985,130,3,3,14
3,1950,160,4,3,3
0,2005,84,2,4,19
0,1952,162,4,5,1
0,1993,120,3,3,20
1,1984,97,2,2,2
6,1973,71,2,1,14
2,2019,65,1,1,10
6,1972,95,2,2,14
0,2004,54,1,1,14
1,1987,93,2,3,2
5,2002,65,2,1,14
0,1999,96,2,3,21
3,1971,164,3,4,12
7,1989,45,1,1,17
0,2022,31,1,1,17
2,2013,46,2,2,1
1,1949,198,4,4,3
0,1947,97,3,2,18
6,1940,114,3,2,18
0,1992,95,2,2,13
2,2020,21,1,1,1
2,2022,29,1,1,17
3,1940,125,3,3,18
5,1989,100,2,2,19
5,1989,117,2,3,19
2,2021,31,1,1,1
3,1947,114,2,2,19
7,1947,171,3,5,3
6,1991,89,2,2,14
1,1980,126,2,2,19
1,1940,240,3,3,19
3,1950,175,4,3,18
5,1970,111,2,2,14
3,1940,162,3,3,18
3,1940,116,3,2,18
5,1975,93,2,2,14
2,2013,40,2,2,1
2,2013,43,2,2,1
2,2013,39,2,2,1
2,2024,18,1,1,17
2,2013,51,2,2,1
3,1940,137,3,2,18
3,1940,140,3,2,18
6,1992,84,2,2,13
6,1997,73,2,1,13
0,2004,66,3,2,20
0,2004,102,3,2,20
3,1940,150,3,3,18
3,1940,147,3,3,18
2,2021,22,1,1,1
2,2015,29,1,1,19
0,1969,96,2,2,10
7,2005,53,2,1,1
4,1942,192,3,4,16
0,1960,144,4,5,2
6,1956,154,4,4,2
0,1940,179,3,4,18
3,1940,140,3,3,18
7,1957,92,3,2,18
7,1957,93,2,2,18
7,1940,137,3,4,18
4,1980,130,3,2,10
2,2017,51,2,1,22
0,2001,67,2,2,21
2,1990,82,2,2,22
0,2024,27,1,1,17
4,1989,108,3,2,1
2,2017,60,2,2,22
2,1993,101,3,3,22
3,1942,214,3,2,1
2,2013,84,1,1,10
6,1940,119,2,3,19
7,1940,198,3,4,19
0,1985,94,4,3,1
5,2008,51,1,2,14
1,1934,237,5,5,2
0,1991,69,2,2,16
0,1969,125,3,3,10
0,1986,107,3,3,1
3,1958,146,4,3,3
5,1965,216,3,3,14
0,1968,159,2,2,23
0,1947,172,4,4,1
0,1954,162,4,5,1
3,1940,213,3,4,18
3,1950,173,4,3,18
0,1950,145,4,4,2
3,1940,144,3,4,18
7,1966,135,3,4,16
6,1948,152,3,4,2
3,1960,163,3,3,10
0,1940,172,4,3,18
0,1940,170,3,3,18
0,2004,59,2,2,3
7,1966,137,3,3,2
2,1993,132,2,3,5
5,2003,65,1,1,5
7,1966,144,4,3,2
7,1966,159,4,3,2
4,2022,26,1,1,17
2,2011,97,2,2,10
0,2017,38,2,1,19
0,1967,152,3,4,22
0,1987,111,3,3,22
7,1982,94,3,3,3
3,1956,150,3,3,3
6,1990,106,4,2,13
6,1990,102,2,3,23
2,2022,22,1,1,12
3,1960,129,3,3,2
7,1960,156,3,3,2
0,1997,60,2,2,3
0,1961,126,2,3,22
0,1927,224,5,5,3
7,1966,132,4,3,2
0,2018,33,1,1,3
7,1936,176,3,5,2
7,1936,139,3,5,2
7,1956,115,3,2,2
2,2018,26,1,1,5
0,1973,121,3,4,5
0,2018,31,1,1,3
0,1963,137,3,4,5
0,1974,127,3,3,5
3,1936,150,4,3,2
7,1936,133,3,2,2
2,2017,29,1,1,5
3,1955,184,3,2,1
5,2004,63,2,2,22
4,1982,126,3,4,23
7,1970,96,2,2,14
4,1930,266,4,8,2
0,1988,52,2,1,16
6,1988,64,2,2,16
7,2002,72,3,2,1
2,2023,19,1,1,1
4,1967,154,4,4,2
0,2003,72,3,2,22
6,2004,59,2,2,22
4,1947,209,4,6,2
7,2023,27,1,0,3
0,1966,178,3,5,23
7,2023,27,1,1,3
0,1985,118,2,2,10
0,1984,94,3,3,3
7,1936,173,4,5,2
7,1946,157,3,3,2
7,1946,132,3,3,2
6,1978,110,3,3,5
6,1955,157,3,4,5
7,1946,145,3,4,2
0,1987,98,3,2,5
7,1946,150,3,4,2
4,2022,25,1,1,17
0,1992,74,2,2,5
0,1965,140,3,4,5
0,1956,160,3,4,5
0,2000,60,2,2,5
3,1949,198,3,2,1
5,2011,49,2,2,22
5,2000,70,2,3,22
3,2014,50,1,1,19
0,1975,96,2,2,21
5,1913,253,4,4,3
0,2004,66,2,2,16
3,1961,145,2,3,15
1,1931,231,5,5,1
1,1975,97,3,3,2
1,1965,115,3,3,2
0,2004,49,2,2,23
0,1961,143,3,3,5
0,1989,114,3,3,5
6,1981,142,3,4,22
0,1994,83,3,3,5
4,2023,25,1,1,17
3,1960,144,2,3,10
7,1982,120,3,3,2
0,1995,72,2,3,5
1,1944,226,4,4,19
0,1994,75,2,3,5
0,1994,72,2,2,5
1,1959,176,4,4,19
7,1966,132,3,3,2
0,1994,79,2,2,5
1,1959,180,4,3,19
7,1994,91,3,2,2
0,1990,93,3,3,5
0,1996,87,2,3,5
7,1960,134,4,4,2
0,1994,81,2,3,5
2,1998,103,2,3,5
0,1960,148,3,3,21
0,1975,115,2,2,21
1,1970,119,4,3,14
0,1986,104,3,3,21
0,1998,61,2,3,22
5,2010,39,1,1,21
0,2000,64,2,2,15
3,2000,66,2,2,21
6,1937,121,2,2,14
2,2022,26,1,1,17
1,2003,54,2,2,13
0,1990,89,2,3,22
1,2004,72,2,2,21
6,1955,173,3,3,17
6,2018,13,1,1,17
0,1962,125,4,4,14
7,1935,133,3,3,10
3,1975,98,2,3,10
0,1985,116,2,3,10
5,1990,73,3,2,17
3,1950,172,4,4,2
7,1986,136,3,4,2
7,1950,154,4,4,2
0,1970,154,3,2,2
3,1975,126,2,2,10
7,1970,124,3,3,2
7,1965,127,3,2,2
3,1960,142,4,4,3
4,1955,238,3,5,21
7,1970,110,3,3,2
0,1983,133,2,3,21
1,1925,164,4,2,2
6,1988,125,3,3,21
2,2021,44,1,1,11
3,2011,75,1,1,23
0,2005,51,2,1,22
6,1957,95,3,3,19
3,1953,191,3,4,17
0,1997,91,2,3,13
1,1927,165,3,3,2
5,1983,118,4,4,5
0,1989,102,2,3,9
3,2007,53,2,2,21
7,1989,115,3,2,12
0,2011,49,2,1,9
2,2022,42,1,1,20
7,1965,176,4,4,12
3,1930,211,2,3,15
2,2014,91,3,2,20
3,1987,127,3,3,21
3,1992,106,3,3,21
3,1990,127,3,3,21
6,1995,102,2,2,21
3,1990,120,3,4,21
3,1990,100,2,2,21
3,1965,149,3,2,14
1,1940,188,3,4,14
0,1961,105,3,3,20
0,1961,127,3,4,20
7,1986,105,2,3,5
0,2001,91,3,3,20
1,1940,119,2,3,18
7,1978,129,2,2,14
5,1988,119,2,3,11
0,1971,152,3,4,9
4,2024,40,1,1,11
0,1981,127,3,3,9
4,2024,40,1,1,11
6,1995,87,3,2,9
0,2000,115,2,3,22
0,1982,120,3,3,9
6,1971,149,3,4,9
6,1979,109,3,3,11
0,1952,139,3,3,20
2,2015,60,2,2,20
2,2015,85,2,2,20
0,2017,35,2,1,19
7,1979,155,3,3,20
2,2015,79,2,2,20
2,2020,34,2,1,20
0,1983,92,3,3,20
6,1977,110,3,2,20
0,1999,80,3,2,20
1,1917,171,3,4,2
2,2018,73,2,1,20
0,2003,114,2,3,11
3,1990,120,2,3,21
1,1940,145,2,2,18
0,1994,117,3,3,20
4,1976,132,3,3,21
2,1985,190,2,4,5
3,1997,75,1,2,14
6,1995,74,3,2,20
0,1941,146,3,3,15
5,1990,117,2,2,11
3,1940,139,3,3,18
6,1988,105,3,3,20
5,1992,102,2,2,11
3,2004,130,3,2,12
0,1952,206,4,4,9
0,2000,82,2,2,22
7,1959,187,4,4,9
0,2000,80,2,2,22
4,2022,27,1,1,19
0,1989,110,2,3,21
7,1970,157,3,3,12
0,1948,185,3,3,20
0,1995,90,3,2,20
2,2022,29,1,1,20
2,2014,97,2,2,20
1,1947,99,2,2,18
6,1961,159,3,4,20
5,1991,101,2,2,11
0,1984,92,3,2,20
4,1997,110,2,2,23
5,1964,211,3,4,22
1,1994,76,2,2,2
5,1964,250,3,4,22
5,1991,114,2,2,11
3,1947,108,5,3,18
0,2000,81,2,2,22
0,2000,79,2,2,22
3,1990,102,2,2,9
0,1967,157,2,2,9
0,1975,145,1,2,12
2,2016,58,2,2,22
0,1940,138,3,3,19
0,1993,92,3,3,9
5,1903,280,4,5,16
0,1933,255,4,5,9
7,1970,154,3,4,9
1,2007,124,3,3,13
0,1965,166,4,4,9
0,1995,65,2,2,22
6,1920,168,3,2,19
0,1957,185,4,4,9
2,2015,46,2,1,22
0,1994,100,2,3,21
2,2015,35,1,1,22
2,2015,38,1,1,22
2,2015,41,1,1,22
2,2015,45,1,1,22
2,2015,35,1,1,22
0,1975,159,3,3,21
2,2015,27,1,1,22
5,1975,87,2,3,10
2,2015,38,2,2,22
2,2015,32,1,1,22
2,2015,41,2,2,22
2,2015,46,2,2,22
5,1975,96,2,3,10
5,1990,115,2,2,21
0,1977,122,2,4,7
0,1980,128,2,3,11
0,1995,70,2,2,7
6,2000,91,2,2,21
0,1923,158,3,4,14
3,1957,100,3,2,18
0,1990,103,2,2,19
3,1940,144,3,3,18
0,1983,93,3,3,19
1,1997,118,2,2,13
1,1945,218,4,5,13
7,1989,165,3,3,22
0,1947,104,2,2,19
4,1975,128,3,3,11
2,2013,44,2,2,1
7,1968,133,3,3,1
0,1980,96,2,2,18
4,1970,110,3,3,10
0,1995,89,3,2,21
5,2005,81,3,2,22
4,1975,117,3,2,10
1,2024,23,1,1,11
1,1988,132,3,3,13
1,1997,87,2,2,13
1,1989,97,2,3,12
5,1994,120,2,3,22
1,1977,131,3,3,12
1,1978,134,3,3,12
0,1964,168,4,3,18
0,2003,56,2,2,12
0,2009,38,2,1,21
5,1975,137,3,2,10
5,1952,194,4,3,14
4,2024,24,1,1,22
5,1959,177,3,3,14
0,1985,65,2,2,10
0,1958,150,3,3,19
0,1995,82,3,3,21
2,2014,29,1,1,22
2,2014,28,1,1,22
2,2001,147,3,2,20
0,1980,136,3,3,21
1,1910,175,3,3,2
0,1990,112,2,3,21
3,2005,53,2,2,21
7,1962,114,2,2,14
7,1997,104,3,3,12
1,1960,173,3,3,12
5,2000,47,2,1,11
1,1995,102,2,3,12
1,1993,93,2,2,12
1,1996,105,3,3,12
1,1994,79,2,2,12
1,1982,132,2,3,12
5,2000,54,2,2,11
4,1968,172,4,6,23
0,1940,134,4,2,19
3,1971,143,3,5,15
4,1965,184,4,5,23
2,2015,39,1,1,22
2,2015,43,1,1,22
2,2015,38,1,1,22
2,2015,24,1,1,22
2,2015,37,1,1,22
2,2015,35,1,1,22
2,1999,89,2,2,20
2,2014,68,1,1,20
3,1995,102,2,2,21
0,2017,46,1,1,19
2,2016,53,1,1,22
3,1940,168,4,2,10
3,1989,99,2,2,21
2,2016,52,1,1,22
1,1927,177,4,3,2
0,1976,137,3,4,12
1,2007,40,2,1,13
0,1970,165,4,3,12
0,1973,143,3,4,12
0,1977,134,4,4,12
3,1982,139,3,3,12
0,1984,262,4,4,22
0,1959,155,3,4,15
4,1981,153,4,5,23
4,1973,160,4,5,23
4,1973,174,4,6,23
4,1981,133,3,4,23
4,1980,150,4,5,23
4,1978,152,4,5,23
4,1965,179,4,6,23
2,2015,35,1,1,22
2,2015,34,1,1,22
4,2024,24,1,1,22
3,1986,83,2,2,21
1,1937,222,3,3,12
2,2016,42,1,1,22
1,2002,70,2,2,2
2,2022,20,1,1,22
2,2016,55,1,1,22
1,2007,50,1,1,12
1,2014,44,1,1,10
2,2016,53,1,1,22
2,2016,41,1,1,22
2,2016,50,1,1,22
2,2016,46,2,1,22
1,1970,128,3,3,2
1,1991,85,3,2,2
5,2006,67,2,2,22
2,1982,122,2,3,11
1,2000,64,1,1,12
1,1979,126,3,3,12
3,2007,80,2,2,13
5,1988,123,2,2,13
1,2022,26,1,1,19
0,2005,73,2,2,22
0,1984,109,3,3,22
0,1940,149,3,3,19
0,2006,57,2,1,2
2,2013,41,2,2,1
2,2016,51,2,2,22
2,2016,56,2,2,22
2,2016,53,2,2,22
2,2016,41,2,2,22
3,1990,75,2,1,10
7,1965,132,3,4,11
2,2016,46,2,2,22
2,2016,51,2,2,22
1,1907,172,3,4,2
3,1975,140,4,4,9
3,2015,49,2,2,14
3,1976,135,4,4,9
1,1989,99,2,3,12
1,1907,166,2,2,2
0,1967,161,4,4,9
1,1984,121,2,3,12
5,1994,100,2,2,11
1,1979,125,3,3,19
1,1917,148,3,3,17
0,1988,117,3,2,13
2,2013,42,2,2,1
6,1961,135,3,3,3
3,1950,194,4,3,1
0,1970,72,2,2,14
2,2016,49,2,2,22
0,1975,153,3,3,21
7,1985,87,3,3,18
7,1987,146,3,3,22
1,1989,96,2,3,12
1,1986,109,2,3,12
1,1986,108,3,3,12
2,2015,37,1,1,22
0,1982,120,3,4,9
6,1968,157,4,4,9
6,1980,126,3,3,9
2,2015,32,1,1,22
2,2022,24,1,1,12
1,1983,105,2,3,22
0,1980,125,3,4,9
1,1947,201,4,4,13
1,1990,97,2,2,12
6,1977,78,2,3,19
1,2022,23,1,1,20
0,1985,114,3,3,9
1,1970,83,2,2,17
6,1988,101,3,2,19
3,1997,106,2,2,9
5,2014,37,1,1,14
0,2003,50,2,2,1
0,1977,132,3,3,9
0,1980,53,2,2,14
0,1977,151,4,2,13
3,1985,98,3,3,18
1,1980,118,3,3,2
2,2016,52,2,2,22
3,1990,59,2,1,10
0,2015,42,1,1,19
2,2010,33,2,1,1
6,1961,172,3,4,20
6,1961,122,3,3,20
0,1961,158,3,3,20
3,1972,146,4,5,9
0,1994,89,2,3,9
0,1996,85,2,2,9
0,1984,116,3,4,9
1,1983,127,3,4,13
1,1983,123,2,3,12
1,1978,138,3,3,12
4,1983,120,3,3,13
0,2019,27,1,1,9
0,1993,93,2,3,9
6,1980,125,3,4,9
2,2017,39,1,1,12
6,1968,155,4,4,9
2,2005,81,2,2,12
1,2002,80,2,2,12
2,2025,20,1,1,12
2,2025,20,1,1,15
3,1973,140,4,4,2
6,1986,113,2,3,2
3,1940,140,3,3,18
0,1998,94,2,2,20
0,1994,89,2,3,22
1,1984,111,2,3,19
1,1955,145,4,2,2
0,1988,117,3,2,13
1,2024,23,1,1,23
0,1961,139,3,4,20
0,2003,88,3,2,20
6,1961,155,3,3,20
4,1960,197,4,5,11
0,1986,76,2,2,12
1,1984,79,3,2,2
0,1991,72,2,2,12
0,2007,43,1,2,22
0,1970,150,3,5,3
1,1997,85,2,3,12
6,1979,118,2,3,5
2,2022,20,1,1,12
1,1992,100,2,2,12
6,1996,40,2,2,21
4,1963,211,4,6,22
1,1999,97,2,2,12
0,1995,112,2,3,21
1,1987,110,2,2,12
4,1963,211,5,6,22
1,1999,98,2,2,12
4,2020,42,1,1,5
1,2000,75,1,2,12
4,1963,202,5,6,22
2,2022,23,1,1,12
1,1994,77,2,2,2
0,1985,139,3,4,21
1,1974,142,3,3,12
2,2021,33,1,1,12
6,1985,135,3,3,21
1,1976,124,2,3,12
6,1991,68,2,2,22
7,1950,215,4,4,12
7,1950,213,4,4,12
7,1940,163,3,3,18
6,1973,126,3,2,13
1,1977,50,2,2,19
1,1977,141,2,4,12
0,1993,58,2,1,13
0,1953,160,3,3,15
0,1949,171,2,4,14
0,1996,85,3,2,9
6,1990,89,2,2,12
0,2005,77,2,3,20
3,1950,169,3,4,18
7,1963,180,3,4,13
0,2004,104,1,2,11
3,2009,47,2,2,14
7,1987,87,3,3,1
2,2014,56,2,2,1
1,1920,103,3,2,2
5,1985,145,3,3,21
1,1984,110,3,2,12
7,1945,213,4,5,9
6,1940,109,2,2,19
1,1974,143,3,3,12
0,1993,93,2,2,9
2,1978,129,2,3,9
0,1978,127,3,3,9
1,2005,59,1,1,12
0,1992,105,2,3,5
1,1950,160,2,3,19
0,1997,70,2,2,14
1,1957,123,2,3,19
0,1980,72,3,3,12
0,2001,72,3,2,21
6,1980,139,2,2,11
6,1970,117,3,2,21
0,1993,88,2,2,21
0,1981,118,2,3,7
1,1957,206,4,4,13
0,1957,84,3,2,19
2,2013,57,2,2,1
0,2007,64,2,2,22
1,2005,65,1,1,12
1,1995,97,2,3,12
1,1970,156,3,4,12
2,2022,21,1,1,12
3,1940,127,3,2,19
0,2007,42,1,1,22
0,2005,75,2,2,22
1,1982,113,3,3,13
7,1950,163,4,4,12
7,1965,110,3,2,12
5,1980,146,3,2,14
3,1985,118,3,3,22
1,1990,82,2,2,19
3,1975,143,3,3,22
7,1970,156,3,3,12
5,1965,114,2,2,14
5,1995,86,2,2,22
6,1985,114,2,3,22
4,1943,193,4,5,16
6,1990,97,2,2,11
0,1970,185,3,4,21
0,1970,183,3,3,21
3,1987,127,3,4,21
5,2005,44,2,2,9
5,1973,91,3,2,20
3,2001,62,1,1,14
5,1955,188,4,4,9
2,2015,42,1,1,22
0,2005,57,1,1,22
0,2005,55,1,1,22
1,1990,88,2,3,12
5,1958,180,4,4,9
7,1994,103,3,2,12
6,1998,72,2,2,22
3,1995,93,2,3,22
2,2014,92,2,2,20
1,1959,184,3,4,23
6,1968,123,3,3,20
2,2014,95,3,2,20
2,2016,74,2,2,20
5,2001,53,2,2,11
5,1961,99,4,2,14
1,1986,104,3,2,19
7,1972,196,4,4,12
7,1987,110,2,2,1
3,1945,157,3,3,10
2,2020,37,1,1,10
1,1989,80,3,2,1
6,1937,199,5,5,1
1,2003,87,2,3,18
3,1965,139,3,3,17
3,1997,121,3,3,13
7,1977,161,3,4,13
7,1967,176,3,3,12
0,1975,85,3,3,11
0,1995,88,2,2,5
0,1988,94,3,3,5
0,1992,88,2,3,5
0,1989,94,2,3,5
2,1997,94,2,3,5
3,2006,87,2,2,5
5,1955,105,3,3,2
2,1999,89,2,3,5
2,1994,126,2,3,5
2,2007,84,1,2,5
5,1960,146,2,3,14
6,1969,125,3,4,5
0,1966,137,3,4,5
3,2020,42,2,1,2
6,1972,127,3,3,5
5,1997,74,3,2,13
7,1967,160,4,3,12
0,1970,144,2,3,21
2,2020,47,2,1,7
5,2006,56,1,1,14
0,1975,112,3,3,11
5,2006,51,2,2,14
5,2005,71,2,2,22
0,1985,120,2,3,10
0,1982,122,2,3,21
3,1966,120,3,2,20
0,1980,110,2,3,21
7,1970,111,2,2,20
7,1968,139,3,4,1
7,1937,215,4,5,1
6,1984,102,3,2,21
2,2023,20,1,1,10
1,1992,86,2,2,13
7,1950,128,3,2,20
7,1967,211,4,4,12
0,1970,138,2,4,21
0,1985,105,2,3,10
6,1980,89,3,2,11
0,1970,132,3,3,11
5,1995,67,2,2,20
7,1967,169,3,3,12
1,1998,75,2,2,12
0,1979,109,3,3,5
4,1999,104,3,3,19
5,1990,99,3,3,2
1,1978,135,2,4,12
6,1984,88,3,4,15
0,1985,93,2,3,15
3,2000,56,1,2,14
5,1986,89,2,2,2
5,1955,100,3,3,2
0,1970,123,2,3,21
0,1928,121,3,2,14
0,2003,49,1,1,13
1,1980,110,2,2,11
0,1970,120,2,3,21
0,1973,81,2,1,14
0,1978,72,2,2,14
0,1980,107,2,3,21
2,2023,21,1,1,10
0,2004,137,3,3,21
6,1971,154,3,4,9
6,1967,160,3,4,9
0,1980,103,3,3,16
1,1997,138,3,3,13
0,2016,43,1,1,19
3,1953,83,2,2,17
5,1955,97,3,3,2
5,1955,100,3,3,2
5,1975,119,3,4,2
5,1975,110,3,2,2
0,2002,65,2,1,13
4,1975,135,4,4,10
0,1985,73,2,3,10
5,2005,63,2,3,22
4,1975,169,4,4,10
5,2005,91,3,3,22
4,1975,139,5,3,10
4,1975,211,5,3,10
5,1987,119,3,3,14
6,1985,90,2,3,10
0,2001,63,2,1,10
4,2004,93,2,2,21
3,1966,156,3,4,21
5,2007,53,2,1,11
3,2000,97,2,2,12
0,1948,167,3,3,15
0,1995,93,2,2,15
7,1972,57,3,3,14
4,1967,145,2,5,16
1,1982,112,3,3,13
0,1967,126,3,4,16
0,1976,143,3,5,12
1,1973,133,2,3,17
6,1926,165,3,4,19
5,1990,103,3,2,2
5,1988,70,2,2,2
5,1978,112,3,3,2
2,2017,22,1,1,21
3,1967,107,2,2,18
7,1987,87,2,2,21
0,1997,57,2,2,2
0,1997,107,2,3,10
5,1956,120,3,3,20
5,1977,102,3,2,14
0,1985,106,2,3,10
3,1947,160,4,3,14
7,1957,210,4,3,21
0,1985,99,2,3,10
7,1976,123,2,2,21
5,1937,170,4,4,14
5,1957,170,5,4,14
0,2000,73,2,2,21
3,1973,123,2,1,21
4,1965,206,4,3,11
3,1931,159,3,3,15
5,1988,79,3,2,7
0,1985,83,2,3,11
6,1986,151,3,3,21
0,1990,123,3,4,11
2,2010,53,2,2,16
5,2011,36,1,1,16
6,1957,89,2,3,19
0,2007,65,2,2,5
0,1997,56,2,2,16
0,1982,93,3,3,16
3,1960,191,3,3,18
0,1993,108,3,2,2
3,1967,87,2,2,19
7,1940,142,3,4,19
0,1980,99,3,3,2
3,1940,212,4,2,18
2,2010,76,2,2,21
1,1917,235,3,6,14
5,1938,129,4,3,14
0,2006,90,2,1,22
0,2006,115,2,4,22
2,2008,100,1,2,11
1,1945,170,2,4,14
7,1966,108,2,3,2
1,1975,104,2,2,14
5,1919,178,3,3,14
3,2021,33,1,1,2
5,2006,38,2,1,11
5,1976,107,3,3,2
0,1997,61,2,2,16
0,2014,65,2,2,22
3,1999,128,3,3,12
4,1991,116,2,3,4
4,2018,50,2,2,22
0,2014,48,1,2,22
7,1947,125,2,2,19
3,1940,137,3,2,18
3,1930,226,4,3,18
3,1957,83,3,2,18
3,1995,91,2,2,21
7,1966,116,3,4,2
0,1946,145,4,4,20
0,1994,104,2,3,22
7,1966,108,3,3,2
7,1966,90,3,2,2
7,2004,124,3,2,2
0,1985,115,3,2,11
5,1981,98,3,3,7
5,1976,97,3,3,2
5,1960,200,4,4,11
5,1952,113,4,2,14
5,2005,56,2,2,21
4,1964,156,3,5,16
6,2001,67,2,3,22
6,1943,180,3,4,16
0,1989,120,3,4,21
5,1994,88,2,2,16
0,2001,58,2,2,13
1,1953,196,3,4,12
2,2006,56,2,2,22
1,1950,195,4,4,22
1,1961,168,3,4,22
7,1951,208,4,4,12
3,1940,202,3,3,18
4,1975,161,4,6,10
3,1940,139,3,3,18
1,1988,177,2,2,13
2,2015,36,1,1,11
3,2005,61,2,1,21
2,1998,132,3,3,10
2,1998,153,3,4,10
0,1965,102,3,3,2
7,1966,117,3,3,2
7,1960,157,3,4,2
5,2014,30,1,1,20
0,1946,171,4,5,20
7,1965,204,4,4,11
5,1923,167,3,4,14
4,1943,239,4,5,13
4,1943,209,4,5,13
5,1966,84,3,3,2
5,1966,92,3,3,2
7,1997,69,2,2,13
4,1973,164,4,5,13
4,1978,118,4,2,13
1,1973,136,4,2,13
5,1970,86,3,3,2
5,1966,112,3,3,2
7,1996,112,2,2,12
0,2004,36,2,1,11
4,2024,40,1,1,11
3,2016,45,1,1,19
6,1956,193,3,4,5
4,1959,202,3,4,5
0,1975,137,2,3,5
0,2014,25,1,1,11
0,1986,121,2,3,5
5,1929,255,4,4,13
4,1969,143,3,3,5
0,1978,101,3,3,2
6,1985,95,3,2,2
3,1985,95,2,2,21
0,1988,82,2,2,21
5,1982,100,3,3,19
7,1960,212,4,4,22
0,1907,256,4,4,19
2,1998,142,3,3,10
2,1998,116,3,3,10
0,1995,43,2,1,13
5,1933,183,4,3,14
3,2014,75,2,2,1
2,2014,75,2,2,1
6,1972,145,4,3,1
1,1990,110,2,3,1
6,1990,64,2,2,11
2,2010,85,2,2,21
2,2024,22,1,1,9
7,2004,74,3,3,2
6,1985,65,2,2,11
5,1960,114,3,3,2
2,2010,61,2,2,21
5,1980,83,3,2,2
3,1992,96,2,2,12
0,1977,144,3,3,5
4,1979,158,2,4,5
0,1999,53,3,2,16
5,1943,241,4,5,19
2,1998,160,3,3,10
2,1998,134,3,3,10
7,1985,94,2,3,1
0,1977,78,2,2,19
0,1991,43,2,2,13
0,1982,104,2,4,1
3,1990,70,2,2,21
0,1977,122,2,4,1
3,1987,104,2,3,21
0,1979,107,3,3,1
0,1987,150,2,2,14
7,1972,137,4,3,1
0,2000,69,2,2,21
0,1994,65,2,2,16
3,1947,118,3,4,18
0,1977,68,2,2,18
5,1970,93,3,2,2
0,1940,163,3,4,18
4,1984,138,3,3,20
5,1960,195,3,5,2
6,1989,120,3,4,21
5,1973,87,3,3,2
7,1950,194,3,4,12
6,1993,97,2,2,5
5,2001,76,2,2,11
3,2007,59,2,1,12
0,1961,184,3,5,5
0,1982,123,2,3,19
0,1955,181,3,5,5
0,1985,102,2,2,5
0,1970,142,3,3,5
0,1977,124,3,3,5
0,2017,46,2,2,19
5,1995,46,2,2,22
0,1993,35,1,1,13
6,2011,45,2,1,12
3,1908,138,2,3,17
0,1988,95,3,1,16
6,1989,93,3,3,3
2,2025,23,1,1,14
0,1986,88,3,3,16
6,1940,143,3,4,18
5,1966,91,3,3,2
0,1947,124,3,3,18
5,1983,123,3,3,2
4,2001,123,3,3,20
4,1943,222,4,5,13
1,1993,101,3,4,13
5,1965,131,4,2,11
4,1943,189,4,4,13
5,1987,104,4,4,5
5,1998,69,4,2,5
3,1903,137,2,3,17
5,2008,46,1,1,21
3,1943,177,3,5,17
3,1937,193,4,4,17
0,1986,106,4,2,19
0,1992,81,3,2,14
3,1980,143,3,2,17
7,1973,164,3,4,21
2,2025,25,1,1,14
7,1973,189,3,4,21
6,2022,27,1,1,18
5,1969,137,2,3,13
1,1958,181,3,4,12
6,1999,80,2,2,21
5,1986,94,4,4,5
5,1982,113,3,3,11
5,1991,102,3,3,5
1,1927,140,4,3,2
4,1979,145,2,3,13
1,1984,114,3,3,5
6,1954,160,3,4,1
5,1995,53,2,2,22
5,1995,42,2,2,22
2,2021,35,1,1,10
2,2021,40,1,1,10
2,2021,37,1,1,10
7,1987,87,3,2,1
0,1991,106,2,3,21
2,2013,44,1,1,21
0,1992,96,2,3,19
7,1972,176,3,3,12
2,2009,50,2,2,1
7,1999,55,2,2,1
0,1963,130,3,4,14
0,2014,30,1,2,14
3,1967,143,4,5,21
4,2004,99,3,3,20
0,1975,165,4,3,11
7,1975,110,2,3,14
1,1937,166,4,2,2
5,1975,124,2,3,14
1,1927,142,3,3,2
2,2024,21,1,1,11
7,1967,166,4,4,12
7,1967,212,4,4,12
6,1942,186,3,3,1
0,1990,94,2,3,1
7,2000,69,2,2,1
4,1945,124,3,3,11
0,2002,70,3,3,2
0,2014,38,1,1,11
5,1972,113,3,3,2
1,1978,120,3,2,11
0,1967,141,2,3,14
0,1977,114,2,3,14
3,1965,161,3,4,10
4,1965,264,4,5,10
6,1980,160,2,2,19
4,1960,194,3,4,19
6,1946,181,3,6,15
6,1954,137,3,3,15
0,1961,150,3,5,5
0,1965,133,3,4,5
0,1962,143,3,4,5
0,1975,120,3,3,5
0,1965,142,3,4,5
0,1992,81,2,3,5
0,1997,85,2,2,5
4,2023,54,2,1,10
6,1996,88,4,2,2
4,2023,59,2,1,10
4,2023,55,2,1,10
3,1966,189,3,4,21
3,1966,166,3,4,21
0,1993,93,3,2,2
3,1958,174,3,4,21
5,1950,170,3,5,19
6,1955,201,3,4,10
3,2013,60,1,1,19
0,1942,206,3,3,14
6,1975,81,3,2,11
6,1984,178,3,4,15
6,1952,95,3,3,15
0,1947,103,3,2,18
1,1949,196,3,4,5
1,1988,107,3,3,13
0,1983,113,3,5,5
2,1996,109,2,2,5
0,1981,107,3,4,5
1,1994,66,2,2,12
6,1981,114,3,3,5
0,1980,149,3,3,10
0,1980,126,3,3,10
0,1991,88,2,3,5
2,2024,24,1,1,5
0,2005,57,2,1,11
0,2005,59,2,1,11
7,2021,18,1,1,19
0,1992,128,2,2,14
0,1992,137,2,2,14
6,1938,207,3,2,1
0,1957,133,4,2,14
6,1993,70,2,2,21
0,1956,149,3,3,11
1,1943,123,4,3,13
5,1960,157,4,3,18
0,1964,150,4,3,5
0,1939,193,4,4,5
2,2019,27,2,1,2
0,1972,112,2,2,5
1,1996,120,2,2,13
6,1974,169,2,5,21
2,1977,130,3,3,3
0,1986,93,4,3,1
4,1970,164,3,4,22
4,1988,157,3,5,13
2,1994,177,3,4,20
5,1978,70,4,2,14
2,1990,112,2,3,22
1,1981,123,3,3,19
3,1981,108,2,3,21
3,2006,65,2,1,21
0,1933,176,3,6,17
0,1987,68,2,2,13
4,2024,24,1,1,21
0,1940,154,2,2,19
1,1918,149,3,3,17
5,2005,63,2,2,21
0,1970,123,2,3,21
4,1957,180,3,3,21
6,1934,145,3,2,17
3,1967,91,2,2,18
6,1975,155,3,5,10
3,1970,86,2,2,10
6,1955,176,3,3,2
1,2016,29,2,1,2
6,1971,126,3,5,17
1,1955,184,3,3,2
1,1965,132,3,2,2
3,1985,121,3,3,21
3,1936,127,2,3,17
7,1974,138,3,3,21
3,1940,125,2,4,19
7,1940,116,2,3,19
7,1940,110,2,2,19
3,2015,37,1,1,10
3,1969,159,3,3,9
3,1972,153,3,3,9
3,1972,147,3,3,9
3,1965,166,4,3,9
0,2009,62,3,2,9
3,1963,171,4,4,9
3,1970,151,4,4,9
3,1972,117,2,3,4
3,1968,160,4,4,9
0,1969,154,4,5,2
3,1980,125,3,4,9
0,2004,62,3,2,2
3,1967,137,2,1,21
7,1969,169,4,5,12
7,1940,149,3,3,10
0,1985,117,3,4,3
7,1960,137,3,2,10
5,1980,86,2,3,10
5,1950,208,3,6,2
3,1969,149,3,4,2
1,1959,170,3,3,2
3,1990,107,2,2,21
1,1954,257,4,4,21
0,1947,117,3,2,19
3,1990,114,2,3,21
5,1912,290,2,2,16
5,1980,141,3,4,21
0,1995,96,3,2,21
7,1979,142,3,4,23
7,1992,90,2,3,23
2,2010,86,2,2,1
7,1991,75,2,2,21
3,1963,141,3,4,21
7,1983,94,2,2,21
0,1969,153,5,4,2
2,2018,29,1,1,21
2,2018,29,1,1,21
3,1940,128,2,3,19
7,1950,152,3,4,22
0,1976,109,4,4,2
2,1990,118,2,2,21
3,2004,82,3,2,12
3,1960,103,2,3,10
7,1968,169,4,4,12
7,1978,140,3,3,12
7,1961,205,4,5,12
7,1984,111,3,2,12
7,1970,129,2,2,10
1,1965,88,3,2,2
1,1958,178,2,4,2
7,1927,254,4,4,2
1,1987,131,3,2,2
3,1974,133,3,3,2
7,1951,191,4,3,2
2,1978,140,3,4,2
5,1947,222,5,4,18
7,1980,80,2,2,20
0,1980,126,2,4,21
7,1975,147,3,3,22
7,1975,143,3,3,22
1,1940,145,2,3,19
3,1940,130,2,3,19
7,1965,122,3,2,12
5,2011,41,2,1,10
3,1950,172,4,5,22
4,1965,156,4,3,10
6,2007,49,3,1,2
2,2023,31,1,1,22
0,1953,188,3,5,2
6,1915,236,5,4,10
1,1944,215,3,5,1
1,1999,86,3,2,2
1,1984,124,3,2,2
0,1989,82,3,2,14
5,1950,141,3,5,2
5,1997,85,2,2,18
7,1988,104,3,3,20
1,1949,193,3,3,2
3,1970,149,3,4,22
5,1985,170,3,3,10
7,1978,137,3,4,23
1,1920,239,3,5,10
3,1950,192,3,4,22
0,1902,203,3,3,19
3,1995,67,2,2,22
3,1980,85,2,3,22
7,1972,145,3,5,23
0,1947,103,2,3,19
7,1965,125,3,3,10
1,1925,197,3,4,10
7,1935,133,3,3,10
0,1940,126,2,2,19
4,1980,190,4,5,10
7,1971,162,3,4,23
6,1940,126,3,3,19
2,2022,22,1,1,22
4,1980,161,3,5,10
3,1939,232,4,3,14
3,1964,133,4,3,14
4,2000,70,2,2,21
2,2019,41,1,1,12
6,1962,140,4,3,15
3,1960,144,4,3,14
1,1985,103,3,3,11
3,1992,82,2,2,22
1,1919,236,5,5,1
6,1982,120,4,3,20
0,1944,180,4,4,1
6,1950,170,4,3,1
1,2020,36,1,1,1
3,1956,175,3,3,20
3,1957,176,4,3,2
7,1989,92,3,2,2
3,1956,130,2,2,20
3,1951,197,3,4,2
3,1951,123,2,1,20
7,1940,151,3,2,2
7,1978,129,3,4,23
7,1930,148,3,3,10
3,1975,121,3,2,10
5,1975,119,3,5,22
7,1972,159,4,5,23
1,1925,213,3,3,10
3,1970,126,3,4,4
6,1975,117,2,4,22
1,1925,251,3,3,10
7,1981,131,3,4,23
7,2004,62,2,2,23
4,1980,118,4,4,10
4,1980,184,4,5,10
2,2024,18,1,1,12
0,2010,64,2,2,10
2,2019,44,1,1,12
7,1992,104,3,2,2
3,1985,113,2,3,21
0,2009,104,2,2,10
2,2006,102,2,3,12
2,2017,52,2,1,12
0,2009,109,2,2,10
7,1970,106,3,3,2
5,2002,78,2,2,11
3,2015,26,1,1,11
6,1933,208,4,5,1
0,1972,129,4,4,1
7,1983,103,3,3,2
3,1951,136,2,2,20
7,1983,92,2,2,2
7,1997,85,2,3,2
4,1979,120,3,3,2
7,1936,144,3,4,2
7,1936,181,4,4,2
1,1983,118,2,2,2
3,1988,103,2,2,20
3,1961,170,2,4,2
7,1998,95,3,2,23
4,1980,149,4,4,10
7,1975,135,3,3,22
4,1980,206,4,6,10
5,1999,97,2,2,10
7,1960,224,3,5,23
2,2006,100,2,2,12
3,1965,135,4,4,14
3,1960,204,3,4,10
4,1980,198,3,5,10
6,1926,165,4,4,20
0,1960,200,3,2,10
0,1982,115,3,3,2
3,1980,118,3,3,2
3,1981,126,3,3,18
1,1949,196,3,3,2
7,1956,130,3,3,2
5,1955,194,3,1,18
0,1973,147,2,3,2
1,2001,78,2,2,2
4,1965,167,4,5,22
5,1960,173,3,5,22
7,1979,135,3,4,23
0,1940,151,3,2,19
3,1987,106,2,3,23
0,1979,116,3,2,21
6,1949,165,3,3,14
5,1913,259,3,5,14
0,1957,180,3,3,5
0,2008,55,2,2,12
0,1982,121,4,3,12
3,1969,126,3,4,16
2,2024,18,1,1,12
0,2008,78,2,2,12
7,1949,173,4,4,1
3,1960,133,4,5,11
7,1956,136,3,3,2
4,1944,222,4,6,2
1,1947,201,4,4,2
0,2000,97,2,2,12
7,1966,114,3,3,2
7,1936,155,3,4,2
4,1970,150,3,5,22
4,1987,100,3,4,22
1,1920,263,4,5,2
4,1992,80,3,3,22
6,1937,228,1,1,21
7,1950,139,4,3,2
3,1998,97,2,2,22
0,2007,55,2,1,3
7,1998,75,2,2,22
0,1940,132,3,3,19
5,2005,61,2,2,5
2,1987,98,2,3,12
2,2016,35,2,2,12
1,1977,94,2,3,12
2,1977,59,2,1,12
2,1987,87,2,2,12
3,1955,160,4,4,14
3,1955,151,4,4,14
2,1987,105,2,2,12
0,1948,169,3,5,16
2,1987,97,2,2,12
1,1950,197,4,5,2
1,1904,273,5,5,1
0,1997,65,2,2,17
4,1980,182,3,4,18
1,1929,220,4,5,1
0,1915,272,3,3,10
7,1959,90,3,3,17
5,1998,65,2,3,22
2,2012,39,1,1,1
3,1988,75,3,2,20
0,2005,61,2,2,2
4,1971,137,4,3,2
6,1956,180,3,3,21
7,1983,98,3,2,2
4,2024,22,1,1,21
6,1940,112,3,4,18
3,1966,126,4,4,14
2,2011,50,1,1,22
0,1940,152,3,3,19
1,1961,173,4,4,2
1,1975,140,3,4,2
1,1923,270,5,5,2
1,1965,161,4,4,2
1,1981,124,3,3,2
1,1974,144,3,4,2
1,1979,126,3,4,2
1,1967,160,4,4,2
3,2007,77,2,2,12
1,1997,91,2,3,2
3,2003,87,2,2,11
1,1967,155,3,4,2
1,1953,190,4,4,2
1,1957,183,4,4,2
0,2014,58,2,2,1
3,1960,164,4,4,11
5,1992,67,2,3,22
0,1995,68,2,2,11
6,1970,144,3,3,11
7,1960,175,3,5,11
3,1995,71,3,2,2
1,1996,81,2,2,2
1,1930,242,3,4,2
3,1973,112,3,3,14
2,2005,105,2,2,12
2,2006,100,2,3,12
5,1955,141,3,3,2
0,1989,93,3,2,10
0,2009,113,2,2,10
1,1966,160,3,4,2
1,1936,233,4,5,2
1,1935,236,4,5,2
3,2006,88,2,2,12
1,1918,278,5,6,2
3,1999,106,3,3,12
4,1980,180,4,5,10
1,1937,231,5,5,2
2,1995,80,1,2,21
1,1974,144,3,4,2
1,1944,217,4,5,2
4,2023,32,1,1,13
7,1985,154,3,4,22
7,1985,157,3,4,22
6,1940,118,3,2,19
5,1986,156,3,4,11
1,1935,210,4,3,2
4,2024,28,1,1,21
2,2019,42,1,1,12
2,2007,92,2,2,12
5,1955,128,3,3,2
3,1965,133,5,4,14
5,1986,110,2,3,2
2,2007,94,2,2,12
5,1950,168,3,4,2
5,1990,98,2,2,23
0,1968,147,3,4,5
0,1967,154,4,5,5
0,1958,175,3,3,5
6,1980,97,3,3,3
0,1958,176,3,3,5
0,1967,151,3,4,5
4,2006,98,2,2,23
1,1921,271,5,6,2
0,1967,152,3,3,21
2,1995,79,1,2,21
2,2005,59,1,2,21
3,2006,95,2,2,12
3,1990,102,2,2,21
3,1951,145,3,3,20
1,1950,135,4,3,2
0,1980,131,3,2,11
2,2006,115,2,3,12
2,2007,122,2,3,12
1,1941,213,3,5,2
4,1971,154,3,5,2
2,2006,120,2,3,12
2,1971,151,2,4,2
0,2024,24,1,1,21
2,2007,103,2,3,12
2,2006,107,2,2,12
3,1946,125,3,4,2
0,1936,158,3,3,20
6,1957,88,2,2,19
0,1984,186,3,3,20
0,1976,81,2,3,16
2,2021,21,1,1,3
2,2021,23,1,1,3
3,1995,80,2,1,10
1,2024,27,1,1,10
4,1968,195,4,5,12
4,1964,222,3,5,12
4,1982,170,3,4,12
4,1967,242,4,6,12
0,1998,68,2,1,11
0,1975,134,3,2,11
0,1965,156,3,3,11
7,1950,104,3,2,2
2,2019,53,1,1,12
7,1972,153,3,4,2
1,1975,130,2,3,2
3,1949,164,4,5,14
2,2018,52,1,1,12
2,2017,51,1,1,12
2,2011,98,1,1,12
3,1963,134,4,5,14
1,1938,233,3,6,2
3,2004,49,2,2,14
5,1933,160,3,4,21
3,1995,91,2,2,2
2,2006,123,1,1,12
1,1929,209,5,4,14
2,2006,152,1,2,12
2,1988,106,3,3,2
0,1965,88,3,3,16
0,1991,90,3,3,3
0,1940,138,3,3,19
3,1986,135,2,3,21
0,1938,129,3,3,16
4,1978,175,3,5,12
0,1987,74,2,2,13
5,1973,166,3,2,19
1,1976,126,3,3,2
5,1975,165,2,4,22
3,1936,138,2,2,2
5,1965,157,3,3,2
3,1999,71,2,2,2
5,1968,151,4,3,2
2,2017,61,1,1,12
3,1936,133,3,4,2
3,1992,89,3,3,2
1,1968,145,2,3,12
2,1974,144,2,4,2
6,1980,109,3,2,2
2,2019,49,1,1,12
2,2006,118,1,2,12
5,1993,90,2,3,2
6,1974,70,1,2,16
0,1987,63,2,2,16
3,1983,70,2,1,17
0,1961,99,2,3,16
5,1935,240,5,5,2
5,1957,182,4,3,2
0,2005,46,2,2,10
6,1949,196,3,3,2
1,1910,172,4,3,2
1,2015,64,2,2,2
1,1940,124,2,3,19
1,1940,169,3,4,19
7,1946,137,3,4,2
7,1940,151,3,4,2
3,1940,114,2,3,19
3,1966,93,2,2,2
0,1940,155,3,4,19
3,1990,93,3,3,17
5,2005,76,2,2,22
6,1985,117,3,3,10
3,1998,79,2,2,2
0,1994,104,2,3,10
0,1960,93,2,3,10
3,1940,84,2,2,18
5,1960,156,3,2,14
1,1959,176,4,4,7
3,1967,94,2,2,19
1,1990,73,2,2,16
1,1960,178,2,2,16
1,1985,108,2,2,16
0,1970,123,2,4,9
3,1947,118,2,3,19
5,1950,130,3,3,19
3,1940,139,3,3,19
6,1940,140,3,4,19
0,1992,120,3,3,13
0,2006,39,2,2,9
3,1990,83,2,2,19
7,1967,106,2,2,19
3,2013,51,1,1,2
7,1947,213,4,4,13
6,1947,108,2,3,19
2,2019,63,1,1,12
5,2006,24,1,1,11
2,2019,57,2,2,12
2,2024,18,1,1,12
0,1967,74,2,2,19
6,1982,114,4,4,22
6,1988,96,3,3,22
0,1997,72,2,2,22
7,1968,175,4,5,12
0,1957,91,2,2,19
0,1997,112,2,2,23
7,1980,132,3,4,12
7,1980,126,3,4,12
3,1946,175,2,4,15
1,2017,33,2,1,2
1,1953,163,2,5,15
7,1991,77,2,3,15
6,1940,152,3,3,19
1,1947,118,3,3,19
1,1947,113,3,2,19
0,1994,120,3,3,10
7,1971,147,2,4,23
7,2005,69,2,2,21
7,1965,171,3,4,23
7,2002,65,2,2,1
7,1969,181,3,4,23
0,1993,71,2,3,1
1,1969,150,2,4,23
7,1979,126,3,3,23
5,1997,72,2,2,23
0,1981,96,3,3,1
1,1947,104,2,2,19
1,1957,99,2,2,19
3,1933,199,3,5,14
3,1960,151,3,2,14
3,1955,174,3,3,14
3,1982,114,3,4,22
3,1978,122,3,3,22
0,1970,147,3,3,19
1,1950,125,3,2,2
1,1955,137,3,3,2
3,1978,139,3,3,22
3,1988,113,3,3,22
1,1980,152,2,3,21
5,2000,67,2,2,19
5,1990,111,3,3,19
3,1972,150,3,4,22
1,1990,145,2,2,19
1,1940,122,3,2,19
1,1940,129,3,2,19
1,1940,115,3,2,19
1,1947,91,2,2,19
1,1947,100,3,2,19
1,1950,169,3,2,19
5,1943,189,2,1,1
0,1986,93,2,3,23
0,2001,62,2,2,23
0,1994,140,2,4,10
0,1998,86,2,3,1
0,1990,98,2,2,23
0,1994,121,3,3,10
1,1920,244,3,3,10
1,1975,127,3,2,10
4,2002,92,2,3,23
1,1980,116,2,3,23
1,1980,100,3,2,10
1,1980,124,3,4,23
0,1990,84,3,2,10
2,2010,65,2,2,22
1,1975,92,3,2,2
6,1988,96,3,3,22
0,2004,80,2,3,22
0,1994,79,3,3,22
5,1968,152,3,4,19
5,1934,164,2,3,19
3,1940,135,2,3,19
3,1940,158,3,3,19
1,1931,271,3,5,23
6,2000,72,3,1,2
6,2022,30,1,1,2
0,1999,69,2,2,2
2,2020,23,1,1,16
0,1995,73,3,1,13
0,1962,141,5,3,1
1,1906,267,5,5,1
6,1960,94,3,4,10
1,1973,140,3,3,2
0,1993,95,3,3,23
0,2001,50,2,2,23
6,2020,22,1,1,1
7,1975,117,4,2,1
6,1960,116,3,3,10
6,1958,148,4,4,1
0,1960,110,3,3,10
6,1960,125,3,4,10
0,1999,66,2,2,23
0,1999,81,2,2,23
4,1979,148,4,5,23
1,1965,210,3,5,21
0,2012,54,2,2,23
6,1990,77,2,3,11
5,1986,133,3,2,10
4,1991,142,3,4,23
5,1990,92,3,3,21
0,2004,65,2,2,21
5,1990,162,3,3,21
0,2004,66,3,2,21
0,2004,67,3,2,21
7,1975,129,2,2,14
3,2016,39,1,1,2
0,1970,109,2,2,19
4,1940,171,3,4,19
4,2022,27,1,1,19
0,1945,205,2,4,19
0,1969,147,5,3,2
2,2022,25,1,1,16
2,2018,39,1,1,16
0,2010,44,3,2,12
0,1976,104,3,2,10
3,1903,205,4,4,19
0,1976,87,3,2,10
6,1902,204,3,4,19
0,2005,42,3,2,13
6,1901,207,3,4,19
0,1976,113,3,3,10
2,2020,45,2,2,3
0,1940,154,3,2,19
7,1996,71,2,1,10
0,1999,87,3,3,21
0,2004,77,2,2,21
7,1975,107,2,3,14
0,2004,73,3,2,21
7,1975,116,2,2,14
0,2012,50,2,2,2
0,2005,76,1,1,11
0,2004,65,2,1,21
5,1960,203,3,3,19
5,1970,127,3,3,19
0,1998,102,2,2,21
0,2000,106,2,2,21
5,1927,214,3,4,19
3,1970,150,4,5,7
0,1956,173,4,4,21
6,1991,39,1,2,21
0,1975,110,3,5,3
2,2020,48,2,2,3
2,2018,59,2,2,3
3,1940,144,2,2,19
2,2020,31,1,1,16
6,1974,111,3,3,3
6,2014,56,2,2,1
2,2015,87,2,3,3
0,1976,122,3,2,10
6,1990,111,2,3,21
2,2017,77,2,3,3
6,1976,114,3,2,10
0,1976,151,3,2,10
2,2020,65,2,2,3
7,1975,105,1,2,14
7,1975,103,2,2,14
7,1990,71,2,2,12
3,2019,19,1,1,2
1,1965,126,3,2,10
7,2013,76,2,2,12
0,1993,92,2,4,6
5,2000,67,2,2,2
5,1963,167,3,5,6
1,1972,121,2,2,14
0,1988,96,2,2,11
0,1983,99,2,2,12
1,1982,122,2,3,13
0,1977,110,3,2,19
4,1952,191,5,5,21
3,1941,210,3,3,19
5,1990,124,2,3,21
0,1969,140,3,4,21
3,1960,126,2,3,21
3,1989,139,2,3,21
1,1954,155,4,3,19
0,1985,91,3,3,19
3,1989,109,2,2,21
0,1985,84,2,2,19
4,1985,75,2,2,10
1,1937,215,4,5,13
3,1989,101,2,2,21
5,1947,96,3,2,19
6,2017,25,1,1,12
3,1970,90,3,3,10
0,1980,129,3,2,10
6,1976,84,3,2,10
0,2020,21,1,1,2
1,1990,75,2,2,2
6,1988,105,2,2,11
0,1992,89,3,2,2
3,2000,88,1,2,14
6,1929,245,5,5,3
2,2020,29,1,1,23
6,1933,200,4,3,19
6,1928,213,4,4,19
6,1998,62,2,2,9
3,2000,63,2,2,21
0,1994,70,2,3,9
1,1947,234,4,4,13
3,2008,61,2,2,13
0,1966,168,3,4,13
6,1994,73,2,3,9
1,1947,200,4,4,13
1,1997,106,3,2,13
1,1925,254,5,4,2
1,1988,109,3,3,13
6,2000,57,2,2,9
7,1942,213,4,5,13
5,1992,87,4,2,2
6,1957,148,4,3,3
0,1998,69,2,3,3
5,2006,43,2,1,19
6,2020,26,1,1,1
0,2020,31,2,1,2
3,1947,132,3,2,19
0,2020,24,2,1,2
5,1996,79,2,2,2
3,2001,88,2,2,13
3,1960,171,3,3,19
3,1960,210,3,4,19
3,1936,231,2,2,2
3,1959,191,4,5,21
3,1959,168,3,4,21
7,1950,184,3,4,19
3,1959,164,3,4,21
3,1928,251,5,6,2
1,1939,220,5,5,2
1,1948,137,3,3,13
1,1979,118,3,3,13
1,1959,154,4,3,13
0,1987,84,2,3,9
4,1975,120,3,3,10
1,1979,127,3,3,13
0,1991,83,2,2,21
3,1956,208,3,4,21
3,1985,103,2,3,21
5,1990,110,2,3,21
0,1953,164,4,5,3
0,1957,153,3,4,5
0,1970,120,3,3,3
2,1992,103,2,3,5
0,1966,129,4,5,3
0,1978,105,3,3,3
2,2020,43,1,1,5
0,1988,96,3,4,3
0,2020,26,2,1,2
6,1960,123,3,3,10
0,2020,24,2,1,2
3,2000,79,2,3,13
3,1987,111,3,3,9
0,1986,88,3,2,2
2,2020,34,1,1,23
3,2000,109,3,2,12
3,1950,201,3,4,19
5,2006,62,2,2,2
3,1940,161,3,3,19
1,1914,225,4,4,14
7,1940,147,2,3,19
1,1989,71,2,2,13
1,1947,252,4,4,13
0,1957,79,2,2,19
6,1977,148,3,3,13
3,1970,160,3,3,19
3,1947,119,2,2,19
0,2000,80,2,2,19
1,1950,170,3,3,19
1,1980,105,2,1,19
1,1990,90,3,3,19
1,1990,50,2,1,19
4,1989,80,2,3,12
0,1974,131,4,3,2
5,1989,130,2,2,5
5,1992,117,2,3,5
0,1977,138,3,4,23
0,1976,134,3,3,5
2,2019,46,2,2,3
4,1994,127,3,4,2
4,1959,171,3,3,12
0,2019,39,2,1,2
0,2019,44,2,1,2
0,2019,40,2,1,2
2,2017,43,2,2,3
6,1984,121,3,3,23
0,2011,50,2,2,2
3,2012,59,2,2,22
5,1976,138,4,4,2
5,1997,88,3,3,2
1,1950,140,3,3,19
0,1986,82,2,2,9
5,1978,74,2,1,10
6,1978,120,3,2,10
2,2021,33,1,1,12
2,2021,30,1,1,12
6,1934,205,4,4,5
2,2021,35,1,1,12
0,1963,141,3,4,5
0,1981,94,2,3,5
0,1973,117,2,4,5
0,2019,39,2,1,2
4,2022,27,1,1,19
4,2022,30,1,1,19
3,1992,126,3,4,11
0,1972,117,2,3,16
3,1930,232,4,3,19
2,2015,62,1,1,16
4,1970,138,3,3,10
0,2006,57,2,2,2
6,1968,120,2,2,16
3,1947,118,2,2,19
3,1947,114,3,2,19
0,2005,90,2,2,11
1,1947,110,2,3,19
3,1967,72,2,2,19
6,1978,108,2,2,10
0,1940,176,3,2,19
0,1940,136,2,2,19
0,1940,132,3,2,19
6,1978,134,3,2,10
0,1940,121,2,3,19
0,1920,201,3,2,19
5,1947,111,3,2,19
0,1998,67,2,2,5
2,2018,31,1,1,5
0,1981,77,2,2,15
2,2017,30,1,1,3
0,2004,47,2,2,5
2,2012,73,2,2,5
0,1970,122,3,3,5
7,1975,115,2,3,21
0,1986,85,3,4,3
6,1968,123,3,3,5
7,1975,104,2,3,21
0,1995,68,2,2,3
7,1985,72,2,2,12
2,2017,52,1,1,5
3,1940,152,2,4,19
3,1940,142,2,3,19
7,1947,114,2,2,19
3,1975,159,3,3,10
0,1940,139,3,4,19
6,1969,157,4,4,2
6,1940,132,3,4,19
0,2012,24,1,1,9
0,1940,136,3,3,19
0,2007,66,2,2,22
7,2024,18,1,1,21
1,1989,80,2,2,14
4,1970,148,3,3,10
2,2020,24,1,1,23
6,1995,101,3,3,11
4,1974,128,3,3,10
4,1980,88,2,2,10
6,2000,85,2,4,11
4,1980,99,2,2,10
4,1970,181,3,3,10
3,2008,78,2,2,11
3,2004,66,2,1,19
6,1993,97,2,2,9
3,2005,57,2,1,19
7,1923,265,5,5,7
3,2004,37,1,1,19
6,2000,84,1,3,11
3,1940,141,3,3,19
3,1940,134,3,2,19
3,1957,89,3,2,19
2,2017,49,1,1,5
6,1988,81,2,2,3
6,1968,127,2,3,5
0,2012,34,1,1,12
5,2001,74,2,2,5
0,1983,103,2,4,3
7,1996,67,3,2,10
7,1985,98,3,2,10
7,1996,66,3,2,10
0,1937,152,3,4,14
0,1977,68,2,2,19
4,1970,188,3,4,10
3,2004,87,2,2,11
4,1970,223,3,4,10
4,1974,113,3,3,10
1,1920,224,3,3,10
7,1981,135,2,3,12
3,2003,95,2,2,11
4,1980,136,3,4,12
4,1967,170,3,5,12
5,2006,53,2,2,22
3,1947,108,2,2,19
4,1990,144,4,4,10
1,1947,106,2,2,19
3,2005,64,2,1,19
3,1957,71,2,2,19
3,1940,114,2,3,19
3,2006,94,2,2,11
2,2024,19,1,1,18
1,1958,182,3,4,23
0,1961,174,4,5,7
0,1969,129,3,4,5
6,1975,119,2,3,5
0,2013,25,1,1,12
0,1977,107,3,4,5
5,1957,183,4,4,2
6,1967,155,3,3,5
7,1962,178,3,4,23
7,1956,197,4,6,23
3,1998,83,2,2,23
0,1959,181,4,4,7
6,1940,130,2,3,19
6,1940,125,3,4,19
3,1940,128,3,2,19
6,1940,132,3,3,19
0,1940,163,3,4,19
0,1977,61,2,3,19
6,1921,174,3,4,19
0,1940,120,3,4,19
0,1967,158,4,3,13
4,1974,157,3,5,12
1,1920,197,3,3,10
4,1980,145,3,5,12
3,2008,74,1,1,10
3,2008,62,1,1,10
4,1980,135,3,4,12
5,2004,88,2,2,22
3,2005,80,2,2,11
4,1998,105,2,3,23
4,1990,124,4,4,10
3,1940,170,3,3,19
0,2022,26,1,1,3
2,2015,50,1,1,18
2,2016,33,1,1,18
4,1966,181,4,6,23
4,1957,206,4,6,23
4,1964,193,4,5,23
7,1973,139,3,3,3
7,1967,169,3,3,23
0,1994,84,2,3,10
0,1994,87,2,3,10
0,1947,111,3,3,19
4,1927,270,4,3,18
6,1957,100,3,2,19
0,1992,106,3,3,13
6,1940,168,3,4,19
0,2018,48,1,2,10
3,1977,81,2,2,19
1,1928,218,4,4,1
3,1985,107,2,3,22
1,1999,97,2,2,22
5,1994,117,3,4,11
3,1978,133,3,3,22
6,1961,142,3,4,20
6,1961,154,3,4,20
3,1982,108,3,4,22
2,2014,88,2,2,20
1,1960,147,3,3,2
3,1978,114,3,3,22
3,1978,153,3,3,22
1,1986,124,3,3,2
3,1950,163,4,2,19
3,1930,193,4,4,19
3,1940,206,4,3,19
3,1940,216,4,3,19
7,1978,142,3,2,10
7,1974,136,2,3,23
5,2002,49,2,1,23
5,1978,126,4,3,23
7,1969,155,3,3,23
6,1940,133,3,3,19
0,1926,218,3,4,19
4,1991,122,2,4,23
3,1992,71,2,2,16
6,1917,181,3,4,19
6,1940,140,3,3,19
6,1940,164,3,4,19
7,1952,198,4,3,13
6,1940,164,3,4,19
0,2000,67,1,1,19
6,1947,133,2,2,19
0,1986,89,2,2,21
3,1940,126,3,3,19
1,1965,152,4,3,2
1,2001,82,3,2,2
1,1965,104,3,2,2
0,1957,84,3,3,19
3,1975,150,3,4,22
0,1940,158,2,3,19
3,1975,134,3,3,22
5,1930,185,3,4,19
1,1980,162,2,2,21
0,1940,144,3,3,19
6,1970,171,3,3,21
5,1985,123,3,3,21
0,1977,46,2,1,19
1,1940,155,3,2,19
7,1960,180,3,3,23
0,1956,183,3,4,2
0,1994,98,2,3,10
6,1994,100,3,3,10
1,1984,119,3,3,23
0,1977,125,3,3,3
0,1990,98,2,3,2
5,1979,121,2,2,23
6,1940,152,3,3,19
0,2001,52,2,2,16
3,1940,124,2,3,19
3,1957,81,2,2,19
3,1947,115,3,3,19
5,2000,80,2,2,10
0,1947,105,3,3,19
3,1977,94,1,2,19
1,1991,79,2,2,16
7,1940,136,3,3,19
3,2021,26,1,1,9
3,1947,115,2,3,19
5,2011,34,2,2,21
5,1928,214,4,5,16
5,2008,51,2,2,22
2,2024,24,1,1,15
3,1952,122,2,3,14
1,1925,287,4,4,10
3,1940,151,4,4,18
0,1966,114,3,2,15
0,1973,150,3,4,20
0,2016,30,1,1,23
5,1918,184,2,2,18
5,1923,188,3,2,18
5,1960,210,3,5,19
4,1999,64,2,2,23
0,2010,41,1,1,13
1,1930,126,3,2,2
0,2012,30,1,1,15
0,1983,77,3,2,18
0,1972,131,3,4,3
2,2024,21,1,1,9
0,1958,165,3,4,18
5,1990,93,2,2,10
7,1963,203,3,4,12
0,1938,222,5,4,2
4,2000,68,2,2,23
1,1975,139,2,3,14
5,1934,233,4,5,2
0,1993,62,2,2,19
3,1973,138,2,3,2
4,1990,95,2,3,23
0,2014,34,2,1,19
6,1940,140,3,3,19
5,1999,110,3,3,22
0,1968,136,2,3,18
2,2017,70,2,2,22
0,1989,104,2,3,22
0,1997,54,2,2,22
2,2012,66,2,2,12
0,1994,120,3,3,22
1,1986,111,2,3,2
2,2004,74,2,2,12
2,2017,69,2,2,22
1,1957,131,2,3,22
0,2002,79,2,2,14
5,1990,59,2,2,10
2,2017,57,2,2,22
5,1959,116,3,3,2
7,1983,111,2,3,2
0,2020,33,2,1,20
0,1997,87,2,2,14
4,1969,163,4,3,23
3,2011,24,1,1,21
3,1961,113,2,2,20
4,1979,120,3,3,23
6,1986,80,2,3,22
1,2025,23,1,1,2
5,1989,78,3,2,23
0,2005,60,2,1,21
3,2019,26,1,1,3
1,1910,184,4,4,11
2,2017,40,1,1,22
2,2017,40,1,1,22
0,1975,132,4,4,2
2,2017,40,1,1,22
1,1980,134,3,3,2
3,1990,108,3,3,2
0,1964,158,3,4,2
1,2008,72,3,2,2
5,1990,70,2,2,10
3,1951,102,3,2,14
6,1930,143,3,3,2
0,2020,27,1,1,20
0,1958,145,3,3,10
2,1977,191,2,2,20
5,2000,85,2,2,21
1,1920,159,4,4,2
3,1940,181,3,3,19
0,1990,90,3,3,7
3,1940,160,3,4,19
1,1960,129,3,3,2
1,1990,82,2,1,10
4,2023,28,1,1,5
5,2016,35,1,1,3
1,2004,78,2,2,10
1,1983,114,2,2,16
4,1988,126,3,4,23
5,1990,78,2,2,10
0,1979,123,4,4,2
1,2021,31,1,1,2
4,1960,123,3,3,10
0,1976,100,3,3,15
3,2007,73,2,2,18
0,2001,78,2,2,15
4,1912,264,4,5,1
3,1978,126,3,3,7
0,1947,109,3,3,18
4,1983,94,3,3,7
0,1950,193,4,4,18
0,1976,91,2,2,15
4,1974,95,2,2,10
6,1987,103,3,3,2
0,1976,136,3,3,19
4,1988,107,3,3,23
0,1977,130,3,2,19
2,1989,146,2,2,11
4,1993,98,2,2,23
1,2013,53,1,1,2
4,1995,105,3,3,23
0,1999,84,2,2,23
6,1990,65,2,1,10
5,1990,124,3,3,22
5,1990,102,2,3,22
6,1990,60,1,2,10
0,1975,107,2,2,10
2,2016,62,1,2,17
5,1990,100,3,3,22
6,1975,101,2,2,10
6,1975,85,2,2,10
0,1986,85,2,2,15
0,1995,85,2,2,10
3,1980,122,2,3,18
0,1986,113,3,3,15
3,1985,124,3,2,10
0,1984,105,2,3,7
0,1993,77,2,2,7
0,2001,79,2,2,23
3,1985,142,3,3,10
3,1985,145,3,3,10
0,2000,63,2,2,23
0,2002,73,2,2,23
5,1975,191,3,3,10
5,1975,276,3,3,10
1,1982,99,2,3,21
1,1985,112,2,2,21
6,1970,106,4,2,18
1,1987,87,2,2,13
7,1940,179,3,3,19
1,1946,203,4,4,2
6,1986,85,2,3,22
5,1979,116,2,3,22
4,1970,172,3,4,23
4,1970,194,3,5,23
4,1999,84,2,3,23
6,1978,82,2,2,10
4,1999,87,2,3,23
4,1981,145,2,4,23
1,1991,70,2,2,22
2,2017,23,1,1,1
1,1961,160,3,3,2
6,1971,107,3,3,15
0,1975,111,2,3,10
2,1995,109,2,2,12
0,1976,95,2,3,15
3,1940,135,2,3,18
0,2005,53,4,1,13
4,1960,124,3,3,10
0,2003,58,2,1,13
1,1944,203,3,3,21
1,1949,185,3,4,21
5,1975,160,3,2,10
0,1957,82,2,1,18
7,1950,272,3,6,22
1,1978,114,3,3,21
1,1992,93,2,2,21
6,1992,100,3,3,8
1,2023,21,1,1,23
3,1940,135,3,3,19
6,1956,191,4,2,19
1,1941,237,4,3,19
0,1983,117,3,5,1
2,2016,66,1,1,21
0,1981,128,3,2,19
4,1998,99,2,3,23
6,1978,82,2,2,10
4,1974,65,2,2,10
3,1972,137,3,4,2
1,1932,239,3,5,2
2,1987,141,3,3,10
3,2007,69,1,2,11
2,1987,120,3,3,10
2,1987,112,3,2,10
4,1974,84,2,2,10
2,1987,156,3,3,10
2,1987,164,3,3,10
0,1956,188,4,3,19
4,1960,165,3,4,10
0,1986,78,2,2,15
0,1981,83,2,2,15
6,1976,90,2,3,10
3,1940,160,2,3,18
0,1976,91,3,3,15
6,1985,122,2,4,21
5,1980,137,3,3,21
3,1985,109,2,3,21
0,2007,91,2,2,21
0,1981,125,2,2,21
0,1947,95,2,3,19
2,2016,41,2,2,22
3,1929,218,4,5,13
4,1974,97,2,2,10
0,1982,140,3,4,19
4,1974,81,2,2,10
4,1974,93,2,2,10
4,1974,76,2,2,10
2,1989,189,2,3,11
0,1975,72,2,2,10
5,2008,57,2,1,22
5,1928,250,4,7,1
0,1975,72,2,2,10
0,1968,168,3,3,17
0,1975,93,2,2,10
1,1941,236,3,3,17
0,1951,149,3,3,15
5,1996,93,2,2,22
1,2013,53,1,2,17
0,1985,103,2,2,21
5,1953,173,4,4,4
4,1952,221,4,5,21
0,1957,69,2,2,18
6,1962,168,3,4,1
0,1943,218,3,6,1
1,1943,247,4,5,23
5,1954,259,3,3,13
6,1969,157,4,3,19
4,1974,63,2,2,10
0,1977,122,3,3,19
0,1972,103,4,2,14
0,1955,191,4,3,19
0,1971,113,2,2,15
0,1976,105,2,3,15
5,1996,87,2,2,22
5,1996,89,2,2,22
7,1978,164,4,5,22
0,1975,106,3,3,10
0,1975,106,3,2,10
2,2020,32,1,1,12
0,1975,105,3,2,10
0,1970,126,3,3,10
6,1986,83,2,2,15
0,1940,148,3,3,18
3,1991,100,2,2,12
6,1940,111,3,3,18
1,2019,24,1,1,2
4,1959,163,4,5,3
3,1995,63,1,1,16
3,2006,33,1,1,16
3,2006,47,2,2,16
0,1968,155,3,5,1
3,1980,126,3,5,1
3,1995,83,3,2,23
3,1998,89,2,2,23
2,2016,36,2,2,22
0,1983,118,3,4,1
0,2004,83,2,2,21
0,1957,92,2,2,19
3,1940,167,2,3,19
0,1989,103,2,3,2
3,1976,138,3,3,21
4,1974,210,3,4,10
4,1974,109,3,3,10
1,1928,217,4,4,15
5,2004,65,2,2,21
5,2004,63,2,2,21
2,1993,204,3,4,20
5,1964,172,3,2,13
0,1963,172,4,3,17
0,1992,98,2,2,17
1,1961,163,3,3,16
0,1956,123,3,3,15
1,1955,178,4,4,2
1,1938,220,5,5,2
0,1957,93,3,2,18
7,1940,123,3,3,19
0,1997,58,1,2,15
1,1965,148,3,4,3
0,2004,81,2,2,21
3,1940,180,2,4,19
3,1910,133,3,3,17
0,2004,74,2,2,21
3,1940,197,2,3,19
7,1940,185,2,3,19
7,1947,150,2,2,19
4,1969,137,4,5,9
0,1995,76,2,2,14
1,1944,233,3,5,23
0,1950,247,3,6,21
2,2016,64,2,2,15
3,1998,73,2,2,15
1,1986,128,2,3,2
4,1940,207,5,5,9
1,1982,122,2,3,2
1,1986,108,2,3,2
7,1940,226,4,3,18
0,1947,216,4,5,13
5,1985,165,2,2,10
7,1995,78,2,2,21
5,1984,99,3,2,10
5,2016,61,1,1,23
5,1982,116,3,2,10
0,1947,112,3,2,18
1,1957,154,4,5,3
4,1980,192,3,4,10
3,1940,157,3,4,19
4,1980,159,3,7,10
4,1980,134,3,4,10
1,1944,187,4,4,3
0,2004,37,1,2,15
4,1990,176,4,4,10
4,1990,158,4,4,10
1,1952,185,5,3,2
3,1908,147,3,2,17
0,1981,116,3,2,18
3,1940,129,2,2,19
0,1979,87,2,3,22
3,1947,111,2,2,19
3,1968,186,3,3,22
2,2020,23,1,1,19
3,1940,129,2,3,19
0,1994,76,3,3,6
3,2001,71,2,3,15
0,1968,123,4,4,15
3,1977,130,3,3,2
0,1950,165,3,3,15
6,1973,112,3,3,15
0,1976,123,3,3,15
6,1985,98,2,3,15
1,1947,101,2,3,18
1,1936,221,2,3,22
1,2023,25,1,1,2
1,2025,20,1,1,22
0,1940,109,3,3,18
1,1985,80,2,2,11
0,1940,146,3,3,18
5,1958,198,4,3,19
4,1974,185,3,4,12
4,1979,147,3,3,23
0,2000,75,2,3,3
6,2005,74,2,1,17
1,2005,61,2,2,18
3,2001,52,1,1,16
1,1932,235,5,5,2
4,1984,183,4,8,10
3,2004,46,2,1,20
3,1940,132,2,3,19
3,1967,77,2,2,19
1,1972,166,3,3,14
3,1940,150,2,3,19
3,1940,118,3,2,19
3,1935,193,3,3,19
2,2010,59,2,2,1
3,1940,143,2,3,19
0,2006,42,2,1,21
4,1970,216,4,5,22
4,1970,225,4,5,22
1,1983,116,2,3,2
3,1983,89,2,3,15
3,1986,115,2,3,22
6,2001,58,2,3,13
5,1956,202,3,6,19
1,1946,199,4,3,2
1,1979,123,3,3,13
5,1972,146,3,4,1
3,1935,198,3,3,19
4,1956,176,4,5,1
6,2010,25,1,1,18
3,1940,136,2,2,19
4,1932,201,3,3,1
4,1924,232,4,6,1
4,1941,197,4,5,1
3,1940,146,4,3,19
4,1916,259,4,8,1
4,1998,113,2,3,23
0,2008,32,3,1,13
7,1979,131,3,3,2
0,1947,107,3,2,19
0,1995,104,2,3,20
7,1945,209,4,4,20
2,1997,98,2,3,12
5,1939,160,2,2,18
6,2025,20,1,1,2
3,1940,137,4,2,18
0,1961,138,2,3,22
1,1953,118,2,2,22
6,2025,19,1,1,2
4,1988,180,3,5,13
1,1987,105,2,2,2
4,1997,137,3,3,13
1,1975,110,2,3,15
5,1978,167,4,4,16
7,2008,61,2,2,21
0,1985,131,3,3,18
5,1996,50,2,1,22
3,1988,105,1,1,20
5,1969,92,2,2,18
0,2004,54,2,2,13
3,2002,88,2,2,18
3,2002,94,2,2,18
0,1986,116,3,2,20
1,1985,121,2,2,12
0,1941,213,3,5,2
3,2002,102,2,1,18
4,1955,170,2,3,18
7,2001,80,3,3,20
0,1951,180,4,5,13
1,1963,160,3,3,2
1,1967,95,2,3,22
6,1926,150,3,4,22
2,2010,99,2,2,11
2,2020,30,1,1,21
1,1973,161,2,2,13
0,1970,136,3,3,12
5,1965,144,3,3,14
6,2001,73,2,2,20
2,2020,39,2,1,20
1,1960,210,4,3,19
6,1990,67,3,2,20
2,2015,32,1,1,20
1,1940,260,4,4,19
1,1940,243,3,3,19
2,2020,42,1,1,20
0,1956,103,3,3,20
0,1956,120,3,3,20
0,1950,128,3,3,20
4,1990,136,3,3,23
1,1910,275,5,4,18
2,1995,144,2,2,12
0,1995,85,2,2,17
1,1920,197,3,3,17
3,1961,178,4,4,9
3,1990,99,4,3,9
1,1975,82,2,2,17
6,1965,160,5,4,20
5,1957,186,3,5,2
5,1957,196,3,6,2
7,1968,142,3,4,22
0,1998,73,3,2,20
6,2001,50,2,2,20
6,1936,149,3,2,20
1,1940,247,3,3,19
2,2019,30,1,2,20
1,1920,271,3,4,19
0,2021,23,1,1,20
1,1960,181,3,3,19
1,1940,228,3,4,19
2,2022,32,1,1,10
3,1940,116,2,2,19
2,1995,131,2,2,12
2,1995,157,3,3,12
7,1970,165,3,3,12
7,1970,144,3,3,12
7,1970,143,3,2,12
2,1990,114,2,2,12
5,1989,105,2,2,22
2,1995,112,2,2,12
5,2010,52,2,1,2
4,1952,226,4,5,20
0,1986,101,2,3,2
5,1987,113,4,3,2
6,1972,82,2,2,6
3,1965,160,4,3,2
3,1951,190,4,3,2
3,1946,212,4,4,2
2,2016,94,1,2,6
3,1971,146,3,3,2
3,1976,135,4,3,2
2,2022,31,1,1,10
7,2005,90,2,2,19
0,1990,87,2,2,19
4,1910,285,5,5,2
4,1993,82,3,2,2
0,1944,186,4,5,20
1,1965,210,4,5,20
0,1992,111,2,2,14
0,1972,140,4,3,2
5,2005,60,3,2,2
7,1980,151,3,2,21
6,1962,110,3,5,20
2,2020,27,1,1,21
5,1998,77,3,2,2
5,1982,115,4,3,2
3,1969,145,2,3,2
6,1985,117,2,3,6
1,1998,112,3,3,13
6,1981,123,3,3,6
3,1993,95,2,2,22
1,1998,60,2,2,13
5,2009,48,2,1,21
0,2002,86,1,1,14
0,1993,83,4,2,2
0,1981,152,4,3,20
3,1990,75,2,3,2
0,1980,122,4,3,2
1,1985,137,3,3,20
0,2004,57,2,2,2
1,1981,135,3,3,20
5,1971,195,4,5,20
0,1967,158,3,5,2
4,1979,140,3,3,23
7,1980,136,3,3,21
5,1984,117,3,2,2
2,2020,30,1,1,21
0,1998,75,2,3,2
3,1980,112,2,2,21
3,1980,116,3,3,21
0,2022,27,1,1,2
5,1959,171,4,3,2
3,1964,172,2,4,22
4,1997,108,2,3,23
6,1989,102,2,2,22
5,1997,87,2,2,22
0,2002,70,2,2,2
5,1965,180,3,3,14
7,1997,87,2,3,13
5,2006,44,2,2,21
7,1997,101,3,2,13
5,1977,131,3,3,18
1,1958,211,3,3,13
5,1985,111,3,3,22
5,1973,139,4,4,2
7,1938,216,4,5,2
3,1980,115,2,2,21
7,1980,138,2,3,21
0,1997,85,3,2,2
2,2023,20,1,1,21
7,1980,134,2,2,21
3,1980,125,2,3,21
7,1958,184,2,4,22
3,1980,94,2,2,21
1,1972,125,2,2,22
5,1942,215,4,4,2
7,1980,130,2,2,21
0,1977,130,3,4,6
6,1993,93,2,3,2
0,2005,79,2,2,22
0,1977,130,3,4,6
7,1997,105,3,2,13
6,2005,52,2,2,22
7,2003,128,4,2,13
7,1997,108,3,2,13
5,1950,131,3,2,14
3,1975,118,3,2,14
5,1950,108,2,2,14
5,1962,162,4,5,2
0,1988,97,4,2,2
5,1977,129,5,4,2
6,1991,100,2,2,20
6,1977,150,3,4,20
0,1954,163,2,4,14
6,1953,197,4,4,20
0,1965,177,4,5,20
6,1971,176,4,4,20
1,1951,214,3,4,22
0,1968,127,4,4,2
5,1984,116,4,3,2
0,1992,91,3,3,2
0,2003,77,2,2,2
6,1989,93,3,3,6
5,1992,90,2,2,22
6,1980,66,2,2,22
5,1973,140,3,2,1
3,1957,68,2,2,19
6,1974,70,2,3,10
1,1958,190,4,4,13
7,1993,88,2,2,7
5,2025,25,1,1,21
2,2012,91,2,2,11
0,1978,97,2,2,17
7,1975,125,2,3,17
5,1983,121,2,3,17
6,1991,128,3,3,20
0,2006,62,2,1,2
0,1996,87,3,2,2
0,1930,161,3,3,17
6,1999,77,2,2,2
0,1973,128,2,3,22
0,1991,84,2,2,22
1,1954,180,3,3,22
1,1946,197,4,4,22
0,1980,106,2,3,22
2,2020,29,1,1,21
2,2021,25,1,1,21
7,1994,105,2,2,12
3,1994,97,3,2,12
3,1968,184,3,4,21
3,1976,121,3,3,21
3,1964,170,3,4,21
2,2020,34,1,1,21
1,1950,198,4,4,18
6,1985,129,3,3,20
6,1977,143,4,4,20
3,2015,25,1,1,21
6,1994,101,2,3,20
4,1957,160,3,4,21
4,1957,153,2,3,21
1,1974,117,2,2,10
7,1986,99,2,2,21
0,1960,142,4,3,19
0,1976,99,3,3,17
7,1973,130,2,3,22
3,1970,120,2,2,22
0,1991,94,4,2,2
3,1965,105,2,3,22
3,1985,111,2,2,22
3,1980,121,2,3,22
7,1929,223,5,5,1
7,2006,47,2,2,21
3,1974,136,3,4,10
5,1970,178,3,3,11
2,2021,25,1,1,21
3,1974,90,2,3,10
0,1970,107,3,2,11
5,1980,104,3,3,10
5,1980,107,2,3,10
5,1980,78,2,2,10
1,1974,140,2,2,10
5,1980,75,2,2,10
5,1980,97,3,3,10
5,1980,139,2,3,10
4,1957,161,4,4,21
5,1980,157,3,3,10
5,1993,82,3,2,13
0,2005,84,2,2,20
1,2003,66,2,2,2
5,2007,66,2,2,2
3,2003,66,1,2,2
5,1958,166,4,4,2
0,1993,87,3,3,17
5,1997,97,2,2,11
1,2014,48,1,1,13
5,1993,94,2,3,2
4,1995,166,4,5,20
0,1986,88,2,2,22
6,1993,60,1,2,22
5,2009,58,3,2,2
1,1950,183,2,3,19
1,2011,59,2,2,19
0,1978,99,3,4,20
1,1950,208,3,3,19
0,2005,78,2,3,19
0,1986,86,2,2,22
1,1960,212,3,3,19
6,1956,132,3,3,20
1,1950,200,4,3,19
1,1950,223,3,4,19
0,1986,107,2,3,22
6,1986,85,2,2,22
0,1986,95,2,3,22
0,1970,163,3,3,11
0,1970,101,2,3,11
2,2021,25,1,1,21
3,1991,107,3,3,12
5,1980,111,2,3,10
5,1980,155,3,4,10
5,1980,121,3,3,10
5,1980,164,2,3,10
1,1954,161,3,4,22
5,1980,112,2,3,10
7,1964,172,3,5,23
5,1980,119,3,4,10
0,2003,67,3,2,6
5,1980,115,2,4,10
5,1980,141,3,3,10
5,1980,90,3,3,10
5,1980,123,3,3,10
5,1980,108,3,3,10
5,1980,138,3,3,10
4,1995,185,4,5,20
4,1995,176,4,5,20
6,1996,82,3,2,2
1,1970,175,3,3,19
5,1996,69,2,2,14
5,1975,126,2,3,14
5,1988,92,2,3,14
7,1997,99,3,3,13
2,2020,34,1,1,21
3,1994,121,3,3,12
7,1997,132,3,4,13
5,1989,88,2,2,22
5,1977,123,3,4,13
5,1998,96,2,3,22
5,2000,97,2,2,22
5,1980,114,3,3,10
2,1995,175,3,2,12
6,1980,120,3,3,22
5,1985,110,3,3,2
1,1970,105,2,2,16
0,1968,92,2,1,14
4,1943,216,4,5,2
0,1981,119,4,2,19
2,2020,34,1,1,21
6,1992,86,2,2,21
2,1988,112,2,3,5
5,1985,72,2,2,22
6,1976,132,4,4,2
2,1989,122,2,3,5
2,1991,104,2,2,5
2,1996,88,2,2,5
4,1906,247,5,5,22
5,1975,134,3,3,22
5,1977,111,3,3,14
5,1950,179,3,4,14
5,1991,63,2,2,13
6,1985,94,2,3,14
1,1980,122,2,2,19
4,1957,189,4,5,5
2,2025,20,1,1,21
0,2017,31,1,1,3
7,2017,24,1,1,22
0,1985,109,3,3,3
0,2017,23,1,1,3
5,1973,147,4,5,2
0,2013,50,3,2,2
0,2001,73,3,2,2
0,1966,119,3,4,17
2,2023,20,1,1,21
0,1979,129,3,4,9
6,1971,144,4,3,6
6,1987,110,3,4,9
4,1969,148,3,4,3
2,2021,32,1,1,20
2,2018,73,2,2,20
1,1989,89,2,2,22
2,2018,70,2,2,20
1,1987,100,2,2,22
2,2018,72,2,2,20
2,1987,112,2,3,3
0,1965,118,3,3,20
1,1960,138,3,3,19
4,1940,217,4,4,2
0,1999,66,2,2,2
0,1998,81,2,3,22
0,2003,94,2,2,22
0,2003,62,2,2,22
0,1998,99,2,4,22
6,1990,100,2,2,18
5,1997,85,2,3,2
0,2010,54,2,2,2
5,1989,102,3,3,2
0,2021,78,2,2,2
6,1950,130,2,2,18
5,2003,69,2,2,2
1,2022,27,1,1,2
0,1965,180,3,4,9
2,2020,25,1,1,21
1,1990,109,2,2,14
0,2006,47,2,2,20
5,1981,116,3,3,2
6,1989,98,3,2,20
2,2015,65,2,2,20
3,1970,164,3,3,19
0,1975,93,3,2,20
6,1975,85,3,3,20
3,1960,193,4,4,19
6,1971,122,3,3,20
6,1970,100,3,3,20
1,1927,123,4,3,2
2,2016,56,2,2,20
0,1992,90,3,2,20
2,2018,54,2,1,20
2,2015,87,2,2,20
3,1960,200,3,3,19
0,1998,73,3,2,20
7,1962,165,3,3,2
1,1974,88,2,2,17
1,1960,165,4,3,2
0,1927,127,3,3,17
0,1995,76,2,2,17
5,1950,208,4,6,2
0,1972,92,2,2,17
0,1981,80,3,2,17
6,1981,123,3,2,9
0,1989,98,2,3,2
2,2020,28,1,1,21
1,1960,112,3,2,16
2,2020,27,1,1,21
1,1940,145,3,3,19
1,1940,118,3,3,19
5,1977,99,2,3,13
0,1997,91,3,2,20
2,2015,73,2,2,20
0,2004,87,2,3,21
0,2004,101,2,2,21
6,1972,122,3,2,20
1,1960,172,2,2,19
6,1958,157,3,4,20
1,1980,108,3,3,19
6,1958,117,3,3,20
6,2002,83,3,2,20
6,1958,138,3,3,20
0,1990,111,2,4,22
1,1977,109,3,2,17
6,1966,97,3,2,20
0,1980,78,3,2,17
5,1997,101,3,2,17
0,1999,75,3,2,17
1,1987,76,3,2,17
0,1975,97,3,3,17
6,1971,86,2,2,17
0,1999,67,2,2,17
0,1966,116,3,3,17
5,1975,109,3,4,10
2,2020,33,1,1,21
2,2020,29,1,1,21
5,2011,29,1,1,21
2,2018,57,2,2,20
2,2018,46,2,1,20
1,1940,211,3,3,19
0,1995,84,3,2,20
0,1995,100,3,2,20
1,1940,222,3,4,19
1,1940,230,3,3,19
1,1950,198,4,3,19
0,1995,88,3,2,20
0,1995,90,3,2,20
0,2019,22,2,1,3
6,1930,198,3,4,18
1,2003,81,1,1,13
1,1948,283,4,5,13
0,1992,68,2,2,22
3,1976,137,3,4,9
0,2004,63,2,2,17
0,1997,92,2,3,9
0,1963,115,3,3,17
7,1988,95,2,2,17
1,1952,189,3,4,2
5,2010,57,2,2,2
5,1981,129,2,5,2
4,1990,126,3,3,23
4,1998,96,2,3,23
4,1960,101,3,4,10
1,1974,142,3,3,12
1,1974,151,3,4,12
1,1974,134,3,4,12
1,2003,44,2,2,12
0,1926,160,3,3,17
1,1983,117,3,3,12
1,1974,133,3,3,12
1,1997,98,2,2,12
2,2020,37,1,1,12
0,1990,112,3,4,2
1,2003,77,2,2,12
4,1969,136,3,3,12
4,1950,155,3,2,10
0,1988,100,2,3,22
6,1977,168,3,4,12
0,1980,137,4,3,12
2,2023,20,1,1,21
0,1969,132,4,3,12
2,2020,27,1,1,21
0,2001,67,2,2,13
2,2017,44,1,1,22
3,1929,211,4,4,14
7,1988,112,3,3,12
3,1943,180,2,4,14
0,1998,70,2,2,22
3,1981,127,2,3,19
1,1990,96,2,2,2
5,1976,137,3,5,2
0,1999,61,2,2,22
0,1992,94,3,3,2
2,2024,20,1,1,21
4,1950,170,3,2,10
4,1950,162,3,3,10
4,1969,133,3,2,10
3,1970,156,3,3,10
1,1977,74,2,1,18
2,2023,20,1,1,21
0,1976,119,3,2,12
0,1975,118,3,4,11
0,1957,209,4,5,12
6,1981,112,3,2,12
0,1974,133,4,4,12
2,2023,20,1,1,21
0,1975,102,2,2,12
0,1995,61,2,2,13
2,2020,42,1,1,22
2,2020,30,1,1,21
0,2013,47,2,1,19
0,1972,134,2,3,15
2,2020,41,2,1,21
4,1940,221,6,5,2
0,1946,124,2,3,17
0,1985,125,3,2,11
0,1980,107,3,3,17
5,1958,148,3,3,17
2,2020,30,1,1,21
0,1991,81,3,2,11
0,1967,107,3,2,17
0,1981,164,3,2,11
0,1970,161,3,4,12
0,1972,133,3,4,12
0,1947,240,3,6,12
5,2006,81,2,2,22
2,2025,20,1,1,21
1,1923,223,3,2,14
3,1949,164,4,6,14
1,1977,193,2,3,12
7,1976,164,3,3,12
7,1969,159,3,3,21
2,2020,35,1,1,22
2,2020,42,2,1,21
2,2022,28,1,1,21
3,2013,58,2,2,2
0,1991,88,2,3,17
0,1935,143,3,2,17
0,1922,173,3,3,17
0,1972,92,2,2,17
0,1980,171,3,3,11
3,1946,183,3,3,20
0,1939,143,3,3,17
0,1921,105,3,2,17
3,1950,162,3,2,20
5,1998,128,2,3,21
2,2021,21,0,1,21
6,1924,225,5,6,3
4,1980,175,3,3,14
1,2019,28,1,1,2
4,1980,186,3,3,14
4,1980,190,3,3,14
6,1958,173,4,5,2
4,1984,132,3,4,2
2,2023,28,1,1,13
2,2021,23,1,1,21
5,1987,64,3,2,13
5,1987,79,2,2,13
2,2023,20,1,1,21
2,2000,86,1,2,12
7,2008,59,2,2,21
5,2021,38,1,1,13
4,1980,191,3,2,14
4,1980,181,3,3,14
4,1970,136,3,3,10
3,1950,187,3,2,14
5,2009,62,2,2,22
2,2021,20,1,1,21
1,1932,237,3,4,2
0,1983,121,3,3,19
1,1964,159,3,3,2
5,1978,147,2,4,23
2,2018,40,1,1,23
2,2017,42,1,1,23
2,1984,87,2,3,22
2,2023,20,1,1,23
0,1996,79,2,2,23
0,1992,120,2,2,13
6,1959,188,3,4,12
2,2020,38,2,1,21
0,1992,42,2,1,13
2,2025,18,1,1,18
6,1997,53,1,1,18
0,1992,85,3,2,23
2,1998,95,2,2,12
7,1991,100,3,4,2
5,1999,64,3,1,18
0,1953,157,3,3,10
2,2024,22,1,1,13
2,2021,25,1,1,13
3,1978,134,3,2,12
7,1986,140,3,3,12
5,2002,73,2,3,2
2,2020,25,1,1,21
5,2009,63,2,3,22
5,1972,145,4,4,2
5,1994,103,2,3,21
2,2017,54,1,1,22
6,1984,195,3,3,19
2,2020,25,1,1,21
2,2017,66,1,1,22
2,2017,41,1,2,2
2,2017,46,1,1,2
2,2025,20,1,1,21
2,2017,52,1,1,23
0,1996,63,2,1,18
3,1997,58,3,1,18
3,2003,76,3,1,18
3,1991,120,3,3,18
3,1993,74,3,2,18
3,1989,83,3,2,18
3,1987,82,2,2,18
1,1950,102,3,2,2
3,1998,65,2,2,18
0,1940,140,3,4,18
5,1988,94,3,3,2
5,1994,96,3,3,2
1,1942,212,3,4,2
0,1970,89,3,2,12
1,1954,142,2,2,12
1,1947,171,3,3,12
1,1977,146,3,2,12
1,1967,152,3,3,12
1,1987,112,2,2,12
5,2004,89,3,3,21
5,1994,97,3,3,21
4,1969,140,3,4,21
0,1987,109,2,3,2
0,1986,76,1,2,19
2,2017,53,1,1,22
0,1943,219,4,5,9
0,1995,67,2,2,21
2,2015,92,1,1,22
2,2015,96,1,1,22
2,2015,86,1,1,22
2,2015,70,1,1,22
6,1940,136,4,4,18
6,1940,135,4,4,18
1,1974,136,3,4,12
1,1974,162,4,4,12
0,1940,126,3,4,18
1,1966,174,4,4,12
1,1970,156,3,3,12
1,1974,145,3,4,12
1,1974,136,3,4,12
0,1995,59,2,1,12
0,1996,64,2,1,12
6,1991,60,2,2,12
2,2014,66,2,2,1
5,1993,64,2,1,13
0,1986,69,1,2,12
0,1966,115,3,2,12
0,1996,53,1,1,12
6,1978,119,2,2,2
6,1998,80,2,3,12
1,1986,86,2,2,13
4,1990,110,2,3,23
0,1991,100,2,3,21
5,1996,132,2,3,22
2,2012,170,1,1,13
4,1989,92,2,2,21
6,1975,130,3,3,21
7,1992,76,2,2,17
6,1981,112,3,3,21
7,1956,180,4,5,10
4,1992,112,3,3,23
4,1997,89,2,2,23
4,1993,141,3,3,23
2,2023,20,1,1,21
1,1974,144,3,3,12
1,2004,50,2,1,12
5,2003,75,2,2,21
4,1974,150,3,5,12
4,1980,99,2,2,12
4,1995,83,2,3,12
7,1947,106,2,2,19
4,1963,192,3,7,12
6,1985,90,3,2,1
3,1972,160,4,4,12
0,1957,80,2,2,18
6,1964,193,3,4,12
1,1982,116,3,2,12
1,1981,120,2,3,23
7,1989,131,2,3,12
0,1988,101,2,3,13
7,1940,151,3,3,18
4,1997,75,2,2,23
7,1947,116,3,2,18
3,1938,194,3,4,19
4,1970,164,3,4,23
7,2007,53,2,2,21
2,2012,115,2,2,22
4,1981,123,3,4,23
1,1940,125,2,3,18
2,2022,33,1,1,21
6,1997,76,2,2,5
6,1964,156,3,4,5
1,1940,128,2,2,18
7,2000,76,2,3,5
7,1978,149,3,3,21
0,1980,133,2,3,5
0,1990,102,3,3,5
0,1974,136,3,3,5
6,1967,145,2,3,5
0,1977,136,3,4,5
6,1986,109,2,3,21
0,1977,134,3,4,5
6,1959,170,3,4,5
7,1989,111,2,3,12
7,1965,115,4,3,12
1,1958,172,3,3,2
0,1987,93,2,2,12
6,1990,84,1,2,12
2,2020,35,1,1,21
3,1985,105,2,2,12
1,1966,115,3,2,16
3,1975,127,3,3,12
0,2017,41,1,1,13
5,1993,83,2,2,13
5,1979,138,2,3,11
2,2020,26,1,1,21
6,1999,92,2,2,13
6,1988,124,3,3,13
0,1970,146,2,3,11
6,1983,141,3,3,13
6,1948,263,3,3,13
0,1998,116,3,3,13
5,1983,175,4,4,13
7,1985,115,3,4,12
6,1964,141,3,4,5
4,1999,89,2,3,23
4,1970,163,3,5,23
2,2020,36,1,1,21
4,1999,82,2,2,21
2,2020,37,1,1,21
2,2024,28,1,1,12
1,1940,142,2,3,18
5,1998,132,2,3,21
1,1940,124,3,3,18
0,1991,93,2,3,5
1,1957,88,2,2,18
1,1940,134,2,2,18
7,1975,141,3,4,7
6,1980,94,2,2,11
2,2015,65,1,2,16
6,1970,127,2,3,11
0,1975,111,2,2,11
0,1999,72,2,2,21
3,1959,195,5,4,21
2,2021,22,1,1,21
3,1947,205,3,4,5
5,1998,65,2,2,21
2,2024,26,1,1,12
2,2023,20,1,1,21
4,1930,227,4,6,3
2,2016,44,2,2,3
2,2017,24,2,1,3
3,1979,133,3,3,5
7,1938,225,3,5,5
3,1945,199,3,3,5
5,1994,72,2,2,21
3,2015,41,1,1,12
4,1951,237,4,5,22
3,1932,204,4,4,12
0,1979,150,3,3,22
1,1991,64,2,2,13
0,2001,65,2,2,12
0,1986,117,3,3,12
0,1992,99,3,3,12
4,1943,160,4,3,13
0,1972,82,2,2,14
0,1987,138,2,3,13
4,2022,31,1,1,13
1,1997,101,2,2,13
4,1984,153,2,4,10
6,1994,98,2,3,21
2,2021,22,1,1,21
3,1994,121,2,2,21
6,1989,97,2,3,5
1,1993,89,3,3,12
1,1931,160,2,3,14
1,1970,157,4,4,12
1,2012,37,1,1,12
1,1998,89,2,2,12
0,2003,68,3,3,2
0,1918,176,3,4,17
2,2024,20,1,1,21
4,1956,269,4,6,12
1,1986,92,2,2,13
1,1981,129,3,3,13
4,1969,217,3,5,12
0,1977,166,3,3,18
4,1974,200,3,5,12
4,1949,250,4,5,22
4,1961,231,3,5,12
1,1966,88,2,3,16
1,1957,102,2,2,2
4,1981,140,3,3,12
4,1997,89,3,4,22
7,1960,129,3,2,10
7,1960,168,3,2,10
4,1973,182,3,4,12
6,1994,85,2,3,21
4,1994,121,1,4,23
0,1940,155,3,3,19
4,1999,111,2,2,23
4,1999,112,2,2,23
6,1981,118,3,3,21
0,1994,103,2,3,21
7,2011,38,2,2,21
3,1940,128,3,4,19
3,1954,195,5,4,21
3,1954,198,3,4,21
4,1979,117,3,5,10
0,1981,70,2,2,21
4,1950,208,3,4,10
1,2002,61,2,2,12
1,1966,168,4,4,12
1,1971,157,4,3,12
1,1998,83,3,2,12
0,1993,76,2,3,17
1,1971,138,4,3,12
1,1985,118,3,2,12
3,1981,116,2,3,2
1,1981,119,3,3,12
1,1968,155,3,3,12
1,1978,133,3,3,12
1,1979,128,3,3,12
1,1983,115,3,2,12
1,1975,138,3,3,12
1,1971,159,3,3,12
0,1947,124,2,3,17
4,1960,243,3,5,12
4,1976,177,3,4,12
4,1971,213,3,5,12
2,2020,38,1,1,22
4,1962,245,4,6,12
0,1976,134,3,4,12
6,1987,105,3,3,12
1,1945,262,3,2,21
5,2000,93,2,2,22
5,2000,70,2,2,22
0,1997,70,2,2,13
0,1997,65,2,2,13
0,1967,75,2,2,19
0,1957,85,2,2,19
0,1977,66,2,2,18
0,1940,137,3,3,17
1,1968,128,2,2,17
1,1968,119,3,2,17
2,2022,23,1,1,12
7,2005,65,2,2,17
1,1938,139,3,2,17
1,1998,89,3,2,12
2,2020,34,1,1,21
1,2003,73,2,2,12
2,2022,22,1,1,12
1,1964,177,4,3,12
4,1987,130,2,3,22
1,1960,214,4,5,12
3,1995,67,2,2,22
3,1988,105,1,2,15
7,1989,96,2,2,19
2,2006,91,2,2,22
4,1990,105,2,3,23
4,1999,128,2,2,23
5,1964,160,3,4,21
6,1963,125,3,4,22
5,1966,134,3,4,22
1,1979,130,2,3,23
7,1974,121,2,2,21
1,1910,236,4,3,10
2,2024,20,1,1,21
3,1947,110,2,3,18
3,1940,118,2,3,18
3,1940,144,2,3,18
0,1940,130,2,3,18
0,1940,125,3,3,18
0,2000,49,2,2,22
1,1975,135,3,3,12
1,1974,133,3,3,12
1,1984,124,2,2,12
6,2021,27,1,1,13
0,1996,92,2,2,17
4,1963,198,4,6,12
4,1980,132,3,4,12
4,1997,91,2,3,12
4,1997,87,2,3,12
4,1921,268,4,5,2
2,2025,20,1,1,22
2,2023,20,1,1,22
0,1985,107,4,3,2
0,1989,108,2,3,5
0,1991,66,2,2,16
6,1976,85,2,2,15
0,1985,78,2,2,16
1,1960,190,4,4,16
2,2019,35,1,1,16
6,1977,130,5,2,2
7,1969,139,3,4,21
3,1940,153,2,3,18
5,1998,56,2,1,21
6,1986,92,2,2,21
4,1973,108,4,4,16
0,1976,77,2,2,16
6,1942,115,3,2,16
6,1971,144,4,3,2
1,1950,167,3,2,16
0,1994,129,3,5,10
1,1943,190,3,3,16
3,1995,63,2,2,16
1,1966,132,3,2,16
3,1957,175,3,3,18
1,1950,171,3,2,16
1,1943,181,3,2,16
1,1956,149,3,3,16
7,1992,80,2,2,16
1,1953,175,3,3,16
7,1990,78,2,2,16
1,1937,194,3,3,16
1,1945,181,3,3,16
1,1943,188,2,3,16
6,1994,63,2,2,22
1,1982,103,2,2,16
1,1949,180,3,2,16
2,2013,69,1,1,11
0,1984,130,3,2,11
0,1956,133,3,3,20
0,1989,103,4,2,2
1,1916,278,4,6,2
6,1966,83,2,2,16
0,1981,74,2,2,16
0,2005,44,1,2,16
0,1976,84,3,3,16
2,2006,77,2,2,11
5,1997,83,3,2,20
0,1963,86,2,2,16
2,2006,68,2,2,11
0,1962,88,2,2,16
7,1940,141,3,4,19
7,2003,46,1,1,19
0,1995,85,2,2,11
4,1970,154,3,4,22
0,1987,102,4,2,2
0,1985,143,3,3,11
6,1973,137,4,2,2
3,1984,127,3,3,19
2,2017,45,1,1,11
0,1985,117,2,3,21
3,1997,57,2,2,16
7,1980,94,2,1,16
3,2012,37,2,1,16
2,2023,20,1,1,21
3,1994,63,3,2,16
1,1976,107,3,2,16
1,1982,93,2,1,16
3,2007,56,2,2,16
5,1985,100,3,3,16
5,1987,94,3,2,16
5,1985,106,3,2,16
0,2000,72,3,2,2
5,1988,102,3,3,16
2,2019,49,1,1,11
5,1988,83,3,3,16
5,1988,126,3,3,16
1,1988,102,2,2,16
0,1991,120,3,3,11
1,1983,106,2,3,16
0,1998,83,3,2,11
1,1973,125,2,3,16
0,1992,91,4,2,2
1,1983,95,2,3,16
1,1983,84,2,2,16
4,1950,167,3,3,10
4,1950,189,3,3,10
0,1996,82,3,2,2
0,1985,98,2,3,16
1,2006,58,2,2,16
4,1961,177,4,4,16
0,1986,126,3,2,11
0,2003,64,2,2,17
6,1970,126,3,3,12
1,2001,68,2,2,12
0,1967,105,3,3,17
0,1969,157,4,5,19
6,1992,92,2,3,12
5,1945,186,4,2,16
5,2004,47,2,1,16
3,1990,97,2,3,21
5,1998,66,2,2,16
5,2003,50,2,2,16
0,1986,91,2,2,16
5,2000,60,2,2,16
0,1970,157,3,3,21
6,1964,136,3,3,16
1,1949,186,3,3,16
6,1944,186,3,4,16
2,2006,71,2,2,11
6,1977,132,4,2,2
6,1991,93,4,2,2
2,2017,47,1,1,11
3,1970,122,2,2,10
3,1970,133,3,2,10
1,1963,123,2,3,16
1,1958,168,3,3,16
3,1970,132,2,2,10
5,1998,94,2,2,16
5,2007,35,1,1,16
6,1938,188,3,3,16
5,1982,110,3,2,16
5,1995,93,2,3,22
0,1983,49,2,1,16
6,1988,97,4,2,2
5,2006,44,2,2,22
0,1986,110,4,3,2
6,2021,24,1,1,2
1,2021,22,1,1,2
2,2025,20,1,1,22
5,1998,73,2,2,21
1,2016,35,1,1,12
2,2017,46,2,2,3
1,2002,85,2,2,12
1,2000,80,2,2,12
1,2003,68,1,1,12
7,1941,139,3,3,17
7,1920,122,3,2,17
1,1974,144,3,3,12
6,1941,144,3,3,17
1,2002,78,2,2,12
7,1918,167,3,3,17
2,2006,106,2,3,17
1,1983,117,3,4,12
2,2022,24,1,1,12
2,1988,99,2,3,3
1,1983,93,2,2,16
5,2000,50,2,2,16
5,2001,57,2,2,16
5,1969,134,3,4,16
3,1985,121,3,3,21
0,2000,78,2,3,21
4,1960,225,4,6,10
1,1970,201,3,4,11
3,1970,149,2,2,10
3,1970,115,2,2,10
3,1970,124,3,3,10
3,1975,146,3,3,16
3,1975,131,3,2,16
1,1955,135,3,3,11
3,2004,79,2,2,16
3,1975,131,3,3,16
1,1985,89,3,2,16
1,1960,174,3,3,16
1,1958,150,3,2,16
4,2017,84,1,1,12
0,1990,99,2,3,21
0,1995,91,2,2,21
3,1985,114,3,3,21
5,1988,70,2,2,16
3,1949,172,4,4,16
3,1959,156,4,2,16
2,1982,115,3,3,3
2,1968,177,3,4,3
3,1989,92,3,2,3
6,1958,114,3,2,17
0,1954,140,3,2,17
4,1974,224,3,4,10
3,1947,197,3,4,18
2,1987,113,2,2,21
6,1981,118,3,3,2
5,2002,81,2,2,13
4,1989,78,2,3,22
4,1974,148,3,3,10
1,1988,76,2,2,16
0,1997,78,5,2,2
0,1970,144,4,3,2
2,2015,29,1,1,22
0,1987,103,2,3,21
0,1987,105,2,3,21
0,1995,82,2,2,21
2,2020,25,1,1,22
5,1980,104,2,1,17
4,1980,132,3,3,21
2,2000,106,2,3,16
7,1981,132,3,3,12
2,2020,26,1,1,22
6,1952,146,3,3,17
5,1993,112,3,2,16
6,2010,32,2,1,3
5,1993,81,2,2,16
5,1982,93,2,2,16
5,1981,112,2,2,16
5,2019,19,1,1,16
5,2006,44,2,1,16
2,2022,28,1,1,21
5,2007,32,1,1,16
6,1956,153,4,4,16
0,1965,119,3,3,11
5,1978,86,3,3,16
0,2012,33,1,1,11
1,2015,45,1,1,10
5,1996,80,2,2,17
1,1945,232,3,3,10
1,1949,117,2,3,17
1,1944,120,3,3,17
3,2000,65,2,2,17
7,2000,62,2,2,17
7,2000,65,2,1,17
0,1994,87,4,2,2
0,1978,102,4,3,2
0,1924,258,5,6,2
0,2001,73,3,2,2
3,1970,152,2,3,10
1,1911,221,2,2,17
0,1980,101,3,2,11
0,1981,142,3,2,11
3,1989,106,2,3,7
1,1949,157,3,2,17
3,1993,100,2,2,16
1,1969,138,2,3,16
0,1980,125,3,3,21
7,1988,113,4,3,2
7,1938,147,3,3,17
1,1902,177,3,3,17
6,1923,173,3,4,17
3,1964,100,2,3,17
0,1931,151,3,4,17
3,1978,104,2,2,17
0,1961,165,4,3,2
1,1976,125,3,3,2
1,1933,280,4,4,17
6,1981,149,2,3,22
2,2015,29,1,1,22
6,1956,131,3,2,20
5,1963,173,3,4,1
2,1992,133,3,3,17
2,1992,128,3,3,17
3,1980,119,3,3,22
5,1985,130,3,3,22
2,2023,24,1,1,10
2,2023,20,1,1,22
7,1957,174,3,4,21
7,1959,154,3,3,21
1,1939,247,4,3,19
3,1957,122,3,2,18
0,1981,94,3,3,1
3,2004,91,2,2,18
6,1959,183,3,4,16
6,2001,54,3,1,16
0,1994,74,3,2,16
6,1989,267,3,4,16
1,2009,39,1,1,10
6,2003,154,3,4,16
0,1994,87,3,3,2
0,1995,76,2,2,21
2,1957,167,2,3,16
1,1973,142,3,3,23
2,2006,110,2,2,16
5,2010,46,2,2,20
5,1990,94,4,2,2
1,1940,124,2,2,16
7,1953,145,3,3,16
1,1955,87,2,2,16
1,1993,100,2,3,12
1,1939,226,4,4,19
2,2023,20,1,1,22
3,1985,92,3,2,18
7,1985,96,2,2,21
3,1999,78,2,1,18
7,1968,139,3,4,21
1,1925,215,3,4,19
0,1970,138,3,3,2
7,1980,124,4,3,2
0,1980,92,2,3,21
1,1990,84,2,2,16
3,1957,162,3,2,18
3,1995,193,1,2,21
0,1992,93,4,3,2
5,2010,49,2,2,20
5,1969,123,2,2,16
5,1987,75,2,2,16
5,1956,89,3,2,20
0,1956,136,3,3,20
1,1990,96,3,3,12
7,1966,153,3,4,21
6,1978,120,3,2,2
3,2004,55,2,2,22
7,1958,168,3,3,21
0,1971,146,4,4,2
6,1986,105,3,3,2
7,1990,84,2,3,12
2,2020,43,2,1,21
7,1989,113,2,3,12
3,1991,77,2,2,16
1,1998,106,3,2,16
0,1968,153,4,4,2
1,1985,142,3,3,16
0,1962,126,3,3,2
4,1913,200,3,4,16
0,1954,164,4,5,1
7,1978,117,4,3,1
2,2015,32,1,1,22
3,1938,104,2,2,17
3,1949,105,3,3,17
2,2003,114,3,3,2
2,2003,128,2,3,2
6,1923,231,4,4,16
2,2009,35,1,1,2
7,1969,152,3,4,21
2,2009,84,2,2,2
1,1963,164,4,3,16
1,1933,206,5,3,16
1,1963,142,4,3,16
2,2003,128,3,3,2
1,1943,178,5,3,16
1,1945,77,1,2,16
7,1964,158,3,4,21
3,1940,141,3,2,18
0,1996,83,2,2,17
1,1984,108,2,2,16
6,1973,113,3,3,2
0,1962,132,3,3,2
1,1960,138,3,2,16
5,1996,137,2,3,22
5,1996,114,2,3,22
3,1925,134,3,3,17
4,1975,144,3,5,17
1,1950,143,3,4,17
0,2000,62,2,1,17
5,1991,92,4,2,2
6,1996,73,2,2,22
5,1983,76,3,3,17
5,1984,110,4,2,2
2,2003,131,3,4,10
7,1964,155,3,4,21
2,2003,107,2,3,10
1,1936,179,5,3,20
2,2003,120,3,3,2
1,1943,167,5,3,16
1,1963,124,4,2,16
1,1923,242,5,3,16
1,1943,168,5,3,16
0,1987,100,3,3,22
1,1943,169,5,3,16
1,1983,89,3,2,16
1,1983,94,3,2,16
1,1988,81,2,2,16
1,1988,77,3,2,16
1,1966,67,2,1,16
3,1985,85,2,2,21
7,1990,104,2,2,21
1,1962,78,3,2,16
5,1990,127,2,2,17
1,1965,155,3,4,2
2,1994,110,2,2,17
5,1983,79,3,3,16
5,1973,102,3,3,16
5,1996,154,2,4,22
5,1963,124,3,3,16
5,1963,124,3,3,16
5,1963,111,3,3,16
5,1963,103,3,3,16
5,1983,73,3,2,16
2,2015,79,1,1,16
2,2020,33,1,1,16
5,1996,111,2,3,22
2,2017,53,1,1,17
2,2020,20,1,1,22
5,1996,114,2,3,22
7,2018,42,1,1,13
0,1975,139,5,3,2
6,1976,127,5,3,2
0,1983,108,4,2,2
0,1991,92,4,3,2
3,1976,77,2,2,16
0,1972,135,4,4,2
3,1953,124,3,2,16
3,1953,150,3,3,16
4,1989,104,2,2,13
5,1996,82,3,3,2
0,1977,130,5,4,2
3,1973,109,3,2,16
4,1930,238,4,5,16
5,1966,162,4,3,2
1,1967,68,3,2,16
5,1965,73,1,2,16
6,1976,62,1,1,16
5,1928,174,4,2,16
7,1969,152,3,4,21
7,1988,104,2,2,21
5,1980,129,3,4,22
0,1972,140,5,4,2
7,1990,101,2,2,21
7,1990,85,2,2,21
7,1966,150,3,3,21
1,1936,155,3,3,20
3,1992,74,2,2,17
3,2007,67,1,1,17
3,1988,98,1,1,17
7,1978,126,2,3,21
4,1932,219,4,4,16
4,1950,180,4,4,16
4,1979,170,3,3,17
7,1996,48,2,1,17
0,2000,76,3,2,10
7,1980,60,2,2,17
6,2000,71,2,3,22
0,1988,107,3,3,2
0,2003,64,3,2,2
3,1967,102,2,2,17
1,1990,78,2,1,2
1,1983,93,2,2,2
0,2007,48,2,2,13
0,1988,128,3,4,13
2,2023,25,1,1,5
1,1953,163,3,3,2
5,2016,32,1,1,13
6,1968,86,2,2,16
6,1957,172,4,3,2
2,2020,25,1,1,22
7,1960,210,3,4,12
1,1990,105,2,2,21
3,2013,53,2,2,3
7,1988,56,2,1,17
1,2009,65,1,1,10
2,2013,53,2,2,3
2,2013,67,2,2,3
7,1992,62,2,1,17
2,2016,44,1,1,10
0,1963,145,3,2,16
6,1990,109,2,3,21
0,1992,80,3,2,2
0,1997,80,3,3,2
6,1989,72,2,2,10
2,2023,20,1,1,22
0,1950,143,3,3,22
6,1970,126,3,4,5
0,1998,75,3,2,13
1,2011,46,2,2,2
3,1934,104,2,3,17
1,2000,69,2,2,2
0,1986,92,2,2,22
1,2012,47,2,2,2
3,1931,102,2,2,17
0,1986,78,2,2,22
3,1915,124,2,3,17
2,2023,20,1,1,22
5,2003,57,2,2,20
6,1951,222,4,5,2
6,1919,159,3,3,17
6,2005,62,2,2,17
2,2013,39,1,1,3
1,1958,122,3,2,17
6,1922,176,2,4,17
7,1972,185,4,3,12
6,2005,88,2,2,17
7,1972,152,3,4,12
7,1989,87,2,2,10
6,1942,124,2,3,16
3,1980,138,2,3,21
0,2005,75,2,3,16
2,2023,20,1,1,22
3,1944,171,4,4,17
3,1918,126,3,3,17
3,1920,113,3,3,17
3,1903,141,3,4,17
0,1999,78,2,2,15
0,1994,70,2,2,16
7,1996,118,3,3,22
2,2023,20,1,1,22
7,1953,208,4,3,21
6,1993,93,3,2,2
4,1970,98,2,2,22
4,1970,113,2,3,22
0,1965,113,2,5,16
6,1990,91,2,2,16
1,1992,85,2,2,23
7,1961,153,3,3,21
7,1960,161,3,4,21
1,1960,192,4,4,16
6,2002,53,2,1,17
1,1955,129,3,2,17
5,1991,89,2,2,16
3,2000,76,1,2,16
7,2000,56,2,1,16
7,1996,70,2,2,16
6,1974,132,4,2,2
0,2000,88,3,2,2
0,2001,66,2,2,17
6,1961,123,1,2,17
0,1964,157,3,3,2
0,1991,107,2,2,17
2,2014,63,1,2,12
0,1951,135,3,2,17
2,2014,60,1,2,12
2,2008,74,2,2,17
6,1987,75,3,2,2
2,2008,101,2,2,17
2,2011,76,1,2,17
2,2023,20,1,1,22
0,2006,75,2,2,17
2,2008,99,1,2,17
2,2013,75,1,1,17
4,1922,257,4,5,2
0,1963,131,3,3,16
1,1989,198,3,3,16
0,1984,94,2,3,16
0,1981,214,2,5,16
0,1998,113,3,3,16
0,1986,84,3,3,16
1,1976,131,2,3,22
1,2023,30,1,1,20
0,1966,108,3,3,19
0,1968,103,2,4,17
1,1978,124,2,3,22
1,1988,100,2,3,22
1,1972,140,3,4,22
2,2008,103,1,2,23
5,1959,150,3,3,17
5,1965,130,3,3,17
5,1980,115,3,4,17
5,1973,120,3,3,17
4,1948,166,4,4,1
5,1984,86,3,3,17
5,1963,137,3,3,17
6,1990,87,2,3,17
6,1970,137,3,3,17
0,1978,120,4,4,2
0,1987,100,4,3,2
0,1996,74,3,2,2
3,1970,132,3,3,18
5,1961,169,4,5,2
1,1959,173,3,4,21
3,1940,187,3,3,18
0,1963,172,4,6,2
0,2007,48,2,2,22
1,1940,196,4,3,2
1,1950,137,3,3,2
0,1968,164,3,3,20
0,1990,120,3,3,17
0,1988,112,3,3,18
4,1972,153,4,5,2
3,2025,18,1,1,22
5,1970,141,4,3,2
6,1980,116,3,3,17
1,1968,149,2,3,22
1,1985,107,2,3,22
5,1980,112,3,3,17
6,1984,110,3,3,22
6,1980,112,4,4,17
6,1955,148,3,3,17
6,1970,138,3,4,17
2,2018,33,1,1,17
1,1970,124,2,2,10
4,1949,225,3,3,12
0,1998,73,1,2,17
5,1966,161,4,3,2
0,1963,142,2,3,16
1,1977,160,2,3,16
5,1990,94,4,2,2
3,2024,20,1,1,22
0,1974,136,5,4,2
6,1996,132,3,2,20
2,1973,172,2,4,2
6,1972,122,3,3,13
0,1958,155,4,5,13
2,2013,83,1,2,16
0,2001,75,3,2,2
3,1994,73,2,2,16
1,1990,96,2,3,22
2,2024,21,1,1,17
1,1980,121,2,3,22
1,1986,105,2,3,22
5,1966,146,2,3,17
5,1958,78,3,3,17
0,1921,231,3,5,19
0,1938,189,2,3,17
0,1933,201,2,3,17
0,1990,101,5,2,2
0,2002,69,4,2,2
5,1964,140,3,4,16
2,2025,19,1,1,22
4,1971,157,4,5,2
0,1950,166,3,4,13
2,2018,33,1,1,13
3,2018,33,1,1,13
0,1979,99,3,3,2
1,1974,109,2,2,16
1,1959,141,2,2,16
1,1906,259,3,5,16
5,1999,74,2,2,16
0,1947,106,2,2,18
0,1991,69,2,1,14
6,1958,174,4,3,2
4,2010,73,1,1,16
4,2010,69,1,2,16
0,1994,96,2,2,19
0,1953,200,3,3,17
3,1975,155,2,3,21
3,1975,139,2,3,21
1,1978,125,2,3,22
0,1997,78,3,2,19
1,1974,136,2,3,17
5,2003,53,3,1,17
0,1983,115,3,3,17
0,1944,173,3,3,4
6,1998,66,3,2,4
0,1998,77,3,2,2
6,2006,36,2,1,4
6,1958,145,4,5,4
2,2020,44,1,1,13
1,2021,33,1,1,2
1,1980,92,2,2,16
0,1986,119,3,3,9
6,1957,85,2,2,19
0,1981,133,4,3,9
5,2000,53,2,2,16
5,1955,164,4,4,16
5,1972,140,3,3,16
0,1947,112,3,4,19
0,1996,70,1,2,16
0,1982,101,2,3,16
1,2002,70,2,2,2
0,1990,77,2,3,16
2,2021,21,1,1,22
7,1986,117,2,3,2
1,2003,75,2,2,2
0,2011,55,2,2,2
6,2009,55,2,2,2
6,2004,74,2,2,2
1,2024,23,1,1,13
1,2016,43,1,1,13
5,1995,63,2,2,22
1,1960,136,2,2,16
1,1960,118,2,2,16
1,1960,136,3,3,16
1,1960,130,2,3,16
7,1945,174,2,3,16
6,1947,112,3,4,19
6,1921,225,3,4,16
0,1992,117,2,2,14
3,2004,60,1,1,16
0,1964,133,3,3,16
3,1982,104,3,3,16
2,2007,108,2,2,16
1,1901,271,4,4,16
2,2001,89,2,2,16
0,1940,117,3,4,19
1,1949,163,3,3,16
0,1969,133,3,4,16
0,1990,103,2,3,16
7,1994,102,3,4,2
0,1989,82,3,2,3
0,1991,69,2,2,16
5,1954,158,4,3,16
0,1971,130,3,3,16
0,1976,107,3,3,16
3,2021,17,1,1,22
0,1969,134,3,4,16
1,1961,169,4,4,2
3,1927,150,3,3,22
4,1953,191,3,5,2
7,1968,155,3,3,22
0,2015,45,2,2,17
3,1958,141,3,2,16
3,1940,181,3,3,16
0,1938,200,3,4,16
0,2001,76,2,2,9
0,1963,142,2,4,16
0,1964,136,3,3,16
0,1992,69,3,3,16
3,2021,17,1,1,22
0,1998,55,1,3,16
3,2021,17,1,1,22
3,2021,16,1,1,22
4,1965,128,3,2,10
4,1975,103,3,2,10
3,1989,114,3,4,2
7,1976,104,3,4,2
1,1973,88,2,2,16
3,1994,85,2,2,22
6,1992,70,3,2,4
1,1963,122,3,3,16
1,1988,70,2,2,16
3,1998,78,3,2,2
0,1997,94,3,2,2
1,2018,24,1,1,3
1,1970,79,2,2,16
0,2013,37,1,1,16
0,1953,196,3,5,16
3,1940,141,3,3,19
2,2018,37,1,1,16
6,1995,98,3,3,2
3,2011,62,1,1,16
3,2013,53,1,1,16
0,1957,180,4,5,16
3,2011,54,1,1,16
7,1970,158,5,4,2
2,2022,27,1,1,1
4,1950,147,4,3,10
4,1950,175,3,3,10
4,1950,200,4,4,10
3,1980,132,4,3,2
4,1975,109,3,3,10
4,1950,164,3,3,10
1,1966,137,3,3,17
2,2021,16,1,1,22
1,1953,136,3,3,16
1,1963,98,3,2,16
1,1953,162,3,3,16
1,1953,133,3,3,16
1,1986,69,1,2,16
3,1948,90,3,2,16
1,1975,108,2,2,16
1,1975,165,3,2,16
0,2006,66,2,2,2
1,1975,139,2,3,16
1,1955,137,2,3,16
0,2000,67,2,2,16
1,1990,102,2,2,16
0,1996,66,2,2,16
0,1997,111,3,3,2
1,1986,91,2,3,16
1,1960,132,2,3,16
1,1976,97,2,2,16
3,1941,184,3,3,16
0,1977,59,2,2,19
6,1989,104,2,2,17
2,1985,134,2,3,9
0,1968,140,3,3,17
0,2000,69,2,3,17
0,2001,62,2,2,17
0,1996,59,2,3,16
1,2009,46,2,1,2
1,1932,240,4,4,2
7,1947,102,2,3,19
7,1955,185,3,4,19
5,1982,56,2,1,17
0,1962,155,3,3,20
2,2020,47,1,1,21
2,2019,40,1,1,16
1,1971,98,2,2,16
1,1966,132,2,2,16
7,1966,166,4,5,2
1,1976,87,2,2,16
1,1951,175,3,2,16
1,1971,93,2,2,16
1,1970,111,2,3,16
1,2009,58,3,2,2
1,1966,113,2,2,16
0,1985,57,2,3,22
0,1970,88,3,3,22
0,1975,78,3,3,22
2,2022,29,1,1,1
0,1986,83,2,2,16
0,1940,174,5,5,2
0,1940,189,5,3,2
0,1966,127,3,3,20
2,2019,34,1,1,16
1,1966,143,3,3,16
1,1936,230,5,5,2
4,1959,171,3,6,17
2,2016,32,1,1,13
2,2016,30,1,1,13
2,2022,29,2,1,1
0,1995,67,2,3,22
5,1998,42,2,2,22
7,2022,18,1,1,22
0,2000,82,3,3,2
3,1983,86,2,2,16
3,1963,174,2,3,16
1,1976,86,2,3,16
3,1960,174,4,5,2
1,1971,111,3,3,16
1,1941,180,4,4,16
0,1968,157,4,4,2
1,1956,143,3,3,16
1,1986,80,2,2,16
3,1946,182,3,2,17
1,1917,238,3,3,17
3,1991,91,2,2,17
7,2020,26,1,1,22
0,1910,220,5,6,2
4,1911,298,5,7,2
3,1980,134,2,2,21
2,2014,38,1,1,22
3,2005,56,1,2,16
1,2007,46,2,1,16
0,2007,26,1,1,16
1,1993,72,2,2,16
6,1973,119,3,1,16
1,1982,156,3,4,2
1,1986,84,2,2,16
1,1981,85,2,2,16
3,2008,39,1,1,15
1,1991,58,2,2,16
7,2003,71,2,3,2
1,1991,55,3,2,16
3,1996,86,3,3,2
1,1986,53,2,2,16
3,2000,89,3,3,2
0,1911,255,3,3,17
6,1942,180,4,3,17
0,2016,88,2,2,17
1,1955,194,3,3,17
2,2021,21,1,1,22
1,1960,191,3,4,21
4,1965,163,5,4,2
4,1989,103,3,3,2
0,1995,91,2,2,16
0,1990,60,2,2,16
0,1985,72,2,2,16
0,1992,77,2,2,22
0,1995,73,2,2,16
1,2003,54,1,2,16
7,1967,87,2,1,19
0,1994,118,2,3,22
2,2018,41,1,1,16
5,2005,54,2,2,22
0,1988,102,2,3,22
2,2016,41,1,1,16
2,2016,38,1,1,16
2,2016,37,1,1,16
0,1976,146,3,3,20
2,2016,34,1,1,16
2,2016,49,1,2,17
3,1993,87,4,4,2
7,2002,78,3,3,2
1,1941,197,4,5,16
1,1961,170,5,5,16
1,1985,105,2,2,16
6,2011,50,3,2,2
3,1990,86,2,2,16
1,1985,79,2,2,16
1,1975,152,3,3,16
3,2020,20,1,1,22
2,2020,22,1,1,22
5,1982,71,2,2,16
1,1945,222,4,3,17
4,1968,280,4,7,22
0,1997,52,2,2,13
5,1995,42,2,1,22
7,1941,234,3,5,15
5,1999,40,2,2,22
2,2018,41,1,1,13
2,2017,29,1,1,13
6,1953,183,4,5,2
5,2005,103,2,2,22
7,1975,149,3,4,2
5,1984,108,2,3,14
2,2013,46,1,1,17
5,2005,55,2,2,22
6,1976,111,3,2,20
5,2005,90,2,3,22
0,1980,122,4,3,2
3,2020,22,1,1,22
3,2020,22,1,1,22
3,1963,130,3,3,16
3,1963,137,3,3,16
5,1981,78,3,2,16
3,2007,42,1,1,22
7,1989,97,2,2,17
4,1915,270,5,6,2
2,2020,38,1,1,21
2,2017,49,1,1,23
5,1979,129,5,2,2
2,2013,43,1,1,17
2,2018,36,1,1,16
2,2018,36,1,1,16
0,1968,151,3,2,20
2,2016,57,1,2,17
2,2016,50,1,2,17
6,1976,99,3,2,20
7,2003,46,1,2,16
5,1995,64,2,2,16
6,1999,50,2,2,16
7,1976,121,3,3,1
1,1983,122,2,2,17
0,1947,120,3,3,18
5,1956,190,5,4,2
5,2019,24,1,1,9
2,2022,23,1,1,1
6,1993,79,2,2,2
0,1993,94,3,3,2
0,1978,127,4,3,2
0,1990,100,3,3,9
3,1926,227,4,5,14
5,1958,154,3,4,14
2,2022,25,1,1,3
1,1934,197,3,6,14
7,1970,92,2,2,14
6,1975,98,2,3,10
6,1947,96,2,2,19
5,1958,176,3,5,2
0,1966,122,2,3,17
7,1955,159,4,4,22
2,2020,25,1,1,22
3,2017,103,3,2,15
0,1977,120,2,2,14
0,1979,131,2,3,5
5,1931,219,3,4,22
4,1959,196,3,4,5
4,1979,118,3,3,23
0,1978,132,4,4,5
0,1978,131,3,3,5
3,1998,80,2,2,5
4,1969,168,3,4,5
0,1985,125,3,3,5
7,1987,107,2,3,5
5,1960,135,2,2,14
3,2017,110,3,3,15
3,2017,98,3,2,15
3,2017,112,3,3,15
0,1984,117,3,3,6
1,1935,283,3,3,13
3,1954,182,3,3,14
0,1992,85,3,2,12
6,1988,77,2,2,15
0,1992,98,3,3,12
0,2012,56,2,2,22
0,2012,62,2,2,22
7,1965,162,3,4,22
7,2014,65,2,1,1
2,2020,15,1,1,22
7,1985,106,2,2,14
3,1999,106,3,3,20
5,1992,85,3,3,22
0,1969,168,2,4,5
6,1992,71,2,3,22
7,1992,81,2,2,22
5,1963,131,2,3,22
0,2014,44,1,1,17
0,1940,187,3,4,17
7,1989,86,2,3,5
6,1961,140,3,4,5
4,1985,217,4,5,2
4,1985,215,5,5,2
2,2015,34,1,1,22
2,2015,35,1,1,22
6,1978,99,3,2,15
4,1985,253,5,6,2
2,2016,36,2,1,3
3,2014,47,1,1,19
1,1918,236,4,5,15
3,1947,124,3,3,19
2,2008,124,2,2,17
2,2004,76,2,2,22
5,2005,63,2,2,21
3,1985,101,3,3,22
0,2012,49,2,2,22
5,2003,62,2,2,17
0,1995,78,2,2,17
0,1978,54,3,2,19
5,1999,101,2,2,21
6,1976,129,2,3,22
0,1988,103,3,3,19
0,1973,113,3,3,5
5,1971,142,4,4,3
5,1974,134,4,3,3
1,1972,123,3,3,3
0,1950,185,2,4,1
0,2004,50,1,1,14
0,1992,68,2,2,14
0,1993,85,3,3,3
0,1967,140,4,4,3
0,1989,94,2,3,3
6,1977,105,3,3,5
0,1973,100,2,2,14
4,1985,227,5,5,2
4,1985,212,5,6,2
4,1985,246,4,5,2
0,1991,97,3,3,6
4,1985,198,5,6,2
4,1949,197,4,6,6
1,1954,196,3,4,19
0,2000,47,2,2,13
1,1980,77,2,1,10
0,2004,62,2,2,14
1,2022,30,1,1,10
1,2022,27,1,1,10
3,1940,144,3,2,10
0,2007,75,2,2,2
6,2000,66,2,2,22
5,2017,44,2,1,17
1,1989,97,3,3,22
6,1978,80,2,2,17
1,1979,123,3,3,22
0,1960,166,5,4,19
0,1975,115,2,3,17
0,1988,95,2,3,3
6,1940,158,3,3,19
2,2013,35,1,1,19
2,2024,24,1,1,23
0,1973,143,4,5,6
0,1971,120,2,4,12
0,1957,183,4,5,6
4,1940,233,3,3,2
2,2019,45,2,1,2
6,1970,158,3,2,10
2,2015,38,1,1,22
0,1990,115,4,3,2
5,1969,151,4,4,2
0,1950,231,3,4,14
5,1967,248,4,5,2
0,1999,85,3,3,2
5,1989,112,3,5,2
3,1994,100,2,3,2
3,1994,102,2,3,2
3,2001,86,3,3,2
0,1992,111,2,2,14
6,2025,18,1,1,17
7,1935,262,4,3,14
0,1982,133,2,2,14
0,1987,66,2,2,14
1,2005,57,2,2,22
1,1934,179,3,4,19
1,1924,190,3,4,19
1,1934,177,3,4,19
1,1959,101,2,2,19
4,1948,190,4,4,1
4,1946,197,4,5,1
2,2015,36,1,1,22
3,1980,124,4,3,6
0,1956,186,3,4,12
2,2015,36,1,1,22
2,2015,39,1,1,22
2,2015,32,1,1,22
3,2014,127,2,2,2
2,2019,42,2,1,2
1,1914,233,3,3,14
3,1937,136,3,3,2
0,1966,130,2,3,12
0,1980,93,2,3,12
0,1967,155,2,3,14
5,2003,72,3,3,2
0,1989,65,3,2,22
5,1991,100,3,4,2
5,1975,199,3,5,2
5,1987,108,3,3,2
5,2009,67,2,2,2
5,1991,141,3,4,2
4,1995,85,2,3,21
0,2002,70,1,1,14
0,2008,50,3,2,13
1,1964,160,3,4,22
1,1922,228,4,5,17
2,1980,135,2,2,17
0,1987,92,2,3,17
2,2015,70,1,1,23
0,1997,56,2,1,14
2,2024,20,1,1,1
5,1981,102,3,3,22
0,1975,104,2,2,14
3,1977,118,4,4,2
0,1966,154,2,3,12
1,1959,187,4,3,19
4,2024,23,1,1,23
0,1981,81,3,2,17
4,2024,24,1,1,23
4,2024,24,1,1,23
4,2024,23,1,1,23
4,2024,23,1,1,23
4,2024,21,1,1,23
4,2024,22,1,1,23
6,2021,30,2,1,2
4,2024,23,1,1,23
4,2024,25,1,1,23
0,1992,110,2,2,14
6,1992,107,2,2,14
1,1950,129,2,2,14
5,1975,138,4,5,2
5,1944,228,4,6,2
6,2010,36,1,1,10
2,1990,115,2,2,21
2,1990,95,2,2,21
1,1980,120,2,3,22
0,1960,124,4,3,19
6,2003,58,2,1,13
0,2007,47,2,2,13
0,2020,14,1,1,23
3,1946,163,4,5,20
1,1997,61,2,2,14
0,2001,61,2,2,12
1,1940,157,2,3,19
1,1957,133,3,3,14
4,2024,24,1,1,23
3,1940,154,3,3,19
1,1924,263,4,5,2
1,2023,20,1,1,2
1,2022,28,1,1,2
1,2022,26,1,1,2
1,1957,181,3,4,2
1,2022,26,1,1,2
1,2021,28,1,1,2
1,1949,200,3,5,2
1,1960,172,3,4,2
1,1916,283,4,6,2
1,1977,130,3,3,2
6,1974,136,3,4,22
0,1994,67,2,3,22
0,1963,192,2,4,22
3,1991,85,2,2,22
0,2007,81,2,2,2
5,1984,104,3,3,6
2,2025,18,1,1,19
0,1998,64,2,2,14
5,1985,98,3,3,6
5,1995,73,2,3,6
2,2024,20,1,1,21
2,2008,76,2,2,17
2,2008,64,1,2,17
0,1913,270,4,5,15
1,1970,150,3,4,2
1,1982,122,3,4,2
1,1971,151,4,4,2
2,2015,36,1,1,22
0,1996,38,2,1,12
3,1968,150,3,3,22
0,2007,57,1,1,13
1,1950,200,3,3,19
1,1950,185,2,2,19
0,1966,146,2,3,12
0,1980,95,2,3,14
0,1963,139,2,5,14
1,1960,191,3,3,19
3,1967,174,3,3,21
0,1966,135,3,4,12
3,2013,42,1,2,22
6,1989,77,3,2,1
0,2007,67,3,2,9
0,2000,78,2,2,9
5,1960,184,3,4,2
0,2010,55,2,1,9
0,1981,82,2,3,12
5,2006,72,3,2,2
0,1940,130,3,3,18
6,1950,197,3,4,2
0,1984,220,3,2,19
0,1996,84,2,2,11
5,1946,175,4,5,20
6,1936,158,3,4,20
6,1946,153,3,4,20
0,1956,112,3,3,20
3,1960,148,3,3,5
6,1970,138,3,4,14
3,1968,123,3,3,5
5,1940,185,3,4,14
3,1945,188,3,3,5
1,1957,160,3,3,14
3,1978,147,3,3,21
5,1972,112,2,3,14
2,2010,89,2,2,17
1,1984,110,2,2,14
0,2014,45,2,2,7
5,1948,154,3,4,2
5,1955,94,2,3,2
2,2015,33,1,1,22
3,2018,37,2,1,20
2,2020,30,1,1,22
0,1981,84,2,2,12
3,2004,77,2,2,22
6,1977,136,3,4,6
5,2007,42,1,1,14
2,2020,35,1,1,22
4,2015,60,1,1,10
5,1989,121,2,2,11
0,1988,131,2,2,11
0,1991,103,2,2,11
3,1978,170,3,3,21
0,1960,154,2,2,14
3,1910,252,4,5,14
1,1965,167,3,3,19
5,1933,201,3,5,14
0,1955,166,3,3,14
0,1983,88,2,2,14
0,1990,82,2,1,14
0,1978,100,2,1,14
1,1960,187,3,2,19
0,1976,115,3,5,7
6,1999,57,2,2,7
0,1977,105,2,3,7
0,1989,84,2,2,7
5,1955,132,3,3,2
4,1985,132,2,2,10
3,1982,102,3,2,7
6,2004,54,2,2,6
0,1991,54,2,1,12
5,1988,110,3,3,20
2,2015,38,1,1,22
0,1991,60,2,1,12
3,1957,163,3,3,2
3,1957,129,3,2,2
0,1991,60,2,1,12
2,2020,27,1,1,22
0,2008,55,1,1,12
0,1995,58,2,2,11
0,2020,21,1,1,11
0,1962,135,2,2,14
7,2006,42,1,1,3
7,2003,48,2,1,3
0,1986,110,2,2,14
1,1914,214,4,3,14
1,1934,185,4,3,14
6,2008,38,3,1,10
2,2008,90,2,2,17
0,1981,101,3,4,7
0,1951,162,2,2,14
0,1955,153,3,3,14
5,2006,62,2,2,21
5,1993,65,2,2,13
5,2007,68,2,1,21
0,2008,61,2,2,17
0,1995,82,3,3,6
2,2022,21,1,1,22
0,1991,55,1,1,12
4,2014,41,1,1,10
0,1977,134,3,3,6
6,1937,206,4,4,20
2,2015,36,1,1,22
5,2007,68,2,2,22
2,2021,23,1,1,22
0,1983,65,2,2,11
3,1969,150,3,5,9
3,1964,165,3,4,9
2,2010,64,1,2,11
2,2017,63,1,1,11
2,2019,58,1,1,11
5,2017,33,2,1,1
0,2012,60,2,3,14
0,1991,66,2,2,12
0,1971,106,2,2,12
0,1998,69,2,2,23
1,1988,105,2,3,23
0,1998,77,2,3,23
5,2006,64,2,2,21
0,2006,68,2,2,17
5,1975,148,3,4,2
0,1987,113,2,3,7
6,1980,116,3,3,6
6,1989,84,2,3,6
6,1991,101,2,3,7
2,2013,58,1,1,17
0,1933,242,5,5,20
2,2015,42,1,1,22
2,2021,31,1,1,22
6,1966,102,2,2,12
5,1982,120,4,4,5
2,2023,18,1,1,22
6,1985,112,2,3,5
0,1990,97,2,2,19
1,1952,204,3,4,23
0,1999,72,2,3,23
0,2005,88,2,2,23
1,1987,109,2,3,23
1,1983,127,2,2,23
1,1995,87,2,2,23
0,1976,84,2,3,12
3,1993,88,1,2,5
0,1990,93,2,2,14
3,1987,99,2,4,5
1,1970,151,3,3,19
5,2012,36,3,2,10
5,1975,91,3,2,2
0,1976,119,2,3,12
0,1979,132,3,4,6
7,1980,126,3,4,6
2,2015,34,1,1,22
0,1971,146,2,3,12
0,1976,104,2,3,12
4,1959,178,5,5,6
0,1958,197,3,4,5
2,2007,126,2,2,11
6,1989,103,2,3,5
5,1991,89,4,3,5
1,1970,148,2,3,19
1,1969,146,2,2,23
0,2001,62,2,2,23
1,1942,182,3,4,14
1,1931,214,3,5,14
7,2005,55,2,1,3
2,2006,108,2,2,17
5,1960,98,3,2,2
4,1995,91,2,2,10
0,1969,132,2,3,10
5,1960,108,3,3,2
5,2008,65,2,1,21
6,1993,92,3,4,6
2,2020,27,1,1,22
7,1978,120,3,4,22
6,1977,131,4,2,20
0,2006,59,2,1,19
1,1940,122,3,2,19
0,1986,83,2,2,12
7,1985,106,2,4,11
4,1969,167,3,4,5
1,1950,213,4,4,19
0,1987,117,2,3,23
5,2000,83,2,1,19
5,1946,176,3,4,22
0,1978,100,2,3,14
2,2023,20,1,1,22
2,2023,20,1,1,22
2,2019,37,1,1,21
0,1989,79,3,2,14
2,2023,20,1,1,22
0,1947,106,3,3,19
6,1974,58,2,2,14
6,1987,79,2,2,21
3,1990,122,4,3,21
2,1967,154,3,4,21
0,1969,133,3,3,14
2,2021,31,1,1,21
2,2021,34,1,1,21
2,2021,30,1,1,21
2,2021,31,1,1,21
2,2021,28,1,1,21
5,2007,82,2,2,3
1,1999,75,2,2,22
4,1999,69,3,2,19
7,1977,65,2,2,14
5,1980,126,4,3,2
0,1988,106,3,3,2
0,1979,112,3,2,19
2,2015,46,1,1,21
1,1919,234,3,2,19
1,1976,111,2,3,19
2,2015,49,1,1,21
3,1972,97,2,2,14
3,1952,116,3,3,14
1,1977,113,2,3,1
1,1932,156,2,3,14
1,1957,117,2,2,14
1,1937,148,3,4,14
2,2022,23,1,1,21
1,1957,107,3,2,14
1,1977,76,2,2,14
1,1962,100,2,3,14
2,2021,23,1,1,22
1,1972,88,2,2,14
2,2021,31,1,1,21
2,2021,28,1,1,21
2,2021,31,1,1,21
1,1987,79,2,2,1
7,1965,109,2,2,14
7,1947,115,3,2,19
3,2009,60,2,2,21
3,2015,39,1,1,21
2,2018,25,1,1,1
2,2020,44,2,1,21
1,1984,91,2,3,1
2,2018,23,1,1,1
2,2014,66,2,2,21
7,1957,102,3,2,14
7,1962,100,2,3,14
2,2015,46,1,1,21
1,1944,212,4,4,2
7,1927,169,3,3,14
2,2022,23,1,1,21
2,2022,23,1,1,21
2,2022,23,1,1,21
2,2023,18,1,1,21
2,2023,18,1,1,21
2,2023,18,1,1,21
3,1966,153,3,4,2
2,2022,27,1,1,1
2,2020,20,1,1,21
1,1972,80,2,2,14
2,2021,20,1,1,22
1,1917,201,4,6,14
1,1996,80,2,3,2
4,1967,119,2,3,14
3,1977,75,2,1,19
2,2021,31,1,1,21
5,1987,107,2,2,14
1,1998,89,2,2,13
2,2018,37,1,1,13
2,2021,31,1,1,21
7,1987,115,2,2,13
0,1979,118,3,4,3
2,2021,31,1,1,21
5,1982,109,2,2,14
2,2021,31,1,1,21
7,1987,119,2,2,13
2,2021,31,1,1,21
2,2018,33,1,1,13
5,1974,104,2,4,14
3,2015,30,1,1,21
0,1987,96,3,2,12
6,1952,142,2,4,14
0,1982,255,3,4,12
5,1996,87,3,2,2
1,1995,92,2,2,2
4,2000,74,2,2,1
5,1999,80,3,3,2
4,1997,83,3,2,1
3,1942,140,2,2,14
2,2015,39,1,1,21
7,1977,140,4,4,2
7,1947,138,3,3,14
4,2024,34,1,1,22
4,2024,34,1,1,22
2,2017,22,1,1,21
2,2020,20,1,1,21
2,2020,20,1,1,21
2,2018,24,1,1,21
0,2001,40,1,1,14
2,2016,52,2,2,13
0,2001,43,1,1,14
6,2021,25,1,1,21
5,2012,48,2,1,21
3,1940,179,3,3,19
3,1957,91,3,2,19
0,1995,60,2,1,14
3,1957,82,2,2,19
2,2015,53,1,1,21
1,1999,82,2,2,2
1,1981,123,3,3,2
1,1979,133,3,4,2
1,1990,104,2,3,2
1,2003,74,2,2,2
2,1971,155,3,3,2
7,1952,123,2,2,14
5,1981,86,3,2,10
7,1976,135,4,5,2
2,1989,103,3,3,2
6,2023,19,1,1,2
2,2024,21,1,1,19
2,2024,19,1,1,21
3,2015,36,1,1,21
0,2006,76,2,2,17
7,1952,118,3,2,14
2,2020,49,1,1,22
5,2008,47,2,2,21
0,1997,74,2,3,22
0,1973,146,3,5,2
4,1979,126,3,4,19
1,1995,87,3,3,2
5,1967,167,4,5,2
5,1982,124,4,4,2
0,2010,48,3,2,2
0,2002,71,3,3,2
4,1989,134,3,5,19
0,1994,90,3,3,2
1,1975,139,2,3,2
5,1960,135,3,3,10
1,1942,187,3,4,14
1,1962,170,3,4,2
2,2015,53,1,1,21
1,2020,31,2,1,2
1,1980,130,2,3,2
1,2025,22,1,1,2
1,1986,112,3,2,2
1,1990,82,3,2,2
1,1968,155,2,4,2
1,2025,20,1,1,2
0,1984,108,2,3,2
2,1980,108,2,2,2
2,1980,124,2,2,2
2,1984,145,2,2,2
3,2015,40,2,1,21
0,1980,150,3,2,13
0,1948,176,4,4,16
0,1956,197,4,4,18
3,2010,52,2,2,21
1,1943,196,5,4,16
3,1957,121,2,2,14
2,2022,27,1,1,21
7,1990,60,2,2,14
1,1994,87,3,3,2
0,2008,67,2,2,17
1,2008,66,2,2,22
7,1980,124,2,2,14
2,2016,44,1,1,15
2,2016,43,1,1,15
1,1994,122,3,3,2
1,1956,184,3,4,2
1,1995,72,2,2,2
3,1986,120,3,4,2
1,1930,179,3,3,2
1,1990,94,3,2,2
1,1985,97,3,2,2
1,1950,136,3,3,2
1,1990,92,3,2,2
1,1980,73,3,2,2
1,1940,181,3,3,2
1,1990,110,3,2,2
1,1990,107,3,3,2
0,1998,77,3,2,2
6,2023,20,1,1,2
1,1920,143,3,3,2
1,2025,18,1,1,2
1,1940,122,3,3,2
1,1930,164,3,4,2
1,2025,20,1,1,2
1,2025,22,1,1,2
1,1990,98,2,2,2
1,1990,73,3,2,2
1,2020,19,2,1,2
1,2020,30,2,1,2
5,2003,65,2,2,21
7,1953,143,3,3,2
5,2013,48,1,2,14
1,1907,242,4,5,14
3,1953,137,3,4,2
1,1943,162,4,2,16
1,1977,135,2,2,14
3,2015,29,1,1,21
1,1950,192,3,3,17
2,2020,27,1,1,21
7,1970,119,2,3,14
1,1950,221,4,4,17
0,2002,59,2,1,14
2,2020,26,1,1,21
7,1957,115,2,2,14
7,1957,118,3,2,14
2,2016,43,1,1,15
2,2023,20,1,1,21
0,1992,33,2,1,13
3,1977,82,3,2,14
3,1967,114,2,2,14
0,1992,41,2,2,13
5,2002,69,2,2,11
3,1967,99,2,3,14
0,1992,45,2,1,13
3,1957,115,3,2,14
4,1975,138,3,3,11
1,2017,32,2,1,2
1,1955,175,3,3,2
1,1988,100,2,2,21
0,2023,26,1,1,2
0,2023,20,1,1,2
0,1996,82,3,2,2
1,2025,22,1,1,2
1,1990,121,3,2,2
2,2019,29,1,1,21
1,1990,130,3,3,2
1,2017,39,2,2,2
1,2021,29,1,1,2
3,1982,85,2,2,14
1,2025,22,1,1,2
1,1960,176,4,4,2
1,1990,120,3,3,2
3,1982,70,2,2,14
1,1990,114,3,3,2
1,2018,25,1,1,2
3,1982,79,2,2,14
1,1950,109,3,3,2
0,1980,126,2,4,21
6,1995,81,2,2,21
1,2018,31,1,1,2
6,1985,94,2,2,14
6,1970,112,3,3,14
6,1980,112,3,3,14
6,1985,110,2,3,14
1,1985,113,2,3,14
3,1965,160,3,3,14
4,2023,20,1,1,22
4,1980,198,3,2,14
0,1985,159,3,3,23
0,1980,156,4,2,13
1,2012,40,2,1,2
0,2000,86,2,2,13
0,2000,58,2,1,14
7,1975,122,2,2,14
1,1980,93,3,2,11
3,1957,70,2,2,19
3,1964,155,2,3,14
4,2006,47,3,2,11
7,1947,124,3,3,14
4,1980,176,4,4,11
3,1978,126,3,3,22
3,1947,123,3,3,14
1,1940,161,3,4,2
1,2000,81,2,2,2
6,1995,88,2,1,21
0,2022,23,1,1,2
1,1991,102,3,2,2
1,1990,110,3,3,2
1,2019,30,1,1,2
0,1970,172,2,4,21
2,2015,43,1,1,21
1,1990,130,3,3,2
3,1951,128,2,2,14
1,1940,182,4,3,2
7,2022,26,1,1,2
1,2023,26,1,1,2
3,1953,159,3,2,2
1,1938,213,3,3,14
6,1992,91,2,3,14
0,1973,146,3,3,2
6,1992,98,2,2,14
6,1977,126,3,3,14
6,1967,137,3,2,14
2,2020,25,1,1,21
2,2020,38,1,1,21
5,1914,258,3,6,15
2,2018,38,1,1,10
7,2018,28,1,1,10
5,1987,298,2,2,13
0,2007,56,2,2,17
0,2008,58,2,2,17
3,1957,104,2,2,14
0,2007,49,2,2,21
6,1960,143,3,2,17
7,1942,134,3,2,14
0,1992,48,2,1,13
0,2005,59,2,2,17
6,1986,66,1,2,17
3,1957,106,2,3,14
1,1930,212,3,3,2
1,2017,32,2,2,2
7,1957,103,2,2,14
1,2019,28,1,1,2
2,2019,37,1,1,21
1,1940,132,3,3,2
6,2000,66,1,1,21
2,2020,24,1,1,1
3,1952,112,2,2,14
1,1925,203,4,4,2
1,2022,25,1,1,2
3,1979,160,3,3,10
3,1987,107,2,3,10
5,1962,129,2,3,14
3,1982,109,2,3,14
0,1995,101,2,2,2
1,1998,75,2,2,1
0,1990,108,3,3,14
1,1960,178,4,4,23
4,2021,24,1,1,9
0,2006,56,2,2,17
0,2007,63,2,1,13
4,1984,101,2,3,22
2,2008,113,2,2,17
0,2005,52,2,1,13
0,1927,223,3,5,14
4,1970,140,3,5,22
2,2022,27,1,1,21
4,1980,139,3,3,21
3,1908,133,3,3,14
2,2022,28,1,1,1
2,2019,33,1,1,21
4,1970,176,3,3,10
6,1995,56,2,2,21
5,1995,115,2,3,5
3,1985,100,2,2,10
2,2019,28,1,1,21
4,1970,169,4,5,22
4,2022,32,1,1,22
5,1978,136,2,3,22
4,1955,196,4,5,22
4,2002,48,1,1,23
7,2009,63,2,2,21
3,2006,84,2,3,22
5,2004,86,2,3,14
3,1932,157,3,2,14
0,1958,113,2,2,14
0,1916,187,3,4,19
0,1990,106,2,3,14
3,1927,192,2,2,14
4,1984,101,3,5,22
2,2013,52,1,1,17
4,1984,108,3,4,22
0,2010,52,2,2,17
0,1947,122,2,2,19
5,1927,285,4,4,18
0,1950,160,3,3,17
0,1985,99,3,2,17
0,1961,155,3,3,17
3,1969,117,3,3,17
3,2000,67,2,2,21
0,1989,88,2,2,19
2,2019,36,1,1,21
0,1985,114,2,3,23
0,1987,114,2,3,23
4,1931,271,5,6,21
1,2022,29,1,1,20
4,1920,235,4,4,21
6,1961,145,3,3,11
6,1967,89,2,2,14
6,1977,131,3,2,13
1,1973,157,3,3,13
0,1992,89,2,3,14
7,1993,87,3,2,21
4,1960,173,3,4,22
2,2008,95,2,2,17
0,1991,84,2,2,17
0,1947,114,2,3,19
3,1952,118,2,2,14
1,1924,220,3,3,17
2,2012,69,1,1,17
0,2006,67,2,2,17
0,2007,68,2,2,17
0,1993,55,2,2,14
3,1985,150,3,3,10
3,1985,156,2,3,10
2,2015,63,1,2,21
7,1915,116,3,3,14
0,1979,86,2,2,14
5,1919,241,3,4,14
5,2021,31,1,1,21
2,2023,27,1,1,22
3,1983,88,2,2,14
2,2023,27,1,1,22
4,2018,52,1,2,22
7,1968,153,3,3,13
4,2018,45,1,1,22
4,2018,54,2,2,22
0,2018,40,1,1,22
1,1977,140,3,3,13
7,1972,150,2,2,13
1,1977,185,3,2,13
3,1915,124,3,2,14
1,1910,253,3,3,17
2,2015,71,2,2,21
3,1993,100,2,2,2
3,1970,126,3,3,19
0,1990,98,3,2,13
5,1929,250,4,4,2
3,1980,76,2,1,19
0,2016,30,1,1,13
3,1980,113,2,3,19
0,1975,207,4,4,2
0,1998,87,3,3,2
1,2023,28,1,1,2
0,1963,166,4,5,2
0,1977,139,4,4,2
2,2019,29,1,1,21
2,2020,30,1,1,22
2,2019,30,1,1,21
2,2019,30,1,1,21
0,1977,67,1,3,19
4,1958,176,2,3,21
0,1988,87,2,2,21
0,1986,84,2,2,21
0,1977,69,2,2,19
3,1972,88,3,3,12
0,2018,50,1,1,22
0,1982,97,3,3,3
2,2017,32,1,1,3
0,2000,58,2,2,3
2,1989,138,2,3,17
0,1957,104,3,3,19
4,1920,269,3,4,2
0,1962,136,2,4,15
0,1935,197,3,4,15
6,1953,161,4,3,17
7,1943,192,3,3,17
0,2004,58,2,2,17
2,2020,34,1,1,22
2,2020,32,1,1,22
2,2019,31,1,1,10
0,2007,41,1,2,2
2,1977,145,3,4,5
2,1979,141,2,3,5
3,1959,151,4,4,14
2,1990,105,2,3,5
3,1923,229,3,3,19
7,1965,149,3,3,14
0,1957,93,3,3,19
0,1982,97,2,3,21
0,1947,110,2,2,19
1,1994,81,1,1,23
0,1992,102,3,4,11
1,2015,44,1,1,13
0,2018,39,1,1,22
4,1988,140,3,4,13
7,1977,137,2,2,13
3,2010,34,2,1,21
0,1982,82,2,3,14
3,2000,124,2,3,15
3,1949,178,2,6,15
2,2022,38,1,1,21
2,2024,20,1,1,21
0,1950,164,3,3,17
2,2018,22,1,1,17
0,1994,78,2,2,17
7,1960,79,2,2,15
5,1997,87,2,2,23
5,2007,69,2,3,2
1,1932,203,4,2,19
1,1926,217,3,2,19
5,1997,89,3,4,2
1,1919,232,3,3,19
1,1905,262,3,3,19
1,1910,250,4,2,19
5,2001,78,3,2,2
1,1909,253,4,3,19
6,1969,118,3,3,19
1,1906,259,4,4,19
2,2018,32,1,1,21
3,2015,40,1,1,21
2,2019,35,1,1,23
3,1945,175,3,4,17
0,1974,129,3,3,21
0,1974,109,3,3,21
0,1989,70,2,2,21
0,1989,80,2,2,21
1,1970,74,2,2,14
6,1977,156,3,4,13
7,1977,110,2,2,13
7,1977,115,3,2,13
6,1947,92,3,2,19
4,1984,190,3,5,10
4,2022,25,1,1,21
4,1984,166,3,5,10
4,2022,22,1,1,21
3,2010,60,2,2,21
0,1980,131,4,2,13
0,2008,34,3,1,13
3,2015,47,2,2,21
1,1978,131,2,2,2
0,1988,87,3,3,1
3,1975,131,3,3,21
3,1975,160,2,3,21
1,1933,215,5,3,16
5,1994,117,3,2,13
5,1967,132,2,2,14
1,1969,152,3,3,23
1,1969,168,3,4,23
1,1994,127,3,4,13
3,1997,66,1,2,13
7,1928,90,2,3,14
0,1999,76,2,2,14
6,1989,81,1,1,14
0,1940,108,2,2,19
6,1947,101,3,2,19
3,1978,119,1,1,14
2,2021,26,1,1,1
0,2022,28,1,1,22
2,2017,34,2,1,1
1,2020,24,1,1,2
2,2024,22,1,1,1
6,1965,144,3,3,1
0,2022,23,1,1,22
1,1990,82,2,2,2
1,1930,130,3,2,2
1,1945,122,3,2,2
1,1950,122,3,3,2
0,2022,21,1,1,22
1,1910,191,3,4,2
1,1990,129,3,3,2
0,2022,23,1,1,22
0,2022,23,1,1,22
0,2022,23,1,1,22
2,2022,25,1,1,21
5,1990,120,2,3,21
4,1990,147,2,5,23
6,1978,91,2,2,10
3,1977,63,2,2,19
5,1990,80,2,2,21
5,1990,110,2,3,21
5,1990,105,2,3,21
3,1947,116,2,3,19
5,1990,116,2,3,21
2,2021,26,1,1,12
1,1915,220,3,3,10
2,2022,21,1,1,12
0,2004,43,1,1,14
1,1990,94,2,1,10
3,1940,138,2,2,19
0,1991,55,2,1,12
0,1991,56,2,1,12
0,1991,52,2,1,12
0,1968,87,2,2,14
0,1968,93,2,2,14
2,2025,21,1,1,22
0,2022,28,1,1,22
0,2022,23,1,1,22
0,2022,25,1,1,22
0,2022,23,1,1,22
4,1945,200,4,3,10
3,1940,123,3,2,19
5,1998,95,2,2,21
7,1940,112,3,2,19
0,1980,174,3,4,21
6,1978,125,3,2,10
2,2022,24,1,1,21
0,1980,123,2,3,21
0,1980,96,2,3,21
0,1980,131,2,3,21
7,2009,38,1,2,1
1,1975,97,2,2,10
1,1978,95,2,2,10
1,1971,92,2,2,16
0,1997,92,2,2,13
5,2023,14,1,1,22
3,2015,60,2,2,14
0,2009,61,2,2,21
7,1972,175,2,2,13
7,1972,144,2,2,13
7,1947,175,2,2,13
7,1947,182,2,2,13
7,1957,179,3,2,13
2,2020,39,2,1,21
7,1947,195,3,2,13
7,1977,166,2,2,13
7,1947,225,3,3,13
2,2020,41,2,1,21
7,1977,139,3,2,13
2,2022,24,1,1,21
4,1945,250,3,5,18
2,2022,24,1,1,21
7,1937,190,3,3,14
3,1975,134,2,3,21
3,1975,140,3,4,21
3,1988,131,2,3,13
5,1958,102,4,2,14
1,1973,100,2,2,16
1,1969,154,3,3,23
5,2000,63,2,2,21
0,1990,73,3,2,1
5,2009,54,1,1,21
5,1999,78,2,2,21
5,2024,23,1,1,21
5,2009,47,1,1,21
1,1968,82,2,2,16
0,1977,50,2,1,19
5,1995,108,2,3,21
5,1999,102,2,2,21
7,1947,192,4,3,13
5,1950,148,3,3,14
1,1949,201,5,5,2
4,1949,207,4,5,9
2,2020,39,2,1,21
2,2020,39,2,1,21
3,1990,72,2,1,14
3,1992,90,3,1,13
2,1978,77,2,2,10
5,2017,26,1,1,21
4,2024,17,1,1,22
2,2021,27,1,1,12
1,1945,179,4,3,12
4,1943,221,4,4,13
1,1973,143,3,3,23
1,2000,71,2,2,23
1,1953,89,3,2,16
1,1969,151,3,4,23
6,1980,100,3,3,1
5,1951,104,4,3,14
6,1928,125,3,3,14
5,1999,99,2,2,21
5,1991,132,3,3,21
6,1967,143,3,3,1
6,1982,99,3,3,1
5,1995,87,2,2,21
4,1973,118,3,4,1
5,1995,78,2,2,21
4,1967,135,3,4,1
4,1963,150,3,4,1
7,1977,139,3,2,13
3,1995,59,2,2,14
2,2020,31,2,1,21
6,2000,68,3,2,10
7,1955,184,2,2,14
0,1999,71,2,1,14
2,1985,99,3,3,9
0,1997,72,2,1,14
7,1982,119,2,2,13
2,1975,124,3,3,9
7,1977,144,2,2,13
2,2021,32,1,1,1
5,1997,86,2,2,23
6,1982,126,3,3,2
5,1997,82,2,2,23
0,1935,197,2,5,14
4,1969,135,3,5,17
0,1973,124,3,4,1
0,1992,76,3,3,1
0,1975,111,3,3,1
0,1983,90,3,4,1
5,1999,83,2,2,21
0,1985,90,3,3,1
0,1988,80,3,2,1
0,1987,87,3,2,1
0,1984,88,3,3,1
0,2007,39,3,2,1
5,1995,77,2,2,21
1,1933,197,5,3,16
4,1962,146,3,4,1
1,1910,194,4,4,2
0,1984,90,3,3,1
5,1951,123,4,3,14
0,1970,84,2,2,14
2,2020,26,1,1,9
2,2020,29,1,1,9
2,2020,32,1,1,9
2,2024,25,1,1,21
3,2023,26,1,1,21
2,2020,31,1,1,9
0,1960,78,2,2,14
7,1982,70,2,2,14
5,2007,48,2,1,22
7,1977,73,2,2,14
2,2008,83,2,2,8
5,1997,91,2,3,23
2,2012,55,2,2,2
7,2001,52,3,2,22
3,1997,98,2,3,22
3,1908,136,4,3,14
0,1977,110,3,3,15
1,1959,170,4,3,10
0,1987,85,2,2,15
5,1952,118,3,2,14
4,1979,107,3,4,10
4,1960,130,3,5,10
6,1993,69,3,3,1
7,1940,149,3,2,19
2,2001,88,2,2,9
2,2024,25,1,1,21
7,1970,99,2,2,14
7,1960,98,2,2,14
2,2008,92,2,2,8
7,1987,60,2,1,14
2,2008,76,2,1,8
1,1996,82,2,2,22
0,1967,66,2,1,19
0,1992,90,3,3,22
5,2007,67,2,2,22
3,2003,86,2,2,22
3,2001,109,2,3,22
3,1996,187,3,2,10
5,2006,56,2,2,21
0,1972,92,2,2,15
4,1979,124,3,4,10
0,1978,103,3,3,1
2,2018,48,1,1,21
0,1928,150,4,3,14
0,2007,57,2,2,13
7,1930,136,3,3,2
1,1985,146,3,3,12
7,1976,51,3,2,14
7,1970,62,3,2,14
7,1965,125,2,2,14
0,1998,56,2,2,14
7,1990,117,3,2,14
0,1992,99,2,4,14
7,1997,85,2,2,14
5,2007,82,2,3,22
0,1993,67,2,2,14
5,2010,54,2,2,22
2,1985,158,2,4,22
2,1985,129,2,3,22
7,1988,100,3,3,22
7,1988,110,3,3,22
5,1940,188,3,4,14
7,1987,100,2,2,13
4,1984,117,3,4,23
0,1990,85,2,4,10
4,1937,222,4,5,1
0,1988,125,3,4,13
1,1962,145,3,3,1
0,1990,61,2,2,10
0,1990,116,2,2,10
0,1990,92,2,2,10
1,1968,131,3,3,1
5,2000,102,2,2,21
5,2000,76,2,2,21
6,2021,20,1,1,21
7,2020,27,1,1,18
2,2020,41,2,1,21
0,1969,150,3,4,18
6,1981,96,3,3,22
1,1980,146,2,3,19
7,1976,133,3,3,18
7,1904,263,4,5,22
0,1980,147,3,5,22
5,1999,78,2,2,22
1,1933,205,3,5,14
2,2010,59,1,1,23
6,1976,112,4,3,3
6,1968,125,3,3,3
7,1982,97,3,2,13
6,1942,184,2,4,14
2,2022,23,1,1,12
1,1950,154,3,2,2
0,1990,65,2,2,10
5,1999,108,2,2,21
5,2000,80,2,2,21
5,2000,61,2,2,21
0,1990,87,2,2,10
0,1990,105,2,2,10
1,1950,92,4,2,2
5,1995,105,2,2,21
1,1976,115,3,3,1
5,1995,100,2,2,21
1,1962,144,3,3,1
5,1995,107,2,3,21
5,1995,98,2,3,21
1,1940,194,4,4,1
0,1990,91,2,2,10
1,1970,120,4,3,18
0,1960,100,3,1,14
2,2020,30,1,1,21
6,2021,21,1,1,9
7,1970,160,3,3,12
0,1977,86,2,2,14
7,1947,107,3,2,19
5,1950,220,4,4,18
7,2020,29,1,1,22
7,2020,24,1,1,22
3,1970,120,4,2,18
1,1967,108,3,2,14
3,1950,230,3,3,10
2,2001,68,1,2,23
4,1965,159,3,4,23
4,1984,104,3,3,23
2,2001,67,1,2,23
2,2001,58,1,2,23
0,2000,33,2,1,12
2,2001,64,1,2,23
0,1966,118,2,3,12
2,2001,61,1,1,23
2,2001,67,1,2,23
0,1980,97,2,2,10
5,1995,82,2,3,21
5,1995,80,2,3,21
1,2009,83,2,2,2
2,2011,50,2,2,1
1,2008,83,2,2,2
0,1977,108,3,3,1
1,1965,137,3,4,1
4,2022,20,1,1,22
7,2020,32,1,1,22
6,1976,110,2,3,21
7,2020,25,1,1,22
7,2020,28,1,1,22
7,2020,24,1,1,22
7,2020,22,1,1,22
2,2017,24,1,1,21
2,2010,38,1,1,22
5,1949,210,4,4,18
6,1952,199,5,4,18
6,1978,154,2,3,10
1,1949,220,4,4,12
0,2000,73,2,2,23
5,1982,100,2,2,17
1,1956,200,4,4,12
0,2003,79,2,1,23
0,1990,88,2,2,14
5,1968,136,2,3,22
0,1951,196,4,4,4
1,1958,151,3,4,1
6,1999,75,2,2,19
1,1973,114,3,4,1
1,1961,151,4,3,1
1,1998,58,2,2,1
0,1982,91,3,3,1
0,1980,97,3,3,1
7,1968,155,3,4,22
0,1993,67,3,2,1
0,1985,88,3,4,1
0,1983,91,3,3,1
0,1983,93,3,3,1
0,1977,105,3,4,1
2,2010,46,1,1,22
2,2010,37,1,1,22
1,1971,86,2,3,14
1,1956,127,3,3,14
0,1960,170,3,3,18
2,2021,29,1,1,10
1,1966,121,3,3,14
0,1993,81,2,3,5
0,1976,122,2,4,14
4,1953,176,3,5,1
4,1970,133,3,5,1
1,1954,151,2,3,12
7,1940,165,3,3,19
1,1954,151,3,3,12
5,2004,59,1,1,14
0,1966,188,3,5,14
5,2005,50,1,2,17
0,1995,96,2,2,23
0,2006,65,2,2,23
2,2009,104,2,2,2
0,2001,65,2,2,23
0,1975,133,2,3,12
1,1956,150,2,4,14
4,1997,104,2,3,23
3,1967,74,2,2,19
0,1971,137,2,3,12
0,1969,119,4,4,1
7,1995,98,3,2,21
0,1986,85,3,3,1
6,1984,90,3,3,1
0,1976,116,3,3,1
7,1991,110,3,3,21
5,2008,33,2,1,21
3,1991,110,3,3,21
1,1957,153,3,3,1
3,1977,125,3,3,1
3,2023,18,1,1,9
0,1970,126,3,4,1
0,1970,123,4,4,1
0,1977,106,3,4,1
0,1967,127,3,4,1
0,1988,105,3,3,13
0,1977,109,3,3,1
0,1963,145,4,5,1
0,1980,95,3,2,1
1,1941,189,3,3,1
2,2006,52,1,1,22
2,2004,59,2,2,22
0,1950,184,3,4,22
6,1996,82,2,2,23
0,1988,84,3,3,1
0,1981,102,3,3,1
5,1930,210,3,6,14
3,1921,120,2,2,17
0,1991,74,3,2,1
0,1955,154,2,3,14
1,1971,120,3,3,1
1,1962,139,3,3,1
0,1998,81,3,3,13
0,2003,49,2,2,13
2,2019,22,2,1,1
2,2016,39,2,2,1
2,2018,30,2,1,1
2,2021,27,1,1,1
2,2017,39,2,1,1
2,2017,30,2,1,1
2,2017,32,2,1,1
2,2017,37,2,1,1
7,1990,102,2,2,5
2,2017,37,2,1,1
0,1968,163,4,5,13
1,1997,97,3,2,2
0,2000,108,2,2,11
0,2002,46,2,2,1
6,2001,49,2,2,1
2,2013,39,2,2,1
1,1997,82,2,2,23
3,1940,145,3,3,19
0,1996,46,2,1,12
5,1993,92,3,3,22
0,1969,128,3,3,19
2,2022,25,1,1,1
0,1988,113,4,3,13
2,2017,29,2,1,1
2,2018,29,2,1,1
5,2009,56,2,2,13
2,2017,30,2,1,1
0,2007,50,1,2,13
2,2017,27,2,1,1
2,2017,30,2,1,1
2,2017,32,2,1,1
2,2009,52,2,2,1
2,2018,31,2,1,1
2,2017,31,2,1,1
2,2018,30,1,1,1
5,1978,88,3,2,10
7,1979,134,2,3,21
1,1969,167,4,4,23
1,1979,126,3,2,23
0,2007,63,2,3,13
6,1972,131,3,3,1
1,1979,120,3,4,23
2,2018,31,2,1,21
5,1977,106,4,3,14
5,1994,109,3,3,22
1,1927,206,3,3,12
1,2003,61,2,2,23
1,1969,156,2,2,23
0,2007,43,2,2,13
6,1963,141,3,4,1
1,2007,62,1,1,12
6,1987,80,3,2,1
1,1969,164,2,2,23
0,2007,51,2,2,13
1,1975,137,3,3,23
0,1983,118,3,4,13
0,2007,51,2,2,13
1,1969,150,3,3,23
6,1913,181,3,3,19
3,1997,83,2,2,13
2,2012,37,1,1,23
6,2001,55,2,2,19
2,2022,20,1,1,1
5,1955,159,4,3,14
1,1953,150,4,3,16
2,2018,22,2,1,1
2,2021,25,1,1,1
2,2021,25,1,1,1
2,2018,30,2,1,1
2,2021,28,1,1,1
5,1992,90,3,2,2
5,1973,96,3,2,14
2,2021,24,1,1,1
5,1978,90,3,2,10
2,2022,23,1,1,21
2,1964,147,4,4,3
6,1978,146,3,3,10
2,2022,23,1,1,21
1,2015,39,1,1,4
2,2022,24,1,1,21
1,1982,75,1,1,12
1,1937,203,3,3,12
2,2021,26,1,1,12
2,2020,44,1,1,12
1,1969,153,2,3,23
2,2020,46,1,1,12
2,2024,18,1,1,12
0,1977,119,3,3,1
1,1943,180,5,4,16
1,1933,193,5,3,16
4,2018,27,2,1,1
1,1969,160,3,3,23
2,2022,23,1,1,12
5,2014,67,2,2,1
3,2011,44,2,2,3
2,2020,22,1,1,22
7,1958,176,3,3,21
7,1975,130,3,2,21
7,1975,112,2,2,21
6,1967,155,4,5,7
5,2009,64,2,1,23
3,1977,85,2,3,15
6,1961,157,3,3,20
3,2007,58,2,2,2
0,1980,125,2,3,21
3,1967,103,3,2,15
4,1959,179,3,5,3
3,1972,84,2,3,15
0,1940,116,2,2,18
1,1963,158,3,3,16
6,1975,121,3,4,22
0,1974,92,3,2,16
6,1975,109,3,4,22
0,1993,51,2,2,12
2,1978,130,3,4,3
0,2005,125,3,2,22
6,2000,70,2,2,21
6,2005,58,2,2,21
0,2000,70,3,3,21
2,1977,128,2,3,14
6,1988,100,2,3,21
0,1985,123,3,4,20
3,1987,70,2,2,15
4,1999,91,2,3,23
0,2002,65,2,2,23
6,1961,155,3,3,20
7,1957,112,2,3,15
0,2022,28,1,1,22
0,2022,25,1,1,22
0,2001,83,2,2,23
0,1972,125,3,3,14
0,1957,102,2,3,18
5,1975,74,2,2,22
4,1951,242,4,6,12
2,1978,115,3,3,3
2,1982,116,3,3,3
2,1995,66,2,2,3
5,1940,253,4,4,21
5,1984,84,3,2,19
6,1987,103,3,3,21
6,1978,126,3,3,21
6,1985,143,3,2,21
6,1915,124,3,4,14
6,1966,138,3,3,14
0,1970,97,3,2,20
3,1937,156,3,2,15
0,1961,131,3,2,20
1,1927,129,3,3,2
3,1999,77,3,3,3
6,1961,132,3,3,20
3,1942,145,3,3,15
3,1957,111,2,3,15
3,1997,86,2,2,23
2,1972,134,3,4,3
6,2012,64,4,2,3
3,1972,90,2,3,15
0,1994,116,3,4,10
3,1985,114,2,3,21
3,1962,67,2,2,15
7,1975,93,3,2,22
5,1982,114,2,2,21
6,1975,58,2,2,22
7,1975,85,2,2,22
0,2007,58,2,2,14
2,1969,148,3,4,3
5,1969,159,4,3,19
5,1980,129,2,2,21
4,1963,184,4,6,12
3,1966,154,2,2,21
0,1993,93,2,2,12
1,2000,70,2,2,21
0,1993,109,1,1,12
3,1972,92,2,2,15
3,1977,144,3,5,15
3,2007,63,2,2,2
3,2007,66,2,2,2
0,1988,86,2,2,21
3,1980,110,2,2,21
7,1980,135,2,2,21
0,1961,143,3,4,14
7,1980,81,2,2,21
2,2020,20,1,1,21
7,1980,85,2,2,21
7,1980,156,2,4,21
1,1953,152,5,3,16
6,1974,84,2,2,10
0,1940,150,4,3,18
4,1974,100,2,3,10
6,1930,246,4,5,18
4,1974,97,2,3,10
4,1974,91,3,3,10
4,1974,97,2,3,10
4,1974,91,2,3,10
4,1974,80,2,2,10
4,1974,145,3,3,10
4,1974,108,3,3,10
4,1974,116,3,3,10
4,1974,93,2,3,10
4,1974,129,3,3,10
5,1928,249,3,5,21
7,1981,111,2,3,22
6,1971,151,3,3,18
0,1967,124,2,2,10
0,2000,59,2,3,22
0,1988,110,3,3,22
3,1995,67,2,2,14
1,1943,174,5,2,16
1,1920,233,3,4,14
1,1934,120,4,2,16
1,1929,216,3,5,14
5,1996,80,2,2,21
6,1984,110,2,2,21
1,1912,251,4,7,14
4,1974,96,2,3,10
4,1974,79,2,2,10
5,2001,70,2,2,2
4,1974,179,3,4,10
4,1974,99,3,3,10
4,1974,114,3,3,10
4,1974,136,3,3,10
0,1975,108,3,2,10
4,1974,77,2,3,10
4,1974,114,3,3,10
4,1974,190,3,3,10
4,1963,192,4,5,12
4,1966,182,4,5,12
4,1968,171,4,5,12
3,1985,121,2,3,22
3,1915,284,3,3,2
5,1995,46,2,1,16
0,1988,36,1,1,13
5,2008,51,2,2,22
3,2000,70,2,2,21
0,1967,124,2,3,14
0,1995,102,2,4,22
5,1957,177,2,3,21
0,2015,38,2,2,21
0,1995,96,2,3,22
0,1993,87,2,2,14
4,1974,133,3,3,10
4,1974,153,3,4,10
7,1961,187,4,4,12
4,1974,94,2,2,10
4,1974,98,3,2,10
4,1974,102,2,2,10
7,1961,185,4,5,12
4,1974,96,3,2,10
4,1974,76,2,2,10
4,1974,113,3,3,10
7,1961,199,4,4,12
4,1960,190,4,4,10
7,1961,184,4,4,12
0,1968,140,2,3,14
5,1984,182,3,5,22
7,2020,20,1,1,21
0,1998,40,1,2,12
0,1983,124,3,3,12
0,1971,114,2,3,12
5,1996,96,2,3,23
3,1980,102,3,2,2
3,1995,92,2,2,23
0,2012,53,2,2,14
0,1985,92,2,3,14
4,1974,138,3,3,10
4,1974,71,2,2,10
4,1974,172,3,4,10
5,1990,66,2,1,19
4,1974,120,3,3,10
4,1974,75,2,2,10
7,1958,199,3,4,12
4,1974,97,2,2,10
4,1980,51,2,1,10
7,1966,160,3,3,12
7,1966,159,4,4,12
3,1966,138,3,3,21
5,1902,269,2,2,14
7,1981,128,2,3,13
6,1973,117,3,3,3
0,1986,76,2,1,12
0,1988,96,2,2,22
3,2002,49,1,2,14
0,1988,60,2,2,13
6,2023,19,1,1,2
0,1988,149,2,2,13
1,2003,80,3,2,2
1,1950,138,3,3,2
1,2005,42,3,2,2
1,1950,164,3,3,2
1,1950,120,3,2,2
1,1950,129,3,2,2
1,1950,128,3,2,2
1,1987,83,3,2,2
5,1996,139,2,3,22
1,1965,101,3,2,10
5,1996,116,2,3,22
4,1974,76,2,2,10
5,1909,273,4,6,14
0,2004,66,2,1,19
1,1990,109,2,2,23
3,1939,185,2,3,14
1,1972,147,4,4,2
1,1944,179,2,4,14
7,1959,178,4,5,2
0,1957,86,2,2,18
3,2017,26,1,1,13
5,1996,118,2,4,22
1,1984,75,3,2,2
1,1975,112,3,2,2
5,1996,94,2,3,22
1,1965,170,3,4,2
4,1979,158,2,4,23
7,1984,110,3,3,12
3,1985,112,3,3,12
4,1992,106,2,4,23
1,1941,183,2,5,14
3,1985,118,3,3,21
1,1946,181,4,4,14
0,1967,136,3,4,3
4,1961,182,4,5,3
0,1940,123,3,3,18
1,1914,252,5,7,13
1,1965,185,2,4,23
0,1992,75,2,3,14
0,2003,65,2,2,23
0,1967,131,5,3,14
7,1966,157,3,4,21
4,1969,146,3,4,22
5,1996,117,2,3,22
1,1950,168,3,3,2
1,1970,218,3,4,14
1,1984,108,3,3,2
1,1950,170,3,4,14
1,1975,122,3,2,2
0,2003,66,2,1,2
3,1979,101,2,3,3
4,1974,165,3,3,10
4,1974,141,3,3,10
1,1934,197,2,4,14
1,1949,163,2,3,14
7,2001,58,2,2,21
1,1960,129,3,3,11
2,1970,141,3,4,3
0,1987,96,3,3,14
2,1962,183,3,4,3
5,1983,79,3,2,2
7,1957,210,4,4,21
5,1986,120,2,3,23
1,1933,206,3,4,14
2,2025,21,1,1,22
6,1983,110,2,2,23
2,2025,21,1,1,22
2,2018,26,1,1,13
0,2008,49,2,2,21
4,1974,122,3,3,10
5,1980,113,3,3,10
4,1974,115,2,2,10
4,1974,159,3,3,10
4,1974,161,3,3,10
1,1928,209,2,6,14
4,1978,136,4,4,3
0,1994,107,3,3,10
3,1991,83,2,3,21
5,2008,70,2,2,2
6,1987,124,2,2,22
0,1981,105,4,3,14
1,1967,134,3,4,14
6,1987,102,2,3,22
2,1957,171,3,4,3
6,1987,69,2,3,22
0,1975,127,3,2,21
5,1987,103,2,3,22
6,2004,61,2,2,22
2,1961,168,3,3,3
3,1995,82,2,3,22
0,1986,104,2,3,22
0,2005,73,2,2,23
7,1970,142,3,4,21
3,1961,168,3,3,21
1,1962,141,2,4,14
5,1934,277,5,7,13
4,1960,232,4,4,10
7,2006,66,2,2,3
4,1974,125,3,2,10
4,1974,74,3,2,10
4,1974,96,3,2,10
4,1974,98,3,2,10
0,1994,94,2,3,10
3,1931,215,4,3,14
2,1976,123,3,3,3
0,1985,98,3,2,14
0,2018,38,1,1,23
4,1935,222,3,6,14
2,1992,81,2,2,3
2,2020,38,1,1,11
2,1956,178,3,4,3
2,2018,24,1,1,13
5,2002,66,2,2,13
2,2018,23,1,1,21
6,1988,100,3,3,21
2,2017,20,1,1,21
4,1974,109,3,2,10
6,1974,159,3,2,10
4,1949,219,3,4,23
4,1974,206,3,3,10
4,1960,201,4,4,10
0,1994,70,2,2,10
5,2007,75,2,2,2
6,1990,83,2,3,22
5,2007,73,2,2,2
2,2021,25,1,1,11
4,1951,243,4,5,12
4,1963,225,4,6,12
0,2008,84,2,2,12
0,2008,56,2,1,12
0,2007,60,2,2,18
2,1971,141,3,3,3
0,1915,246,3,3,17
3,1947,203,3,4,21
2,2018,59,1,1,13
2,2018,53,1,1,13
3,1956,180,3,4,21
2,2018,32,1,1,13
2,2017,30,1,1,13
2,2017,32,1,1,13
2,2017,45,1,1,13
2,2017,42,1,1,13
3,1971,57,2,2,14
1,2011,54,1,1,23
1,1979,126,2,3,23
5,1946,226,3,5,14
0,1994,92,2,2,10
3,1932,156,3,3,15
0,1994,87,2,3,10
6,1963,166,2,3,7
0,2017,41,1,1,2
6,1988,62,2,2,12
3,1998,81,2,2,10
7,1975,78,2,2,22
7,1975,77,2,2,22
6,1975,82,2,2,22
2,1970,145,3,3,3
7,1975,69,2,2,22
5,1995,115,2,2,19
0,1964,74,2,2,14
6,1996,56,2,2,21
6,1974,85,3,2,10
0,1994,87,2,4,10
5,2005,64,2,2,19
3,1982,83,2,2,15
5,1983,62,1,2,14
6,1947,208,3,4,7
5,1992,100,2,3,7
3,2007,69,2,1,2
6,1957,183,3,5,7
3,1922,187,3,3,15
3,1932,164,3,4,15
0,1987,98,2,2,21
0,1975,136,3,4,22
7,1975,51,2,2,22
0,1986,102,2,3,21
0,1967,134,3,4,13
1,1950,119,2,3,16
1,1940,141,2,3,16
1,1930,290,3,4,19
6,1995,92,2,2,23
4,2023,30,1,1,20
4,2023,30,1,1,20
2,2020,26,2,1,1
1,2014,18,1,1,23
7,1940,131,2,3,19
4,1955,190,4,6,10
3,2014,56,2,3,19
0,1977,146,3,3,13
2,2016,50,3,2,1
7,2005,35,2,1,1
0,1988,110,3,2,13
3,1947,188,3,5,12
0,1988,115,3,1,13
0,1988,114,3,2,13
6,1973,149,3,2,13
0,1963,191,3,2,13
0,1946,142,4,3,2
1,2022,25,1,1,13
6,1993,117,3,2,13
2,1998,162,3,3,10
2,2019,31,1,1,10
3,1940,190,4,4,19
7,1993,80,2,1,13
6,1946,117,3,4,20
2,1960,170,4,4,9
2,2023,25,1,1,22
6,1985,122,2,3,14
7,1997,98,2,2,13
0,2002,55,2,2,13
0,1998,78,3,1,13
0,2010,53,2,2,13
0,1998,69,3,2,13
3,1987,124,2,3,10
4,2019,26,1,1,10
2,2022,37,2,1,13
7,1982,130,3,3,1
0,1970,156,4,2,13
1,2022,24,1,1,13
0,1970,157,3,2,13
0,1990,158,3,2,13
7,1970,148,3,3,2
7,1940,186,3,4,9
7,1998,100,2,2,13
2,1962,167,4,4,9
1,2009,58,2,2,2
2,2019,32,1,1,10
6,1927,159,3,3,19
0,1940,135,2,2,19
1,1950,106,3,3,2
3,1957,110,3,3,18
3,1940,168,3,4,18
1,1960,145,2,3,14
0,1987,136,2,5,12
2,2019,30,1,1,10
0,2001,95,2,3,12
6,1998,85,2,3,13
0,1998,93,3,3,13
0,1976,104,3,3,20
0,1990,107,3,4,13
5,2011,37,2,2,22
0,2003,67,3,2,13
0,1978,151,2,4,22
6,1988,110,2,3,13
2,1994,86,2,2,12
4,2001,65,3,2,1
1,1958,180,3,5,1
3,1982,84,2,2,15
3,1952,98,2,2,15
4,1988,127,3,4,20
6,1992,67,2,2,20
2,1998,139,3,4,10
5,2005,42,2,1,19
7,2020,30,1,1,22
3,1990,94,3,2,2
7,2007,43,2,2,13
1,1998,75,2,2,13
7,1988,116,2,3,22
7,2007,44,2,2,13
0,1974,130,2,3,22
3,1984,93,4,2,1
1,1959,200,4,3,10
1,1950,179,2,4,16
2,1977,175,3,3,15
1,1959,203,4,4,10
1,1992,82,2,2,13
2,1982,167,3,3,15
1,1987,81,2,2,13
3,1998,86,2,2,23
2,2019,32,1,1,10
5,2003,73,2,2,14
4,1990,80,2,4,22
0,1998,62,2,2,13
0,1958,181,4,4,13
2,2023,27,1,1,22
0,1983,124,2,3,13
1,2000,84,3,2,2
1,1954,269,3,4,21
1,1975,129,2,3,2
0,2002,57,2,2,13
2,1977,180,3,3,15
3,1980,134,2,2,21
2,1977,182,3,3,15
2,1977,168,3,3,15
0,1983,109,2,3,14
3,2007,66,2,2,2
0,1980,110,3,4,1
3,1952,126,3,2,15
6,1960,148,3,3,1
1,1950,144,2,3,22
4,1980,118,3,4,22
2,2019,31,1,1,10
4,1990,87,2,3,22
4,2000,59,2,3,22
1,2007,54,1,1,12
6,1950,205,4,4,2
0,1995,59,2,2,11
6,1943,212,4,4,8
5,1970,104,2,2,14
0,1970,124,3,4,7
0,1987,100,3,3,15
1,1927,242,5,4,13
1,1937,181,4,3,15
1,1967,117,3,3,15
1,1952,134,3,3,15
3,1942,134,2,3,15
5,2006,61,2,2,19
0,1985,84,3,2,10
0,1995,36,3,2,10
2,1998,136,3,3,10
4,2006,89,3,3,15
1,1951,274,3,6,15
1,1988,81,2,2,22
2,2019,33,1,1,10
4,1991,120,2,3,22
3,1998,95,2,2,23
0,1999,72,1,3,14
6,1980,131,2,3,21
5,2005,38,1,1,19
0,1940,150,2,3,22
0,1950,106,2,3,22
1,1980,188,3,4,21
0,1966,120,3,3,20
0,1966,118,2,4,22
2,2020,51,1,1,22
4,1989,115,3,3,22
7,1985,115,2,3,21
3,1985,142,2,3,21
3,1940,165,3,3,19
3,1940,143,3,3,19
1,1942,170,4,4,15
0,2000,78,2,2,2
1,1997,64,1,1,13
0,1946,118,3,2,2
1,1922,227,2,4,14
0,1997,80,2,3,15
5,1995,36,3,2,10
3,1946,177,4,4,14
3,1967,99,2,3,15
2,1998,141,3,3,10
0,1977,138,2,3,14
3,1993,72,2,2,21
7,1985,109,2,3,21
5,2005,35,1,1,19
5,2005,59,2,1,19
2,2022,21,1,1,13
1,1978,124,2,4,22
6,2004,67,2,2,2
7,1967,158,3,5,2
6,1962,122,3,2,15
0,1940,188,5,5,2
6,1986,98,3,3,2
0,1993,69,2,3,2
1,1957,180,4,3,2
7,1963,160,3,4,2
3,1956,157,4,3,14
0,1967,100,2,2,15
5,2000,50,2,2,10
0,1990,84,2,2,10
6,2005,40,2,2,10
0,1990,117,2,2,10
2,2019,33,1,1,10
2,2019,33,1,1,10
2,2019,32,1,1,10
1,1930,231,5,5,18
3,1950,178,3,3,19
6,2024,25,1,1,13
7,1950,203,4,4,22
1,1945,210,4,5,2
7,1973,141,3,4,2
1,1998,77,2,2,2
2,2017,26,1,1,13
3,1999,55,2,1,14
4,1985,230,5,4,2
5,1965,156,3,5,2
5,1989,92,2,2,13
4,1985,224,4,5,2
2,2018,29,1,1,13
0,2000,107,2,2,10
3,1987,125,3,3,15
3,1961,102,2,1,15
5,2006,73,2,2,19
0,1990,125,2,2,10
5,1988,98,2,2,21
3,1971,123,3,3,14
2,2019,37,1,1,10
7,1998,105,3,2,2
3,1940,167,3,4,2
2,2019,37,1,1,10
3,1960,152,3,4,10
2,2012,75,2,2,1
6,2004,65,2,2,2
2,2010,66,2,2,1
0,2004,80,3,2,1
2,2022,33,1,1,13
6,1940,206,4,5,18
5,1986,107,3,4,2
2,2010,65,2,2,1
2,2023,17,1,1,1
2,2012,57,2,2,1
1,1918,277,4,5,2
2,2018,31,1,1,13
3,1960,150,3,3,15
3,1980,123,3,3,16
5,2014,23,2,2,10
3,1990,74,2,2,14
1,1957,94,2,2,19
3,1985,88,2,2,14
3,1975,124,3,3,16
3,1968,131,3,4,14
3,1951,81,2,1,15
4,1989,91,3,3,19
3,1977,134,3,3,15
2,1998,130,2,3,10
4,1969,174,3,5,19
0,1987,101,2,2,23
2,2021,26,1,1,23
2,1998,153,3,3,10
2,1998,164,2,4,10
5,1970,163,4,3,18
2,2017,54,2,1,1
6,1996,65,2,2,1
2,2013,62,2,2,1
2,2017,34,1,1,13
2,2017,24,1,1,13
2,2010,63,2,2,1
2,2017,63,1,1,13
2,2018,37,1,1,13
3,2007,53,2,2,2
3,1973,127,3,3,21
2,2015,60,1,2,16
0,2007,64,1,1,12
6,1995,87,2,2,14
3,1980,183,3,4,21
1,1980,182,3,4,21
3,1980,115,3,3,10
0,1998,58,2,2,1
7,1940,155,3,4,19
0,2024,19,1,1,23
6,2009,38,1,1,3
3,1993,88,2,3,22
2,2023,25,1,1,22
2,2023,24,1,1,22
7,1946,190,4,4,1
2,2024,23,1,1,13
2,2022,30,1,1,13
3,1947,108,2,2,18
0,2007,68,1,1,13
5,2021,22,1,1,21
7,1979,138,3,4,14
2,1998,124,3,3,10
2,1998,157,3,4,10
2,1998,163,3,4,10
2,1998,147,3,4,10
0,1980,123,3,3,10
7,1973,180,2,3,21
2,2019,34,1,1,10
0,1980,130,3,3,10
0,2018,26,1,1,3
2,2017,55,2,1,1
2,2010,48,2,1,1
1,1965,126,3,2,10
1,1937,249,4,5,13
2,2018,55,2,2,1
3,1970,169,3,4,22
4,1943,246,4,5,13
4,1943,177,4,4,13
1,1947,211,4,4,13
1,1997,119,2,2,13
4,1943,167,4,5,13
1,1999,84,2,2,13
2,2018,36,2,1,1
6,1976,120,3,3,1
7,1965,114,3,3,2
2,2023,26,1,1,22
0,1990,114,2,2,22
7,1950,202,4,4,19
7,1967,96,1,2,19
3,1973,110,2,2,14
2,2023,24,1,1,22
2,2022,32,1,1,14
2,2021,25,1,1,16
2,2019,32,1,1,16
7,1995,112,3,3,21
2,2013,59,1,1,21
7,2002,85,2,1,21
0,1980,145,3,3,10
0,2005,81,2,2,23
7,1983,128,3,3,21
2,2019,32,1,1,10
7,1991,87,2,2,21
7,1973,126,2,3,21
2,2014,37,2,1,1
7,1977,155,2,2,13
2,2010,53,2,2,1
4,2007,95,3,3,13
2,2021,31,1,1,1
4,1987,115,3,1,13
4,1943,200,4,5,13
7,1940,176,3,5,19
1,2007,55,1,1,13
7,1940,134,3,3,19
4,1943,198,4,5,13
4,1991,95,2,4,13
1,1954,234,4,4,13
4,1991,88,2,3,13
2,2017,51,1,1,21
1,2023,24,1,1,13
3,1980,155,2,3,22
3,1999,64,2,2,14
7,1940,133,2,3,19
6,1940,146,2,2,19
1,1998,120,2,2,12
6,1922,162,3,3,19
7,1940,221,4,3,19
6,1912,187,4,4,19
6,1994,82,2,2,19
7,1988,102,2,3,21
2,2019,30,1,1,16
2,2010,77,2,2,1
0,1982,122,3,5,14
3,1973,162,3,4,21
2,2019,34,1,1,10
7,1973,151,3,4,21
7,1928,213,4,5,14
7,1973,151,3,4,21
2,2019,33,1,1,10
2,2014,43,2,1,1
3,1983,131,2,3,21
4,1943,244,4,5,13
7,1947,174,2,2,13
4,2017,30,1,1,13
0,1943,132,4,4,13
6,1972,172,3,4,18
1,2002,63,2,1,13
2,2011,63,3,2,1
1,1954,201,3,3,13
1,1952,195,3,3,13
0,1946,133,4,2,2
0,1955,109,3,3,2
6,1986,83,2,2,1
0,1946,136,5,3,2
7,1966,133,4,3,2
6,1997,58,2,2,1
7,1948,247,3,2,13
7,1980,85,2,2,2
0,1988,82,2,1,13
6,2003,48,3,2,1
2,2019,32,1,1,10
2,1998,161,3,4,10
2,2012,84,2,2,21
6,1999,76,2,3,14
4,1960,187,3,4,21
2,2019,35,1,1,10
3,1989,144,2,2,23
2,1998,164,3,3,10
2,2019,36,1,1,10
3,1983,128,2,3,21
7,1943,178,4,5,14
5,2006,58,2,1,21
3,1960,171,3,3,21
3,1973,164,3,4,21
3,1983,111,2,3,21
3,1996,88,2,4,21
3,1991,95,2,4,21
4,1962,178,4,3,13
5,2017,13,1,1,23
0,1984,94,3,3,1
5,2016,17,1,1,23
4,2023,28,1,1,20
4,2023,32,1,1,20
3,1979,116,3,3,1
1,1938,256,4,4,10
4,2023,33,1,1,20
4,2023,32,1,1,20
4,2023,28,1,1,20
4,2023,29,1,1,20
4,2023,27,1,1,20
6,1959,146,3,3,1
7,1966,175,4,3,2
0,1988,127,3,2,13
0,1983,132,3,2,13
7,1970,134,4,3,2
0,1977,145,3,1,13
0,1988,109,3,2,13
0,1995,65,3,2,1
0,1983,130,3,2,13
3,1974,162,3,4,10
7,1970,100,2,2,2
0,1977,138,3,2,13
0,1977,165,4,2,13
1,1971,156,3,3,14
2,2019,33,1,1,10
5,2007,47,1,1,19
4,1959,157,4,3,14
4,1949,210,4,5,14
3,1970,118,2,3,19
3,1988,121,2,4,21
1,1976,151,3,3,21
2,2019,30,1,1,10
2,2019,33,1,1,10
1,2019,25,1,1,2
1,1988,64,2,2,16
1,1988,80,2,2,16
0,1976,96,3,4,22
3,1940,147,2,3,19
5,1997,20,1,1,13
2,2015,41,1,1,22
1,1957,90,3,2,19
1,2021,28,1,1,2
1,1988,64,2,2,16
5,1938,228,4,5,2
0,1926,252,3,4,2
3,1940,152,3,4,19
1,1982,78,2,2,15
6,1996,86,3,3,6
0,1936,239,5,5,8
6,1991,101,3,3,6
6,1963,178,4,4,6
0,1935,239,3,4,8
1,1920,276,4,6,8
3,1968,172,4,4,6
1,1992,100,2,3,8
0,2002,57,2,2,13
6,1954,214,4,4,6
0,1976,128,3,4,22
1,2023,19,1,1,2
2,2012,66,2,2,1
6,1985,85,2,3,22
6,1950,105,1,2,22
0,1966,127,3,3,22
1,1952,140,3,3,15
1,1940,117,3,2,19
2,2015,41,1,1,22
1,1993,88,2,3,22
1,1937,176,4,3,15
1,1947,153,3,4,15
1,2023,28,1,1,2
1,2021,30,1,1,2
0,1957,100,3,3,19
1,2018,25,1,1,2
1,1925,184,4,3,2
5,2015,19,1,1,23
1,2022,27,1,1,2
3,1940,145,2,3,19
6,1972,122,4,3,5
2,2023,24,1,1,1
6,2002,71,2,1,13
2,1990,119,2,3,8
6,1997,84,2,2,13
7,2004,59,2,2,22
2,1995,102,2,3,8
6,1970,106,2,3,22
7,1998,56,2,2,19
3,1950,167,3,3,19
0,1950,103,2,3,22
2,2015,40,1,1,22
1,2022,29,1,1,2
0,1981,60,2,2,16
1,1950,108,3,2,2
5,1985,83,3,3,21
1,2019,28,2,1,2
2,2015,43,1,1,22
1,1955,151,3,3,2
2,2015,28,1,1,22
2,2023,21,1,1,10
6,1950,172,2,3,22
0,2007,56,1,1,13
5,1985,135,2,3,6
3,1940,175,3,3,19
0,2007,32,1,1,13
6,1936,239,5,3,8
0,2007,55,1,1,13
3,1967,102,2,2,19
0,1977,136,3,3,8
0,1947,101,2,2,19
0,1950,143,3,4,22
2,2015,40,1,1,22
0,1981,103,3,4,22
0,1981,98,3,3,22
1,1979,138,2,3,22
1,1981,84,2,2,22
1,1979,109,2,3,22
7,1940,162,2,3,19
6,1997,66,3,2,10
1,2000,123,3,2,2
1,2023,26,1,1,2
6,1947,95,2,2,19
1,1932,200,3,3,19
1,1965,108,3,3,2
0,2006,76,2,2,21
5,1964,166,4,5,1
1,1983,119,2,3,12
3,2017,12,1,1,23
1,1998,91,2,2,12
1,2018,17,1,1,23
0,1997,86,2,2,13
2,2013,39,2,1,10
0,1958,66,2,1,13
3,1977,158,4,4,6
3,1987,121,3,3,6
0,1981,107,3,4,22
2,2015,42,1,1,22
1,1930,203,3,2,19
7,1960,148,3,3,16
7,1979,100,2,3,21
7,1969,142,3,3,21
7,1969,138,3,3,21
0,1999,67,2,2,13
7,1968,164,3,3,21
1,1973,160,3,4,12
2,2018,29,2,1,1
1,1984,115,3,3,12
1,2003,53,2,2,12
1,1966,161,3,4,1
1,1989,98,2,3,12
1,1999,85,2,2,12
0,1947,124,2,3,19
1,1959,158,3,3,10
2,2015,31,2,1,10
7,1964,141,3,3,16
5,1980,84,3,4,10
7,1940,158,4,3,19
7,1950,190,3,3,19
7,1940,179,3,3,19
6,1988,104,2,2,22
4,1922,236,6,4,5
2,2015,42,1,1,22
7,2024,22,1,1,12
7,1968,154,3,3,21
1,2024,24,1,1,12
7,1949,183,3,4,21
0,1990,115,3,2,22
6,1975,132,3,3,21
1,1984,123,3,3,12
2,1998,95,2,2,12
1,1999,89,2,2,12
5,2012,27,2,1,11
0,1967,168,3,4,21
0,1941,224,3,5,8
0,1977,147,2,3,13
1,2000,53,1,1,2
7,1990,88,2,2,5
1,2003,38,2,2,2
1,2021,22,1,1,2
1,1985,64,2,2,2
7,1969,138,3,3,21
0,1993,66,2,1,18
7,1954,199,4,5,21
7,1959,188,3,4,21
4,1968,163,3,3,21
4,1968,165,3,3,21
4,1944,232,4,3,21
5,1991,104,3,2,10
4,1968,139,4,5,21
4,2022,42,1,1,12
2,2016,49,1,1,10
3,2019,53,1,1,10
3,2019,52,1,1,10
0,2020,17,1,1,10
0,2019,18,1,1,10
4,1926,218,4,5,20
0,2007,85,2,1,13
0,2007,47,1,1,13
0,2007,62,1,2,13
1,1992,96,2,3,8
0,2007,64,1,1,13
0,2002,75,3,2,13
1,2003,49,2,2,2
5,1980,88,1,3,10
1,1985,80,3,2,2
0,1933,218,2,2,16
1,1987,88,3,2,2
0,1939,193,4,3,16
1,2019,29,1,1,2
3,2011,63,2,2,10
2,2016,38,2,2,22
2,2016,38,2,2,22
4,1939,176,3,4,21
2,2016,35,2,2,22
2,2016,39,2,2,22
2,2022,35,1,1,20
7,1978,118,2,3,22
0,1990,108,3,2,10
1,1995,76,3,2,2
1,2019,26,2,1,2
1,1987,67,3,2,2
0,1966,89,3,3,22
1,1940,128,3,4,2
5,1995,72,3,3,22
1,1965,87,3,2,2
0,1966,113,3,3,22
0,2002,51,2,2,13
3,1940,144,2,3,19
0,1986,89,3,3,22
0,1990,122,2,3,13
3,1940,140,3,4,19
6,1997,100,3,3,13
0,2013,43,1,1,22
7,2000,53,2,2,21
5,1920,233,4,5,2
7,1975,127,3,3,22
2,2023,23,1,1,13
2,2022,32,1,1,13
3,1975,113,3,4,22
3,1975,125,3,4,22
5,1975,69,3,2,22
0,2007,56,1,2,13
1,1978,78,2,2,18
0,1974,161,3,3,21
5,1996,68,2,2,23
7,2018,16,1,1,10
6,1947,104,3,3,19
0,1947,104,2,3,19
0,2016,40,1,2,19
3,1950,164,3,3,19
2,2018,28,1,1,1
6,1960,140,2,1,1
3,1940,158,3,3,19
0,1996,72,3,2,1
0,1973,113,3,2,1
3,1947,110,2,3,19
1,2007,59,1,1,12
5,1975,89,2,2,22
3,1975,70,2,2,22
5,1947,105,2,3,18
7,1975,80,2,2,22
5,1975,102,3,4,22
2,2021,25,1,1,12
5,1975,112,3,3,22
5,1975,148,3,3,22
1,1997,80,2,2,1
1,1944,176,3,3,10
1,1977,112,2,1,12
1,1982,104,1,1,12
2,2020,28,1,1,11
3,2008,60,1,2,13
6,1985,99,3,2,1
6,2007,107,2,3,13
2,2022,23,1,1,12
2,2022,24,1,1,12
2,2024,18,1,1,12
2,2024,21,1,1,12
0,1970,137,3,4,12
6,1940,150,3,2,19
4,2017,44,2,2,10
3,1940,136,4,2,19
1,1940,123,3,3,2
1,1990,89,3,2,2
0,1981,84,3,2,22
2,2023,18,1,1,10
5,1975,77,2,2,22
2,2009,36,2,1,10
0,1990,92,3,2,1
0,1993,97,3,3,3
1,1972,144,3,3,12
1,1978,100,2,2,10
6,1940,145,2,2,19
6,1997,60,2,2,1
0,1988,87,2,2,22
0,1975,73,2,2,21
1,1967,114,3,2,15
3,1911,135,3,4,17
0,1988,97,2,3,22
0,1988,100,2,3,22
7,2005,52,1,1,1
0,1997,78,2,2,12
4,1970,220,4,5,22
0,2005,65,3,2,1
3,1970,126,3,2,22
1,1972,119,3,3,12
6,1940,139,3,3,19
2,2015,26,1,1,22
2,2015,27,1,1,22
2,2015,30,1,1,22
2,2015,26,1,1,22
2,2021,22,1,1,12
0,2007,67,1,2,13
2,2024,19,1,1,12
2,2024,18,1,1,12
2,2024,19,1,1,12
2,2022,23,1,1,12
2,2024,19,1,1,12
1,1910,188,3,2,2
1,2003,53,2,2,2
1,1910,199,3,3,2
1,1997,73,3,2,2
5,1930,284,4,4,18
0,1988,104,2,3,22
1,1940,170,3,3,2
3,1957,87,2,2,19
2,2023,32,2,1,2
2,2023,29,2,1,2
5,1957,248,3,6,12
0,1977,151,3,4,12
2,2019,30,1,1,1
6,1947,108,2,2,19
1,1982,108,2,2,12
1,2007,54,1,1,12
1,2007,54,1,1,12
1,1930,209,3,4,21
1,2007,47,1,1,12
1,1987,107,3,3,12
1,2007,48,1,1,12
5,1936,210,4,4,22
1,1987,79,2,2,22
3,1947,121,2,3,19
4,2023,24,1,1,12
2,2014,33,1,1,10
2,2014,38,1,1,10
2,2014,63,2,2,10
1,1945,158,3,2,2
1,2002,81,3,2,2
1,1990,140,3,2,2
4,2021,37,1,1,10
1,2023,27,1,1,2
0,1969,140,3,4,5
4,2023,24,1,1,10
5,2000,93,2,3,11
4,2023,20,1,1,10
5,1966,108,3,3,20
5,1980,98,3,3,22
0,1970,122,3,4,22
3,1958,190,4,5,6
0,1989,100,3,3,6
4,1959,171,4,5,21
1,1977,120,3,3,22
2,2020,25,1,1,22
2,2020,25,1,1,22
2,2024,18,1,1,12
2,2020,25,1,1,22
1,1960,172,3,3,11
0,1997,73,2,2,13
2,2023,22,1,1,12
2,2024,19,1,1,12
0,1988,128,3,3,13
2,2020,25,1,1,22
6,1975,87,2,3,22
1,1965,148,3,3,2
3,1940,154,3,3,19
0,1947,126,2,3,19
6,1957,95,3,3,19
6,1985,61,2,2,22
0,2000,41,1,2,22
1,1943,165,5,3,16
4,1975,167,3,4,22
3,1967,107,2,3,19
0,1981,86,3,3,22
1,1972,102,2,2,15
7,1940,118,3,3,19
1,1949,228,3,3,6
1,1951,209,4,3,6
5,1994,83,2,2,22
0,1953,110,2,4,22
4,1991,71,2,2,21
4,1991,74,2,2,21
3,1985,113,3,4,8
0,1937,234,5,8,8
2,2020,25,1,1,22
2,2020,25,1,1,22
1,1960,197,3,4,11
2,2020,25,1,1,22
0,1957,68,2,2,18
0,1967,64,2,2,18
2,2023,23,1,1,12
2,2020,25,1,1,22
2,2020,25,1,1,22
2,2015,43,1,1,22
1,1993,114,3,2,2
1,1963,136,3,3,16
4,1975,170,3,4,22
0,2024,15,1,1,23
3,1920,171,3,3,19
0,1976,110,4,4,22
1,1978,88,1,2,16
1,2021,29,1,1,2
2,2019,33,1,1,1
2,2021,22,1,1,10
7,1940,192,4,4,19
3,1940,157,2,4,19
2,2020,27,1,1,22
0,1980,89,2,2,10
4,1989,92,3,3,22
7,1966,148,3,3,2
6,1973,137,3,4,22
1,1940,148,2,3,19
1,1980,262,2,2,19
4,1949,208,4,4,21
5,1980,134,3,4,10
1,1980,133,3,3,21
2,2015,51,1,1,10
2,2021,18,1,1,10
2,2020,20,1,1,21
0,1980,93,2,2,11
6,1995,83,2,2,11
1,1995,119,2,2,11
0,1999,66,2,2,15
1,1995,150,2,2,11
1,1995,132,2,2,11
1,1995,145,2,2,11
1,1995,109,2,2,11
0,1990,101,2,5,11
2,1987,129,3,3,10
7,1960,160,4,4,2
6,1944,213,3,2,20
7,1950,149,3,4,2
1,2014,43,2,2,2
7,2004,45,2,1,19
1,2002,99,3,2,2
1,2000,116,3,2,2
1,1950,158,3,3,2
1,1950,114,3,2,2
4,1982,114,3,4,22
3,1980,140,2,3,21
2,2015,30,1,1,12
2,2015,30,1,1,12
2,2015,29,1,1,12
6,1975,133,4,3,11
2,2018,30,1,1,12
2,2021,25,1,1,12
2,2021,21,1,1,12
2,1954,195,4,4,9
6,1975,117,3,3,11
2,2020,23,1,1,23
3,1997,85,3,2,2
1,1932,194,3,3,14
2,1990,103,2,2,21
0,1986,102,3,3,10
6,1986,130,3,3,10
7,1946,122,3,3,2
0,1975,134,2,2,11
2,2023,29,1,1,2
0,2004,102,2,2,11
0,2004,122,2,2,11
1,1927,145,4,3,20
2,1977,128,3,4,3
2,2024,20,1,1,6
1,2001,66,2,2,12
3,1999,98,3,2,20
1,1980,121,2,3,12
3,1985,118,2,2,21
1,1960,190,3,3,11
2,2015,25,1,1,12
7,1988,105,3,2,2
1,1960,125,3,2,11
2,2021,22,1,1,12
3,1930,203,4,4,2
2,2020,22,1,1,12
3,1950,122,3,4,2
2,2023,22,1,1,12
2,2020,27,1,1,12
2,2020,28,1,1,12
4,1985,108,3,4,22
1,1950,129,3,3,2
1,1950,110,3,2,2
0,1997,85,2,3,10
0,1988,64,2,2,10
1,1950,126,3,3,2
1,2022,29,1,1,2
4,1961,164,4,7,15
2,1990,112,2,2,21
3,1999,69,2,2,2
2,1973,147,4,4,9
5,1955,193,3,3,14
2,2012,58,2,2,9
5,1994,101,2,3,3
7,1970,123,3,3,2
5,1996,92,2,2,3
2,1972,132,3,3,9
3,1996,92,3,2,2
5,2018,26,1,1,10
3,1981,98,2,2,15
1,1922,151,4,4,20
0,1992,67,3,2,2
6,1992,69,3,2,2
3,1963,134,2,4,15
5,1911,253,3,5,15
1,1955,127,3,2,2
0,1921,227,3,4,19
1,1901,276,4,3,19
6,1998,93,3,2,10
0,1985,96,3,3,10
6,1996,151,3,3,10
1,1990,74,3,2,2
6,2004,52,2,2,10
1,1950,143,3,3,2
0,1986,101,2,2,10
0,1986,80,2,2,10
0,1986,146,3,2,10
1,1950,118,3,3,2
2,1968,143,3,3,9
2,1962,156,4,4,9
2,1939,230,4,6,9
1,1940,126,2,3,19
3,1991,153,3,3,22
5,1980,84,3,3,10
1,1980,124,3,3,2
1,2000,91,3,2,2
1,2002,73,3,2,2
1,2009,60,3,2,2
0,1933,198,3,3,19
0,1969,147,3,4,22
0,1927,145,3,2,16
6,1948,120,2,4,16
3,2006,85,2,2,18
7,1953,225,3,4,2
3,1953,186,3,3,2
6,1968,150,3,3,22
0,1971,116,3,3,3
0,1960,111,3,3,12
4,2000,60,2,2,11
4,2023,20,1,1,10
7,1966,170,4,5,2
7,1998,84,2,2,3
0,1985,129,3,4,21
5,1964,181,3,3,21
5,1974,152,4,3,21
5,1953,209,4,3,21
5,1984,143,2,3,21
0,1994,83,2,2,19
1,2019,45,2,1,2
0,1933,198,3,3,19
1,1918,232,3,4,19
1,1986,154,3,3,2
6,1939,127,4,3,16
0,1950,179,3,3,17
0,1959,142,4,4,10
1,1955,138,2,3,2
3,1953,145,3,2,2
1,1957,193,3,3,13
3,1953,188,4,3,2
3,1953,182,3,4,2
3,1930,250,5,8,18
5,2002,63,2,1,13
1,1997,76,2,2,12
3,1957,105,3,2,19
7,1966,150,4,3,2
6,1975,121,2,2,11
6,1975,125,3,2,11
5,1933,243,5,5,2
1,1999,98,2,2,12
6,1975,99,2,2,11
0,1975,124,2,2,11
4,1990,128,3,4,12
4,1957,223,4,7,12
1,1967,186,3,3,21
4,1955,182,5,6,5
1,2018,27,2,1,2
3,1980,178,3,4,22
1,2019,22,1,1,2
3,1987,84,3,2,2
3,1947,120,3,3,19
1,1983,154,4,2,22
6,1992,97,2,3,23
3,1953,129,3,3,2
3,1940,151,3,3,19
7,1965,129,3,3,12
3,1985,142,3,3,12
0,2024,25,1,1,2
7,1985,168,3,3,12
3,1986,141,3,3,21
1,1992,99,2,3,12
0,2005,62,2,2,21
5,1965,174,2,3,14
0,1987,102,2,3,5
6,1967,140,2,3,21
6,1969,141,3,3,21
4,1957,195,5,6,5
1,1978,111,2,2,16
0,1991,108,2,3,5
3,1985,112,2,2,12
0,1991,85,2,3,5
0,1995,73,2,3,5
0,1975,139,2,3,21
0,1924,154,4,4,16
6,1914,241,3,3,19
1,1925,219,4,2,19
1,1990,100,3,2,2
5,1939,240,4,4,18
1,1990,123,3,2,2
6,1982,125,3,4,23
1,1988,98,2,3,13
0,1976,143,3,5,22
3,1965,112,3,2,2
1,1997,70,2,2,13
3,1953,119,2,2,2
0,1976,136,3,4,22
4,2024,20,1,1,22
3,1953,169,3,3,2
2,1995,127,2,2,12
4,2017,78,1,1,12
1,1983,143,5,2,22
5,1970,154,3,3,11
5,1970,164,3,3,11
4,1981,90,3,3,22
2,2021,22,1,1,10
0,1996,94,3,4,22
7,1950,142,4,4,2
0,1985,100,3,3,8
6,1985,130,3,3,22
1,1957,193,3,3,12
1,1997,80,2,2,12
3,1950,163,3,4,2
0,2000,66,2,2,5
4,1950,196,5,6,5
6,1970,135,3,3,21
3,1974,147,3,4,21
5,1985,86,3,3,19
5,1998,75,2,2,21
4,1926,228,5,5,5
1,1992,89,2,3,12
4,1933,220,5,5,5
0,1948,176,3,4,19
4,1932,212,6,5,5
5,1980,97,2,2,10
2,2005,99,2,2,11
1,2022,25,1,1,10
1,2022,25,1,1,10
3,2002,82,2,2,19
7,1974,168,3,3,21
1,2022,35,1,1,10
3,1978,128,2,2,21
5,1980,105,3,2,2
5,1993,54,1,1,13
3,1974,147,3,3,21
3,1964,164,3,3,21
3,1974,142,2,2,21
2,2020,39,1,1,12
1,1966,167,3,4,12
0,1942,209,3,4,13
1,1999,87,2,2,12
0,1989,82,2,3,8
0,1985,94,2,2,19
2,2022,22,1,1,12
1,2004,76,2,2,12
5,1952,168,3,3,19
6,1980,144,3,3,19
0,1980,117,2,4,19
2,2024,20,1,1,21
2,2024,20,1,1,21
6,1997,129,3,2,10
2,2024,20,1,1,21
0,1994,109,3,3,22
6,1980,98,3,3,3
5,1990,129,2,3,10
0,1969,156,5,4,2
1,1958,154,3,3,1
0,2004,65,2,2,2
3,1974,140,2,2,21
1,1961,146,3,4,1
1,1957,161,3,4,1
0,1979,124,5,4,2
1,1961,144,3,4,1
0,1979,123,5,4,2
0,2005,69,3,3,22
1,1969,127,3,3,1
1,1994,94,2,2,21
2,2016,38,1,1,21
1,1968,162,3,3,20
3,1954,184,3,3,21
1,2011,36,1,1,2
1,1923,242,3,4,1
1,1975,126,3,3,20
5,1995,120,2,2,21
0,1992,76,3,3,1
6,1930,281,5,5,18
6,1960,160,4,2,18
0,1996,56,1,1,13
7,1983,128,2,3,13
0,1950,178,3,2,18
2,2024,20,1,1,21
1,1990,104,2,3,12
2,2024,20,1,1,21
1,1987,114,3,3,12
2,2024,20,1,1,21
2,2024,20,1,1,21
2,2024,20,1,1,21
1,1976,133,2,2,12
2,2024,20,1,1,21
2,2024,20,1,1,21
2,2024,20,1,1,21
1,2000,63,2,2,12
6,2000,84,3,3,21
7,1972,150,3,4,22
5,1947,218,4,4,18
0,1976,111,3,2,21
2,2022,22,1,1,1
5,1986,93,2,3,21
1,1973,121,2,2,20
1,1960,152,3,4,1
1,1964,145,3,4,1
1,1968,134,3,3,20
1,1996,68,2,1,13
5,2000,83,2,2,21
7,1977,126,2,3,13
0,1990,89,2,3,8
4,2020,18,1,1,11
4,1955,166,4,5,10
7,1965,148,3,3,16
0,1985,102,3,3,8
4,1955,196,4,6,10
0,2005,73,3,1,13
0,1961,142,2,3,16
0,2000,92,3,2,13
0,1977,182,4,4,12
0,1987,93,3,3,8
2,2007,127,2,2,13
1,1976,132,3,3,12
6,1997,184,2,2,10
6,1990,119,3,4,21
1,1994,87,2,2,12
1,1992,92,2,2,12
7,1970,215,3,3,22
1,1956,200,3,4,12
1,2002,60,2,1,12
4,2015,43,1,1,10
4,2022,23,1,1,10
1,1958,153,2,2,21
0,1959,130,3,3,10
5,1985,115,2,3,22
4,2022,24,1,1,10
7,1955,156,4,4,18
4,1975,111,2,2,10
5,1990,65,2,2,10
5,1983,107,2,3,22
1,2019,21,1,1,1
0,1936,140,4,4,20
5,1980,160,4,2,13
1,1957,150,3,3,1
2,2024,21,1,1,5
1,1969,128,3,3,1
1,1976,110,3,3,1
1,1956,156,3,4,1
2,2025,22,1,1,12
0,1946,204,4,4,22
0,1979,113,3,3,8
0,1986,88,2,3,8
6,1981,98,2,2,8
6,1963,133,3,4,8
6,1947,169,2,2,8
0,1983,101,3,3,8
0,2000,53,2,2,8
0,1989,79,2,2,8
0,1989,75,2,3,8
0,1995,73,2,3,8
0,2004,71,2,2,8
2,2009,25,1,1,10
1,2000,73,2,2,12
5,1969,140,3,4,22
1,2004,49,1,1,12
0,1975,96,3,3,10
0,1959,144,4,4,10
4,2005,78,2,2,10
5,1965,184,4,6,12
3,2006,49,1,1,20
0,1982,115,4,4,22
1,1983,92,2,2,1
0,1977,72,2,2,19
2,2015,47,1,1,10
2,2020,30,1,1,10
4,2022,28,2,1,20
0,2000,62,2,1,13
6,1975,129,2,2,14
0,1953,148,4,4,2
1,1970,151,3,4,12
4,1979,150,3,4,12
5,1981,95,3,2,22
1,1989,98,2,3,12
3,1990,84,2,4,15
3,1966,144,3,2,2
3,2000,58,2,2,2
3,1996,86,2,2,2
0,1971,126,3,3,19
1,1987,131,3,3,12
4,1964,147,4,3,5
4,1907,285,4,7,4
5,1993,76,2,2,10
5,1994,67,3,2,17
6,1962,180,4,4,12
6,1994,74,2,2,10
6,1989,86,2,2,10
5,1939,163,3,3,2
0,1999,70,2,1,10
5,1910,207,3,4,2
2,2017,26,2,2,1
6,1961,138,2,4,16
2,1987,141,3,3,10
3,2000,68,2,2,2
4,1959,184,3,4,10
6,2019,38,2,1,11
1,1971,148,3,3,12
4,2000,70,3,2,13
1,1979,128,3,3,12
0,1976,108,3,3,22
1,1971,141,3,4,12
4,1960,114,3,4,10
0,1983,105,4,4,22
4,1960,167,3,4,10
0,1990,113,3,2,13
3,2000,92,3,2,2
0,1964,140,3,3,19
3,1946,134,3,3,2
3,1940,115,3,3,19
3,1946,126,3,4,2
1,1990,100,2,3,12
3,1986,103,2,3,21
2,2018,27,2,1,10
4,2002,70,2,3,3
1,1983,120,2,3,12
7,1979,90,2,2,1
0,1977,117,3,3,20
6,1991,84,2,3,12
4,2009,31,1,1,10
5,1963,149,3,4,18
6,1979,131,3,4,12
0,1996,101,3,3,12
0,2013,21,1,1,10
6,1991,88,2,3,12
6,1980,120,2,3,12
5,1990,95,3,2,22
1,1935,253,4,5,18
4,1985,76,2,1,10
5,1995,103,3,3,21
6,1983,112,2,3,12
0,1977,85,2,3,16
1,1945,229,4,5,18
6,2001,53,2,2,17
0,2004,52,2,2,17
0,1975,112,2,2,10
6,1990,82,3,2,10
4,1960,131,3,4,10
1,1927,258,3,4,2
0,1990,95,3,2,13
4,1941,226,4,6,5
4,1960,140,3,4,10
5,1955,184,4,5,3
4,1960,159,3,4,10
4,1985,71,2,2,10
4,1960,133,3,4,10
1,1984,108,3,2,12
1,1971,145,3,3,12
1,1927,261,5,4,6
1,1971,152,3,4,12
6,1973,151,3,3,2
4,1975,90,3,3,10
7,1990,71,2,2,1
4,1939,200,3,8,15
7,1946,157,4,4,2
0,1968,137,3,5,15
7,1970,208,3,4,2
4,2021,20,1,1,3
3,1977,108,3,3,15
0,2002,50,2,1,15
4,2021,21,2,1,3
6,2001,64,2,2,10
6,1959,179,3,3,19
3,1966,138,3,3,2
2,2013,50,1,1,10
6,1949,203,3,3,19
3,1940,156,2,3,19
5,2010,21,1,1,10
1,1975,79,2,2,10
3,1995,83,2,2,22
5,1930,167,3,3,2
1,1960,155,3,3,2
5,2013,15,1,1,10
1,1997,63,3,2,2
1,1955,204,3,4,2
1,2003,57,3,2,2
1,2000,111,3,2,2
1,2023,22,1,1,2
4,2015,33,1,1,10
0,1992,91,2,3,22
0,1985,105,3,2,10
5,2000,78,2,2,21
0,1980,94,2,2,10
0,1975,133,3,2,10
0,1975,117,3,3,10
6,1985,127,2,2,10
0,1985,86,2,2,10
0,1993,80,2,2,3
0,1956,129,3,4,2
0,1989,87,2,3,19
0,2009,70,2,2,15
4,1941,202,4,5,4
2,2001,125,2,2,11
1,1977,142,3,3,12
0,1966,109,4,4,2
2,2001,122,2,2,11
0,1980,103,2,2,11
0,1978,110,2,4,15
7,1936,148,3,3,2
5,1987,88,2,3,15
1,1974,105,3,3,15
7,1960,130,3,3,2
7,1946,145,3,4,2
1,2003,58,3,2,2
1,1993,87,3,2,2
4,1980,151,3,3,10
0,1984,110,3,3,22
1,2011,44,2,2,2
1,2000,107,3,2,2
4,1985,92,2,2,10
1,2000,73,2,2,2
1,2000,119,3,2,2
1,1995,110,3,2,2
4,1980,99,2,2,10
4,1970,132,3,3,10
5,2000,80,2,2,21
1,1992,90,2,2,23
1,1985,109,2,3,23
0,2005,62,2,2,3
7,1957,100,3,2,19
0,1996,91,2,3,3
0,2004,73,2,2,9
3,1990,100,3,3,9
1,1940,237,4,5,18
0,1980,129,4,4,9
1,2003,42,2,2,23
1,1998,64,2,2,23
0,1994,110,3,2,23
6,1934,253,4,6,23
2,2014,69,2,2,1
2,2021,27,1,1,1
2,2017,43,2,1,1
6,1970,166,3,3,11
4,1985,117,3,3,23
2,2016,78,2,2,1
2,2013,69,2,2,1
2,2013,82,2,2,1
2,2011,52,1,1,23
0,1957,111,3,3,19
3,1940,159,3,3,19
2,2016,52,2,1,3
2,2019,35,1,1,18
0,1988,84,3,3,1
2,2010,49,2,2,1
0,1961,119,3,3,20
3,1940,151,2,3,19
4,1992,115,2,3,23
2,2018,27,2,1,1
4,2000,58,2,2,23
4,1994,109,2,3,23
4,2003,65,2,2,23
4,1988,136,3,4,23
4,1988,118,2,4,23
4,1988,115,2,4,23
4,1996,103,2,3,23
4,1988,109,3,4,23
0,1978,131,3,3,21
2,2013,31,2,1,1
4,1994,95,3,4,23
4,1997,89,2,3,23
7,1988,116,2,3,21
4,1988,127,3,4,23
1,1970,86,3,3,2
7,1974,161,3,3,9
3,2006,54,1,1,13
0,1940,120,3,2,18
6,1957,83,2,2,18
2,2017,72,2,2,1
2,2014,51,2,2,1
0,1975,122,3,4,11
2,2014,51,2,2,1
2,2013,52,2,2,1
2,2015,66,2,2,1
2,2021,23,1,1,10
2,2014,43,2,2,1
2,2014,66,2,2,1
2,2014,60,2,2,1
2,2013,64,2,2,10
0,2008,45,3,1,13
2,2013,63,2,2,1
0,2008,32,3,1,13
3,1940,159,4,4,19
3,1940,127,3,2,19
0,2008,45,3,1,13
4,1988,123,3,4,23
4,1988,146,3,4,23
2,2021,24,1,1,1
4,1988,122,3,4,23
7,1988,75,2,2,21
7,1978,123,3,3,21
2,2013,52,2,2,1
4,1970,179,3,5,23
7,1978,158,3,3,21
7,1978,151,2,3,21
7,1973,149,3,3,21
1,2007,57,2,2,2
7,1960,180,4,3,12
1,2018,45,2,2,2
6,1946,123,3,4,20
1,1935,135,3,2,2
2,1980,119,2,3,18
6,1988,175,3,4,12
6,1976,230,3,4,12
0,1965,168,4,5,9
5,1995,65,2,1,12
0,2006,61,2,2,23
0,1927,165,4,4,17
2,2014,32,2,1,1
2,2018,29,1,1,1
0,1994,125,3,3,20
2,2020,27,1,1,1
4,2022,25,1,1,19
0,1947,104,3,2,19
2,2022,26,1,1,1
1,1990,115,3,2,2
1,1925,195,4,4,2
3,1940,167,3,3,19
2,2020,45,1,2,1
4,1985,89,2,2,10
6,1989,118,3,3,20
1,2014,53,2,2,2
6,1952,155,3,4,16
1,1988,119,3,2,13
2,2011,60,2,2,1
2,2011,50,2,2,1
0,1959,147,3,4,5
1,2017,36,2,1,2
4,1995,158,3,3,20
7,1984,92,2,2,21
4,2004,107,3,2,20
3,1996,63,2,2,21
4,2004,141,3,3,20
3,1974,140,3,3,21
3,2010,49,1,1,23
7,1981,123,2,3,21
7,1957,97,2,2,19
7,1906,195,2,3,19
7,1940,127,2,3,19
0,1940,113,3,3,18
3,1981,127,3,3,21
1,2014,63,2,1,2
3,1995,115,2,3,23
6,1971,112,3,3,23
0,1984,122,4,3,9
7,1976,141,3,4,9
5,1991,98,2,2,23
7,1960,184,4,4,9
5,1969,153,3,2,23
6,1994,60,2,2,10
5,1995,70,3,3,23
0,1987,107,3,4,23
0,2003,57,3,5,23
5,1944,236,4,4,19
6,1979,133,3,3,12
1,1980,118,2,3,2
0,1995,119,2,3,10
1,1933,241,5,5,20
1,1934,264,3,4,23
1,1979,133,2,4,23
2,2013,60,2,2,1
3,1906,185,3,3,18
1,1991,122,3,2,2
7,1970,157,3,3,21
2,2013,60,2,2,1
5,1979,151,3,2,13
1,1989,148,2,2,13
5,1940,293,3,4,18
5,1925,262,3,6,2
5,1989,128,3,2,13
5,1989,117,3,2,13
7,1957,87,2,3,19
4,1999,66,2,2,18
0,1990,91,3,3,5
7,1997,62,2,2,21
4,1985,111,3,3,23
4,1975,149,3,4,23
7,1974,156,2,2,21
4,1985,118,3,3,23
3,1957,91,2,2,19
4,1980,134,3,4,23
3,1957,88,2,2,19
4,1990,104,2,4,23
4,1995,84,2,3,23
4,1990,103,2,3,23
7,1940,136,2,3,19
4,1980,125,3,4,23
4,1985,121,3,4,23
4,1996,94,2,3,23
4,1995,88,3,3,23
4,1990,97,2,3,23
2,2017,33,2,1,1
7,2010,67,2,2,20
4,1964,170,4,5,1
7,1940,152,3,3,19
1,1980,57,3,2,2
4,1985,246,5,6,2
1,2024,20,1,1,20
2,1985,152,2,3,2
2,1985,164,2,3,2
0,1997,63,3,2,2
1,1930,250,4,5,20
6,1997,56,3,2,2
5,2017,40,1,1,14
0,1940,124,3,3,18
0,1947,94,3,3,18
0,1968,70,3,2,18
0,1917,135,4,3,2
0,2004,90,2,1,13
0,1990,92,3,3,5
0,1994,65,2,2,5
1,1999,130,2,2,13
6,1940,238,2,1,18
5,1960,220,4,3,18
4,1967,158,4,4,1
0,1959,147,3,3,5
0,1984,114,3,3,5
6,1981,97,2,3,5
4,1990,112,3,4,23
4,1995,98,2,3,23
4,1980,146,3,4,23
6,1978,112,3,3,20
0,1998,90,3,2,20
2,2017,39,2,1,1
4,1990,95,3,4,23
4,1985,129,3,5,23
4,1980,148,3,4,23
4,1980,128,3,5,23
4,1995,84,2,3,23
4,1995,90,2,3,23
3,1940,150,3,3,19
4,2002,62,2,2,23
2,2022,24,1,1,1
2,2018,25,1,1,23
1,2023,22,1,1,2
4,1995,92,2,3,23
4,1995,92,2,3,23
4,2000,74,2,2,23
4,1990,109,3,3,23
4,1995,83,2,3,23
4,1990,98,3,4,23
4,1965,129,3,3,23
2,2018,28,1,1,23
7,1960,180,3,3,19
4,1979,126,2,3,10
6,1940,123,3,3,19
7,1940,152,2,2,19
0,1947,129,3,3,18
0,2014,48,1,1,23
1,1920,168,4,3,2
7,2006,58,2,2,19
1,1925,177,4,4,2
3,2006,31,1,1,19
0,1940,188,5,5,2
6,1950,147,3,4,2
6,1973,102,3,2,2
6,1945,198,3,4,1
6,1969,138,5,3,1
7,1985,120,2,3,18
0,1992,65,3,1,13
0,1998,66,3,2,1
6,1980,98,2,2,5
0,1952,161,3,4,5
2,2015,50,1,1,17
0,1992,58,2,2,13
1,1955,189,5,4,20
3,1947,121,3,3,19
7,1940,166,3,3,19
0,1991,92,2,2,5
0,1993,90,2,2,5
0,1974,109,3,3,1
0,1990,91,3,3,5
3,1940,115,3,3,19
1,1987,108,2,2,13
0,1992,64,2,2,13
2,2018,34,1,1,23
2,2022,20,1,1,1
3,1940,110,2,3,19
2,2022,27,1,1,1
4,1985,129,3,4,23
1,1997,82,3,2,2
3,2000,42,1,1,19
4,1980,135,2,4,23
2,2018,30,1,1,23
0,1940,137,2,3,19
6,1975,53,2,2,10
4,1995,79,2,3,23
2,2018,38,1,1,10
0,1940,147,2,3,19
0,1940,170,2,3,19
5,1978,112,3,3,20
1,2020,33,2,2,2
7,1950,220,3,3,19
7,1950,169,3,2,19
5,2008,44,2,2,19
4,2019,34,1,1,17
6,1957,75,3,2,19
3,2003,67,2,2,19
0,1965,109,3,2,2
0,1948,153,3,3,2
2,2023,20,1,1,11
1,1920,161,5,3,2
2,2014,61,2,2,1
2,1997,125,2,3,5
4,1906,277,6,6,1
2,2017,63,2,2,1
7,1986,116,1,2,19
0,1940,162,2,3,19
0,1940,156,2,3,19
1,1925,162,3,3,2
1,1940,182,2,4,19
1,1990,114,3,2,19
0,1910,260,4,4,18
3,1994,89,2,2,23
6,2004,76,3,2,20
1,1970,107,2,2,19
3,1994,102,2,2,23
0,1972,152,3,4,9
5,2001,60,2,2,17
1,2016,61,2,2,2
1,2021,35,1,1,2
0,2008,62,2,1,13
2,2010,66,1,1,10
0,1980,94,2,2,18
0,1970,117,2,2,14
0,1977,66,2,2,18
0,1950,184,3,4,5
1,1967,158,3,3,13
4,1979,188,3,4,15
3,1990,113,2,2,10
1,1990,60,1,1,19
2,2012,64,1,1,23
0,1940,150,4,4,18
1,1990,82,2,2,19
1,1990,109,2,3,19
3,1970,128,3,3,19
1,1970,133,4,3,2
0,2015,60,2,2,14
3,1954,169,3,4,9
5,1999,94,2,2,23
6,1980,132,2,4,23
1,1905,187,3,3,2
0,1999,77,2,2,3
1,1995,97,2,2,23
1,1957,179,4,3,13
2,2018,31,2,1,10
2,2017,49,2,2,1
2,2011,92,2,2,1
0,1989,87,3,3,1
2,2008,80,2,1,10
1,2002,65,2,2,22
0,1990,120,3,2,13
1,1967,172,3,5,13
0,2004,67,3,2,9
1,1955,105,4,2,2
1,1960,74,3,2,2
0,1956,116,4,4,20
1,1920,213,5,3,18
7,2002,85,1,1,23
1,1940,121,3,3,2
0,1970,130,3,4,20
3,2004,64,1,1,23
1,1988,134,3,2,2
1,1958,187,3,4,20
6,1956,120,3,3,20
5,1994,89,2,2,3
1,1922,222,4,5,17
1,1922,223,4,5,17
1,1955,201,3,3,21
1,1990,124,3,3,21
1,1975,136,2,2,21
2,2010,49,2,2,21
2,2023,20,1,1,11
3,1987,96,2,2,18
3,2000,52,2,2,18
5,2001,56,2,1,22
0,1960,164,3,3,18
4,1989,90,3,3,22
1,1996,107,2,2,18
1,1975,92,3,2,2
0,1988,125,4,4,13
1,1973,142,3,3,2
2,2012,69,2,2,1
0,2003,54,3,2,1
2,2023,26,1,1,10
2,2022,31,1,1,10
3,2006,105,2,3,18
0,1997,67,2,2,23
5,1998,86,2,2,13
5,1998,90,2,2,13
6,2000,88,2,2,13
6,1990,74,3,2,21
4,1999,104,2,3,23
4,1979,122,3,4,21
0,1991,120,2,3,21
3,2004,71,2,2,21
4,1969,127,3,4,21
4,1987,123,3,3,1
3,1998,94,2,3,21
4,1977,134,3,4,13
5,1999,83,2,3,21
6,1964,195,2,2,21
5,1998,79,2,2,21
2,2013,52,2,2,1
5,2004,64,2,2,21
4,1959,159,3,5,22
4,1979,124,3,5,22
4,1989,80,2,3,22
4,1989,100,3,3,22
6,1947,106,3,3,18
4,1989,72,2,3,22
0,1940,139,3,3,18
3,1901,175,3,4,18
4,1999,56,3,2,23
2,2015,39,2,2,22
2,2020,32,1,1,22
2,2015,38,2,2,22
3,1957,104,2,2,18
3,1940,147,2,3,18
0,2004,62,2,2,9
6,1940,121,2,3,18
6,1977,53,2,2,18
0,1982,99,3,3,9
1,1964,166,3,4,2
0,1992,67,2,2,1
6,1959,191,3,3,2
6,1986,108,2,3,2
0,1997,68,3,2,1
5,1974,146,4,3,2
2,2023,25,1,1,10
0,2000,88,2,2,23
2,2015,30,1,1,10
4,1970,163,3,4,21
4,1982,113,3,3,21
4,1981,156,3,4,21
4,1965,171,3,4,21
0,2010,53,2,2,14
4,1972,158,4,5,21
5,1990,98,3,3,21
7,1962,138,2,2,9
2,2013,57,2,2,1
4,2025,61,1,2,22
0,1981,97,2,2,1
2,2024,20,1,1,23
4,1999,101,2,3,23
0,2023,34,1,1,5
2,2024,20,1,1,23
2,2024,20,1,1,23
7,1988,96,3,2,1
4,2017,21,1,1,11
4,1975,174,3,5,23
5,2004,65,2,2,3
4,1990,105,2,4,23
3,1966,147,2,2,11
0,1947,98,3,2,18
5,1987,80,3,2,13
0,1975,120,2,3,22
4,1944,200,4,3,9
6,1974,103,2,3,22
7,1945,172,3,4,16
5,1969,230,5,6,2
2,2018,29,1,1,1
3,1979,84,2,2,21
1,1975,138,3,3,23
5,1990,98,3,3,21
0,1989,95,3,3,23
0,1997,74,3,3,23
0,2000,48,2,2,23
7,1997,112,2,2,13
0,1972,119,3,3,9
2,2013,55,2,2,9
0,2005,39,2,1,9
2,2021,24,1,1,9
4,2001,97,1,2,11
2,2018,46,1,1,23
0,1994,76,3,2,1
5,1989,102,2,2,3
2,2017,57,1,1,23
4,2009,95,2,2,11
2,2019,33,1,1,23
2,2015,60,1,1,23
2,2018,43,1,1,23
2,2011,75,2,2,1
1,1957,184,3,4,13
2,2014,68,2,2,1
0,1969,121,3,2,1
2,2012,46,2,2,1
7,1956,208,3,3,13
7,1930,207,4,3,10
4,1949,180,3,4,18
2,2010,49,2,2,1
0,2006,49,2,2,22
2,2010,41,2,1,1
2,2013,78,2,2,1
4,1995,89,3,3,1
2,2012,62,2,2,1
2,2014,54,2,2,1
4,1937,207,4,3,9
4,1927,237,4,4,9
0,1960,181,4,4,18
4,1950,169,4,4,9
4,1954,160,4,3,9
4,1949,174,4,3,9
4,1952,162,4,4,9
0,2009,51,2,2,9
0,1988,133,2,3,23
6,2001,61,3,2,9
0,1997,97,2,2,23
6,2004,45,2,1,9
6,1993,69,2,2,9
0,2008,46,2,2,9
1,1947,231,4,3,13
4,1999,103,2,2,11
1,1937,220,3,4,13
1,1957,181,3,4,13
3,1997,110,2,3,13
2,2022,29,1,1,23
1,1997,84,2,1,13
0,1978,98,3,3,21
2,2022,28,1,1,23
2,2015,58,1,1,23
2,2015,60,1,1,23
2,2022,20,1,1,23
0,1975,117,2,2,21
0,1998,116,3,3,13
0,1965,135,3,3,21
3,2005,105,2,2,19
3,1977,64,2,2,19
4,1963,223,4,5,22
7,1967,161,3,5,21
4,1963,264,4,5,22
7,1967,157,3,3,21
0,1973,133,4,3,1
2,2013,56,2,2,1
7,1958,169,4,5,1
7,2006,62,2,2,1
3,1940,123,3,2,19
5,1990,110,2,3,21
2,2013,68,2,2,1
0,2009,39,2,2,9
0,1993,70,2,2,9
0,1999,61,2,2,9
0,1986,86,2,3,9
0,2002,61,2,2,9
0,1960,140,2,4,18
0,2001,62,2,3,9
5,2007,46,2,1,23
0,1996,80,2,3,9
4,1970,174,3,3,10
0,1994,79,2,3,9
0,1981,62,2,2,21
0,2004,75,2,2,20
2,2015,48,2,2,1
2,2015,44,1,1,23
0,1997,71,2,3,5
2,2014,76,2,2,1
1,1947,230,3,4,13
7,2003,63,2,2,20
0,2007,59,2,1,13
0,2007,50,2,2,13
3,1967,157,3,4,21
3,2019,25,1,1,21
6,1946,121,3,3,20
6,1965,149,3,4,21
0,1986,123,2,4,22
7,1986,112,2,3,13
7,1977,159,3,3,13
3,1981,135,3,3,13
0,1957,102,3,3,19
0,1998,81,2,2,3
3,1940,135,3,3,19
1,1945,173,3,3,2
1,1915,149,3,2,2
6,1995,69,1,2,17
0,1985,85,3,2,9
0,2007,65,3,2,9
1,1964,161,3,3,23
0,1978,140,3,3,9
0,1965,139,3,4,9
6,1991,99,2,3,9
7,1945,218,4,5,9
1,2019,33,2,2,2
7,1963,181,4,4,20
0,1988,91,3,3,21
7,1963,129,3,2,20
1,1970,127,4,3,2
7,1963,160,3,3,20
7,1963,146,3,3,20
3,2014,37,2,1,9
3,1959,188,2,3,17
3,2007,56,3,2,9
7,1951,216,4,4,22
3,2009,56,3,2,9
0,1940,127,3,3,19
1,1960,126,3,2,2
7,1968,156,3,4,22
7,1958,182,4,4,22
0,1937,190,3,3,17
1,1915,145,4,3,2
7,1965,164,3,4,22
1,1940,118,3,2,2
1,2000,89,3,2,2
4,1948,181,3,5,1
1,1940,187,3,3,2
2,1954,211,2,7,14
1,1990,100,3,2,2
6,1940,197,3,4,18
1,1955,112,3,2,2
6,1950,185,3,3,18
3,2016,46,1,1,14
3,2016,42,1,1,14
3,1995,82,2,2,14
3,2022,20,1,1,9
3,2023,21,1,1,9
7,1982,98,2,2,3
3,2010,49,2,2,9
3,2007,60,3,2,9
3,1983,98,2,3,16
3,2011,46,3,2,9
3,2004,65,3,2,9
3,1967,158,3,4,9
3,2006,65,2,2,9
1,1972,147,3,3,9
3,2009,58,2,2,9
3,1964,130,2,2,16
4,1983,133,3,3,10
7,1955,161,3,3,2
7,1955,138,3,3,2
5,1913,241,3,2,16
7,1948,164,3,3,2
3,1975,142,3,2,11
7,1948,210,4,4,2
0,1994,68,2,2,21
4,2023,32,1,1,2
7,1948,156,3,3,2
3,1972,117,2,2,16
7,1948,133,3,2,2
7,1982,105,2,2,13
1,1987,90,3,2,2
1,1939,265,3,7,14
0,1981,108,3,4,1
0,1986,107,2,3,7
0,1974,137,2,5,14
5,1979,132,3,5,14
1,1990,118,3,2,2
1,1955,136,3,3,2
0,1976,136,3,4,19
6,1978,101,4,2,1
1,1995,83,3,2,2
1,1965,124,3,3,2
7,1977,126,2,2,13
7,1989,104,2,2,2
7,1989,98,2,2,2
7,1948,171,3,3,2
7,1955,134,3,3,2
2,2003,70,1,1,12
7,1948,151,3,2,2
1,1979,127,3,3,9
3,1975,131,3,2,16
1,1960,81,3,3,2
3,2010,52,2,2,9
0,1988,103,2,2,2
5,1983,118,3,3,9
0,2016,43,2,2,9
0,2010,57,2,2,9
3,2009,54,2,2,9
4,2023,37,1,1,2
3,1952,164,3,2,16
3,1985,94,2,2,11
5,1952,166,2,4,16
4,2023,35,1,1,2
5,2000,62,2,1,16
5,1949,205,3,3,16
4,2023,32,1,1,2
4,2023,30,1,1,2
2,2025,18,1,1,13
0,1997,63,2,2,22
4,2023,29,1,1,2
2,2023,19,1,1,1
1,1940,117,3,3,2
0,1991,72,2,2,1
4,1980,204,4,5,10
0,1987,80,3,3,1
0,1989,83,3,3,3
2,2017,37,2,2,1
6,1986,83,3,2,1
4,1947,290,4,5,21
0,2007,66,2,2,13
0,1976,106,2,2,10
2,2015,40,1,1,10
0,2002,43,2,2,12
6,1987,70,2,2,12
6,1988,156,3,3,12
0,1995,80,2,3,10
0,2002,66,2,2,12
2,2015,53,1,1,10
5,1990,135,3,4,22
0,1975,109,2,2,10
0,1975,136,3,4,10
3,2005,66,2,2,9
7,1985,156,3,2,11
3,2007,62,2,2,9
7,1990,97,2,3,2
0,1975,64,3,2,18
1,1920,142,4,3,2
3,2013,45,2,1,9
3,2010,53,2,2,9
3,2012,46,2,2,9
4,1959,185,4,6,9
3,1975,127,2,3,16
3,2007,58,2,2,9
3,2001,73,2,2,9
1,1920,111,4,3,2
1,1989,102,3,3,2
5,2023,23,1,1,2
3,2011,46,2,1,9
0,1982,98,3,2,2
4,2023,31,1,1,2
4,2011,49,1,1,10
0,1978,111,3,3,2
1,1925,213,3,3,16
3,2012,45,2,1,9
0,1965,165,4,4,9
2,2023,25,1,1,11
7,1965,165,2,2,9
7,1979,128,2,2,9
7,1957,165,3,4,9
7,1976,136,2,2,9
0,1947,174,2,3,17
3,1959,170,3,3,2
1,1920,155,3,3,2
1,1984,125,3,2,2
4,1985,143,3,4,23
2,2017,36,2,2,22
4,1992,122,3,4,23
0,2001,63,1,1,16
3,2013,42,2,1,9
1,1993,163,3,4,2
3,2008,56,2,2,9
1,2011,66,2,2,2
0,2004,55,1,1,16
7,1980,88,2,2,19
1,1946,212,3,5,9
3,2014,45,2,1,9
3,2010,48,2,2,9
4,1982,148,3,4,23
1,2020,36,1,1,2
1,1960,85,3,2,2
4,1982,144,3,4,23
3,2004,69,2,2,9
3,2006,65,2,2,9
3,2007,60,2,2,9
7,1973,141,2,2,9
3,1997,84,2,2,9
3,2005,64,2,2,9
3,2014,40,1,1,9
3,1975,134,2,2,9
7,1965,161,2,2,9
0,1983,134,3,4,22
7,1958,182,2,2,9
7,2001,85,2,2,21
6,1944,205,2,3,17
6,1964,139,3,3,9
1,1923,146,3,2,2
6,2003,47,2,2,21
6,1946,195,4,4,20
1,1976,151,3,2,23
0,1990,52,3,2,18
1,1960,188,3,3,16
0,1979,164,3,4,22
3,1978,121,2,2,21
3,1957,119,2,2,18
1,2009,65,2,2,2
3,1940,157,2,3,18
2,2011,73,2,2,22
0,1973,151,3,4,9
3,1965,129,3,4,16
2,2021,32,2,2,22
3,2016,38,2,1,9
3,1933,151,3,4,16
2,2020,38,2,1,22
1,1970,115,3,3,2
1,1970,112,3,3,2
3,1987,59,2,2,16
5,1994,92,2,2,21
3,1967,158,4,2,9
7,2001,71,2,2,21
3,1901,143,2,3,17
1,1943,180,3,3,14
4,2023,29,1,1,2
0,1976,142,3,5,2
4,2023,27,1,1,2
0,1969,152,3,5,2
4,2023,30,1,1,2
4,2023,34,1,1,2
5,1973,138,4,3,2
4,2023,29,1,1,2
7,1975,125,3,4,22
3,1947,114,2,3,18
1,1939,240,4,4,19
0,1991,115,2,2,21
0,1987,120,2,2,21
0,1994,50,2,2,21
1,1949,209,4,3,19
0,1988,119,2,3,23
0,1948,173,3,3,17
2,2023,24,1,1,23
2,2023,23,1,1,23
3,1933,157,3,4,16
1,2021,34,1,1,2
2,2015,63,2,2,22
2,2015,83,3,3,22
1,1970,115,3,3,2
7,1950,206,4,4,22
2,2008,114,3,3,22
2,2020,20,1,1,22
1,1970,93,3,3,2
3,2011,42,2,1,9
7,1967,168,4,3,9
1,1968,162,3,4,12
1,1958,194,3,4,12
1,1964,174,4,3,12
1,1957,192,4,4,12
1,1998,96,2,2,12
1,2016,35,1,1,12
1,1991,100,2,2,12
0,1986,106,3,4,2
1,1955,211,3,5,12
1,2005,89,2,2,12
4,2023,32,1,1,2
4,2023,20,1,1,10
4,2023,29,1,1,2
6,1965,162,3,3,10
3,1972,135,2,2,22
7,1972,142,3,4,22
0,1993,95,3,3,9
3,2003,73,3,2,9
2,2023,22,1,1,23
2,2023,21,1,1,23
0,1999,89,2,3,23
1,1965,106,3,3,2
1,2001,104,2,2,2
0,1975,152,3,3,10
1,1990,73,3,2,2
7,1985,140,3,3,22
4,1969,143,4,3,10
4,1959,165,4,3,10
3,2008,60,2,2,9
4,1981,100,2,4,10
2,2008,108,3,3,22
2,2007,108,2,3,22
2,2011,56,2,2,22
2,2008,109,2,3,22
6,2025,22,1,1,2
1,1963,185,3,4,12
5,1995,92,3,2,10
1,2005,79,2,2,12
0,1969,137,2,3,10
1,1971,166,3,4,12
1,1947,227,4,4,12
0,1969,100,2,2,10
1,1951,158,3,3,14
1,1960,183,3,4,12
1,2001,72,2,2,12
0,2001,80,2,3,2
5,2020,20,1,1,2
5,2020,34,1,1,2
0,1990,116,2,2,17
7,2000,58,2,2,22
0,1975,120,3,2,20
0,1923,230,3,3,17
6,1972,105,3,3,2
0,1961,150,3,3,20
3,1960,136,2,2,10
1,1930,143,4,3,2
1,1974,142,2,3,23
6,1982,197,3,3,12
7,1960,152,2,3,10
1,1981,114,3,2,23
1,1993,103,2,2,23
3,1939,189,3,3,19
1,1925,164,3,4,2
2,2018,52,2,2,22
0,1984,87,3,2,19
0,1960,145,3,3,19
2,2021,32,2,2,22
3,1941,186,3,3,19
2,2008,55,2,2,22
1,1973,145,3,3,13
0,1914,244,3,3,19
4,1959,162,3,5,9
0,1981,123,3,3,10
2,2018,43,2,2,22
1,1920,168,4,4,2
0,1994,69,2,3,10
0,1996,102,2,2,11
2,2015,28,1,1,10
4,1990,151,2,3,14
0,1995,97,3,2,11
4,1947,191,4,6,3
0,1973,115,4,4,3
3,2002,72,2,2,9
3,1999,85,3,2,9
6,1961,155,3,3,20
1,1950,141,3,3,2
1,2017,57,2,2,2
1,1997,110,3,2,2
7,1964,160,4,5,1
7,1975,131,2,2,10
5,2000,73,2,2,10
0,1986,156,3,3,10
2,2020,42,2,2,22
0,1970,125,4,3,10
1,1965,179,3,3,16
2,2021,33,2,3,22
3,1975,152,3,3,22
0,1975,104,4,4,10
0,1970,135,4,4,10
2,2003,133,3,4,10
3,1978,148,3,3,22
2,2003,125,3,3,10
3,2005,63,3,2,9
7,1960,176,3,3,9
2,2021,37,2,2,22
3,1975,127,3,2,1
2,2020,36,2,1,22
0,1995,92,3,2,11
0,1982,128,3,2,11
0,1988,127,3,2,11
1,1950,202,4,4,2
0,1999,74,2,2,2
0,2004,55,2,2,3
0,1961,167,3,3,20
0,1961,170,3,4,20
6,1980,138,3,4,11
0,2020,32,1,2,2
3,1940,135,3,3,19
6,1975,172,3,3,10
6,1975,117,3,3,10
6,1975,170,3,3,10
1,1997,78,3,2,2
6,1975,150,3,3,10
6,1972,123,3,3,10
6,1975,97,3,3,10
1,1935,132,4,2,2
7,1951,197,3,3,9
1,1935,138,3,4,2
7,1972,143,3,2,9
2,2021,41,2,2,22
7,1981,119,3,3,9
3,2009,54,3,2,9
3,2003,71,3,2,9
3,1997,83,3,2,9
3,1996,91,3,2,9
3,2006,66,3,2,9
2,2014,33,1,1,22
1,1918,155,4,3,2
2,2020,20,1,1,22
5,1974,118,3,3,23
5,1970,137,3,4,23
5,1964,152,3,3,23
5,1966,206,3,5,23
1,1956,182,4,4,2
2,2014,39,1,1,1
3,1999,89,2,2,9
4,2023,31,2,1,2
0,2005,79,1,2,17
0,2002,72,3,2,20
0,2005,63,2,2,20
0,2016,41,2,1,9
0,1990,117,3,3,20
6,1960,141,2,3,17
0,1948,212,3,2,17
1,2012,57,2,1,2
1,1975,87,2,2,2
1,1959,170,4,2,10
1,2018,31,1,1,2
0,1993,107,2,2,23
0,1985,51,2,2,22
1,1993,121,3,3,2
5,1990,119,2,3,21
1,2000,85,2,2,2
1,1958,178,3,4,9
1,1980,98,3,3,2
1,2002,81,3,2,2
0,1988,118,3,2,11
3,1971,142,2,2,9
7,1954,189,3,3,9
3,1980,126,2,3,9
1,1965,168,2,2,19
7,1966,157,3,2,9
7,1960,84,2,3,15
6,1958,174,3,3,19
3,1966,160,3,3,9
1,2007,39,2,1,2
1,2016,44,2,1,2
7,1953,204,3,3,9
7,1940,203,3,3,19
7,1962,172,3,3,13
1,1930,132,3,3,2
1,1925,170,3,4,2
2,2023,21,1,1,23
4,2023,27,1,1,2
0,2016,45,2,1,9
1,1976,126,3,3,2
2,2011,66,2,2,9
3,2013,54,2,1,9
2,2011,58,1,1,23
0,1971,147,3,4,9
1,1960,105,3,2,2
1,2019,51,2,1,2
2,1996,126,2,2,23
1,1959,177,4,3,10
4,1975,165,2,4,23
3,2003,69,2,2,9
1,1940,111,3,2,2
1,2021,28,1,1,2
7,1974,139,3,3,9
7,1977,132,3,2,9
7,1969,150,3,3,9
3,2011,47,2,1,9
7,1968,154,3,3,9
7,1930,206,4,4,19
3,2005,67,2,2,9
3,2005,63,2,2,9
7,1950,172,3,4,19
0,1972,141,3,2,9
7,1964,170,2,3,9
1,2002,63,2,2,2
7,1971,124,4,3,3
7,1975,111,2,2,14
7,1975,114,2,2,14
1,1975,132,3,3,17
2,2010,56,2,2,22
0,2005,50,2,1,17
1,2005,48,1,1,17
2,2010,91,2,2,22
5,1950,142,3,4,2
5,1965,97,3,3,2
1,2006,71,2,2,2
0,2017,45,2,1,9
3,2018,32,2,1,9
1,1930,136,4,2,2
2,2005,110,2,2,23
3,2005,61,2,2,9
3,1992,94,3,2,9
2,1998,89,2,2,23
3,2005,62,2,2,9
1,1910,169,3,3,2
3,2003,65,2,2,9
1,2000,72,3,2,2
1,1920,122,3,2,2
7,1940,211,3,4,19
7,1964,164,2,3,9
1,1935,132,4,3,2
7,1940,134,3,4,19
3,2013,43,2,1,9
3,2012,49,2,1,9
3,1975,135,2,3,9
7,1940,144,3,4,19
7,1975,137,2,2,9
1,1980,72,3,2,2
7,1971,149,2,3,9
1,1905,184,4,3,2
5,1994,89,2,2,19
3,1999,76,2,2,9
3,1998,86,2,2,9
5,1987,120,2,2,19
7,1970,150,2,2,9
7,1972,145,2,2,9
7,1965,161,2,3,9
3,1979,124,2,2,9
3,2009,56,2,2,9
3,2005,68,2,2,9
1,1927,179,2,2,14
1,1927,173,3,3,14
1,1947,151,2,2,14
1,1990,73,3,2,2
1,1907,251,3,4,14
5,2004,50,2,2,9
2,2025,19,1,1,10
4,2017,39,2,1,2
6,1960,159,3,4,2
6,1954,181,4,4,2
6,1949,190,4,4,2
6,1971,131,3,2,2
6,1945,212,4,3,2
3,2018,35,1,1,9
3,1960,172,2,3,2
1,1980,116,3,3,2
1,2000,65,2,2,2
1,1966,160,4,3,9
1,1998,108,2,3,2
0,2013,58,2,2,9
3,2010,59,2,2,9
1,1980,94,3,2,2
1,1985,113,2,2,9
3,2010,51,1,2,9
1,2019,36,2,1,2
3,2000,78,3,2,9
0,1980,121,3,4,23
3,2010,54,2,2,9
4,1992,111,2,4,23
3,2003,71,2,2,9
1,1941,219,4,5,20
1,1961,176,4,4,20
1,1956,186,3,3,20
7,1962,169,2,3,9
3,2010,57,2,1,9
7,1973,140,2,2,9
1,1955,110,3,2,2
0,1947,112,2,4,18
6,1912,115,2,3,19
0,1998,53,3,2,17
7,1959,172,2,3,9
3,2004,66,2,1,9
3,2008,58,2,1,9
3,2003,68,2,1,9
7,1964,160,2,3,9
3,2008,57,2,2,9
3,1980,122,2,3,9
3,1995,90,2,2,9
1,1993,114,3,3,2
3,2002,74,2,2,9
1,1990,92,3,2,2
7,1973,141,2,3,9
3,1997,83,2,2,9
3,2012,48,2,1,9
1,1965,136,3,3,2
1,2001,49,2,2,2
1,1990,110,3,3,2
6,1975,91,3,3,18
7,1965,121,2,2,14
3,1970,121,3,3,18
1,1990,107,3,2,2
1,1930,240,3,4,14
2,2023,23,1,1,23
3,2018,46,2,1,9
3,2018,34,1,1,9
3,2018,32,2,1,9
4,2020,39,2,1,2
0,2017,50,2,2,9
3,2013,43,2,2,9
1,1955,185,3,3,16
0,1965,167,4,4,9
3,2012,46,2,1,9
7,1939,235,5,4,9
1,1960,94,3,2,2
3,2006,60,2,2,9
3,2011,48,2,2,9
1,2009,35,2,1,20
3,2013,48,2,1,9
3,1972,117,3,4,3
5,1994,92,3,3,3
5,2003,44,2,2,3
2,2018,39,1,1,10
7,1966,145,2,3,9
3,2014,41,1,1,9
7,1960,174,2,3,9
4,1995,133,3,3,10
1,1990,117,4,2,2
3,2009,57,2,2,9
3,2007,62,2,2,9
1,1920,190,4,3,2
7,1982,120,3,4,22
7,1972,140,3,4,22
3,1960,167,4,3,22
3,2004,75,2,2,9
3,2003,68,2,2,9
1,1920,132,3,2,2
1,1960,124,3,3,2
7,1961,171,2,3,9
1,1975,115,3,2,2
3,2005,69,2,2,9
1,1940,146,3,3,2
6,1985,89,3,2,1
7,1975,102,2,2,14
1,2025,22,1,1,10
0,1975,78,2,2,14
7,1980,93,2,2,14
6,1979,102,3,3,1
7,1980,84,2,2,14
6,1978,101,3,3,1
2,2023,23,1,1,23
7,1975,114,2,3,14
0,2001,59,2,2,14
2,2023,23,1,1,23
3,1947,114,3,3,19
7,1940,143,2,3,19
3,2007,63,3,2,9
3,2001,77,3,2,9
3,2005,65,3,2,9
0,1977,139,2,3,21
3,2006,63,3,3,9
3,1989,76,3,2,3
0,2008,61,2,1,9
3,2006,61,2,2,9
3,1999,82,3,2,9
3,2008,57,2,2,9
3,2004,66,2,2,9
7,1978,133,3,4,22
5,2001,86,2,3,13
4,1969,136,3,4,9
3,2012,48,2,1,9
4,1990,139,3,4,3
0,1971,152,3,2,3
0,1964,180,2,3,12
0,1939,243,3,4,12
6,1997,85,2,3,3
6,1979,183,2,3,12
0,1939,221,3,4,12
1,1970,95,2,2,14
3,1956,126,3,3,10
7,1956,158,4,4,10
4,1968,164,3,4,5
2,1964,181,3,3,5
3,2019,46,2,1,2
7,1956,140,4,3,10
1,1999,70,2,2,23
5,1976,123,5,4,14
3,1956,142,4,4,10
3,1956,156,3,4,10
2,2023,25,1,1,10
6,1979,194,2,3,12
2,2015,30,2,1,10
0,1969,169,3,3,12
6,1967,112,2,2,12
6,1940,115,3,2,19
7,1981,114,3,3,10
2,2020,24,1,1,10
4,1945,174,4,5,1
4,1965,145,3,4,1
4,1953,162,3,4,1
4,1953,167,3,4,1
4,1938,213,4,5,1
4,1960,162,3,3,1
0,1975,160,2,4,22
3,1959,173,2,2,2
5,2009,52,2,2,18
5,2009,47,2,2,18
1,1926,251,5,4,2
1,1922,223,3,5,14
0,1940,155,2,3,19
0,1960,111,3,4,16
0,1963,80,2,2,16
3,1996,78,2,2,10
2,2016,23,1,1,23
2,2016,23,1,1,23
3,1981,116,2,3,10
5,1990,124,2,3,21
0,2005,74,2,2,16
3,1956,137,4,4,10
7,1956,209,4,4,10
2,2015,28,1,1,10
7,1984,110,3,4,12
3,1972,155,3,3,12
2,2015,25,1,1,10
7,1972,155,3,4,12
5,1978,90,3,3,2
7,1956,122,3,3,10
3,1956,119,3,4,10
1,1976,144,3,3,23
0,1949,107,3,3,16
0,2005,68,2,3,21
0,2000,80,2,3,21
3,1990,59,1,1,10
3,1985,129,2,2,21
2,2015,26,1,1,10
2,2009,70,2,2,3
7,1972,138,3,4,12
0,1959,152,4,4,10
1,1950,122,3,3,2
1,1945,130,3,3,2
0,1976,119,3,3,3
4,1980,180,4,4,10
4,1980,191,3,6,10
2,1972,96,2,2,12
5,1970,161,2,2,14
4,1980,216,4,7,10
6,1956,113,3,3,20
4,1980,194,4,5,10
6,1956,138,3,3,20
4,1978,146,3,5,12
5,2018,30,1,1,10
0,2000,82,2,3,22
4,1990,140,3,4,12
0,1987,99,2,4,22
6,1995,99,2,3,22
2,2016,23,1,1,23
3,1990,109,3,2,10
3,2000,93,2,2,10
7,2000,75,2,2,10
1,2000,86,2,2,10
1,2004,62,2,2,10
1,2003,72,2,2,10
1,2003,71,2,2,10
0,1982,82,2,2,16
6,1962,144,3,4,12
0,1971,121,3,4,12
0,2015,49,1,1,12
2,2020,20,1,1,23
7,1925,273,5,6,6
0,1990,93,2,2,3
5,1970,139,3,3,3
7,1946,218,4,4,6
0,1975,138,3,4,6
0,1990,100,3,4,6
1,1994,90,2,2,6
1,1938,228,4,4,6
1,1985,116,2,3,6
1,1952,187,3,4,22
0,1983,91,3,3,1
4,1980,134,2,4,10
4,1980,233,4,6,10
6,1987,83,3,3,1
7,1990,103,2,2,12
1,1955,86,3,2,2
0,2010,62,2,3,22
0,1975,110,3,4,6
4,1961,160,3,5,6
4,1977,113,3,3,6
0,2002,77,2,2,22
3,1990,99,2,2,12
0,1969,90,2,3,16
1,1964,165,3,3,17
0,2003,59,2,2,17
6,1966,131,3,4,12
5,1978,136,3,4,12
0,1972,81,3,2,16
5,1954,201,4,3,17
0,1975,89,3,3,16
1,1989,110,2,3,6
3,1962,139,3,2,6
3,1975,109,3,3,6
7,1981,84,2,2,10
7,1956,171,4,5,10
7,1930,212,5,6,10
1,1940,155,3,3,2
2,2017,29,2,1,1
1,1991,133,3,3,2
0,1979,108,3,3,1
0,1969,129,3,3,1
4,1980,259,4,8,10
0,1971,119,3,3,1
3,1990,87,2,2,12
4,1984,200,4,8,10
0,1993,65,2,2,16
3,1947,120,2,3,19
6,1935,193,3,5,16
0,1939,160,2,4,16
6,1974,109,2,2,16
0,1982,92,5,2,16
0,2006,55,2,2,18
5,1974,123,2,2,16
6,1970,120,3,3,1
1,1998,93,3,2,13
0,1982,104,3,3,1
0,1982,99,3,3,1
0,1996,95,3,2,1
0,1970,126,3,3,1
3,1990,153,2,2,12
3,1990,131,2,2,12
3,1947,172,3,4,6
0,2011,53,2,2,6
3,1990,138,2,2,12
2,2009,27,1,1,10
0,1972,81,1,2,14
3,1980,121,2,2,19
3,1961,146,3,4,12
0,1976,97,2,3,12
4,2023,20,1,1,19
2,2023,20,1,1,19
4,2023,24,1,1,1
4,2023,24,1,1,1
0,1963,138,4,4,1
6,1986,88,3,3,1
0,1961,144,4,4,1
0,1999,90,3,3,1
0,2022,22,1,1,2
0,1970,122,4,3,1
4,1963,271,4,5,22
4,1980,175,3,5,10
3,1990,95,2,2,12
3,1990,114,2,2,12
2,2020,24,1,1,10
1,1947,120,3,3,18
1,1998,70,2,2,18
1,1940,120,3,2,18
1,1940,132,2,2,18
2,1990,112,2,3,16
1,1937,209,2,3,12
0,1986,92,3,3,1
0,1978,108,3,3,1
6,1984,102,3,3,1
3,1975,149,3,2,14
2,2013,66,2,2,1
4,1963,213,4,5,22
0,2002,66,2,2,1
6,1973,119,3,4,1
0,1986,89,3,3,1
6,1987,77,2,2,1
0,1992,72,2,2,1
6,1955,151,3,2,3
6,1934,197,3,3,6
2,2010,100,2,2,11
0,1999,87,2,2,6
1,2012,120,2,3,6
3,1971,109,2,3,10
5,1990,120,3,3,2
3,1947,119,3,3,19
1,2000,55,2,2,18
2,2009,28,1,1,10
0,1992,89,2,2,15
1,2004,42,1,2,18
1,1964,140,3,3,12
4,2023,20,1,1,19
4,2023,20,1,1,19
1,1927,213,3,4,12
6,1965,152,4,4,2
4,1952,204,5,5,2
4,2009,38,2,1,23
0,1984,88,4,3,1
4,1963,183,5,6,22
4,1963,206,5,6,22
4,1939,210,3,5,1
5,1940,180,4,4,2
5,1994,65,2,2,6
5,1988,98,3,3,6
5,1970,99,4,2,2
2,2011,92,2,1,11
5,1992,81,3,3,6
3,1990,75,2,2,10
5,1975,124,3,4,6
5,1940,164,4,4,2
5,1990,100,3,3,6
4,2021,37,1,1,10
4,2021,38,1,1,10
0,2005,45,1,1,10
0,1989,94,2,2,10
0,1994,59,2,2,10
0,1964,206,2,4,12
1,1972,150,3,3,12
3,1951,206,4,5,2
3,1944,211,5,5,2
3,1910,295,5,5,2
7,1993,95,3,3,2
4,1990,109,4,4,10
0,1978,105,3,3,1
0,1984,88,3,3,1
4,1988,101,2,3,22
4,1990,160,4,4,10
4,1990,146,4,4,10
6,2022,22,1,1,2
3,1995,69,2,2,10
2,2023,23,1,1,23
0,1974,143,3,4,6
3,1976,113,3,4,12
0,1994,53,2,2,12
0,1994,41,2,2,12
0,1994,56,3,2,12
0,1994,41,2,1,12
0,1994,81,2,1,12
6,2003,30,2,1,10
6,1948,199,4,5,2
7,1956,143,3,3,10
3,1981,100,3,2,10
7,1956,170,3,3,10
3,1956,147,4,3,10
0,1987,199,2,2,13
5,1969,144,5,4,2
6,1999,78,3,3,2
3,1998,81,3,4,2
3,1968,155,4,4,2
5,1997,92,3,3,2
3,2006,60,3,2,2
7,1910,295,4,6,2
7,2001,84,2,3,2
3,1928,270,3,5,2
4,1975,213,4,5,22
1,1950,104,3,2,2
2,2022,21,1,1,1
5,2005,41,1,1,10
5,2005,48,2,2,10
5,2005,49,2,2,10
5,2005,31,1,1,10
3,1956,153,3,3,10
5,1990,98,2,3,2
5,2009,39,1,1,18
7,1956,184,4,5,10
1,1935,118,3,2,2
1,1999,60,2,2,2
1,1925,130,3,3,2
4,1975,152,3,4,22
6,1990,109,2,3,10
0,1953,191,3,5,5
4,1991,112,3,4,22
3,1936,238,4,4,18
2,2005,113,2,2,11
2,2021,27,1,1,11
2,2020,35,1,1,22
6,1991,71,2,2,6
5,1987,80,2,3,12
2,2019,32,1,1,10
6,1949,165,4,4,6
0,1958,147,4,3,6
0,1984,92,2,3,6
0,1977,109,3,5,6
0,1977,121,4,3,6
0,2008,55,2,2,12
4,1952,185,4,5,1
4,1965,151,4,5,1
4,1999,67,3,3,1
0,1962,167,3,3,2
4,1974,133,3,5,1
4,1927,217,4,5,16
4,1985,97,3,3,1
4,1958,166,4,5,1
4,1976,120,4,3,1
4,1965,148,4,6,1
4,1965,150,4,5,1
3,1940,167,3,3,19
4,1965,155,4,4,1
4,1964,152,3,5,1
4,1967,145,3,5,1
7,1956,209,4,3,10
7,1956,201,4,5,10
7,1956,157,4,4,10
0,2008,72,2,1,12
0,2008,73,2,1,12
0,2006,49,2,2,18
4,1975,147,3,4,22
4,1951,230,4,6,12
4,1975,175,3,5,22
6,1982,110,2,3,5
0,1982,106,4,3,6
3,1940,174,3,4,6
3,1961,137,3,3,6
5,1980,138,3,3,21
2,1987,89,2,2,12
2,1987,82,2,2,12
4,1957,169,4,6,1
1,1928,142,3,3,17
1,1915,158,3,2,17
0,1989,92,2,2,10
1,1969,123,3,2,17
4,1950,195,4,6,1
4,1966,160,3,4,13
1,1905,161,3,3,17
5,1989,79,2,2,12
2,2015,20,1,1,10
1,1931,155,3,3,17
4,2021,32,1,1,21
4,1975,165,3,5,22
4,1975,148,3,4,22
4,1988,164,3,3,12
0,1974,134,3,4,5
2,1977,79,2,2,12
0,1985,89,3,2,22
2,1987,92,2,2,12
2,1987,93,1,2,12
0,1990,118,2,3,6
1,1948,208,3,3,6
1,2013,53,1,1,6
1,2013,39,1,1,6
1,1980,76,2,1,17
5,1989,116,3,2,17
0,1989,87,2,3,12
1,1986,82,3,1,17
1,1989,86,2,3,12
6,1972,147,4,4,3
2,2021,31,1,1,10
6,2000,82,2,2,19
6,2002,77,2,2,19
2,2021,25,1,1,10
2,2021,22,1,0,10
3,1939,229,4,4,2
3,1985,113,3,2,2
4,1985,148,3,3,23
3,2000,84,2,3,12
3,1965,123,3,4,12
7,1944,209,4,6,13
3,2015,38,1,1,12
3,2015,52,1,1,12
3,2000,83,2,2,12
3,1980,100,2,2,12
4,1970,145,5,5,22
4,1970,147,3,4,22
4,1970,123,3,3,22
0,2019,39,1,1,20
2,2021,24,1,1,10
2,2023,22,1,1,10
0,1968,155,3,5,2
0,1968,149,4,4,2
0,1987,108,3,3,2
4,1949,200,4,5,2
5,1982,119,4,3,2
4,1970,143,2,4,22
1,1980,136,3,3,23
3,2000,84,2,2,12
0,1959,179,4,3,20
0,1951,200,3,4,20
4,1970,114,3,3,22
4,1970,165,3,4,22
4,1970,146,3,4,22
4,1970,166,4,5,22
4,1970,185,5,5,22
4,1970,179,4,5,22
6,1953,194,4,4,20
4,1970,176,4,5,22
4,1970,228,5,6,22
4,1970,198,4,5,22
4,1970,162,3,4,22
4,1970,171,5,6,22
4,1970,190,5,5,22
3,1982,128,3,3,2
2,2018,26,2,1,10
2,2018,28,1,1,10
0,1942,221,5,5,3
0,1965,112,2,3,10
6,2010,47,2,2,3
6,1975,132,3,5,12
6,1981,121,2,4,12
3,1998,101,3,3,18
7,1960,166,4,4,18
2,2021,23,1,1,10
2,2021,21,1,1,10
7,1981,114,3,4,1
2,2021,27,1,1,10
2,2021,24,1,1,10
2,2021,25,1,1,10
3,1943,110,2,3,17
3,1960,88,2,2,17
3,1910,159,3,4,17
2,2015,25,1,1,10
3,1985,160,4,4,18
2,2015,27,1,1,10
1,1904,213,3,3,16
3,1957,136,3,3,15
0,2005,58,2,2,22
5,2015,45,1,1,14
3,1950,200,3,4,18
3,1957,105,3,3,18
3,1947,117,3,4,18
3,1947,110,2,2,18
0,2009,54,2,2,18
5,2000,83,3,3,18
6,1957,68,2,2,18
2,2021,25,1,1,23
2,2021,28,1,1,10
2,2021,20,1,1,10
6,2003,61,2,1,17
2,2021,20,1,1,10
0,1935,203,4,4,13
2,2021,26,1,1,10
5,1952,155,4,7,2
4,1986,165,3,4,23
2,2015,30,1,1,23
0,1959,127,4,3,10
0,1959,171,3,4,10
2,2015,28,1,1,23
0,2000,94,2,2,22
0,2000,99,2,2,22
0,1975,138,3,4,3
0,1974,141,3,4,3
7,1975,137,3,3,3
0,2007,51,1,1,22
3,1977,66,2,2,18
3,1992,39,1,1,18
0,1976,113,3,3,3
7,2023,27,1,1,3
0,1953,163,3,5,3
0,2000,76,2,2,22
4,1983,137,3,3,23
0,1947,126,3,4,18
0,1947,125,3,3,18
2,2021,25,1,1,10
2,2021,26,1,1,10
2,2022,26,1,1,10
2,2022,28,1,1,23
2,2022,33,1,1,10
2,2023,20,1,1,10
6,1985,102,2,3,12
1,1990,77,1,1,19
0,1958,153,3,4,3
0,1957,89,3,3,18
2,2014,40,1,1,22
4,1990,143,3,3,23
7,1965,126,3,3,2
2,2022,29,1,1,10
2,1990,79,2,3,9
2,2000,56,2,2,9
3,1970,97,3,3,12
1,1983,99,3,3,9
1,1985,88,3,3,9
1,1977,107,3,3,9
1,1967,141,4,3,9
3,1970,122,3,3,12
1,1963,134,3,2,9
2,1976,121,3,3,3
1,1978,124,3,3,9
3,1990,94,2,3,12
1,1995,80,2,2,19
6,2000,83,2,3,19
6,2000,67,2,2,19
1,1990,110,2,3,19
2,2016,36,1,1,22
5,1999,52,2,2,22
3,1949,204,4,5,5
2,2019,32,1,1,22
2,2016,43,1,1,22
2,2014,47,1,1,22
7,1955,190,3,4,5
3,1955,191,3,3,5
2,2014,47,1,1,22
6,1975,77,2,2,22
2,2020,29,1,1,22
3,1960,167,3,3,5
2,2014,47,1,1,22
3,1950,194,3,4,5
2,2020,37,1,1,22
2,2022,30,1,1,10
3,1990,84,3,2,2
7,1990,94,3,2,2
7,1980,130,4,3,2
4,1999,133,2,3,23
5,2008,52,2,1,18
3,1990,82,2,2,2
7,1965,160,4,3,12
1,1927,254,4,5,9
6,1963,164,2,3,9
7,1960,140,4,4,12
7,1937,199,4,4,4
3,1995,83,2,2,12
7,1960,172,4,4,12
3,1990,100,3,2,12
3,1968,160,5,5,2
1,2000,94,2,2,19
6,1970,152,2,3,19
0,1959,180,4,5,2
3,2007,63,3,3,2
3,1961,184,4,4,2
0,1999,82,3,2,2
0,1984,118,4,4,2
0,1985,47,2,1,22
2,2021,30,1,1,22
6,1950,103,2,3,22
0,2005,63,3,2,22
5,2021,22,1,1,3
0,2000,113,3,4,22
7,1950,151,3,4,2
2,2020,29,1,1,10
2,2024,22,1,1,11
4,2002,70,2,1,23
3,1930,144,3,2,2
1,1950,142,2,3,22
7,1930,157,4,3,2
3,1910,180,3,4,2
7,1970,126,2,3,12
7,1960,170,3,4,12
2,2022,27,1,1,4
2,2013,76,2,2,4
2,2018,39,2,1,4
2,2022,27,1,1,4
5,1971,154,5,5,2
3,1975,142,4,4,2
3,1938,224,3,6,2
3,1966,155,4,4,2
1,1952,194,4,5,2
1,1990,130,2,3,19
0,2021,20,1,1,22
5,2016,47,2,1,2
5,1998,82,2,2,2
1,1905,225,3,3,2
1,2020,23,2,1,2
4,1999,56,2,2,23
3,2010,36,1,2,2
3,1980,118,3,3,10
5,2000,35,2,1,22
5,1999,42,1,1,22
5,1995,39,2,2,22
1,1976,148,2,3,17
3,1990,74,2,2,2
3,1970,126,3,3,12
0,1985,74,2,3,10
0,1985,106,2,3,10
0,1985,85,2,3,10
0,1985,117,2,3,10
5,2008,61,1,2,13
1,2019,27,2,1,2
1,2011,32,2,1,2
1,1989,101,3,2,2
1,2021,34,1,1,2
1,1905,226,3,3,2
5,2016,29,1,1,22
5,2017,28,2,1,22
1,1989,80,2,2,2
1,2022,24,1,1,2
1,2018,19,1,1,2
5,2004,61,2,2,22
5,2016,30,2,1,22
7,1930,180,3,3,2
5,2000,46,2,2,22
5,1990,51,2,2,22
5,1998,42,2,2,22
3,1990,91,2,2,2
3,1979,103,3,2,2
5,2004,32,2,1,22
3,1970,125,3,2,12
3,2008,53,1,1,12
0,1985,124,2,3,10
0,1985,83,2,3,10
0,1985,116,2,3,10
0,1985,105,2,3,10
0,1985,106,2,3,10
7,1967,172,2,3,21
5,2002,66,2,2,22
5,1998,50,2,2,22
3,1960,139,3,3,2
4,1949,203,3,4,4
6,1981,91,2,3,4
3,1911,147,3,4,17
6,1991,80,2,2,4
6,1986,124,2,2,23
5,1978,130,2,3,19
6,1970,80,2,2,12
3,1974,155,4,4,21
1,1970,151,2,3,19
1,1990,70,2,2,19
1,1930,85,2,2,19
5,1910,200,3,2,2
2,2020,42,1,1,10
0,1991,94,2,3,22
0,1991,93,2,3,22
0,1972,141,3,4,22
3,1955,142,3,3,2
0,2002,64,2,3,22
3,1975,103,3,2,2
3,1991,93,2,3,22
3,1987,103,2,3,22
3,1908,134,2,3,17
7,1970,125,3,3,12
3,1910,135,3,3,17
4,1977,124,2,2,4
3,1924,110,3,2,17
6,1977,104,2,2,14
0,1967,76,2,2,19
3,1950,254,2,3,19
5,1978,109,3,3,23
7,1940,151,2,3,19
1,1946,239,4,4,23
5,1910,211,3,3,2
6,1978,132,3,3,2
0,1972,149,2,3,3
1,1950,190,3,3,19
0,2002,64,2,2,22
2,2018,29,1,1,10
6,1990,94,2,3,22
0,1980,119,3,3,22
3,1967,153,2,3,22
0,1971,143,3,4,22
1,1987,102,2,3,22
5,1971,142,3,4,22
7,1982,116,3,4,22
1,1970,131,2,2,12
4,2024,25,1,1,10
1,1956,188,3,4,23
0,1975,84,2,2,14
1,1997,76,2,2,23
2,2018,33,2,1,10
2,2018,27,2,1,10
2,2018,30,2,1,10
2,2018,34,2,1,10
2,2018,31,2,1,10
2,2018,28,2,1,10
2,2018,33,2,1,10
2,2018,24,2,1,10
6,1976,129,3,3,22
3,1982,115,2,3,22
0,1990,95,2,3,22
0,1988,100,2,3,22
7,1984,111,2,3,22
1,1991,92,2,3,22
7,1996,81,2,2,22
5,1921,271,4,5,2
1,1990,101,2,2,12
3,1995,108,2,2,12
3,1986,85,2,2,12
7,1980,141,3,2,21
4,1959,172,5,4,21
2,2020,25,1,1,10
7,1974,111,2,3,21
2,2018,32,2,1,10
3,1926,120,2,2,17
2,2018,29,2,1,10
7,1965,121,2,3,21
2,2019,27,1,0,10
2,2019,24,1,1,10
2,2019,23,2,1,10
2,2019,32,1,1,10
2,2020,28,1,1,10
2,1988,89,2,2,13
4,1980,150,3,2,10
2,2015,28,1,1,10
7,1994,85,2,2,22
2,2015,38,1,1,10
2,2018,30,2,1,10
5,1937,235,4,5,2
1,1967,161,3,4,23
3,2010,68,2,2,2
3,2009,81,3,2,2
2,2018,30,2,1,10
7,1985,110,3,2,12
3,1986,91,2,2,12
7,1985,100,3,2,12
7,1970,106,2,3,12
7,1970,108,2,2,12
1,2008,57,2,2,9
2,2018,29,2,1,10
2,2020,28,1,1,10
2,2019,30,2,1,10
2,2018,26,1,1,10
2,2018,25,2,1,10
2,2018,28,2,1,10
6,1985,107,3,3,10
2,2018,29,2,1,10
5,1966,152,3,4,13
3,1972,138,3,4,13
7,1972,155,3,4,13
2,2020,30,1,1,10
2,2020,24,1,1,10
2,2020,29,1,1,10
2,2020,26,1,1,10
2,2020,26,1,1,10
6,2019,22,1,1,22
2,2020,26,1,1,10
4,1996,112,3,3,23
0,2005,41,2,1,19
2,2021,28,1,1,10
0,1977,79,2,2,19
0,1940,169,3,3,19
6,1940,122,2,3,19
1,1993,79,2,2,23
4,1985,120,2,3,23
4,1990,95,3,3,23
5,1993,76,2,2,16
5,2005,80,2,2,21
5,1942,192,3,4,16
4,1985,113,2,4,23
4,1985,107,2,3,23
5,1986,125,2,3,11
0,1995,80,2,3,3
1,1978,132,2,3,23
6,1976,108,4,3,3
5,1986,171,3,5,11
3,1985,148,3,3,21
7,1960,186,3,2,21
7,1960,164,3,3,21
3,1985,134,3,3,21
7,1960,181,3,4,21
7,1960,165,3,2,21
7,1960,157,3,3,21
7,1940,120,3,3,19
5,1990,101,2,2,21
0,1988,90,2,3,6
0,1986,90,1,1,6
2,1990,136,2,3,21
2,1995,108,2,3,16
4,1989,108,3,3,21
0,1959,145,3,4,16
4,1985,132,2,4,23
4,1975,216,4,3,2
7,2004,88,2,1,19
1,1929,271,4,5,22
1,1965,112,2,2,22
7,1960,174,3,3,21
1,1990,71,2,2,22
1,1975,110,2,2,22
1,1975,101,2,2,22
7,1960,249,4,5,21
7,1960,181,3,3,21
7,1960,200,3,4,21
7,1960,171,3,3,21
7,1968,158,3,4,21
2,2009,93,2,2,22
5,1980,154,3,4,21
2,2018,43,1,1,22
7,1940,143,3,4,19
3,2003,83,2,1,19
4,1967,92,2,2,19
3,1957,97,2,3,19
3,1940,160,2,2,19
3,2002,80,2,2,19
6,1937,190,3,3,16
6,1943,175,3,3,16
7,1986,104,3,2,21
7,1980,113,3,3,21
7,1980,110,2,2,21
1,1935,144,3,3,10
7,1980,158,3,2,21
0,1902,179,3,3,19
2,2020,25,1,1,12
0,1977,77,2,2,19
0,2006,56,2,2,3
7,1990,118,2,3,21
5,1986,82,2,3,11
3,1950,160,3,3,16
7,1980,127,2,2,21
3,1952,286,4,4,21
7,1954,218,3,4,21
7,1980,165,2,2,21
7,1980,111,2,2,21
7,1950,164,3,3,16
7,1986,109,2,2,21
0,1920,227,3,7,16
6,1977,58,2,1,18
3,1957,145,3,5,16
3,1931,202,3,4,16
7,1970,119,3,4,14
2,2020,25,1,1,10
7,1985,124,3,3,10
7,1995,104,3,2,10
7,1995,100,3,3,10
1,1970,152,3,4,23
0,1985,114,2,3,23
7,1985,137,3,2,10
5,2000,69,3,2,10
0,1990,121,2,3,21
5,2005,71,2,2,16
0,1980,151,2,3,21
6,1993,98,2,2,17
1,1991,90,2,2,2
1,2012,15,1,1,23
3,1955,152,5,3,3
0,1947,178,3,3,3
3,1959,144,3,4,3
2,2011,98,2,2,2
2,2016,62,2,2,2
2,2018,60,2,1,2
6,1940,120,3,3,19
0,1985,66,2,3,22
0,1940,131,2,3,19
0,1985,67,2,3,22
0,1960,108,3,3,22
1,1971,147,2,3,23
6,1924,174,3,3,19
0,2005,64,2,3,22
1,1983,115,2,3,23
6,2000,74,2,2,10
2,2020,27,1,0,10
1,1987,108,2,2,2
2,2013,30,2,1,10
1,1963,149,3,2,17
5,2000,87,2,2,21
6,1993,77,2,2,17
0,1966,109,2,2,17
5,2000,77,2,2,21
3,1939,185,3,3,16
2,2009,100,2,2,2
2,2020,42,2,1,2
2,2007,92,2,2,2
2,2019,37,2,1,2
0,1977,117,3,3,2
3,1988,100,2,2,22
3,1985,107,2,2,22
3,1981,118,2,2,22
0,2008,39,2,2,3
2,2019,35,1,1,2
2,2019,38,2,1,2
2,2007,44,2,1,2
2,2023,30,1,1,2
2,2015,79,3,2,2
0,1980,78,2,3,22
0,1947,103,2,2,19
5,1985,91,2,4,22
1,1935,196,2,3,16
5,1990,62,2,3,22
1,1961,137,2,2,16
1,1988,112,2,3,23
5,1995,46,2,2,22
1,1970,117,2,2,16
1,1970,115,2,2,16
2,2015,30,2,1,10
0,1982,126,2,2,10
2,2018,26,1,1,10
3,1956,147,3,3,16
3,1959,145,3,3,16
3,2007,91,3,2,16
3,1995,100,3,3,21
4,1965,175,3,5,21
5,1989,83,2,3,16
6,1947,92,2,2,19
3,1940,171,2,3,19
2,2009,98,2,2,2
0,1960,122,2,3,2
2,2015,57,1,1,2
2,1997,125,3,2,2
2,2018,60,1,1,2
2,2020,34,2,2,2
1,1905,260,3,4,16
5,1995,51,2,3,22
0,2006,73,2,2,19
0,2006,91,2,1,19
1,1983,129,2,2,23
1,1987,103,2,2,23
0,2006,78,2,1,19
1,1972,141,2,3,22
6,1993,87,2,3,22
1,1974,134,3,3,22
1,1981,117,2,3,22
6,1980,119,3,3,22
1,1983,122,2,2,23
1,1972,139,3,3,22
1,1988,98,2,3,22
1,1983,126,2,3,23
6,1995,83,2,3,22
6,1962,164,3,4,22
1,1973,138,3,3,22
0,1982,129,2,2,10
2,2020,39,1,1,10
2,2019,28,1,1,10
2,2018,33,2,1,10
2,2020,58,1,1,10
2,2020,58,1,1,10
2,2020,52,1,1,10
2,2020,52,1,1,10
2,2018,32,2,1,10
2,2021,26,1,1,10
0,2003,70,2,2,18
5,2002,39,1,2,16
3,1947,129,2,3,19
3,1940,146,2,3,19
3,1940,166,3,4,19
0,1969,126,2,3,16
3,1960,137,3,3,19
0,1985,127,3,3,21
3,1940,152,3,3,19
2,2021,20,1,1,21
6,1980,124,3,3,19
1,1974,160,3,4,19
7,1985,137,3,4,21
5,1961,189,3,4,19
5,1989,104,3,2,19
0,1999,74,2,1,16
4,1985,145,3,3,2
7,1986,103,2,2,21
7,1989,100,2,2,21
0,1970,135,3,4,3
7,1989,101,2,2,21
2,2013,86,2,1,2
6,1957,106,2,3,22
2,2019,44,2,2,2
6,1960,81,2,2,22
2,2015,55,1,1,2
2,2013,55,1,1,2
2,2018,43,2,2,2
2,2018,50,1,1,2
6,1950,123,2,3,22
6,1950,133,3,3,22
2,2019,43,1,1,2
2,2020,42,1,1,2
0,1980,111,3,3,2
2,1999,83,2,2,2
0,1940,160,3,4,22
6,1977,127,3,3,22
1,1974,136,2,3,22
1,1983,118,2,3,23
6,1961,168,3,4,22
5,1992,90,2,2,21
0,1999,73,2,2,21
6,1996,80,2,3,21
1,1991,96,2,2,23
1,1997,77,2,2,23
6,1969,148,2,3,21
1,1997,77,2,2,23
1,1997,83,2,2,23
1,1986,108,2,2,23
1,1976,135,2,3,23
0,2002,65,2,1,21
1,1954,186,2,3,21
5,1978,126,2,2,21
0,1981,118,3,3,21
6,1998,74,2,2,21
3,2000,49,2,1,18
0,1990,83,2,2,10
0,1990,75,2,2,10
0,1990,82,2,2,10
2,2021,26,1,1,10
0,1990,82,2,2,10
0,1990,132,2,2,10
0,1990,58,2,2,10
0,1990,93,2,2,10
4,1985,156,3,3,2
4,2025,18,1,1,2
2,2020,42,1,2,2
2,2020,48,2,2,2
7,1980,150,3,3,21
7,1980,136,3,2,21
2,2006,48,1,1,2
0,1901,279,3,5,16
7,1980,121,2,2,21
1,1970,85,2,2,14
5,1991,114,2,3,22
0,2007,52,2,2,21
0,1996,79,3,2,21
6,1986,106,2,3,21
0,2009,85,1,1,12
6,1988,101,3,3,21
6,1994,86,3,3,21
0,2008,103,2,2,12
2,2009,79,1,2,19
3,1957,177,3,3,21
3,1963,163,3,3,21
3,1998,74,2,2,21
3,2003,62,2,2,21
3,1973,138,3,3,21
6,1990,87,2,3,18
2,2009,66,1,2,19
0,1990,90,2,2,10
0,1990,80,2,2,10
2,2025,20,1,1,23
0,1990,52,2,2,10
6,2004,46,1,2,19
3,1995,96,2,2,21
0,1990,119,2,2,21
3,1990,114,2,3,21
3,1985,116,2,3,21
5,1980,133,3,3,21
6,2005,57,2,1,23
1,1997,72,3,2,2
0,1992,61,3,2,22
0,1951,172,3,4,3
0,1992,64,3,2,22
0,1992,65,2,2,22
1,1950,133,2,3,14
7,1986,99,2,2,21
3,2003,62,2,2,21
3,1980,120,2,2,21
4,2007,101,2,2,12
3,1978,124,3,2,21
3,1940,155,2,3,19
4,2007,51,2,2,3
3,2008,50,2,2,21
5,1940,220,3,5,21
3,1940,121,2,3,19
3,1940,127,2,3,19
3,1940,130,2,3,19
7,1950,189,3,4,18
2,2009,75,1,2,19
2,2020,39,1,1,18
2,2023,20,1,1,10
0,1990,79,2,2,10
3,2005,53,2,2,18
1,1915,284,4,4,23
2,2020,36,1,1,2
5,1975,166,3,4,21
5,1980,147,3,4,21
2,2024,19,1,1,12
5,1992,60,2,1,22
1,1940,133,3,3,2
7,1952,159,2,3,14
6,1959,172,3,3,2
7,1980,107,2,1,21
3,1975,160,3,3,10
1,1972,124,2,3,3
4,1969,151,3,3,2
2,2013,61,1,2,19
2,2008,75,1,2,19
5,2006,56,2,2,21
3,1935,179,2,3,19
7,1957,106,2,3,18
2,2021,25,1,1,10
2,2022,32,1,1,10
2,2025,20,1,1,21
0,1987,65,2,2,21
2,2021,25,1,1,10
0,2000,68,2,3,21
0,1995,84,2,3,21
2,2021,31,1,1,10
7,1945,190,3,3,23
2,2020,48,1,2,2
0,2006,59,2,2,6
0,1993,83,2,2,16
1,1915,267,4,4,23
7,1957,151,3,3,16
7,1963,162,4,4,2
3,1975,209,3,4,10
0,2018,35,2,1,3
3,1975,100,2,2,14
5,1990,95,3,2,21
0,1946,177,4,5,8
6,1937,195,4,5,9
6,1976,130,2,3,21
2,2018,44,1,2,19
0,1996,71,3,3,9
0,1980,147,3,5,21
5,2005,61,2,2,21
0,1997,82,2,7,22
0,1997,81,2,2,22
6,1995,84,2,2,21
0,1997,78,2,2,22
0,1997,63,2,2,22
0,1970,168,3,5,21
0,1997,61,2,2,22
0,1997,60,2,2,22
0,2000,55,2,1,22
0,2000,55,2,2,22
0,2000,48,2,1,22
4,1989,139,2,2,23
2,2013,44,2,1,10
7,1980,137,3,4,21
0,1990,75,3,2,16
2,2020,43,2,1,10
0,1976,107,3,4,16
1,1991,93,2,3,2
6,1937,188,2,6,16
0,1968,123,3,4,16
4,1950,200,3,7,18
4,1995,82,2,3,23
3,1980,135,2,3,21
7,2000,79,2,2,21
4,1980,168,3,3,10
2,2008,69,1,2,19
0,1989,76,3,2,8
2,2009,74,1,2,19
5,1990,120,2,3,21
0,1992,79,3,3,8
2,2019,45,1,2,19
6,1993,71,2,2,8
6,1994,67,3,3,9
0,1999,62,3,2,9
3,1935,173,3,3,19
0,2000,62,3,2,9
6,2000,50,2,2,9
0,1997,67,3,3,9
2,2019,48,1,2,19
1,1975,138,2,3,23
3,1947,122,2,2,19
1,1981,120,2,3,23
3,1940,156,3,4,19
3,2016,30,1,1,23
2,2023,26,1,1,10
0,1997,71,2,2,22
5,1990,113,3,3,21
2,2021,27,1,1,10
0,1997,68,2,2,22
0,1997,79,2,2,22
0,1997,81,2,2,22
0,1997,75,2,2,22
0,1997,67,2,2,22
0,1997,68,2,2,22
0,1984,83,3,3,16
0,1972,110,6,3,16
1,1975,116,2,2,23
6,1995,84,2,2,21
4,1995,97,2,3,23
6,1980,107,3,3,10
4,1988,102,3,4,16
4,1995,80,2,2,23
3,1980,87,3,3,10
0,1980,141,3,3,10
4,1995,73,2,2,23
0,1980,134,3,2,10
0,1980,137,3,3,10
4,1995,83,2,3,23
4,1995,86,2,3,23
4,1990,97,2,3,23
4,1995,81,2,3,23
3,1947,114,3,2,19
4,2005,55,2,2,3
2,2018,51,1,2,19
2,2017,56,1,2,19
3,1947,113,3,3,19
3,1947,108,3,3,19
4,1979,104,2,3,3
2,2023,21,1,1,19
4,1990,85,3,3,3
5,1986,113,2,3,11
5,1986,121,3,3,11
0,1994,86,3,3,3
3,1947,112,3,2,19
5,1986,123,2,4,11
2,2017,58,2,2,9
2,2013,62,2,2,19
3,1947,118,2,3,19
0,1997,63,2,2,22
0,1997,59,2,2,22
0,1997,89,2,2,22
0,1997,67,2,2,22
0,1997,63,2,2,22
2,2021,25,1,1,10
3,1990,107,2,2,21
7,1995,90,3,2,21
7,1995,109,3,3,21
7,1995,85,3,2,21
6,2020,25,1,1,10
4,1966,201,4,6,23
4,1991,130,3,4,23
4,1966,190,4,5,23
4,1978,146,3,4,23
4,1978,135,3,5,23
4,1974,150,3,5,23
5,1980,94,2,3,10
4,1990,91,2,3,23
4,1985,135,3,4,23
4,1985,113,2,3,23
7,1998,92,2,2,21
0,1947,117,2,4,18
4,1995,111,2,3,23
0,1981,117,2,3,6
2,2019,40,1,1,19
0,1978,112,3,4,3
3,1947,107,2,2,19
3,1940,129,2,2,19
2,2015,43,1,2,19
0,1990,81,2,3,3
2,2008,85,2,2,19
3,1959,146,4,4,3
5,1969,131,3,4,16
7,1995,87,3,2,21
7,1995,88,3,2,21
7,1995,84,3,3,21
7,1995,85,3,3,21
5,1980,116,3,3,10
5,1980,101,2,3,10
2,2007,79,1,1,19
1,1972,112,2,3,16
1,1985,90,2,3,16
6,1940,128,2,3,19
0,2013,47,1,1,19
0,1982,106,2,3,6
7,1960,185,3,4,21
4,1990,120,2,3,23
0,1978,113,2,3,6
3,1946,173,2,3,3
4,1985,110,2,3,23
4,1985,120,2,3,23
2,2018,34,1,1,6
7,1987,156,3,3,21
7,1987,177,3,3,21
0,1951,160,4,4,16
4,1995,88,2,3,23
7,1987,135,2,3,21
0,2018,30,1,1,10
2,2020,38,1,1,10
5,1979,112,3,4,16
5,1978,99,3,2,16
2,2020,39,1,1,10
2,2021,30,1,1,10
2,2018,39,2,1,9
6,1984,105,3,2,16
0,1992,96,3,3,9
0,1991,106,2,2,9
0,1981,126,3,4,9
0,2008,59,2,2,9
0,1982,80,2,3,12
0,1977,146,3,3,12
2,2015,34,1,1,16
7,1987,142,4,4,12
3,1997,88,3,3,12
6,1963,138,4,3,16
6,1951,168,3,4,16
0,1963,134,3,4,16
1,1949,212,4,4,23
6,2000,40,1,1,16
0,2000,80,2,3,16
0,1982,88,2,2,14
0,1920,165,4,3,2
0,1936,218,4,5,13
3,1952,99,2,2,14
7,1962,103,2,2,14
0,1960,135,3,3,11
0,1990,76,2,2,11
0,1920,165,3,4,11
1,1985,85,2,2,16
3,1950,176,4,3,18
1,1990,92,2,2,16
0,1980,126,3,5,9
3,1940,143,3,2,18
3,1940,152,3,3,18
3,1950,164,3,3,18
3,1940,129,3,2,18
3,2006,92,2,2,11
5,1987,99,2,2,16
5,1987,101,2,2,16
5,1987,94,2,2,16
5,1987,98,2,2,16
2,2012,63,2,2,4
3,1978,113,2,2,16
2,2022,37,1,1,11
2,2001,113,2,3,4
4,1980,143,3,4,23
0,1982,84,2,2,14
6,1980,80,2,2,11
3,1985,107,3,3,11
3,1985,86,2,2,11
4,1985,118,2,4,23
7,1985,120,2,3,11
4,1985,120,3,4,23
3,1985,73,2,2,11
7,1985,88,2,2,11
5,1990,127,3,2,11
0,1993,127,3,2,11
0,1984,89,3,3,1
0,1988,83,3,3,1
0,1999,70,3,2,1
5,1987,90,2,2,16
0,1980,103,4,3,1
5,1987,87,2,2,16
0,1991,89,3,2,11
3,1967,198,4,4,18
3,1957,83,3,3,18
3,1940,144,2,2,18
0,1990,99,3,3,9
2,2012,78,2,2,4
2,1997,80,2,2,4
2,2012,59,2,2,4
3,1965,136,3,4,11
3,1965,193,3,4,11
6,1985,82,2,2,11
6,1985,102,2,2,11
0,1913,163,3,3,16
0,1991,91,2,2,16
6,1975,76,2,2,11
0,1975,107,2,2,11
3,1965,128,2,3,11
0,2008,47,2,2,16
3,1947,100,2,2,19
0,2004,66,4,2,16
2,2015,47,2,2,16
4,1970,146,3,2,10
0,1946,175,3,3,16
3,1980,128,2,2,21
3,1980,112,2,2,21
7,1980,112,2,3,21
5,1990,51,2,2,16
5,1978,81,2,2,16
0,2015,36,1,1,21
3,1940,115,2,2,18
3,1957,84,3,2,18
3,1940,144,3,3,18
3,1940,163,3,2,18
3,2005,44,2,1,18
3,1960,181,2,3,18
3,1947,142,3,3,18
3,1940,151,3,3,18
3,1919,145,2,3,16
2,2012,82,2,2,4
2,2015,64,2,2,4
2,2008,86,2,2,4
0,1990,55,2,1,11
6,1937,188,3,4,14
7,1983,99,2,2,11
2,2017,54,1,1,16
0,1997,61,2,3,22
3,1980,121,2,2,16
7,1987,156,4,4,12
4,1999,94,2,3,23
4,1975,170,3,5,23
4,1980,130,3,4,23
0,1977,125,3,3,12
0,2000,66,2,2,22
3,1976,126,2,3,21
7,1955,181,4,4,1
1,1995,93,2,2,16
1,1956,152,3,2,16
1,1960,146,3,2,16
1,1976,105,2,2,16
4,1992,101,3,3,23
3,1978,108,3,2,16
4,1985,117,3,3,23
1,1925,241,3,4,16
0,1995,96,2,3,9
5,1990,125,3,2,16
5,1988,121,3,3,16
5,1988,132,3,3,16
5,1988,94,3,3,16
1,1980,110,2,3,16
1,1983,119,3,3,16
0,1950,203,4,4,9
1,1978,110,3,2,16
5,1998,104,2,2,16
0,1984,117,4,3,9
3,1957,76,2,1,18
3,1947,134,3,3,18
3,1957,98,2,2,18
1,1978,124,3,3,16
1,1978,103,3,2,16
1,1978,91,2,2,16
5,2000,97,3,3,16
7,1984,117,3,3,9
1,1983,128,3,2,16
5,2006,67,3,2,16
3,1990,52,2,1,18
2,2019,40,1,1,16
2,2021,23,1,1,16
3,1940,189,4,4,19
0,1976,108,2,3,14
2,2019,38,1,1,16
2,2019,38,1,1,16
3,1966,136,3,2,11
2,2020,24,1,1,16
2,2017,41,1,1,16
2,2019,38,1,1,16
2,2022,21,1,1,16
0,1940,169,3,3,19
0,2000,63,3,3,22
3,1985,103,2,2,16
3,1975,137,3,2,16
3,1995,109,2,2,16
1,1920,264,3,5,10
4,1988,130,3,4,23
1,1920,238,4,5,10
4,1970,182,3,5,23
3,2007,69,2,2,16
3,1980,116,3,3,16
4,1992,98,3,3,23
0,2018,55,2,2,10
4,2022,29,1,1,19
1,1920,140,3,4,10
3,1975,129,3,3,16
3,1985,103,3,3,16
1,1920,174,3,4,10
0,2000,50,2,2,22
1,1985,98,3,2,16
4,1988,143,3,4,23
1,1956,160,3,2,16
4,1978,143,3,4,23
2,2024,24,1,1,6
4,1985,143,3,4,23
4,1992,109,3,4,23
6,2003,43,2,1,11
4,1990,130,3,4,23
4,1992,124,3,4,23
6,1990,90,2,4,11
7,1960,142,3,3,16
4,1992,118,3,4,23
3,1981,95,3,2,16
4,1992,105,3,4,23
3,1986,72,3,2,16
7,1996,59,2,2,16
4,1992,125,3,4,23
1,1943,188,3,3,16
1,1975,122,3,2,16
5,1990,66,2,1,16
1,1973,178,3,3,16
1,1973,135,3,3,16
1,1983,106,3,2,16
1,1973,92,2,2,16
1,1973,109,2,3,16
5,2000,70,2,2,16
3,1940,115,2,3,18
3,1950,171,3,3,18
3,1950,193,4,3,18
5,1993,127,3,3,16
1,1953,169,2,3,16
1,1995,77,2,2,16
1,1953,202,3,3,16
1,1983,83,2,2,16
1,1923,217,3,3,16
3,1966,173,2,2,11
7,1966,111,3,2,11
5,1988,83,2,3,22
7,2002,67,2,1,11
3,1966,130,2,2,11
3,1966,95,2,2,11
6,1972,165,3,3,5
6,1945,151,3,4,22
1,2022,36,1,1,11
2,2013,70,1,2,16
4,1925,254,5,7,4
4,1935,232,5,7,4
0,1956,100,2,3,16
0,1937,132,3,4,16
4,1943,222,5,7,4
4,1988,122,3,4,23
0,1995,111,2,3,10
1,1920,169,3,3,10
4,1985,123,3,4,23
4,1975,157,3,5,23
1,1920,199,4,4,10
4,1998,74,2,3,23
1,1920,219,4,4,10
1,1920,252,4,4,10
1,1965,126,3,2,16
4,1995,95,2,3,23
4,1997,80,2,2,23
4,1995,89,2,2,23
3,1990,74,2,2,16
5,2001,65,1,1,11
4,1994,112,3,4,23
4,1989,120,3,4,23
4,1995,117,2,3,23
4,1992,121,3,4,23
4,1992,120,3,3,23
1,1979,101,2,2,16
4,1988,134,3,4,23
4,1983,149,3,4,23
5,1998,62,2,2,16
3,1995,63,2,2,18
1,1973,109,2,2,16
1,1953,181,3,3,16
0,2000,98,2,2,16
5,2001,94,2,2,16
5,1994,99,2,2,16
5,1999,76,2,2,16
3,2012,45,2,1,2
0,2009,59,2,1,16
6,1955,100,2,3,16
1,2022,34,1,1,11
0,1951,121,2,3,16
0,1960,88,2,3,16
0,1963,87,2,3,16
1,1960,205,3,5,21
6,1960,182,4,2,19
1,1975,157,3,3,11
1,1979,110,3,3,11
5,2001,70,3,2,19
4,1990,96,2,3,23
4,1995,74,2,3,23
4,1995,94,2,3,23
0,1987,106,2,2,12
1,1959,152,3,3,16
4,1995,92,2,3,23
4,1995,91,2,3,23
3,1960,182,3,4,10
4,1995,94,2,4,23
3,1975,136,3,3,10
4,1995,101,3,3,23
4,1982,131,3,4,23
0,1979,129,4,4,9
4,1977,170,3,4,23
4,1985,112,2,4,23
4,1992,101,2,3,23
4,1988,114,2,3,23
4,1976,153,3,4,23
4,1977,156,3,4,23
4,1969,165,3,4,21
4,1988,115,3,4,23
4,1992,128,3,4,23
3,2007,75,2,2,2
2,2022,26,1,1,10
3,1940,116,3,2,16
3,1970,85,2,2,16
3,1940,122,3,3,16
3,1947,99,3,3,16
3,1933,140,3,3,16
3,1920,111,3,3,16
3,1958,122,3,3,16
3,1912,141,2,3,16
3,1910,150,2,4,16
4,1958,164,4,5,22
0,1982,128,3,4,2
3,1940,185,4,3,11
7,1975,119,3,3,10
4,2024,39,2,2,4
1,1930,230,4,3,10
3,1960,192,3,3,10
0,1982,123,3,3,9
3,1962,163,4,3,9
5,2015,36,1,1,16
0,1975,97,3,3,22
1,1965,146,3,2,16
0,1995,92,2,3,9
1,1966,132,3,3,16
5,1983,99,3,3,16
5,2004,54,2,2,16
5,2003,38,1,2,16
6,1974,146,3,4,11
1,1991,83,2,2,16
6,2001,58,1,2,16
1,1990,136,2,3,16
1,1975,123,3,2,16
3,2010,41,2,1,14
1,1975,104,3,2,16
1,1975,123,2,2,16
0,1998,83,3,3,9
3,1987,112,3,3,10
1,1975,116,2,2,16
1,1975,83,2,2,16
7,1965,144,3,3,16
7,1964,145,3,4,16
1,2024,22,1,1,2
3,1936,273,5,5,21
7,2001,61,1,1,10
1,1920,223,4,4,10
1,1920,177,4,3,10
3,1920,237,5,4,10
5,2007,78,2,1,10
5,1985,96,2,3,10
5,1980,93,3,2,10
5,1980,97,3,2,10
5,1993,96,2,3,10
7,1920,299,5,6,10
7,1978,134,4,5,9
0,1992,96,4,3,9
3,1983,124,2,3,9
5,2005,43,2,1,16
3,1974,141,3,3,9
5,1942,202,3,4,16
5,2005,52,1,2,16
0,1992,104,2,3,9
0,1995,95,2,3,9
0,1970,118,3,3,9
0,1990,111,2,3,9
7,1975,141,3,4,10
2,2000,81,2,4,22
1,1998,68,2,2,16
6,2000,61,2,2,16
0,2003,80,2,2,9
0,2000,84,2,2,9
0,1998,92,2,2,9
6,1968,155,3,4,9
1,1995,78,2,2,16
6,1979,130,3,4,9
6,1971,148,4,4,9
0,1986,119,2,4,9
3,1967,101,2,2,15
0,2007,60,2,2,9
0,1983,117,2,4,9
6,1978,134,2,4,9
0,2006,63,2,2,9
0,1993,79,3,1,19
0,2004,66,1,2,16
2,2013,78,2,2,4
2,2019,44,2,1,4
0,2004,59,2,2,16
0,2004,74,2,2,16
5,1985,66,2,2,10
5,1980,137,3,3,10
3,1920,221,5,4,10
5,1993,108,2,2,10
1,1953,113,3,3,16
1,1970,115,3,2,12
5,2013,54,1,1,10
1,1953,128,2,3,16
5,1980,90,2,2,10
1,1953,116,2,3,16
1,2006,40,2,2,12
1,2004,96,2,3,12
6,2015,38,1,1,9
1,1993,83,2,2,16
6,2015,34,1,1,9
5,1983,86,2,2,16
0,2000,83,2,2,9
3,1929,263,4,3,16
3,2000,59,2,2,18
0,1998,76,3,2,9
6,1994,66,3,2,9
6,2000,77,2,2,9
3,2000,75,2,2,18
6,1990,103,3,3,9
0,1971,150,4,4,9
1,1985,95,3,2,16
0,1992,99,4,3,9
0,1990,101,3,3,9
0,1994,93,3,3,9
3,1980,126,2,3,9
6,2019,35,1,1,9
1,1985,89,2,2,16
6,1998,61,2,2,16
0,2000,75,3,2,9
1,1960,203,2,1,16
1,1985,137,3,3,16
1,1970,131,3,3,16
1,1975,142,4,3,16
1,1975,193,4,3,16
3,1960,168,4,4,11
3,1960,105,3,3,11
1,2002,100,2,3,12
5,1980,89,2,2,10
3,1920,217,3,3,10
1,1953,122,2,2,16
1,1948,169,2,3,16
5,1985,101,3,2,10
1,1963,108,2,3,16
1,1948,138,2,3,16
1,1953,136,3,3,16
1,1948,177,3,3,16
1,1953,116,2,2,16
5,1993,82,2,2,10
1,1948,161,2,3,16
1,1948,155,2,3,16
1,1920,203,2,4,10
1,2023,29,1,1,2
1,1933,210,4,2,16
6,2019,25,1,1,9
1,1933,209,5,3,16
1,1933,212,5,3,16
1,1943,162,5,3,16
1,1943,161,5,3,16
1,1953,165,4,3,16
1,1986,80,3,2,16
3,1990,85,2,2,18
1,1963,133,4,2,16
3,2005,97,2,2,18
3,1963,167,4,4,1
1,1933,208,4,3,16
3,1978,134,4,3,9
1,1988,87,2,2,16
3,2005,49,2,2,18
0,1993,96,3,4,9
6,2000,45,2,1,16
1,1995,66,2,2,16
6,2006,61,2,2,9
0,2002,70,2,2,9
0,2004,66,2,2,16
2,2000,76,2,3,22
7,1960,145,4,3,11
3,1940,97,4,3,11
3,1940,146,4,3,11
3,1940,178,4,3,11
3,1960,96,2,3,11
7,1940,147,3,4,11
1,1984,106,2,3,2
7,1960,121,2,3,10
7,1975,109,3,3,10
1,1960,126,3,2,12
1,1995,89,3,3,12
1,1985,101,3,3,12
0,1988,113,2,3,9
1,1988,85,3,3,16
1,1988,78,1,1,16
3,1940,208,3,3,18
1,1988,81,2,1,16
1,1988,78,2,2,16
3,1940,149,3,3,18
1,1988,65,2,2,16
3,1947,109,3,2,18
1,1933,59,2,2,16
3,1967,120,2,2,18
3,1995,78,2,2,18
3,2006,61,2,2,18
1,1962,75,2,2,16
3,2003,61,2,2,18
3,1980,76,2,2,18
3,1990,72,2,2,18
3,2005,55,2,1,18
1,1966,65,2,1,16
1,1960,76,3,2,16
0,1976,71,2,2,16
2,1997,84,2,3,22
0,1965,114,2,3,22
7,1960,150,2,3,22
6,1970,117,4,3,4
1,2019,30,1,1,2
3,1980,162,2,3,21
1,1970,133,3,3,12
1,1990,124,3,3,12
5,1993,85,2,2,16
0,1950,165,3,3,16
2,2023,23,1,1,23
1,1985,116,3,3,12
1,2000,88,2,3,12
3,1999,69,1,2,18
3,2000,101,2,2,18
1,1966,76,1,2,16
3,2005,68,2,2,18
3,1995,77,2,2,18
0,1943,127,3,4,16
6,1962,84,2,2,16
3,1940,148,3,3,18
6,1966,85,2,3,16
2,2019,33,1,1,16
3,1960,136,3,2,11
0,1975,79,2,2,16
0,1992,100,3,3,9
0,1990,103,3,3,9
3,2017,44,1,1,19
2,2019,42,1,1,2
2,2010,76,1,2,2
1,1980,123,3,3,16
1,1970,129,3,3,16
2,2021,30,1,1,12
1,1920,197,4,3,10
1,1920,247,4,4,10
1,1920,267,4,4,10
1,1920,209,4,3,10
3,1940,227,2,3,10
0,1970,155,3,3,21
1,1920,220,4,4,10
5,1980,97,3,2,10
2,2020,57,1,2,11
0,2004,61,1,2,16
7,1960,119,3,3,11
7,1960,128,3,3,11
3,1995,73,2,2,18
3,1977,97,2,3,18
4,1933,253,5,4,16
4,1997,114,4,3,16
3,1957,95,3,2,18
5,1988,59,2,2,16
3,1957,108,2,2,18
5,1988,28,1,1,16
7,1947,108,4,3,18
5,1983,67,2,2,16
3,1960,178,4,2,18
3,1940,132,4,2,18
0,2007,80,3,3,18
0,1997,66,2,2,22
2,2016,83,1,1,2
2,2016,89,1,1,2
1,1995,85,2,2,16
5,2022,30,1,1,2
3,1957,113,2,2,14
0,1938,211,4,5,13
7,1962,97,2,2,14
0,2006,68,2,2,7
0,1926,154,4,4,17
0,1939,121,3,3,16
6,1963,79,2,2,16
6,1952,100,2,4,16
7,1960,124,3,3,11
3,1940,153,3,2,18
3,1940,183,4,3,18
3,1940,202,3,3,18
3,1971,117,3,4,15
6,1940,105,2,2,18
1,1995,67,2,2,16
0,2005,53,2,2,16
5,1993,67,2,2,16
5,1954,172,3,3,16
5,1980,101,3,2,16
1,1983,115,2,3,2
0,1981,125,3,3,9
5,1983,83,2,2,16
5,1979,96,3,3,16
5,1978,87,2,3,16
2,2020,41,1,1,16
0,1988,106,4,4,16
0,1983,100,4,3,16
1,1960,155,3,3,12
3,1980,78,2,2,14
2,2016,58,2,2,4
1,1955,203,3,3,12
1,1985,111,3,2,12
0,1984,89,3,3,4
1,1955,191,3,3,12
1,1933,127,3,3,16
2,2016,80,2,2,4
2,2018,39,1,1,4
1,1995,91,2,2,16
6,1927,168,4,3,18
3,1940,129,3,2,18
3,1950,171,3,3,18
3,1967,71,2,2,18
3,1940,166,3,3,18
1,1963,162,3,2,16
6,1988,88,2,1,16
3,1960,160,3,3,18
3,1953,191,3,2,16
1,1988,149,3,2,16
0,1985,75,2,2,16
3,1940,145,4,2,18
0,1990,78,2,2,16
1,1985,142,2,2,16
3,1940,116,3,3,18
5,1982,90,2,2,16
5,1981,92,2,3,16
5,1988,95,2,2,16
6,1991,83,3,4,16
5,1960,180,3,2,18
2,2018,50,1,1,19
0,1997,86,2,3,22
0,2010,57,2,2,9
5,2004,103,2,2,21
0,1986,131,3,3,10
3,1965,127,3,2,10
0,1990,114,3,3,10
0,1965,187,3,4,22
3,1940,113,3,2,19
7,2001,93,2,2,21
0,1957,96,2,3,19
3,1940,125,3,3,19
3,1947,94,3,3,19
3,1940,144,4,3,19
4,1947,189,4,4,13
0,1999,51,3,2,18
4,1967,162,4,4,13
1,1935,141,3,3,2
4,1959,168,4,3,13
3,1996,69,3,2,18
3,1988,78,2,1,18
3,1992,73,3,1,18
3,1990,82,3,3,18
7,1991,105,2,2,4
0,1953,117,2,4,17
6,1912,252,3,4,17
1,2000,113,3,3,2
0,1964,92,2,2,17
1,2016,57,2,1,2
1,1970,116,3,3,2
0,1956,147,2,3,17
3,1974,168,3,4,10
6,1979,108,3,3,23
4,1948,220,5,5,22
4,1923,245,4,7,8
4,1989,81,2,3,22
4,2024,22,1,1,17
7,1975,115,2,3,17
6,1986,101,3,3,21
6,2019,50,1,1,21
6,1980,109,3,3,21
7,1993,47,2,2,17
1,2000,58,3,2,2
1,1972,142,3,2,17
7,2005,71,2,2,13
0,2000,56,2,1,18
5,1994,69,4,1,17
3,1995,72,3,2,17
4,1942,182,4,5,13
3,1995,66,3,2,18
5,1987,122,2,3,13
4,2007,77,2,2,13
6,2000,52,2,2,17
0,1967,125,2,2,17
0,1979,108,2,3,17
6,1976,132,3,2,10
5,1947,188,3,4,17
1,2016,58,1,1,2
1,2001,28,1,1,2
3,1979,139,3,3,19
1,2023,19,1,1,2
5,1971,121,3,2,17
1,1976,90,2,2,17
0,1980,116,3,3,12
0,2004,45,2,1,23
3,1950,122,2,2,11
3,1950,141,3,3,11
7,2003,57,1,1,19
1,1921,138,3,2,17
1,1902,165,3,2,17
7,1962,172,3,4,22
7,1972,143,4,4,22
5,2018,35,1,1,22
7,1962,168,3,4,22
7,1968,153,3,4,22
7,1962,172,4,4,22
7,1958,187,4,5,22
7,1978,130,3,3,22
7,1962,162,3,4,22
7,1988,95,3,3,22
7,1968,159,3,4,22
1,1965,104,3,2,2
7,1965,169,3,5,22
1,1936,200,3,4,17
4,2022,25,1,1,17
7,1985,105,3,4,22
4,2010,57,2,1,17
4,1967,160,4,5,13
4,1937,238,4,5,13
4,1947,200,4,5,13
6,1959,95,2,2,18
1,1940,148,2,3,17
0,1987,90,2,1,17
3,2015,54,2,1,17
5,1989,84,3,3,17
3,1970,256,3,3,10
1,1940,156,3,2,18
1,1948,122,2,2,17
1,1940,172,3,2,18
1,1946,138,3,4,17
4,1982,156,3,4,23
7,1977,104,2,2,17
7,1957,145,3,3,17
7,1977,68,2,2,17
1,1963,76,2,2,17
7,1983,93,3,2,21
7,1930,155,2,2,17
4,1952,202,4,5,22
6,1990,116,2,2,11
1,1970,147,4,3,16
2,2015,62,2,2,16
0,1956,103,3,3,16
0,1957,108,3,3,16
0,1952,107,2,2,16
6,1963,84,2,2,16
1,1981,110,2,3,11
0,1960,123,3,3,17
2,2021,22,1,1,8
0,1947,169,2,3,17
6,1941,179,2,3,17
4,1995,91,2,3,23
6,1978,119,2,3,17
4,1990,118,2,3,23
2,1970,153,2,3,17
6,1986,86,2,1,10
0,1986,133,2,4,10
0,1986,117,3,3,10
0,1986,107,3,3,10
0,1975,149,2,3,21
0,1986,118,3,4,10
0,1990,101,2,2,10
0,2014,34,1,1,21
0,2014,55,2,2,10
3,1970,179,2,3,21
4,1976,118,3,3,4
2,2022,21,1,1,11
0,1986,109,3,4,10
0,1986,100,3,2,10
6,1919,154,3,3,16
0,1972,86,3,3,16
0,1973,75,3,2,16
0,1969,83,2,2,16
0,1967,102,3,3,16
6,1942,117,3,2,16
0,1984,55,2,2,16
0,1952,101,3,2,16
6,1922,151,4,3,16
0,1982,70,2,2,16
0,1981,61,1,2,16
0,1976,72,2,2,16
3,1969,145,3,4,2
7,1940,134,1,2,19
7,1940,137,3,3,19
3,1940,149,3,4,19
3,1940,151,3,4,19
1,1967,136,3,4,15
3,1940,143,2,2,19
3,1940,155,3,4,19
3,1940,111,3,3,19
3,1940,163,3,4,19
0,1940,124,3,3,19
1,1953,103,2,2,17
1,1989,62,2,1,17
6,1986,114,3,3,2
2,2012,56,1,1,17
2,2012,53,1,1,17
7,1971,79,2,2,17
7,1995,53,2,1,17
7,1976,66,2,1,17
3,2015,36,1,1,17
1,1940,121,2,2,16
6,2007,49,1,1,17
6,2004,43,2,1,17
2,2022,27,1,1,11
0,1990,73,3,2,10
4,1946,201,4,4,4
5,2016,26,1,1,2
0,1986,107,3,2,10
4,2003,64,2,2,4
4,1946,168,4,4,4
0,1969,96,2,2,16
0,1979,82,2,2,16
1,2019,32,2,1,2
1,2022,34,1,1,11
0,1979,78,2,2,16
2,1953,162,2,3,16
2,1956,158,2,3,16
0,1978,125,4,3,2
1,2020,23,1,1,2
0,2015,45,1,1,19
0,2015,45,1,1,19
0,1957,127,3,3,19
6,1977,63,2,1,19
0,2008,41,2,1,19
6,1970,148,3,2,19
0,1960,197,3,3,19
3,2006,73,2,2,23
0,2021,20,1,1,21
1,1958,105,3,2,17
6,1975,102,2,3,17
3,2007,80,1,1,23
1,1957,108,2,3,17
6,2007,35,1,1,17
3,2007,60,2,1,23
0,2003,46,2,1,17
0,2014,37,1,1,23
7,1953,222,4,5,23
6,2005,57,2,1,17
6,2004,52,2,1,17
6,1923,168,3,3,17
5,1976,124,2,3,21
3,1965,118,2,2,21
4,1980,214,4,7,10
4,1980,231,4,7,10
5,2020,25,1,1,2
5,2013,32,1,1,2
0,1967,76,1,1,19
0,1947,147,3,3,19
4,1981,110,4,3,4
3,1945,213,3,2,16
3,1953,213,3,3,16
0,2024,20,1,1,13
0,2023,20,1,1,13
3,2000,93,3,2,23
0,1980,92,2,2,19
0,1968,145,2,3,19
0,1977,112,3,2,22
0,1970,133,2,3,19
0,1980,121,2,2,19
0,1995,66,2,2,22
5,1965,67,2,4,22
0,1940,80,3,3,22
0,1955,110,3,4,2
0,2005,62,1,1,17
7,1960,195,3,4,23
5,2007,65,2,1,23
4,2019,25,1,1,17
3,1960,288,4,3,21
5,2001,277,2,3,17
3,1994,83,2,2,17
1,1945,142,3,3,17
0,2004,41,2,1,19
4,1967,139,4,3,4
4,1983,91,4,2,4
4,1951,137,3,3,4
0,1957,103,3,3,19
4,1966,148,4,4,4
3,1974,120,3,4,10
6,1940,150,3,2,19
4,2022,27,1,1,10
4,1980,234,4,5,10
4,1980,163,4,4,10
4,1980,144,4,5,10
4,1980,139,3,4,10
4,1989,100,2,3,23
4,1918,164,3,4,16
4,1918,180,3,4,16
4,1913,181,3,4,16
4,1913,171,3,5,16
4,1913,185,4,5,16
4,1949,205,4,5,22
4,1980,167,3,4,10
4,1980,164,4,5,10
4,1980,204,4,6,10
4,1980,200,3,5,10
4,1980,218,4,7,10
4,1980,189,4,7,10
4,2013,80,1,1,22
1,1924,143,3,3,17
7,1956,114,3,2,17
4,1917,202,3,3,2
0,1956,158,3,2,17
6,1966,73,2,2,17
0,1981,71,2,2,17
2,2011,86,1,2,17
0,2007,53,1,2,17
4,1980,228,4,6,10
4,1980,246,4,8,10
4,1980,189,4,7,10
4,1980,250,4,8,10
4,2023,25,1,1,2
3,1963,107,2,2,16
3,1963,143,3,3,16
3,1998,111,3,2,23
1,1982,114,2,2,23
6,1970,61,2,2,12
1,1990,98,2,2,23
0,1978,102,2,2,21
6,1966,150,5,3,2
4,1980,200,4,5,10
4,1980,235,4,6,10
4,1980,168,3,6,10
1,1918,275,3,4,2
7,1920,124,2,2,17
1,1971,153,2,3,23
4,2023,29,1,1,2
0,1912,170,3,4,17
4,2023,28,1,1,2
4,2023,24,1,1,2
1,1945,156,4,3,2
1,2021,29,1,1,2
4,1999,102,2,2,23
2,2017,59,2,2,8
2,2017,69,2,2,8
1,1955,113,4,2,2
4,2002,79,2,2,23
1,1942,141,3,3,16
4,1980,145,3,4,10
0,1960,129,2,1,21
4,1980,183,4,5,10
0,1960,129,3,3,21
0,1975,95,2,2,21
0,1975,92,2,2,21
0,1995,85,2,2,21
3,2018,41,1,1,10
2,2018,38,1,1,10
3,1952,120,2,2,15
0,1990,55,2,2,17
0,1973,76,3,2,17
1,1939,176,4,3,17
3,1987,93,4,2,18
1,1940,146,4,2,2
1,1935,126,3,3,16
1,1993,80,3,3,2
1,1904,210,3,4,16
4,1993,97,2,2,23
1,1995,66,3,2,2
1,1971,171,3,3,23
5,2006,68,2,1,23
1,2007,60,1,1,16
1,1950,120,3,2,2
6,1975,73,3,2,10
6,1975,130,3,2,10
0,1975,131,2,3,21
5,1985,103,3,3,4
0,1960,168,2,3,21
3,1992,92,2,2,4
1,1995,86,3,3,2
7,2000,57,2,2,18
5,2004,44,3,1,18
1,2000,51,2,1,18
3,1994,76,2,1,18
1,1940,138,2,2,18
6,1947,96,2,3,18
0,1970,139,3,3,11
7,1937,144,3,3,14
0,1974,121,3,4,18
3,1947,145,2,2,14
3,1971,138,3,3,1
1,2023,23,1,1,2
1,2021,18,1,1,2
1,1991,136,3,2,2
1,2007,67,2,2,16
1,2007,78,1,2,16
1,1955,132,3,2,2
2,2025,19,1,1,8
0,1979,100,3,3,1
4,1980,167,3,0,10
4,1980,175,3,6,10
0,1988,83,3,3,1
2,2007,50,1,1,12
4,1979,111,3,2,10
5,1997,55,3,1,18
1,1920,143,3,3,2
5,2001,47,2,1,18
4,1948,192,4,3,15
3,1984,91,3,2,18
7,1962,117,4,3,15
1,1910,165,5,5,2
7,1977,103,3,3,15
1,1925,159,4,3,2
3,1995,73,2,2,18
7,1955,225,4,6,18
7,1952,123,2,2,14
7,1962,112,3,2,14
3,1951,89,2,2,17
1,1950,168,2,2,10
1,1965,144,3,2,10
1,1974,106,2,2,10
1,1940,153,4,3,2
1,1950,120,3,3,2
0,1975,139,3,4,2
2,2015,34,1,1,16
2,2004,134,2,3,8
2,2003,64,1,1,12
7,1956,181,4,4,2
4,1959,151,4,3,4
4,1968,149,4,4,4
2,2017,37,1,1,12
1,1984,99,2,2,21
4,1958,194,2,4,21
0,1986,119,3,3,10
3,1981,104,1,1,21
4,1992,138,4,5,11
4,1980,295,3,7,10
1,1964,159,2,2,21
6,1979,113,2,2,21
1,2012,42,2,1,2
2,2020,34,1,1,15
0,1986,87,3,2,18
5,1987,80,3,2,18
6,2000,52,2,2,18
4,1967,175,3,3,13
4,1947,205,4,4,13
1,2009,36,1,1,10
3,2018,37,1,1,21
7,1980,124,2,2,21
3,1970,124,3,2,10
7,1980,154,3,3,21
7,1980,125,2,2,21
3,1970,130,3,3,10
3,1970,185,3,4,10
3,1936,96,2,2,17
3,1965,143,3,2,10
3,1949,158,3,3,17
3,1919,125,3,3,17
3,1927,113,2,2,17
3,1927,112,2,3,17
3,1985,120,3,2,23
3,1985,107,2,2,23
3,1985,122,2,2,23
0,1992,76,2,2,16
1,1960,160,3,4,2
0,2009,54,2,2,16
4,1980,169,3,7,10
4,1980,181,3,4,10
4,1980,173,3,5,10
4,1950,157,3,2,10
4,1980,218,4,7,10
6,1996,54,2,2,21
6,1978,98,2,3,21
7,1984,110,2,3,21
5,1999,53,2,1,18
0,1993,74,2,2,18
0,1999,50,2,1,18
1,1925,158,4,3,2
5,1992,67,3,1,18
5,1997,58,2,2,13
3,1918,124,3,3,17
3,1949,158,2,3,17
3,1903,136,3,2,17
3,1903,146,3,3,17
3,1956,79,2,3,17
5,1978,108,3,3,23
5,1987,86,3,2,23
5,1989,66,2,2,23
1,1990,97,2,3,23
0,2009,67,2,2,16
0,1986,111,3,4,10
0,1986,101,2,4,10
3,1970,106,2,2,10
0,1986,141,3,4,10
0,1986,134,3,3,10
0,1990,91,3,3,10
7,1964,160,4,3,21
3,1970,123,3,3,10
7,1970,151,3,3,10
0,1986,106,2,3,10
3,1970,141,3,3,10
0,1990,106,2,2,10
0,2002,63,2,2,4
3,1970,144,3,3,10
7,2009,56,1,1,21
0,2012,52,2,2,4
0,2008,48,1,2,4
0,2007,45,1,2,4
0,2005,59,2,2,4
0,2007,39,1,2,4
1,2018,38,2,1,2
1,2023,27,1,1,2
1,1950,108,3,3,2
0,1997,60,3,2,18
0,2002,49,2,2,18
3,1989,77,2,2,18
4,1947,209,4,4,13
1,2000,45,2,2,2
3,1982,92,3,2,18
5,2014,53,1,2,17
0,1993,100,2,3,4
0,1963,162,4,6,4
3,1994,92,2,3,4
5,1971,145,4,4,2
0,1967,158,4,4,4
7,1985,112,2,3,14
5,1974,145,2,3,21
5,1980,81,2,2,11
1,1986,81,2,2,2
6,1990,59,2,2,11
3,1977,152,3,2,13
1,2007,72,2,2,2
3,2006,51,2,2,13
1,1985,71,3,2,2
6,1951,129,2,2,15
3,1985,110,2,3,14
1,1961,200,3,5,14
6,1960,143,2,3,15
6,1952,159,3,5,15
6,1949,167,3,5,15
4,2006,88,2,2,4
1,1948,193,3,5,4
1,1925,250,4,5,4
6,1974,132,2,3,4
1,1950,167,3,3,18
3,1927,132,3,3,17
5,1981,117,2,4,15
4,2019,35,1,1,11
0,1940,222,3,5,18
3,1917,240,3,3,19
6,2014,93,2,2,23
5,1906,270,3,5,15
3,1940,157,3,4,18
3,1940,141,3,3,18
5,1998,34,1,2,17
4,1986,110,2,3,17
0,1947,102,2,2,18
3,1947,119,2,2,18
3,1940,127,3,2,18
3,1940,137,3,2,18
0,1965,163,4,3,17
3,1935,211,4,5,11
3,1935,158,3,3,11
0,1997,85,2,2,13
0,1984,143,3,2,11
0,1964,221,3,2,11
5,2014,35,1,1,12
4,1979,136,2,5,18
0,2024,25,1,1,18
1,1996,81,2,2,18
0,1967,83,2,2,18
6,1957,88,2,2,18
5,2020,21,1,1,2
3,1945,193,3,2,19
5,2022,14,1,1,2
5,2013,39,1,1,2
5,2016,34,1,1,2
3,1948,177,3,2,19
5,2018,35,1,1,2
0,1940,126,2,3,18
3,1947,103,2,2,18
3,1940,134,3,3,18
3,1957,94,3,2,18
0,2010,39,2,2,10
0,2010,73,2,2,10
3,2006,76,2,2,18
0,2010,61,2,2,10
0,2009,122,2,2,10
0,2009,93,2,2,10
0,2009,97,2,2,10
7,1970,122,2,4,12
7,2000,74,2,2,17
7,2000,81,2,2,17
7,2000,59,1,1,17
7,2000,74,2,1,17
3,1928,218,3,2,19
0,1957,82,2,3,19
5,1996,88,2,2,17
7,1982,89,3,2,15
1,1958,211,4,3,13
1,1973,178,3,3,13
1,1988,123,3,2,13
1,1953,240,4,3,13
1,1935,241,3,6,13
1,1998,85,2,2,13
1,1953,220,3,3,13
1,1973,184,3,3,13
0,1963,194,3,5,13
1,1958,240,3,4,13
1,1987,135,3,3,13
1,1973,157,3,3,13
1,1953,230,4,4,13
1,1976,155,3,3,13
1,1993,92,2,2,13
1,1943,252,4,4,13
1,1958,208,4,4,13
1,1953,198,4,4,13
1,1998,94,3,2,13
1,1998,85,2,2,13
1,1993,96,3,2,13
3,2006,60,2,2,13
1,1994,111,2,3,13
1,1984,134,3,2,13
1,1994,129,2,2,13
1,1989,134,2,2,13
1,1955,140,3,2,2
5,2004,48,2,2,13
5,1989,121,2,2,13
0,2004,63,2,1,13
0,2004,44,2,1,13
3,1997,85,2,3,23
1,1940,165,3,3,2
1,1940,158,3,3,2
1,1999,55,3,1,2
1,1960,116,3,2,2
1,1950,112,3,2,2
1,1950,148,4,3,2
1,2000,91,3,2,2
1,1995,108,3,2,2
2,1995,105,2,2,12
2,1995,149,2,2,12
2,1995,138,2,2,12
2,1995,156,2,2,12
2,1995,102,2,3,12
4,2017,71,1,1,12
4,2017,71,1,1,12
4,2017,73,1,1,12
1,1977,106,3,4,17
1,1969,59,2,2,2
6,1976,102,3,3,17
6,2002,67,2,2,15
6,1967,136,3,3,15
0,1947,152,3,3,15
0,2002,77,2,2,15
6,1997,88,2,2,15
1,1941,179,3,3,17
0,1982,84,2,3,15
6,1947,146,3,3,15
1,1953,227,4,5,13
1,2007,77,2,2,13
1,1988,130,3,3,13
1,1988,121,3,3,13
1,1952,238,4,4,13
1,1997,162,3,3,13
0,1998,92,2,2,13
1,1997,76,2,2,13
1,1983,144,3,3,13
1,1983,131,4,3,13
1,1958,188,4,4,13
1,1983,141,4,3,13
0,2008,43,1,1,13
1,1983,124,3,3,13
0,2024,27,1,1,5
2,2024,20,1,1,5
3,1984,127,3,3,23
0,1970,152,4,4,10
3,1981,139,2,2,21
7,1981,125,2,3,21
0,1979,125,2,3,21
6,1982,117,3,3,21
5,1979,120,3,2,13
3,1979,120,3,3,21
4,2017,70,1,1,12
7,1965,139,4,4,9
7,1970,132,3,2,12
7,1970,127,3,3,12
1,1951,134,3,3,17
1,1966,130,3,2,17
6,1957,128,3,2,15
1,1961,142,4,3,17
1,1953,164,3,3,17
0,1987,93,2,2,15
0,2005,72,2,2,17
0,1964,90,3,3,2
1,1938,191,3,4,17
1,2008,58,1,1,10
1,1940,217,3,3,10
1,2014,43,1,1,10
0,2005,69,2,2,12
3,1978,115,2,3,21
3,1978,102,2,2,21
1,1960,162,3,2,11
3,1959,196,3,4,21
1,2018,44,2,2,2
1,1977,108,2,2,11
1,1985,92,2,2,11
1,2019,48,2,2,2
0,1980,105,2,2,21
0,1992,81,2,2,21
2,2024,23,1,1,13
1,1975,101,3,2,2
1,2017,45,2,2,2
0,1980,92,2,2,21
7,2005,80,2,2,12
1,1988,83,2,2,17
5,1933,294,3,5,17
5,1943,244,3,4,17
0,2003,70,2,2,17
5,1977,94,3,3,13
2,1995,128,2,2,12
1,1939,203,3,4,17
1,1960,94,3,2,2
3,1960,142,2,2,12
1,1945,131,3,3,2
1,1940,130,3,2,2
1,1980,92,3,2,2
1,1995,90,3,2,2
1,2024,24,1,1,2
1,1995,86,3,2,2
1,1970,98,3,2,2
1,2023,20,1,1,2
1,1990,116,3,3,2
1,1997,57,2,2,2
1,1945,126,3,3,2
1,1975,111,3,3,2
1,2018,38,2,2,2
5,1970,186,3,4,21
0,2001,50,1,1,14
1,2002,81,2,2,2
3,1990,82,1,2,15
1,1989,55,3,2,2
0,1970,144,4,4,10
3,1987,83,4,3,15
0,1970,147,4,4,10
0,1970,112,3,2,10
3,1937,149,3,4,15
1,2018,39,2,2,2
2,1995,112,2,2,12
0,1987,72,3,4,13
0,1987,67,2,3,13
0,1987,95,3,4,13
0,1982,125,2,4,13
0,1997,35,1,1,13
0,1992,61,3,2,13
0,1996,32,2,1,13
0,1982,123,2,1,13
5,1977,197,3,3,13
5,1997,43,1,2,13
5,1992,51,2,2,13
0,1997,25,1,1,13
1,1915,141,3,3,2
1,2022,28,1,1,2
3,1997,93,2,2,10
3,1950,166,5,3,14
0,1984,115,2,2,2
0,1990,127,2,2,10
3,2000,52,2,2,15
3,1977,80,2,2,15
0,1970,109,3,3,10
1,1991,125,3,2,2
1,2000,116,3,3,2
2,2019,43,1,1,15
1,2006,88,3,2,2
5,1992,66,2,2,13
5,1997,20,1,1,13
0,1987,69,3,4,13
0,1987,81,3,4,13
0,1997,19,1,1,13
0,1997,17,1,1,13
5,1968,102,3,2,13
5,1988,77,2,1,13
5,1998,53,1,2,13
5,1993,45,1,1,13
1,2024,22,1,1,20
2,1995,125,2,3,12
4,2017,66,1,1,12
2,1995,125,2,3,12
2,1995,128,2,3,12
2,1992,162,3,3,17
4,2017,60,1,1,12
4,2017,61,1,1,12
4,2017,65,1,1,12
1,2009,44,2,2,2
1,2002,94,3,2,2
1,1960,149,3,3,11
0,1975,99,2,2,21
6,1980,69,2,2,11
1,2000,69,3,2,2
1,1950,103,3,2,11
0,1995,100,2,2,21
5,1985,99,2,2,10
3,1949,166,4,3,14
1,1925,219,4,7,14
1,1937,194,4,4,14
3,1961,140,4,3,14
3,1950,165,3,4,14
3,1965,157,3,2,14
3,1965,121,3,2,14
3,1960,187,3,3,14
3,1965,109,3,2,14
3,1965,178,3,2,14
3,1960,166,3,8,14
3,1975,139,2,2,14
3,1975,104,2,2,14
7,1975,220,2,3,14
3,1992,45,2,2,15
1,2020,32,1,1,2
1,2019,44,2,2,2
2,2024,20,1,1,13
1,1910,249,4,6,14
1,2018,34,1,1,2
2,1992,122,3,3,17
4,2017,71,1,1,12
4,2017,81,1,1,12
2,1995,131,2,2,12
4,2018,62,1,1,12
2,1995,128,2,3,12
4,2017,65,1,1,12
2,2017,37,1,1,12
2,1995,111,3,2,12
2,1995,115,2,2,12
3,2007,85,2,3,13
1,1947,227,3,3,13
1,1987,146,2,3,13
1,1954,198,3,4,13
1,1988,128,3,3,13
2,2006,71,2,1,12
1,1997,102,2,2,13
1,1970,105,3,2,2
0,1960,125,2,2,21
1,1940,151,3,2,2
1,1940,151,4,2,2
1,1960,163,3,2,2
1,1994,90,3,2,2
0,1960,130,2,3,21
1,1988,96,3,2,2
7,1978,112,2,2,14
7,1975,116,2,2,14
7,1999,72,2,1,14
3,1965,151,2,2,14
3,1965,154,2,2,14
5,1977,124,2,4,14
4,1969,147,3,3,13
4,1969,137,3,3,13
4,1999,73,2,2,13
4,2009,70,2,2,13
4,1999,80,2,2,13
0,1986,84,2,2,21
0,1997,73,2,2,13
2,1957,201,3,4,13
0,1962,141,3,4,13
0,2007,58,2,2,13
0,1997,76,2,2,13
0,1997,58,1,2,13
6,1979,109,2,3,11
0,1970,109,2,3,21
1,2000,92,3,2,2
5,1980,142,2,4,21
0,1980,170,2,3,21
1,1955,111,3,2,2
0,1980,128,2,3,21
1,1980,135,2,3,21
1,1955,147,3,2,2
1,1987,107,3,2,2
1,1979,123,2,3,22
3,1994,105,2,3,22
3,1989,121,3,3,22
0,1979,154,3,4,22
0,1984,145,3,4,22
4,1969,147,3,3,13
1,2001,60,2,2,2
0,2016,47,1,1,13
4,1960,165,3,3,10
4,1974,141,3,4,10
1,1920,208,3,3,10
6,1970,97,2,2,10
6,1987,63,2,2,15
0,1957,185,4,4,13
0,1977,142,4,2,13
1,1997,87,2,2,13
1,1988,139,2,3,13
1,1947,211,3,4,13
7,2007,97,2,2,13
6,1977,147,3,2,13
0,1988,131,3,2,13
0,2010,59,2,1,13
0,2007,62,2,2,13
0,2007,58,2,2,13
1,1997,102,2,1,13
0,1967,152,3,2,13
1,1988,112,3,3,13
2,2025,19,1,1,19
5,2000,67,2,2,21
5,1996,66,2,2,21
3,1987,83,2,2,21
5,1996,70,2,2,21
1,1984,88,3,2,2
1,1993,111,3,2,2
1,1950,143,3,2,2
1,2016,28,2,1,2
5,2008,70,2,2,10
4,1950,187,4,4,11
3,1954,158,3,2,17
0,1947,119,3,3,19
0,1940,130,3,3,19
3,1955,150,2,3,14
0,1972,99,3,3,15
0,1997,75,2,2,15
6,1997,69,2,2,15
0,2014,58,2,1,15
0,1992,66,3,3,15
7,1982,80,2,2,15
0,1997,67,3,2,15
7,1967,174,3,4,15
7,1982,108,2,2,15
7,1982,119,3,2,15
6,1972,140,4,4,22
3,1970,145,3,3,22
7,1992,75,2,2,21
7,1992,84,2,2,21
7,1992,81,2,2,21
0,1970,163,3,4,21
1,1955,123,3,2,2
6,1980,110,2,3,21
4,1987,119,3,3,23
0,1999,88,2,3,23
4,1988,102,3,3,23
4,1977,143,3,4,23
4,1975,148,3,4,23
4,1985,117,2,4,23
4,1990,101,2,3,23
4,1975,136,3,4,23
1,1992,98,3,3,13
1,1956,183,3,4,13
7,1997,74,2,2,7
0,1997,72,2,2,15
0,1987,49,2,2,15
5,1991,100,3,2,15
0,1992,68,2,2,13
2,2021,27,1,1,11
7,1993,88,3,2,22
4,1985,106,3,2,11
4,1985,127,4,3,11
4,1965,147,4,4,11
1,1961,84,2,2,17
5,1978,129,2,3,21
5,1978,132,2,4,21
5,1978,134,2,4,21
5,1978,141,2,4,21
1,2021,23,1,1,2
5,1978,122,2,4,21
1,1955,121,3,3,2
1,1993,77,3,2,2
1,1975,116,3,2,2
1,2018,36,1,1,2
2,2021,21,1,1,11
1,1920,160,3,2,2
1,2018,28,1,1,2
5,1997,96,2,2,23
1,1940,199,3,3,18
7,1950,182,3,3,18
3,2007,70,1,1,18
3,1940,150,3,3,18
3,1940,136,3,3,18
3,1940,140,3,2,18
3,1940,189,3,3,18
0,1940,132,3,3,18
0,1950,161,3,3,18
3,1977,151,2,4,13
4,2008,81,2,3,13
4,2007,96,2,2,13
3,1997,107,2,2,13
0,1970,130,2,2,14
6,2022,27,1,1,14
1,1978,161,3,3,13
1,1918,145,3,3,17
6,1999,76,2,1,17
1,1993,71,2,2,17
0,2004,34,1,1,15
0,1988,85,3,2,17
2,2018,34,1,1,5
1,2018,27,1,1,2
1,2001,66,3,2,2
4,1930,224,5,4,9
4,1915,264,6,5,9
0,1957,106,2,3,18
0,1940,144,3,3,18
3,1957,91,2,2,18
3,1977,81,2,2,18
0,1996,72,2,2,18
6,1957,82,2,2,18
0,1940,133,3,3,18
3,1957,99,3,3,18
0,1970,108,3,3,2
0,1955,144,4,3,2
1,2023,22,1,1,2
0,2006,57,1,1,14
7,1980,112,2,2,14
3,1947,130,3,2,14
1,2007,53,2,2,13
1,2002,91,2,2,13
1,1997,88,2,3,13
1,1947,222,3,5,13
0,1955,183,3,5,4
1,1998,91,2,1,13
1,2006,68,2,2,13
1,1947,212,3,3,13
0,1933,242,4,6,4
1,1947,183,4,3,13
1,1947,204,4,4,13
3,1975,139,3,3,17
5,1920,270,3,3,17
5,1920,272,3,4,17
1,2009,46,3,2,2
1,1960,93,3,2,2
0,1967,96,3,3,15
2,1972,159,2,2,15
1,2022,25,1,1,2
1,1971,144,4,2,2
1,1942,217,4,4,2
0,1999,83,3,3,2
1,1934,237,4,4,2
1,1941,220,4,4,2
1,2023,23,1,1,2
6,1966,96,3,2,15
1,2006,98,2,2,13
1,1988,117,2,2,13
1,1937,255,4,4,13
1,2003,120,2,2,13
1,2006,96,1,1,13
1,2006,87,2,2,13
1,1947,192,4,3,13
1,1947,194,4,3,13
1,2002,84,1,2,13
1,1997,108,1,1,13
1,1977,148,3,3,13
4,1990,130,2,3,4
4,1955,197,4,6,4
6,1983,71,2,2,17
0,1997,78,2,2,17
0,2002,60,2,1,17
0,1957,99,3,2,19
0,1947,122,3,2,18
0,1967,85,2,3,19
6,1965,180,4,4,11
1,1950,95,3,2,2
1,1986,74,2,2,2
7,1965,102,3,2,11
1,1986,92,2,2,2
1,1986,106,3,2,2
3,1950,172,3,4,11
1,1956,188,4,3,20
7,1978,173,4,3,13
7,1978,135,3,4,13
7,1978,156,4,5,13
7,1973,161,4,4,13
7,1998,120,3,3,13
7,1988,144,3,5,13
7,1973,182,4,6,13
7,1987,158,4,4,13
7,1978,158,4,5,13
7,1978,164,4,4,13
7,1988,130,4,4,13
7,1968,187,4,5,13
7,1988,138,4,5,13
7,1998,83,2,3,13
7,1998,130,3,4,13
7,1977,152,4,4,13
7,1987,140,4,3,13
7,1968,186,4,5,13
7,1968,175,4,4,13
0,1975,98,2,2,21
0,1975,122,2,3,21
0,1960,138,3,3,21
0,1975,121,2,2,21
0,1960,162,3,4,21
0,1960,124,2,2,21
0,1975,98,2,2,21
0,2010,62,2,2,11
0,2011,63,2,2,10
0,2011,76,2,2,11
0,2002,82,2,3,13
2,2015,24,1,1,10
0,2006,65,2,2,11
6,1960,129,3,3,22
0,2006,92,2,3,22
0,2006,75,2,2,22
0,1998,65,2,2,22
0,1995,82,3,3,22
0,1995,79,2,3,22
0,1960,193,4,4,22
0,1975,96,2,2,21
0,1975,92,2,2,21
0,1960,139,2,3,21
0,1960,121,2,3,21
0,1960,151,3,3,21
0,1978,112,2,2,21
0,1960,149,2,3,21
0,1960,165,3,3,21
0,2005,111,2,2,21
7,1993,106,3,2,13
7,1988,120,3,3,13
7,1964,137,2,3,16
0,1966,130,2,3,16
5,1991,69,2,4,16
5,1989,82,2,3,16
5,1986,85,2,4,16
0,1926,184,3,3,20
7,1983,136,2,3,21
7,2001,91,2,2,21
7,2002,64,2,2,21
7,1973,130,2,3,21
3,1973,135,3,4,21
3,1973,144,3,5,21
3,1973,149,3,3,21
2,2015,67,2,2,11
3,1986,117,2,3,21
2,2024,22,1,1,19
3,2017,36,1,1,12
0,1971,157,3,4,22
6,1960,184,3,4,22
0,1960,245,4,5,22
6,1960,173,3,4,22
6,1960,219,3,5,22
6,1971,145,3,4,22
0,1960,261,4,4,22
2,2020,36,1,1,11
0,1960,192,3,4,22
4,2012,51,2,2,2
7,1993,136,3,4,13
7,1988,130,3,4,13
7,1988,133,3,4,13
7,1977,142,4,4,13
7,1988,129,3,3,13
7,2007,58,2,2,13
7,1983,135,3,4,13
7,1988,135,3,4,13
7,1977,162,4,5,13
7,1973,176,4,4,13
6,1991,104,2,2,15
0,1989,112,2,3,15
3,1944,181,3,3,15
2,2015,50,1,1,11
3,1973,226,2,3,21
3,1983,116,3,3,21
2,2019,56,2,2,10
3,1973,151,3,3,21
3,2001,85,2,2,21
3,1983,116,2,2,21
4,2020,25,1,1,10
1,1960,171,3,3,21
0,2019,28,1,1,10
3,1991,87,2,2,21
2,2015,71,2,1,11
3,1977,101,2,3,15
3,1973,112,2,3,15
3,1955,157,3,4,15
3,1955,154,3,4,15
3,1989,78,2,2,15
3,1954,152,3,3,15
0,1996,86,3,3,15
3,1958,152,3,4,15
7,1944,179,2,4,15
0,2019,22,1,1,10
3,1933,200,3,4,15
3,1953,157,3,5,15
3,1986,85,2,2,15
3,1981,100,2,2,15
3,1960,139,2,3,15
1,1985,92,2,2,15
1,1968,131,3,3,13
1,1953,180,4,4,13
1,1966,140,3,3,13
3,1957,175,3,5,13
3,1968,115,3,2,13
3,1983,76,3,2,13
3,1973,126,3,3,13
3,1973,110,3,3,13
3,1973,119,3,3,13
7,1973,137,3,4,13
3,1968,123,3,2,13
2,2015,91,2,2,11
0,1970,79,2,2,12
0,1987,124,3,3,12
0,1989,92,3,3,12
6,1966,161,3,3,12
4,2021,30,4,1,12
0,1980,106,3,2,10
4,1979,118,3,3,10
1,2022,29,1,1,12
1,2022,29,1,1,12
1,2022,29,1,1,12
0,1921,230,3,6,15
0,1996,81,2,2,15
1,1935,238,5,5,20
1,1948,206,4,5,20
1,1956,187,4,4,20
1,1957,185,4,4,20
1,1965,163,4,4,20
1,1947,213,4,4,20
1,1948,211,4,4,20
6,1975,90,2,2,10
3,1950,201,3,4,22
0,1962,134,3,3,19
0,1940,186,3,4,19
3,1949,169,3,4,19
3,1959,146,3,4,15
3,1945,182,3,4,15
5,1985,99,2,3,15
3,1968,123,2,3,15
3,1975,111,2,3,15
0,1949,165,3,4,15
7,1990,157,3,3,22
3,2018,56,2,1,22
0,2008,72,2,2,22
6,1975,112,3,3,10
6,1975,124,3,4,10
6,1975,130,3,4,10
6,1975,137,3,4,10
6,1975,164,3,4,10
7,2004,45,2,1,20
5,2001,67,2,1,20
3,1995,110,3,3,20
5,2018,39,1,1,19
1,1985,75,2,2,2
3,1995,112,3,2,2
0,2000,68,2,2,22
0,2005,60,2,2,11
1,1930,194,3,3,22
1,1930,188,3,3,22
3,1960,142,3,3,22
2,2022,25,1,1,10
3,1960,125,3,2,22
2,2023,27,1,1,11
2,2023,28,1,1,10
3,1995,102,2,3,20
7,1961,195,4,4,20
5,1921,286,5,4,20
4,1959,173,3,2,19
1,1930,237,3,4,22
1,1930,179,3,4,22
1,1943,158,3,3,22
3,1980,107,2,3,22
3,1960,141,3,4,22
0,1993,131,3,3,2
0,1945,187,3,5,2
6,1970,87,3,2,2
0,1970,77,3,3,2
3,1998,77,1,1,14
3,1947,126,3,2,18
3,1940,183,4,3,18
3,1950,172,4,3,18
0,1940,136,3,3,18
0,1940,147,3,3,18
1,1907,192,3,4,22
2,2020,30,1,1,10
1,1920,185,3,4,22
7,1944,214,4,2,20
5,1987,134,3,4,20
3,1975,171,3,4,22
0,2007,71,2,2,11
3,1990,73,2,2,22
6,1995,55,2,2,18
6,1947,108,3,4,19
1,1940,118,2,2,19
1,2015,57,1,2,18
5,2004,54,2,2,22
5,1987,99,2,3,22
0,1984,103,3,3,21
6,1970,170,4,4,21
6,1975,117,2,3,20
0,1945,187,4,4,20
0,1958,159,2,2,20
7,1956,189,4,5,20
1,1956,244,4,5,20
1,1971,186,4,5,20
7,1968,154,3,4,22
0,1926,197,3,5,20
6,1970,129,3,3,21
6,1970,136,3,2,21
2,2012,37,2,1,10
6,1940,143,2,3,22
4,2015,32,2,1,10
2,2024,22,1,1,10
5,1982,101,3,4,3
5,1979,107,4,4,3
5,1985,113,3,4,3
2,2020,32,1,1,10
2,2019,53,2,2,10
5,1963,177,3,4,3
2,2024,23,1,1,11
2,2015,56,2,1,11
2,2020,39,1,1,11
6,1970,145,4,4,21
6,1996,83,2,2,20
4,1949,211,5,6,20
4,1989,103,3,2,20
0,2005,58,2,2,11
6,1917,175,3,3,20
0,1917,178,3,3,20
1,1936,178,3,3,20
0,2003,85,3,2,12
2,2020,32,1,1,11
0,1980,104,4,3,10
0,2010,70,2,2,11
7,1967,73,2,2,13
4,1978,114,3,4,15
5,1994,86,2,2,15
0,1994,89,2,2,15
3,1941,184,3,3,15
0,1923,225,3,4,15
6,1992,66,1,2,15
0,2005,55,2,3,15
0,1961,140,3,4,15
0,2022,29,1,1,15
7,2018,30,1,1,15
0,1930,211,4,5,15
0,2004,52,2,2,15
0,1949,171,3,5,15
1,1995,89,2,2,20
6,1981,147,3,5,20
6,1977,150,4,2,20
0,1971,193,5,3,20
0,1935,203,3,4,14
6,1972,105,2,2,14
0,1990,85,2,2,12
5,1946,149,4,3,20
1,1936,222,4,5,20
0,1988,84,2,1,15
0,1942,184,3,5,15
3,1966,147,2,2,2
1,1950,96,2,2,10
7,1946,219,4,4,13
5,1956,168,3,4,20
0,2010,71,2,2,11
1,1936,193,4,3,20
2,2015,70,1,1,11
2,2015,41,1,1,11
2,1987,220,3,3,20
2,2000,114,3,3,20
2,1997,148,3,3,20
2,1987,170,3,3,20
2,1977,173,3,3,12
7,1965,97,2,2,22
7,1965,99,2,2,22
0,2006,60,2,2,10
5,2006,86,2,2,11
5,2006,87,2,2,11
5,2006,69,2,2,11
0,2006,68,2,2,11
5,2006,67,2,2,11
2,1987,169,3,4,20
2,1987,235,4,4,20
2,1987,197,3,4,20
5,2015,39,2,2,20
1,1990,99,3,2,2
1,1950,134,3,3,2
5,1995,57,2,2,20
2,2015,54,1,1,11
1,1936,210,3,3,20
0,1956,167,3,3,20
1,2023,24,1,1,2
1,2022,29,1,1,2
1,1950,173,3,3,2
3,1940,204,3,4,22
6,2006,82,2,3,11
0,2006,79,2,2,11
3,1957,142,3,3,14
0,1942,137,3,3,14
0,1993,86,3,3,2
5,1993,90,3,3,2
5,1977,132,4,3,2
4,1979,115,3,3,10
4,1979,116,3,3,10
4,1969,141,3,4,10
1,1990,144,3,3,2
2,2015,52,1,1,11
0,1960,151,3,4,20
2,2015,41,1,1,11
1,2011,57,2,2,2
1,1999,95,3,2,2
2,2015,62,2,1,11
7,1960,208,4,5,12
2,1979,162,3,3,12
2,1995,94,2,2,12
0,1998,77,2,2,12
3,1930,240,4,3,13
1,1920,228,4,3,13
7,1985,130,3,3,22
3,1988,100,3,3,22
4,2009,84,3,2,20
4,2009,86,3,3,20
4,2009,78,2,2,20
6,1977,126,3,4,2
4,2006,48,2,2,10
0,1937,154,1,2,14
7,1955,120,3,2,14
0,2007,61,2,2,11
2,2007,93,2,2,11
5,1956,179,3,5,20
1,1927,143,4,3,20
1,1951,109,3,3,20
1,1943,223,4,4,20
0,1991,112,3,3,20
1,1929,249,4,5,20
6,1960,172,4,4,14
1,1949,215,4,3,20
1,1939,227,3,3,20
1,1991,103,3,3,20
1,1943,217,5,4,20
1,1944,213,4,4,20
1,1998,82,3,3,20
1,1941,224,5,4,20
1,1945,209,5,4,20
1,1963,171,3,4,20
3,1985,131,3,3,22
7,1991,92,2,2,22
3,1962,190,3,3,22
3,1955,210,4,4,22
5,1990,88,2,2,22
3,1980,144,2,3,22
7,1978,168,4,6,13
0,2006,64,2,2,11
7,1978,149,5,5,13
7,1988,127,4,4,13
7,1988,143,4,5,13
7,1988,145,4,4,13
7,1983,136,3,5,13
0,2007,49,2,2,13
0,2000,74,2,2,22
0,2000,102,2,2,22
0,2000,62,2,2,22
0,2000,90,3,2,22
0,2000,70,2,2,22
0,2000,67,2,2,22
0,2000,66,2,2,22
0,2000,75,2,2,22
0,2000,71,2,2,22
0,2000,69,3,2,22
0,2000,75,3,2,22
0,2000,80,2,2,22
2,2025,20,1,1,19
0,2010,38,1,1,21
0,1940,136,3,2,18
0,1947,93,2,2,18
0,2011,49,2,1,21
0,1947,92,2,2,18
0,2011,58,1,1,21
0,2011,56,1,2,21
0,1940,130,3,2,18
3,2011,33,1,1,21
5,2025,23,1,1,22
5,2025,25,1,1,22
5,1920,279,5,4,13
0,1942,181,3,3,15
4,2005,70,3,1,13
0,1980,129,4,2,13
0,1980,113,4,2,13
0,1941,183,3,3,15
1,2025,24,1,1,2
1,2025,21,1,1,2
1,1962,168,3,3,2
1,1965,160,3,3,2
1,1972,142,3,3,2
1,1967,154,4,4,2
1,2000,84,2,2,2
5,1932,243,4,5,2
0,1989,100,4,3,2
5,1959,174,5,5,2
0,2005,64,3,2,2
0,1971,146,4,4,2
0,1992,103,3,4,2
1,1970,163,2,3,10
0,2002,74,3,3,2
0,1980,146,3,3,13
0,1990,94,3,2,13
0,1980,112,3,2,13
0,1980,115,3,2,13
5,2025,20,1,1,22
5,2025,22,1,1,22
3,2012,74,2,2,22
1,1940,121,2,3,18
5,1927,217,3,3,16
3,1994,91,3,3,20
7,1978,81,2,2,20
7,1974,152,3,3,20
3,1956,144,3,4,20
2,2021,32,1,1,20
2,2021,21,1,1,20
2,2021,28,1,1,20
0,1963,138,3,4,5
0,1984,123,3,3,5
5,1992,194,3,4,16
6,1993,160,3,4,16
6,1957,187,3,4,16
6,1953,200,3,4,16
2,2015,40,1,1,16
0,1998,64,3,2,16
7,1989,256,2,3,16
2,1973,153,3,3,3
1,1938,184,3,3,12
1,1948,166,4,3,12
7,1990,92,3,2,13
6,1978,66,2,1,12
2,2015,55,2,1,11
2,2015,59,2,2,11
5,1994,84,2,2,21
6,2000,65,2,1,15
6,1966,83,2,2,20
0,1984,67,2,2,20
6,1966,95,2,2,20
6,1980,100,3,3,20
6,1956,117,3,3,20
6,1984,92,3,3,20
6,2002,54,2,2,20
6,1956,101,2,2,20
6,1976,117,3,4,20
6,1946,133,3,4,20
6,1946,122,3,3,20
6,2004,76,3,2,20
0,2002,93,3,3,20
0,1985,108,3,3,5
0,1983,130,3,3,5
0,1985,109,3,3,5
4,1969,174,4,4,5
0,1986,109,3,3,5
0,2013,62,2,2,5
0,1985,118,3,3,5
0,1986,111,3,3,5
0,1980,137,3,4,5
6,1962,140,3,3,5
0,2000,53,2,2,5
6,2005,110,2,2,13
2,2015,86,2,2,11
7,1983,125,2,2,13
7,1973,120,3,3,13
7,1977,124,3,3,13
2,2020,23,1,1,11
6,1950,128,3,4,20
6,1956,103,3,3,20
5,2007,57,2,2,20
6,1966,112,3,3,20
0,1984,138,3,3,20
0,1960,112,3,3,20
0,1956,133,3,4,20
6,1966,121,3,4,20
6,1984,78,3,2,20
6,1956,88,3,2,20
6,1960,111,3,3,20
6,1960,110,4,4,20
6,1960,117,3,4,20
1,1961,109,2,2,17
3,1970,84,2,1,17
6,1968,84,3,2,17
0,1965,92,2,3,17
2,2015,63,2,2,11
0,1950,122,4,4,2
7,1958,190,3,4,22
0,1978,144,3,4,22
2,2015,56,2,2,11
0,1982,108,2,2,15
7,2000,70,2,2,17
5,1948,212,3,6,2
0,1976,78,2,2,21
2,2020,30,1,1,11
2,2020,32,1,1,11
2,2020,35,1,1,11
2,2021,33,1,1,11
2,2021,27,1,1,11
2,2022,25,1,1,11
7,1987,106,2,3,2
6,1942,213,4,5,2
1,2014,49,1,1,2
1,2014,37,1,1,2
1,2024,29,1,1,2
1,2004,71,2,1,2
1,2024,28,1,1,2
1,2024,27,1,1,2
3,1973,137,3,4,2
1,1942,219,4,5,2
2,2023,33,1,1,11
0,1984,88,3,2,21
0,1991,73,2,2,21
0,1986,77,2,2,21
0,1984,90,2,3,21
0,1978,111,2,3,21
6,1956,171,3,4,21
7,1947,184,4,5,21
3,1967,144,4,4,21
3,1968,128,4,4,21
3,1955,172,5,5,21
1,2023,20,1,1,23
2,2020,29,1,1,11
2,2020,41,1,1,11
2,2022,30,1,1,11
0,2000,58,2,2,23
0,1997,82,1,1,23
0,1994,117,2,3,23
0,1998,72,2,2,23
0,1998,102,2,2,23
0,2002,55,2,2,23
0,1988,120,2,4,23
0,1996,95,2,3,23
0,1988,104,2,2,23
0,1996,91,2,2,23
0,1998,90,2,2,23
7,1999,190,2,3,2
2,2020,51,1,2,22
2,2019,26,1,1,10
0,2016,38,2,1,2
0,2016,38,1,1,2
0,2016,42,1,1,2
6,1986,107,2,2,4
2,2019,39,2,1,4
2,2018,37,2,1,4
7,1993,78,2,2,4
7,1985,89,2,2,4
7,1954,166,3,3,4
0,2012,60,1,1,2
0,2012,33,1,1,2
7,1990,75,2,2,4
3,1975,139,4,4,4
3,1960,182,4,3,18
4,1945,207,3,5,2
0,2005,71,3,2,2
0,2005,59,2,1,2
2,2019,24,1,1,10
2,2019,30,1,1,10
2,2019,40,1,1,10
2,2019,45,1,1,10
2,2019,45,1,1,10
2,2019,42,1,1,10
3,1940,152,2,3,18
3,1950,227,2,3,18
3,1940,135,2,4,18
3,1950,182,4,4,18
6,1940,118,3,3,18
0,1923,163,3,3,18
0,1940,124,3,3,18
0,1940,118,3,3,18
0,1977,37,2,2,18
3,1940,207,4,3,19
3,1940,208,4,4,19
3,1940,134,3,3,19
3,1940,194,3,4,19
3,1957,97,2,2,19
3,1940,159,4,3,19
0,1957,100,3,2,18
0,1940,153,3,3,18
0,1947,111,3,3,18
2,2019,47,2,1,10
2,2019,43,1,1,10
2,2019,55,1,1,10
2,2019,54,2,1,10
2,2019,51,1,1,10
2,2019,50,1,1,10
2,2019,53,1,1,10
2,2019,43,1,1,10
6,2025,21,1,1,10
0,1940,117,3,3,18
0,1940,120,3,2,19
0,1957,111,3,2,19
0,1940,185,3,4,19
6,1957,95,3,2,19
0,1993,60,3,2,12
6,1973,115,2,3,12
0,1983,86,2,2,12
0,1993,39,1,2,12
0,1973,110,3,3,12
0,1968,144,3,2,12
0,1958,178,4,4,2
1,1948,201,4,4,2
5,2023,14,1,1,22
3,1940,128,3,2,19
6,1967,169,3,2,10
5,2023,12,1,1,22
5,2023,12,1,1,22
0,1947,120,3,2,19
0,1957,105,3,2,19
2,2014,56,2,2,16
0,1926,150,2,4,17
4,1925,293,4,8,18
2,1992,168,3,3,17
2,1992,138,3,3,17
0,1960,94,3,4,11
1,1936,238,4,4,6
1,1932,245,5,4,6
3,2005,62,2,2,6
3,2009,61,2,2,6
6,1975,134,3,4,6
1,1982,119,3,4,6
0,1998,90,2,3,10
0,1998,110,2,2,10
2,2019,33,1,1,10
2,2020,41,1,1,10
2,2018,36,1,1,10
2,2023,22,1,1,10
1,1917,209,3,4,10
5,1967,98,2,2,21
6,1954,242,3,5,21
2,2020,19,1,1,10
5,1988,82,3,2,16
2,2014,68,1,2,16
2,2014,59,2,3,16
2,2022,20,1,1,16
2,2014,53,2,2,16
2,2014,69,2,2,16
2,2014,65,2,2,16
1,1955,195,3,3,19
5,1966,126,3,3,17
0,1936,161,2,3,17
2,1959,179,2,3,17
6,1969,124,2,2,17
0,1954,152,2,3,17
1,2018,29,1,1,19
1,1981,97,2,2,19
3,1978,97,2,2,19
1,1979,102,2,2,19
0,1950,169,4,4,19
0,1933,135,2,2,17
3,1994,89,2,2,23
7,1977,127,2,2,22
5,1947,255,5,5,2
1,2014,61,2,2,10
1,1917,187,3,4,10
1,1974,142,3,3,10
1,1957,148,3,3,16
5,1936,214,3,2,16
5,2000,39,2,1,16
5,2005,42,2,2,16
5,1986,92,2,2,16
5,2004,47,2,2,16
6,1987,79,2,2,16
2,2014,64,2,3,16
2,2014,82,2,2,16
2,2014,58,2,2,16
2,2014,65,2,2,16
2,2014,53,2,2,16
2,2014,66,2,2,16
0,1980,130,3,4,21
0,1980,123,2,3,21
0,1980,152,3,4,21
6,1977,128,2,3,22
7,1990,92,2,2,22
7,1983,125,3,3,22
7,1983,141,3,4,22
7,1988,100,2,3,22
7,1975,161,3,3,22
7,1968,170,4,3,22
6,1946,190,3,3,16
5,2000,63,2,2,16
3,1963,150,3,2,16
5,2000,60,2,2,16
5,1998,52,2,2,16
5,1996,72,2,2,16
1,1973,118,2,3,16
5,1997,57,2,1,16
5,2017,33,1,1,16
5,2004,59,2,2,16
0,1985,92,3,2,16
1,1961,149,3,3,16
1,1963,135,2,2,16
3,1990,84,2,2,16
3,1968,140,3,3,16
7,1980,123,3,3,21
7,1974,176,3,3,21
3,1969,127,3,2,16
2,2022,29,1,1,16
2,2020,28,1,1,16
2,2022,21,1,1,16
2,2020,28,2,1,16
2,2016,67,2,3,16
5,1968,141,3,3,19
5,1978,104,3,2,19
1,1980,127,4,3,19
0,1974,110,3,3,10
6,1974,96,2,2,10
6,1974,123,3,4,10
6,1976,142,3,5,10
0,1974,114,2,4,10
0,1974,114,2,4,10
6,1974,161,3,4,10
0,1974,112,2,4,10
6,1974,124,3,5,10
0,1974,96,2,3,10
0,1974,127,3,4,10
0,1970,135,3,4,10
0,1974,117,3,3,10
3,1996,61,2,2,16
3,1989,80,2,2,16
7,1984,93,3,2,16
3,1990,77,2,2,16
5,2012,62,2,2,11
1,2013,73,2,2,11
7,2005,60,2,1,17
7,2005,64,2,2,17
0,1940,185,3,3,19
0,1957,164,3,3,19
3,1941,201,4,2,19
0,1974,107,3,4,10
0,1974,107,3,3,10
0,1974,119,3,5,10
6,1974,116,2,3,10
0,1974,120,3,4,10
6,1974,164,4,4,10
6,1974,108,2,3,10
0,2007,61,2,1,10
6,1974,117,2,2,10
0,1974,149,3,4,10
0,1974,117,2,3,10
0,1970,149,3,4,10
0,1974,146,3,5,10
0,1974,106,2,3,10
0,1974,115,2,3,10
0,1974,106,2,2,10
0,1974,126,3,3,10
0,1974,105,3,2,10
6,1976,94,3,2,10
6,1976,95,2,2,10
0,1976,127,3,4,10
7,1989,100,3,3,23
7,1987,101,3,3,23
7,1982,134,3,3,23
7,1985,133,2,3,23
7,2005,63,2,2,23
7,2004,53,2,2,23
3,2005,79,2,2,23
3,2006,67,2,2,23
3,1979,136,3,4,23
2,2021,27,1,1,10
2,2019,31,1,1,10
2,2021,27,1,1,10
7,2005,62,2,2,17
7,2005,36,2,1,17
7,2005,55,2,2,17
1,1960,162,3,3,11
1,1960,153,3,3,11
1,1985,102,3,3,11
1,1960,179,3,3,11
1,1960,148,3,2,11
1,1975,98,2,2,11
1,1960,131,3,3,11
1,1960,128,3,3,11
1,1960,119,3,2,11
1,1985,98,3,2,11
1,1960,138,3,3,11
0,1974,133,3,4,10
2,2019,65,1,1,10
2,2019,20,1,1,10
2,2019,23,1,1,10
2,2019,23,1,1,10
2,2019,24,1,1,10
6,1996,81,2,3,23
5,2005,62,1,1,23
0,2001,69,2,2,23
7,1979,190,3,3,10
4,1980,128,3,4,23
2,1993,190,3,4,20
2,2024,25,1,1,20
2,1993,182,3,4,20
2,1993,130,3,3,20
2,1993,170,3,4,20
2,1993,166,3,4,20
0,1970,140,2,5,10
0,1970,110,2,4,10
3,1999,79,2,2,23
2,2021,31,1,1,10
0,1970,131,2,5,10
3,2000,91,2,2,23
4,1960,221,4,4,11
3,2008,44,1,1,23
3,2008,61,1,1,23
7,2004,61,2,2,23
7,1964,180,4,4,23
5,1975,117,3,3,20
5,1975,160,3,4,20
5,1975,155,2,4,20
2,2020,26,1,1,16
0,2010,60,2,2,17
2,2014,66,2,2,16
2,2014,62,2,2,16
4,1961,167,4,6,5
4,1957,173,4,5,5
4,1959,170,4,5,5
6,1951,164,3,4,5
0,1963,138,3,4,5
4,1954,193,3,6,5
4,1946,203,5,6,5
3,1969,125,3,2,6
3,1984,102,2,2,5
0,2002,51,2,2,5
7,1990,88,2,2,5
3,2015,44,1,1,5
5,1957,174,3,4,5
0,1995,105,2,3,5
3,1987,113,2,3,5
3,1941,216,3,4,5
3,2008,75,1,1,5
0,2001,74,2,2,5
2,2014,50,2,2,16
3,1968,147,3,3,5
3,1957,180,4,3,5
3,1955,177,3,5,5
3,1982,108,3,3,5
3,2001,68,2,2,5
7,1950,195,4,4,5
3,1989,105,2,2,5
3,1996,79,2,2,5
1,1987,123,2,3,6
1,1979,134,3,2,6
3,1975,143,3,3,6
2,2014,57,2,2,16
2,2014,63,2,2,16
7,1976,155,3,4,12
3,1977,138,4,4,12
3,1970,185,3,4,12
1,1983,97,2,2,16
1,1983,114,2,2,16
1,2002,72,2,2,16
0,1921,148,2,2,17
0,1940,115,2,2,17
0,1918,163,3,3,17
0,1959,142,2,2,17
0,1929,136,2,2,17
0,1915,173,4,4,17
6,1942,118,3,3,17
4,1975,104,3,3,10
1,1985,130,2,3,23
1,1985,117,2,2,23
4,1960,170,3,3,10
4,1960,150,2,3,10
1,1975,82,3,2,10
1,1985,52,2,2,10
5,2013,24,2,1,22
5,2013,25,1,1,22
0,1970,149,3,4,21
3,1997,111,3,3,13
3,1972,143,3,2,20
7,1995,88,3,2,20
3,1928,260,4,5,20
6,1948,204,3,3,20
7,1982,127,3,2,20
7,1971,249,4,3,20
7,1927,270,4,4,20
7,1960,180,3,2,20
7,1931,248,5,5,20
3,1976,142,4,3,20
7,1984,115,3,2,20
0,1940,140,2,3,19
3,2019,13,1,1,21
5,1978,115,2,3,21
1,1903,160,4,3,17
6,1975,106,2,2,11
3,1940,127,3,2,18
5,1978,108,2,3,21
3,1940,126,3,3,18
5,1978,147,2,4,21
6,1980,87,2,2,11
6,1931,276,4,7,15
1,1953,116,3,3,17
5,1952,264,3,4,20
2,2023,37,1,1,20
0,1999,65,2,2,23
4,1979,118,3,4,10
4,1960,130,3,5,10
4,1979,108,3,4,10
4,1979,108,3,4,10
4,1960,104,3,4,10
4,1979,116,3,5,10
4,1975,130,3,2,10
7,1926,138,3,3,17
3,1901,196,3,3,17
7,1908,157,3,4,17
4,1930,285,4,4,11
4,1965,147,3,3,11
4,1975,113,4,3,11
3,1936,131,3,2,17
3,1927,142,3,3,17
6,2019,27,2,1,13
3,1927,128,3,3,17
3,1903,157,3,3,17
0,1970,136,2,3,18
6,1940,160,3,4,18
0,1992,68,2,2,17
2,2020,29,1,1,16
2,2016,53,2,2,16
2,2016,41,1,1,16
2,2017,28,1,1,14
2,2017,28,1,1,14
2,2017,28,1,1,14
2,2017,28,1,1,14
2,2017,28,1,1,14
2,2017,44,1,1,14
2,2017,38,1,1,14
2,2017,36,1,1,14
2,2017,36,1,1,14
2,2017,38,1,1,14
4,1995,46,2,1,10
4,1975,110,2,2,10
4,1985,73,2,2,10
4,1974,123,2,2,10
4,1960,179,4,4,10
1,1910,268,4,3,10
4,1974,139,3,2,10
4,1965,159,4,4,10
1,1952,160,3,2,16
1,1946,132,2,2,17
1,1985,63,2,2,10
2,2021,23,1,1,16
2,2021,29,1,1,16
2,2021,28,2,1,16
2,2021,29,1,1,16
2,2021,25,1,1,16
2,2021,39,2,2,16
2,2021,25,1,1,16
2,2022,22,1,1,16
2,2022,20,1,1,16
2,2021,21,1,1,16
2,2022,26,1,1,16
2,2022,20,1,1,16
2,2022,20,1,1,16
2,2022,20,1,1,16
2,2022,20,1,1,16
2,2022,20,1,1,16
2,2022,20,1,1,14
2,2022,20,1,1,14
2,2023,20,1,1,14
2,2023,20,1,1,14
2,2022,20,1,1,14
2,2024,20,1,1,14
2,2023,20,1,1,16
2,2024,20,1,1,16
2,2012,76,1,2,10
2,2012,77,1,2,10
2,2013,64,1,1,10
2,2013,89,2,2,10
2,2015,92,2,2,10
2,2015,80,1,2,10
2,2015,46,1,1,10
2,2017,66,2,1,10
2,2020,32,1,1,10
2,2017,48,1,1,10
2,2017,75,1,1,10
2,2020,24,1,1,10
2,2019,56,1,1,10
2,2024,20,1,1,16
2,2025,20,1,1,16
2,2024,20,1,1,16
2,2017,28,1,1,14
2,2017,28,1,1,14
2,2017,36,1,1,14
2,2017,37,1,1,14
2,2022,20,1,1,16
2,2022,20,1,1,16
2,2020,28,1,1,16
2,2020,26,1,1,16
2,2022,20,1,1,14
3,2004,88,2,2,11
4,2005,151,3,4,11
5,2006,116,2,3,11
0,2007,103,3,3,11
2,2008,90,2,2,11
2,2008,98,2,2,11
2,2019,45,1,1,10
2,2019,51,1,1,10
2,2019,49,1,1,10
2,2019,32,1,1,10
2,2019,31,1,1,10
2,2019,30,1,1,10
2,2019,44,1,1,10
2,2019,49,1,1,10
2,2019,44,1,1,10
2,2021,28,1,1,10
2,2021,45,1,1,10
2,2021,34,1,1,10
2,2021,36,1,1,10
2,2022,42,1,1,10
2,2022,30,1,1,10
2,2019,33,1,1,10
2,2014,64,2,2,10
2,2022,46,1,1,10
2,2017,41,1,1,10
2,2023,20,1,1,14
2,2021,26,1,1,14
2,2022,20,1,1,15
2,2021,31,1,1,16
2,2014,56,2,2,16
2,2024,20,1,1,16
2,2021,28,1,1,16
2,2022,22,1,1,11
4,2022,23,2,1,11
4,2022,24,1,1,11
2,2022,20,1,1,11
3,2011,49,1,1,11
2,2022,23,1,1,11
0,1979,128,3,3,9
4,2024,23,1,1,23
4,2024,25,1,1,23
4,2024,24,1,1,23
4,1990,122,4,4,10
3,1947,95,2,2,19
3,1940,111,2,3,19
3,1940,120,3,4,19
3,1940,154,3,4,19
3,1940,165,3,4,19
3,1940,193,4,5,19
4,2024,21,1,1,23
4,2024,25,1,1,23
4,2024,25,1,1,23
4,2024,24,1,1,23
4,2024,23,1,1,23
2,2020,39,1,1,22
0,1991,109,2,3,22
0,1988,113,2,2,22
5,1940,225,4,5,22
0,1920,186,3,4,22
5,2012,45,1,1,22
5,2012,32,2,1,22
6,2013,31,1,1,22
3,1940,160,4,3,19
4,2023,20,1,1,10
0,1995,98,3,4,22
3,1940,213,3,4,22
0,1990,127,3,3,22
1,1983,149,5,3,22
1,1974,186,5,3,22
1,1964,210,5,4,22
3,2013,28,1,1,22
3,2013,12,1,1,22
5,2013,24,2,1,22
5,2013,22,1,1,22
5,2013,25,2,1,22
5,2013,26,2,1,22
5,2013,32,2,1,22
5,2013,25,1,1,22
5,2013,27,1,1,22
5,2013,35,2,1,22
5,2013,48,1,1,22
5,2013,35,2,1,22
5,2013,25,2,1,22
5,2015,18,1,1,22
5,2013,38,1,1,22
3,2020,16,1,1,21
3,2019,13,1,1,21
3,2019,12,1,1,21
6,1979,115,2,3,16
6,1961,141,3,3,5
0,1969,126,3,4,5
6,1955,154,3,4,5
0,1989,97,3,3,5
6,1945,182,3,4,5
6,1945,178,3,4,5
1,1959,169,4,3,10
0,1990,69,3,2,10
0,1989,133,3,4,5
3,2021,25,1,1,21
1,2022,24,1,1,2
3,2017,12,1,1,22
3,2015,51,2,2,22
3,2015,36,2,1,22
3,2015,35,2,1,22
3,2015,31,1,1,22
5,2015,43,2,1,22
2,1958,184,3,3,2
2,1947,216,3,4,2
5,1961,174,4,5,2
2,2021,26,1,1,1
2,2020,26,2,1,1
6,1980,129,3,3,23
7,1970,165,3,4,23
6,1970,146,3,4,23
7,1970,186,4,5,20
3,1978,149,3,3,20
7,1964,187,4,5,20
6,1981,140,4,4,20
0,1972,180,4,4,20
1,1995,90,2,2,20
1,1991,93,2,2,20
6,1978,126,3,4,20
6,1990,99,2,3,20
3,2015,32,1,1,22
3,2015,35,2,1,22
3,2020,14,1,1,22
0,1970,158,4,5,23
2,2020,31,2,1,1
2,2021,32,1,1,1
2,2021,26,1,1,1
2,2021,30,1,1,1
2,2021,27,1,1,1
2,2017,61,2,2,1
7,1999,71,2,2,1
2,2021,27,1,1,1
0,1989,97,2,2,19
0,1991,88,2,2,19
4,1959,172,3,3,23
3,2015,31,1,1,22
5,1975,115,2,4,10
5,1975,123,3,3,10
2,2021,20,1,1,1
0,1989,93,3,3,1
2,2020,34,1,1,1
2,2021,20,1,1,1
2,2020,28,1,1,1
2,2020,31,1,1,1
2,2020,26,1,1,1
2,2020,35,2,1,1
5,1960,163,3,4,10
4,1974,145,3,2,10
5,1956,124,4,3,20
5,2015,39,2,2,20
0,2017,58,2,1,20
5,2010,69,2,2,20
6,1946,158,3,4,20
0,1997,75,2,2,20
0,1995,101,3,3,20
0,1966,98,3,3,20
0,1956,115,3,5,20
6,1946,133,3,4,20
5,2020,25,1,1,22
7,2015,32,1,1,22
3,2015,40,2,2,22
3,2015,48,2,2,22
5,1995,109,3,3,22
5,1990,96,3,2,22
6,1965,121,3,3,20
7,1949,200,3,2,20
0,1987,108,3,3,20
6,1946,118,3,4,20
6,1936,155,4,4,20
1,1973,161,3,3,23
1,1991,107,2,2,23
5,1970,214,3,3,23
6,1994,89,2,3,9
4,1985,73,2,2,10
4,1985,61,2,2,10
4,1975,79,3,2,10
4,2007,66,2,1,10
4,2023,20,1,1,10
4,1985,64,2,2,10
4,2014,45,1,2,10
6,1975,163,3,4,10
7,1977,134,4,3,3
0,1977,87,1,2,17
6,2003,65,2,2,3
7,1953,174,3,4,2
7,1947,109,2,2,19
3,2004,89,3,2,9
3,1953,159,3,4,2
0,1990,76,2,2,19
4,2019,36,1,1,12
6,2000,54,2,2,21
4,2019,32,1,1,12
2,2018,47,2,2,22
5,1975,114,3,3,20
6,1967,77,2,2,19
1,1960,155,3,3,16
6,1981,95,2,3,21
1,1970,143,3,3,17
6,1985,94,2,2,10
4,1910,270,3,4,17
1,1965,155,2,4,16
1,1959,97,2,1,17
7,1952,203,5,5,3
3,1975,109,3,2,10
7,2006,84,2,3,17
2,2016,40,1,2,17
1,1961,143,3,4,19
3,1966,106,2,2,11
3,1953,152,3,4,2
0,1980,83,2,3,19
3,1953,181,3,4,2
3,1953,92,3,2,2
0,1984,114,3,3,9
1,1930,247,4,5,20
6,2019,25,2,1,13
6,2019,26,2,1,13
1,1988,157,3,3,13
1,2000,109,3,3,2
1,1970,84,2,2,2
4,2015,51,2,2,22
3,1991,63,2,2,22
0,2020,37,2,2,9
0,2020,35,2,2,9
2,2022,28,1,1,15
4,1965,148,4,5,11
5,1993,95,2,3,22
5,1987,90,2,3,3
0,2002,56,2,2,19
0,1982,114,3,3,10
3,2002,100,3,2,2
6,1992,82,2,2,23
5,1970,184,3,3,2
5,2009,102,3,2,2
3,1975,121,3,3,9
4,1917,299,4,4,2
0,1985,72,3,2,2
0,1940,132,3,3,2
6,1945,156,3,3,2
0,1974,147,3,5,9
0,1986,112,3,3,2
7,1998,64,2,2,22
4,1965,177,4,5,11
4,1965,192,4,5,11
1,1932,204,4,5,14
4,2000,80,2,2,11
2,1995,110,3,3,12
0,1943,187,3,5,3
0,1984,70,2,1,19
4,2000,67,2,2,11
2,2003,113,3,3,10
1,1959,160,4,3,10
3,1985,79,2,2,10
6,1955,104,3,2,2
0,2003,63,2,1,22
6,1980,119,3,3,2
6,2003,44,3,2,2
5,2014,58,1,2,11
0,1980,105,3,3,2
0,1955,126,3,3,2
4,1969,166,3,4,19
0,1990,81,3,2,2
0,2002,67,3,2,2
0,2017,39,2,2,3
3,1996,69,1,2,17
4,1930,268,4,4,11
1,1940,209,3,5,18
6,1966,106,3,3,20
5,2014,29,2,1,3
2,2010,48,2,2,21
6,1944,134,2,3,17
6,1921,167,3,3,17
2,2021,20,1,1,11
2,2020,25,1,1,22
6,1992,75,3,2,2
1,2001,94,3,2,2
6,1910,261,5,5,18
6,1963,132,5,4,13
1,1990,91,2,2,2
1,2011,54,2,2,2
1,1946,178,4,4,13
1,1956,153,4,5,13
1,1953,164,4,4,13
6,1950,132,4,2,18
0,1999,102,3,3,20
0,1980,88,3,3,12
5,1970,136,4,3,13
2,2019,45,1,1,10
2,2019,46,1,1,10
2,2019,40,1,1,10
2,2019,34,1,1,10
2,2019,36,1,1,10
1,1975,72,2,1,17
1,1970,89,2,2,17
1,1970,86,2,2,17
2,2010,87,2,2,22
1,1956,153,4,4,13
1,1999,99,3,3,2
7,1923,233,5,5,13
4,1989,93,2,2,13
4,1999,85,3,2,13
1,2014,50,2,2,2
6,1997,88,2,1,13
6,1972,151,4,4,3
0,2023,20,1,1,11
0,1932,146,4,4,17
0,1996,91,3,3,2
2,2019,39,1,1,10
2,2019,42,1,2,10
1,1970,84,3,2,2
6,1985,55,2,2,22
2,2019,50,1,2,10
2,2019,54,1,2,10
6,1936,122,2,1,17
5,1975,176,3,4,20
2,2010,45,2,1,22
0,1970,169,3,2,13
6,1962,117,3,3,20
2,1998,141,3,4,10
0,1997,93,2,1,13
2,1998,173,3,3,10
1,1984,112,2,3,2
3,2005,54,1,1,17
0,1980,83,3,2,11
2,2024,22,1,1,10
2,2023,22,1,1,12
0,1935,126,2,2,17
0,1907,177,3,4,17
0,1930,138,2,4,17
0,1921,150,2,2,17
0,1994,39,2,2,13
0,1970,117,2,4,22
0,1982,131,3,4,13
3,1972,88,2,2,15
4,1974,114,3,3,10
7,1974,149,3,3,13
4,1974,175,3,4,10
2,2020,34,1,1,22
1,1959,174,4,2,10
2,1998,141,3,4,10
5,1992,82,3,2,22
2,2023,26,1,1,12
1,1922,255,4,5,15
5,1961,178,4,4,20
0,1922,158,3,4,17
4,1974,188,3,3,10
4,1974,123,3,2,10
0,1982,100,3,3,3
7,1940,139,3,4,19
6,1984,123,3,3,20
7,1967,106,3,1,19
7,1940,151,3,3,19
7,1950,174,3,3,19
7,1940,156,3,3,19
7,1940,164,3,3,19
7,1940,160,3,2,19
0,1992,68,2,2,22
7,1987,56,1,1,19
1,1974,129,3,3,20
3,1940,133,3,3,19
6,1966,113,3,3,20
6,1956,118,3,3,20
0,1978,83,3,2,20
6,1976,107,3,3,3
6,1960,138,3,3,20
2,2008,70,1,1,22
3,2019,25,1,1,3
0,1970,125,3,4,10
1,1952,198,3,4,13
1,1942,218,4,5,13
1,1982,153,3,2,13
0,1956,140,3,5,10
5,1999,95,2,2,20
1,1955,95,2,2,17
1,1976,93,2,2,17
1,1950,116,2,3,17
1,1944,108,2,2,17
0,2023,18,1,1,11
0,2009,23,2,1,21
7,1970,150,3,2,12
5,2004,67,2,2,17
0,1993,86,2,3,5
2,2020,35,1,1,12
1,1958,179,3,4,20
1,1967,148,3,3,20
0,1990,57,2,2,14
7,1960,153,3,2,19
5,1994,86,2,3,22
3,1940,140,3,3,19
3,1940,162,3,3,19
7,1940,120,3,3,19
3,1947,112,3,2,19
3,1957,82,2,2,19
7,1940,132,2,2,19
6,1960,100,4,3,20
0,1967,88,3,3,19
3,1971,82,2,2,20
1,1949,211,3,3,19
5,1987,101,3,3,13
0,1970,80,3,2,10
0,1993,70,2,1,15
1,1920,244,4,3,10
1,1932,122,2,3,17
6,1985,88,3,2,5
6,1983,100,3,2,5
3,1940,162,4,2,19
3,1947,131,2,2,19
5,1992,66,2,2,22
7,1947,102,3,2,19
0,1997,80,3,2,2
3,1940,163,3,3,19
3,1940,143,4,2,19
7,1947,141,2,3,19
5,1910,205,3,4,2
2,2014,47,1,1,10
2,2014,49,1,1,10
5,1910,219,3,4,2
1,1935,134,3,2,2
1,2003,79,3,2,2
0,1964,150,2,3,12
2,2015,51,1,1,10
1,2002,83,2,2,2
1,1950,127,3,3,2
0,1970,134,3,4,10
2,2015,70,1,2,10
1,2011,45,2,2,2
2,2019,36,1,1,10
2,2015,73,1,2,10
1,1992,123,3,2,2
1,2018,24,2,1,2
2,2020,41,1,1,5
7,1972,151,3,3,22
3,1970,122,2,2,22
4,2020,25,1,1,12
0,1984,107,3,3,7
5,1967,143,3,3,17
5,1993,58,1,1,17
0,1995,91,2,3,23
7,1990,82,2,2,22
1,1977,115,2,2,19
0,2002,83,2,2,22
0,1991,91,2,2,22
2,2019,37,1,1,10
0,1988,87,2,3,23
2,2019,38,1,1,10
1,2009,35,2,2,2
3,1990,57,2,1,10
1,1962,158,3,3,13
1,1995,73,3,2,2
1,1998,104,3,2,2
2,2019,41,1,1,10
1,2014,41,2,2,2
2,2019,38,1,1,10
2,2019,38,1,1,10
2,2019,42,1,1,10
1,1998,103,3,2,2
3,2010,60,2,2,13
0,1956,154,3,5,15
1,2002,65,2,2,2
6,1951,161,3,5,15
4,1970,176,4,5,22
4,1989,109,3,4,22
4,1910,298,4,5,2
0,1962,106,3,3,20
1,1927,229,4,4,13
2,2019,39,1,2,11
2,2021,16,1,1,11
1,1930,281,3,3,18
4,1935,263,6,7,21
6,1966,104,3,3,20
0,1990,129,3,3,11
0,1972,124,3,4,3
1,1950,109,3,3,2
6,1991,78,2,3,15
1,2025,26,1,1,2
1,1950,106,3,3,2
3,1971,144,3,4,10
1,1993,103,3,2,2
2,2019,37,1,1,10
2,2019,35,1,1,10
0,1994,103,3,4,10
2,2019,42,1,1,10
1,1950,149,3,3,2
1,1992,107,3,2,2
3,1971,133,3,3,10
2,2019,38,1,1,10
1,1950,141,3,2,2
1,1991,124,3,2,2
6,1983,120,3,4,20
0,1962,115,3,3,20
2,2015,78,2,2,20
4,1970,218,4,6,22
1,1993,63,3,2,13
1,1923,270,3,4,17
1,1940,135,3,2,19
4,1999,106,2,3,23
1,1968,150,3,3,23
6,1973,126,4,4,3
1,1960,126,3,3,2
1,1991,111,3,2,2
2,2019,41,1,1,10
2,2019,42,1,1,10
5,1997,105,3,2,20
3,1953,130,3,2,2
7,1989,111,3,2,2
1,1967,142,2,3,13
5,1990,85,3,2,10
0,1978,120,4,3,9
0,1968,132,3,4,9
1,1925,202,4,4,16
1,1985,120,4,3,16
0,1984,112,3,3,20
3,1980,122,2,3,22
1,1985,116,3,4,16
0,1986,65,2,2,17
6,1975,68,2,3,10
0,1977,110,2,3,5
3,1995,67,3,1,2
1,1988,147,3,3,13
3,1953,143,3,3,2
1,1978,172,4,3,13
3,1953,160,3,4,2
5,1990,92,3,2,21
4,1969,148,3,4,3
5,1990,97,3,3,21
7,2003,56,1,1,3
5,1982,126,3,4,2
0,1962,140,2,3,19
0,1955,148,3,4,2
0,1987,74,3,2,2
0,1987,84,2,3,22
6,1997,89,3,2,2
7,1948,167,2,6,16
0,1987,96,3,2,2
0,1960,156,3,4,2
1,1980,140,3,2,13
6,1988,80,3,2,2
0,1988,107,3,3,2
4,1999,114,2,3,13
2,1982,192,3,4,2
0,1958,157,3,4,13
0,2008,88,3,3,11
5,1999,86,2,2,23
6,1982,94,2,3,11
0,1980,107,3,3,11
0,1978,85,2,2,18
6,1980,97,2,2,11
1,1955,187,4,3,10
0,2008,66,3,2,22
6,1975,180,4,2,10
0,2013,53,2,2,22
0,1960,160,3,3,18
0,2003,77,3,3,22
0,1956,179,3,4,22
3,1910,223,4,5,2
5,1988,99,3,3,16
0,2004,80,2,3,22
0,1935,138,3,5,2
6,1976,110,3,2,16
5,2001,66,2,2,16
1,1986,105,2,3,22
5,2005,45,2,2,21
1,1999,62,2,1,21
5,1999,77,2,2,16
0,2017,34,2,1,9
6,1989,70,3,2,2
0,1985,92,3,2,2
6,1950,139,3,3,11
0,1982,81,3,2,11
3,1985,128,3,2,10
6,1996,87,2,2,11
6,1983,92,3,2,18
0,2009,93,2,2,10
0,1945,286,4,2,10
2,2011,25,2,2,2
0,1996,129,3,3,20
4,1986,124,3,3,2
5,1999,63,2,1,23
6,1983,105,2,2,21
4,1940,213,4,6,2
0,1975,147,3,4,21
0,2005,59,2,2,10
0,2005,62,2,2,10
0,1965,146,3,3,18
0,2005,63,2,2,10
0,2005,73,2,2,10
4,1975,157,4,3,11
0,2005,59,2,2,10
0,2005,66,2,2,10
0,2005,68,2,2,10
4,1980,184,4,4,11
0,1995,95,2,2,10
0,2003,75,2,3,22
2,2005,30,2,1,2
4,1975,156,4,4,11
0,2010,33,1,1,11
0,1985,100,3,3,11
0,1925,223,4,5,2
0,1992,103,3,3,2
0,1995,89,3,2,2
0,2002,102,3,2,2
0,1985,111,3,3,21
4,1927,250,4,4,2
7,1998,92,2,2,23
0,1925,147,4,4,2
2,2024,21,1,1,12
0,1960,69,3,3,2
0,2003,43,3,2,2
1,1962,176,3,3,23
0,1965,103,3,3,2
6,1986,78,3,2,2
3,1968,145,3,3,22
0,1935,145,4,4,2
1,1986,102,2,2,23
6,1945,212,4,4,18
1,1986,115,2,3,23
0,2006,65,2,2,10
7,1977,98,3,2,13
0,1988,125,3,4,13
0,1998,75,3,3,13
5,2009,46,2,2,13
0,1988,75,2,3,13
0,1968,160,3,4,13
0,1960,128,3,3,2
6,1989,103,2,3,9
4,1965,140,4,3,11
0,1986,88,3,2,2
0,2010,55,2,2,9
0,1993,85,3,2,2
7,1984,115,2,3,9
0,1986,102,3,3,2
0,1986,99,3,2,2
0,1986,103,3,3,2
0,1986,76,3,3,2
6,1992,60,2,2,2
4,1943,230,5,5,1
0,1990,96,3,2,2
0,1991,101,2,3,11
0,2002,57,2,2,20
6,1950,132,3,3,11
5,1946,152,3,3,20
6,1930,152,3,3,2
0,1983,124,4,3,2
0,1960,151,4,3,2
5,1995,36,2,1,20
6,1975,97,3,2,2
5,1936,202,3,4,20
0,1970,139,4,4,2
3,1982,122,2,3,22
0,1915,221,4,5,2
3,2001,89,1,2,23
0,1995,100,2,2,10
0,1995,91,2,2,10
6,1995,88,2,2,10
0,1985,158,4,2,10
3,1985,140,3,2,10
6,1950,178,4,3,18
7,1940,170,3,3,18
3,1967,115,2,2,18
6,2003,54,3,2,2
0,2002,60,3,2,2
0,2002,80,3,2,2
3,1946,179,2,4,16
4,2025,27,1,1,15
0,1980,103,3,3,2
2,2017,52,1,1,16
2,2015,82,2,2,16
6,1984,55,2,2,2
6,2003,84,3,2,2
3,1985,103,3,2,23
0,1987,100,3,2,2
1,1950,175,3,3,19
0,1975,83,3,3,2
0,2007,60,2,2,22
0,2007,54,2,2,22
0,1935,126,3,3,2
1,1947,247,5,4,13
3,2002,114,2,2,23
3,1985,103,2,2,10
0,2003,77,3,2,2
3,1985,110,2,3,22
6,1945,106,3,2,2
3,1985,83,2,3,10
5,1930,164,3,3,2
4,1976,170,3,3,10
3,2009,63,2,2,6
1,1977,142,3,3,13
3,2000,71,1,2,18
6,1945,192,3,5,18
6,1975,76,2,2,22
6,1970,134,2,1,22
1,1968,157,3,3,12
0,1995,89,3,2,13
4,1975,207,4,5,22
3,1976,66,1,2,19
3,2005,45,1,2,19
0,2000,75,3,2,2
6,1960,87,3,2,2
0,2002,54,2,2,2
6,1986,84,3,2,2
0,2008,76,2,3,23
2,2005,56,2,2,2
0,1975,112,3,3,2
3,1989,125,2,3,23
0,1975,129,3,3,2
0,1960,114,3,3,2
5,1988,92,2,2,16
0,1960,108,4,3,2
6,2005,76,3,2,2
0,1960,133,3,4,2
0,1994,91,3,3,9
3,1940,127,3,3,19
0,1975,134,4,4,2
0,1980,78,3,2,2
0,1992,94,3,3,9
4,1927,197,3,3,2
0,1970,131,3,4,10
5,2000,89,3,2,16
4,1973,164,3,3,10
3,1998,136,2,2,12
3,2002,82,2,2,23
0,2004,84,2,3,2
5,1990,108,3,3,2
1,1994,112,2,3,13
7,2003,142,3,3,2
7,1991,96,2,2,13
7,1986,107,3,3,13
5,1999,42,2,2,22
6,1954,216,4,3,18
5,1990,51,2,2,22
7,1965,156,3,2,2
3,1985,162,4,2,10
2,1980,127,3,3,2
3,1985,129,4,2,10
4,1949,221,4,6,10
0,1987,74,3,2,2
0,1990,93,3,2,2
0,1970,120,3,3,2
4,2025,32,1,1,15
2,2017,64,1,1,16
7,1975,133,3,4,22
4,2025,31,1,1,15
0,1990,55,3,2,2
1,1955,174,3,3,16
0,2001,56,3,2,2
1,1978,105,3,2,16
0,1985,82,4,3,2
6,1960,169,3,3,16
3,1998,87,2,2,23
5,1910,162,3,3,2
3,1947,115,2,2,2
3,2004,72,2,2,2
5,1997,66,3,2,2
3,1947,103,2,2,2
7,1947,135,3,2,2
5,1998,125,2,2,12
7,1974,165,3,3,2
5,1998,109,2,2,12
7,1965,141,3,2,2
7,1965,132,3,2,2
3,2005,66,3,2,9
7,1972,155,2,3,2
7,1991,94,2,2,2
3,2003,104,2,2,2
7,1965,132,2,3,2
3,1998,90,2,3,23
1,1925,260,4,5,3
6,1963,167,4,4,3
6,1959,179,4,4,18
2,2018,21,1,1,11
1,1931,248,4,5,3
0,1975,175,4,2,10
7,1965,134,3,3,2
0,1950,111,3,3,2
0,1950,142,3,3,2
2,2011,63,2,2,2
0,1984,97,3,2,2
0,1945,139,3,4,2
0,1960,108,3,4,2
0,1993,64,3,2,2
2,2006,87,2,2,2
0,2002,58,3,2,2
3,1966,122,3,3,11
0,1945,98,3,3,2
0,1985,72,3,2,2
0,2001,68,3,2,2
5,1993,92,3,2,16
6,1940,144,4,3,2
0,1990,81,3,3,2
3,1970,152,3,3,19
0,1997,99,3,3,2
0,2002,79,3,2,2
3,1960,192,3,4,19
0,2006,60,1,2,16
0,1997,49,3,2,2
0,1945,148,3,4,2
0,1975,65,3,2,2
5,1910,182,3,3,2
0,1994,89,3,2,2
0,1989,96,3,2,2
0,1990,96,3,2,2
0,1987,101,3,2,2
0,1969,156,3,3,2
0,1969,167,3,3,2
5,2011,45,2,1,2
0,1995,97,2,3,2
6,1947,95,3,2,18
7,1965,133,3,2,2
2,2005,79,2,3,2
0,1970,62,3,2,2
2,2019,46,2,2,2
0,1970,108,4,3,2
0,1970,108,4,3,2
0,1970,119,4,3,2
0,1970,102,3,3,2
0,1994,90,3,2,2
0,1970,106,3,3,2
0,1965,94,3,3,2
0,1998,72,3,2,2
3,1970,151,3,3,19
0,1994,78,3,2,2
7,2016,43,2,1,22
3,1998,118,2,2,23
0,1988,81,3,2,2
0,1965,92,3,3,2
1,1940,138,3,3,19
1,1973,103,2,2,16
1,1973,101,2,2,16
0,1970,118,3,3,2
0,1965,96,3,3,2
6,1970,83,3,3,2
0,1945,106,3,3,2
0,1987,110,3,3,2
1,1963,149,3,3,16
0,1945,148,3,4,2
1,1998,117,2,2,10
0,1950,112,3,3,11
6,1985,138,4,2,10
6,1977,177,3,3,18
7,1965,206,3,4,2
7,1954,197,4,5,20
0,1970,96,3,3,2
2,2022,37,1,1,2
0,2021,26,1,1,23
7,1948,229,3,4,22
0,1975,66,3,2,2
1,1925,281,3,3,19
4,1917,257,4,5,2
4,1917,252,4,4,2
1,1967,164,3,3,23
1,1983,86,2,2,16
6,1987,106,3,2,2
0,1987,107,3,3,2
1,1940,214,3,3,19
6,1950,144,3,4,2
0,1960,132,3,4,2
0,1965,86,3,3,2
0,1945,161,3,5,2
1,1975,139,2,2,23
6,1950,180,4,5,2
3,1989,140,3,3,23
7,1989,122,2,3,23
0,1950,142,3,4,2
0,1955,85,3,3,2
6,1950,132,3,3,2
0,1994,84,2,3,3
5,1988,94,2,2,17
5,1986,104,2,2,17
6,1935,235,3,4,1
7,1994,68,3,2,10
3,1940,153,3,2,19
3,2015,51,2,2,15
0,1995,110,4,2,10
2,1976,174,3,4,2
6,1975,175,4,2,10
0,1965,223,4,2,10
6,1985,145,4,2,10
7,1973,140,3,4,22
7,1967,142,3,4,22
0,1970,111,3,3,2
0,1995,72,2,3,22
0,1993,77,3,3,2
0,1970,107,3,3,2
3,1982,75,2,1,15
5,1996,68,2,2,16
0,1945,152,3,3,2
0,1980,81,3,1,16
0,1940,174,3,4,2
5,1980,101,3,2,16
3,1980,141,3,2,19
6,1984,84,3,2,2
0,2001,61,3,2,2
3,1989,127,2,3,23
0,1976,97,3,2,16
0,1950,136,3,3,2
0,2002,110,3,3,2
6,1965,97,3,3,2
4,1917,228,4,3,2
6,1935,186,3,4,2
5,1963,292,3,4,15
7,1994,70,3,2,10
4,1965,180,3,4,22
4,1974,146,4,5,12
7,1998,56,3,2,10
7,1997,64,3,2,10
4,1975,154,3,4,22
6,1960,109,3,3,2
6,1982,96,3,2,2
4,1958,209,3,4,22
0,1960,112,3,3,2
7,1974,124,3,2,10
0,1945,281,4,2,10
7,1965,133,3,3,2
6,1985,142,4,2,10
0,1999,82,2,2,13
6,1997,76,2,2,13
2,2011,56,1,2,2
0,1997,72,1,2,13
0,1965,149,4,2,10
0,1970,163,3,4,23
1,1955,161,3,3,11
5,1930,192,3,4,2
0,1970,169,2,3,23
0,1976,122,2,2,21
0,1965,150,3,4,21
6,2003,59,3,2,2
4,2010,43,2,1,22
5,1923,254,4,5,21
0,1985,101,2,3,21
0,1995,95,3,2,2
0,2002,91,3,2,2
6,1995,92,3,2,2
6,1985,80,3,2,2
6,2003,47,3,2,2
0,1999,80,3,2,2
6,2003,70,3,2,2
0,1995,71,3,2,2
0,1990,117,2,2,10
4,1972,171,3,4,22
0,1982,92,3,3,2
6,1980,64,2,2,2
0,1965,162,4,2,10
0,1955,203,4,2,10
2,1982,237,3,5,2
4,1979,117,3,3,20
5,1950,199,4,4,2
6,1961,149,2,4,13
0,1987,86,3,2,2
1,1957,153,3,4,13
1,1998,65,2,2,19
1,1980,207,2,2,19
0,1940,132,3,4,2
0,1979,116,2,3,21
6,1950,129,3,3,11
6,2004,93,3,3,2
3,1996,115,2,2,23
6,1955,129,3,4,2
4,2010,50,1,1,22
0,1925,154,3,3,2
0,2010,48,1,1,22
6,1925,192,3,4,2
0,1972,156,3,4,13
0,1994,96,3,3,2
6,1925,219,5,4,16
4,1975,152,3,4,22
0,1960,114,3,3,2
4,1975,201,4,4,22
0,1980,102,3,2,2
4,1975,196,4,5,22
5,2002,67,2,2,11
0,1980,73,3,2,2
0,1960,129,3,3,2
0,1950,147,4,3,2
0,1982,56,3,2,2
2,1982,207,3,4,2
7,1973,107,3,3,13
1,1980,121,2,2,19
0,2000,95,2,3,18
1,1980,102,2,2,19
5,1989,125,2,4,22
5,1989,108,2,4,22
1,1980,172,2,2,19
1,1980,136,2,2,19
0,1955,147,3,4,2
0,1960,142,4,3,2
5,1977,120,3,4,21
5,1971,135,3,3,21
0,2010,43,1,1,22
0,1960,118,3,3,2
0,1992,90,3,2,2
0,1960,116,3,4,2
5,1974,128,3,4,21
5,1961,160,3,4,21
3,1998,67,2,2,23
6,1997,77,2,2,22
0,1960,123,3,3,2
0,1995,46,3,2,2
2,2024,34,1,1,4
0,1986,57,3,2,2
6,1950,92,3,2,2
6,1986,73,3,2,2
4,1975,159,3,4,22
0,2010,68,2,2,15
0,1986,111,3,3,2
4,1975,162,3,4,22
3,1977,96,3,3,13
2,1982,206,3,4,2
4,1970,138,3,5,11
1,1935,271,3,5,18
0,1962,154,4,4,13
2,1982,208,3,4,2
1,1980,53,2,2,19
0,1947,92,2,2,18
1,1990,86,2,2,19
2,1972,154,3,4,2
0,2012,58,1,1,19
0,1995,115,3,2,10
0,2006,53,2,1,10
0,2006,52,2,1,10
1,2024,20,1,1,2
0,2000,91,2,2,10
2,1970,171,3,3,2
6,2000,73,2,2,10
0,1920,160,3,4,2
0,1955,107,3,2,2
0,1986,106,2,3,22
4,1926,222,5,6,1
6,1960,120,3,4,2
0,1992,120,3,2,2
6,1925,134,3,3,2
7,1959,173,3,4,22
0,1970,115,4,3,2
2,2019,45,2,1,4
0,1970,115,3,3,2
0,2007,59,2,2,12
0,1970,95,3,4,2
0,1996,69,2,2,12
0,1970,123,3,4,2
5,1998,100,2,2,12
0,1970,108,3,3,2
0,1970,91,3,3,2
0,1970,110,4,3,2
2,1982,225,3,4,2
1,1979,127,2,3,18
1,1987,100,3,3,18
2,1982,229,3,4,2
1,1937,127,3,2,18
2,1982,194,3,4,2
0,2004,34,1,1,18
0,1988,86,2,2,21
4,1935,264,4,6,11
0,2000,88,2,2,10
4,1935,209,4,5,11
0,1995,103,3,2,10
4,1935,221,4,5,11
2,1980,135,3,4,2
4,1987,119,3,3,11
4,1987,123,3,4,11
4,1980,132,3,4,11
0,1940,153,3,3,18
0,1995,95,2,2,10
3,1947,102,2,2,19
5,1956,205,4,4,18
4,1957,159,3,4,13
3,1985,107,3,3,22
3,1994,122,2,2,22
0,1920,163,3,4,2
4,1957,148,3,4,13
4,1952,141,4,4,13
0,1960,123,4,3,2
4,1942,200,4,5,13
1,1937,256,4,4,13
0,1960,122,3,3,2
5,1989,83,3,2,21
0,1970,106,3,3,2
0,1971,129,3,3,12
0,1970,94,3,3,2
0,1970,97,3,3,2
0,1970,117,4,3,2
0,1970,125,3,2,2
0,1970,127,3,4,2
0,1970,108,3,3,2
0,1970,90,3,3,2
0,1970,167,3,4,2
0,2003,66,3,2,2
0,1940,215,4,5,2
6,1970,123,3,3,2
6,1960,108,3,3,2
1,1977,131,3,3,18
5,2023,20,1,1,22
1,1974,135,3,3,18
6,1980,109,3,3,11
2,1982,172,3,4,2
6,1982,88,2,2,11
2,1982,182,3,4,2
1,1930,223,2,3,18
3,1940,116,2,1,19
0,1965,87,2,2,18
3,1985,158,3,2,10
0,2008,51,2,1,10
0,1942,238,4,4,18
2,2005,58,2,2,2
0,1947,103,3,3,19
6,1955,205,4,2,10
0,1965,195,4,5,10
3,1985,148,3,2,10
0,1990,101,3,2,10
2,2005,73,2,2,2
6,1990,130,4,2,10
5,1987,115,2,3,13
3,1995,82,3,3,22
0,1945,134,3,5,2
0,1984,109,3,3,22
5,1930,182,3,2,2
6,1968,130,4,5,2
0,2004,61,2,2,22
0,1960,113,3,3,2
0,1997,83,2,2,13
0,1977,135,2,2,13
6,1970,103,4,3,2
6,1957,75,3,2,19
0,1960,111,4,3,2
4,1975,167,4,5,22
0,1950,140,3,3,2
6,1985,79,3,2,2
0,1970,104,3,3,2
0,1945,137,3,4,2
6,1965,116,3,3,2
6,1950,90,3,2,2
0,2003,50,1,1,23
0,1950,114,3,4,2
6,1990,78,3,2,2
0,1987,119,3,3,2
0,1987,65,3,2,2
0,1987,100,3,3,2
4,2021,40,2,1,22
1,1977,124,2,3,23
5,1990,93,2,2,22
4,1949,229,4,5,23
4,1981,151,3,4,23
4,1953,216,4,6,23
4,1968,173,4,5,23
4,1985,133,3,4,23
4,1964,194,4,6,23
4,1953,218,4,7,23
4,1963,187,4,5,23
4,1961,196,3,5,23
5,1990,95,2,3,22
5,1990,90,2,3,22
0,2002,78,3,3,13
6,2002,89,2,1,13
7,1975,101,3,3,22
0,2002,88,2,2,13
7,1970,143,3,4,22
3,1970,124,3,3,22
0,1990,77,2,2,22
0,2002,103,2,1,13
0,1997,75,2,2,22
0,1982,98,2,3,14
0,1947,91,2,2,19
3,1976,102,3,2,14
3,1970,123,4,3,14
3,1951,174,3,4,14
3,1946,174,4,4,14
3,1969,120,3,2,14
3,1957,150,4,3,14
3,1961,139,4,3,14
3,1965,130,3,2,14
2,2022,20,1,1,22
4,1953,190,4,4,21
3,1950,165,4,4,14
4,1985,110,3,3,11
4,1985,107,3,2,11
7,2008,75,2,1,10
5,1980,70,2,1,22
0,1993,87,3,3,22
4,1985,131,3,4,13
0,1971,93,3,2,21
0,1976,111,3,3,21
0,2005,83,2,2,21
0,2005,96,2,2,21
7,1965,125,3,2,12
3,2014,33,1,1,23
0,2007,54,2,2,13
5,1979,113,3,3,22
5,1964,175,3,4,22
5,1974,127,3,4,22
4,1977,144,2,4,22
6,1995,42,1,1,22
7,1965,107,3,3,12
3,1999,101,2,2,23
3,1992,107,2,2,23
7,1992,101,2,2,23
0,1979,160,3,3,2
2,2011,63,1,1,21
6,2001,61,1,2,22
2,2013,77,1,2,21
0,1977,181,3,5,13
5,2000,68,2,2,22
5,2003,50,2,2,23
4,1994,89,2,3,23
7,2006,84,2,2,21
1,1984,105,1,2,14
0,1962,191,3,5,14
7,1968,157,3,3,13
7,1965,191,3,4,22
4,1965,167,4,5,22
4,1984,105,2,4,22
4,1998,70,2,2,22
7,1987,123,3,3,13
4,1992,65,2,3,22
6,1980,141,3,4,10
0,1980,113,2,3,21
0,1986,116,3,3,13
0,1987,116,3,3,13
0,1958,186,4,5,13
7,1978,129,3,4,13
4,1976,128,4,3,2
4,2004,51,1,1,22
5,1981,137,2,3,22
4,1992,79,2,3,22
5,2006,55,2,2,22
5,2011,48,2,1,22
5,2006,50,2,2,22
7,1979,128,2,2,21
4,1970,188,3,5,22
4,1970,150,2,4,22
4,1988,156,3,4,23
7,1991,92,2,2,21
4,1980,112,3,4,22
4,1984,100,2,4,22
4,2000,66,2,3,22
3,1992,73,2,2,22
5,1992,70,2,2,22
5,1977,149,2,3,13
0,2006,54,2,2,13
4,1976,177,5,3,2
4,1992,80,2,3,22
4,1976,228,4,6,2
5,2016,36,1,1,11
5,2016,34,1,1,11
4,1990,86,2,4,22
5,2016,33,1,1,11
4,1968,149,3,5,22
5,1987,92,2,3,22
2,1995,153,3,3,2
7,1966,165,2,3,2
7,1985,95,3,3,22
7,1997,71,2,2,21
0,1960,149,3,3,10
7,1965,83,3,2,22
7,1940,276,5,5,22
7,1985,79,2,2,22
7,1940,212,3,4,22
5,2004,61,3,2,22
2,2001,102,2,2,11
2,2023,20,1,1,22
7,1967,50,1,1,13
0,2011,32,2,2,13
7,1975,134,3,4,22
3,1909,161,4,4,17
0,1998,85,3,3,13
5,1985,152,3,4,22
5,1995,121,2,3,22
2,1994,145,3,3,2
5,1987,107,3,4,22
0,1986,105,3,3,19
5,1990,97,3,3,22
7,1999,49,1,1,21
5,2004,61,3,2,22
0,1962,117,2,3,17
0,1975,111,2,3,19
7,1957,156,4,4,22
0,1975,93,2,3,22
1,2017,45,1,1,2
7,1935,118,4,2,17
7,1990,106,2,3,22
7,1985,120,2,3,14
0,1964,131,2,4,19
5,1987,104,2,4,22
5,1992,81,3,3,22
4,1960,180,3,4,10
5,1987,93,2,2,22
5,1991,119,2,3,22
7,1996,86,2,2,21
6,2000,69,2,2,21
0,2007,74,2,2,2
5,1990,54,2,2,22
4,1939,267,4,4,21
0,2005,45,2,2,2
0,2020,26,1,1,10
0,1966,160,3,4,13
7,1948,256,3,4,22
7,1965,175,3,4,22
6,1966,164,4,4,13
0,1966,163,4,4,13
7,1975,166,4,3,22
5,1998,80,2,2,9
3,1994,115,3,2,22
2,2015,75,1,2,22
2,1974,157,3,3,2
4,1936,291,5,7,2
4,1980,112,3,4,22
5,1991,114,3,3,22
0,1988,128,3,3,13
0,1967,155,3,4,13
0,1987,125,3,4,13
4,2005,57,2,2,22
2,2013,37,1,1,21
2,2011,67,1,2,21
0,2005,93,2,2,22
6,2002,54,1,1,13
4,2005,68,2,2,22
7,1965,193,4,4,22
1,1989,50,2,2,2
7,1978,140,3,3,22
3,1994,130,2,2,22
3,1985,137,3,3,22
7,1988,136,3,3,22
5,1996,133,2,3,22
5,1996,116,2,3,22
5,1996,117,2,3,22
6,2001,87,2,2,13
0,1987,112,3,3,13
2,2010,49,2,2,2
4,1984,99,2,4,22
2,1990,80,2,2,9
2,1989,96,2,3,9
7,1965,137,3,3,2
1,2006,93,2,2,23
0,1970,123,3,3,22
3,2006,81,2,2,13
0,1966,162,4,4,13
0,2006,59,2,2,13
0,2001,57,2,1,13
4,2005,42,2,1,22
0,1991,93,2,3,22
5,1956,160,3,4,12
0,2005,62,2,2,22
6,2002,78,2,1,13
0,1957,122,2,3,22
0,1957,160,3,4,13
5,2004,89,2,2,22
0,1967,156,4,4,13
5,1996,121,2,3,22
1,1985,120,2,3,12
0,1977,117,3,4,13
4,1982,158,4,4,2
1,1984,109,2,2,22
7,1965,194,3,4,2
2,2010,67,2,2,9
7,1965,153,3,3,2
6,1950,123,3,3,11
6,1940,156,3,3,19
7,1957,77,2,2,19
5,1945,249,5,4,18
5,1947,228,5,4,18
0,1992,96,3,2,18
2,1985,183,3,4,22
6,1940,163,3,3,18
0,1994,38,1,1,13
2,2010,108,2,2,22
0,1994,26,1,1,13
0,2002,75,2,2,13
0,1994,34,2,1,13
7,1995,55,2,2,22
0,2011,40,1,2,21
0,2006,68,2,2,22
5,1996,125,2,3,22
5,1996,122,2,3,22
5,1996,115,2,3,22
5,1996,108,2,3,22
6,1967,156,3,4,13
0,1987,134,3,4,13
0,1977,146,4,4,13
0,1967,185,4,7,13
5,1996,137,3,4,22
4,2022,43,1,1,22
3,1983,108,2,3,21
4,2003,62,3,2,2
2,1990,132,2,4,22
2,1990,136,2,4,22
2,1990,118,2,4,22
7,1965,143,3,3,2
0,1997,99,3,3,2
2,1990,129,2,4,22
2,1990,120,3,4,22
2,1990,116,3,4,22
4,1946,185,4,4,2
2,1990,105,3,4,22
2,1990,135,3,4,22
2,1990,135,3,4,22
0,1984,124,3,3,2
2,1990,131,3,4,22
2,1990,126,3,4,22
2,1990,106,2,4,22
0,1993,52,3,2,22
7,1980,138,2,3,22
0,1987,111,2,3,22
0,1998,79,2,2,13
0,2008,60,2,2,13
0,1987,108,3,3,13
6,1977,141,3,4,13
0,1957,194,4,5,13
0,1967,154,3,3,13
5,1997,94,2,2,23
0,1987,115,2,3,13
2,2020,39,1,1,22
0,1986,85,2,2,9
3,1985,95,2,3,22
0,1992,56,3,2,13
2,2022,34,1,1,22
3,2007,74,1,1,13
0,2002,70,2,1,13
0,1987,110,2,2,13
4,1957,165,3,4,12
1,1974,152,2,3,12
0,1997,64,2,2,22
0,1982,63,2,2,14
3,1995,85,2,3,10
0,1995,157,2,2,10
3,1975,194,3,2,10
5,1990,83,3,2,10
3,1999,77,2,2,10
2,2021,38,1,1,22
0,1988,75,3,2,22
2,1990,137,3,4,22
2,1990,120,3,4,22
2,1990,97,2,3,22
2,1990,83,2,3,22
7,2021,32,1,1,22
2,1990,105,2,4,22
2,1990,108,2,4,22
2,1993,119,2,4,22
2,1993,115,3,4,22
2,1993,122,3,4,22
4,1946,196,4,5,2
2,2020,45,2,1,22
2,2020,37,2,1,22
2,1990,109,2,3,22
2,2012,66,1,2,22
5,2014,42,1,1,18
0,2002,52,2,1,13
5,1948,230,5,4,18
5,1988,105,1,1,17
0,1997,47,2,1,13
7,1950,186,3,4,22
7,1995,112,2,3,22
3,1940,137,3,2,18
7,1930,277,3,4,22
5,1948,240,4,5,12
3,1957,98,2,2,18
2,2007,74,2,2,22
0,2006,40,1,2,13
4,1958,203,4,4,21
2,2015,51,2,2,2
2,1990,114,2,3,22
2,1990,130,3,4,22
0,2022,22,1,1,22
3,1990,111,2,2,22
2,1990,124,3,4,22
2,1982,156,3,3,2
2,1990,118,3,4,22
2,2021,21,1,1,1
3,1981,122,2,3,22
2,1990,132,3,4,22
2,2009,44,1,2,22
2,1990,95,2,3,22
2,1990,100,2,3,22
2,1982,177,3,3,2
2,2020,30,2,1,22
0,1979,114,2,4,22
0,1997,24,1,1,13
3,1940,128,2,2,18
2,2012,63,2,2,22
2,2012,69,2,2,22
3,1940,153,3,3,18
3,1947,110,2,2,18
3,1940,142,3,2,18
3,1947,124,3,2,18
3,1940,170,3,3,18
3,1940,150,3,2,18
2,2022,23,1,1,22
2,2007,84,2,2,22
3,1947,105,2,2,18
0,1967,94,4,3,14
0,1947,122,2,2,14
2,1990,106,2,3,22
2,1990,124,3,4,22
6,1958,144,4,3,1
6,1980,122,4,3,2
4,2013,69,1,1,22
2,2011,39,2,2,22
2,1982,188,3,3,2
2,2020,40,2,2,22
2,1993,93,2,3,22
2,1993,93,2,3,22
0,1984,137,3,3,2
2,1993,83,2,3,22
2,1993,124,2,4,22
2,1993,114,3,4,22
2,1993,124,2,4,22
4,1980,137,4,3,11
4,1975,176,4,4,11
4,1975,179,4,4,11
3,1940,138,2,2,18
0,1947,91,2,3,19
7,1981,120,2,2,2
3,1940,146,3,3,18
0,2002,63,2,1,13
6,2002,77,3,2,13
1,1905,152,4,3,18
2,2017,63,1,1,22
2,2017,61,1,1,22
2,2021,35,1,2,14
0,1987,67,2,3,14
6,1978,96,3,3,22
0,2022,14,1,1,23
0,1995,94,3,3,2
6,1977,137,4,3,13
6,1982,102,3,3,11
5,1965,130,2,2,22
2,2017,49,2,2,22
1,2008,74,2,2,22
2,2014,50,2,2,22
2,2020,35,2,1,22
4,1975,151,3,3,11
5,1990,147,3,3,22
1,2022,20,1,1,23
4,2021,37,2,1,22
0,2018,35,2,1,2
4,2021,37,2,1,22
0,2019,41,2,1,2
5,1990,83,3,3,22
3,1957,121,2,2,18
3,1940,112,2,2,18
7,1975,143,3,4,22
3,1940,179,2,2,18
3,1957,98,2,2,18
0,2007,54,2,2,13
3,1940,119,3,2,18
3,1940,160,2,3,18
3,1947,112,2,2,18
3,1947,119,2,2,18
3,1970,134,3,3,22
7,1970,122,3,3,22
3,1975,118,3,3,22
2,2022,20,1,1,22
0,1977,92,3,3,14
2,2017,57,2,1,22
7,1943,245,4,5,12
3,1958,144,4,3,14
0,1996,87,2,3,13
0,1977,135,3,4,13
5,1977,166,2,3,13
2,2017,41,1,1,22
2,2011,36,1,1,14
0,1977,72,2,2,19
3,1980,97,2,3,22
6,1947,118,3,3,19
0,1960,129,3,2,21
6,1940,129,3,3,19
3,1985,100,2,2,22
2,2008,64,2,1,22
4,2015,31,1,1,22
7,1984,114,2,2,22
4,2009,60,2,2,22
6,1947,97,2,2,19
6,1947,106,2,3,19
6,1947,101,2,3,19
0,1986,105,2,3,22
6,1925,236,4,4,18
3,1990,94,2,3,22
3,1995,83,2,2,22
0,1985,91,2,2,11
0,1994,84,2,2,22
4,2004,60,2,2,22
4,1998,75,2,2,22
3,1996,79,2,2,22
0,1910,295,2,4,22
4,1957,186,5,4,5
1,1983,148,4,3,22
4,1995,46,2,2,22
1,1973,169,4,4,22
1,1963,202,5,3,22
1,1990,59,1,1,22
1,1990,73,2,2,22
4,1990,136,2,3,22
6,1980,98,3,2,16
0,1965,135,3,2,16
5,1996,142,2,2,23
4,1970,212,4,5,22
5,1971,140,2,3,22
4,1970,173,4,4,22
5,1977,124,2,3,22
5,1979,111,2,2,22
5,1979,138,2,3,22
3,1957,95,2,2,18
5,1979,106,2,2,22
3,1989,91,3,3,21
2,2013,48,1,2,21
2,2013,49,1,2,21
7,1945,176,4,5,1
2,2013,47,2,2,21
7,1995,75,2,2,23
3,1947,95,1,1,19
3,1957,86,3,2,19
3,1940,146,3,4,19
7,1940,129,2,3,19
0,1950,208,3,4,18
7,1940,151,2,3,19
1,1990,118,5,2,22
0,1993,101,2,2,21
1,1988,127,3,2,22
1,1983,142,5,2,22
1,1984,145,4,3,22
0,1994,96,2,2,22
7,2000,63,1,1,17
5,1977,122,2,3,22
5,1971,136,2,3,22
0,1960,130,2,3,19
7,1960,169,2,3,19
2,2019,31,1,1,19
2,2019,32,1,1,19
2,2019,29,1,1,19
5,1931,158,3,3,18
5,1983,96,2,2,19
5,1959,144,2,2,19
2,2020,28,1,1,19
6,2022,24,1,1,23
3,2013,57,2,1,3
1,1974,161,4,3,22
1,1986,97,2,2,21
2,2023,25,1,1,21
2,2014,71,2,2,21
1,1978,133,2,2,21
3,2003,66,2,2,18
1,1970,157,3,2,21
1,2009,60,2,1,21
1,1973,190,3,2,22
1,1956,216,4,2,21
1,1986,107,2,2,2
0,1955,200,3,3,18
3,2005,54,2,1,23
7,1940,178,2,3,19
7,1976,122,2,3,21
1,1933,237,5,5,1
1,1940,119,3,3,18
7,1976,142,3,4,23
6,1998,64,2,2,1
5,1982,101,2,1,19
5,1998,151,2,2,12
5,1998,147,2,2,12
5,1992,69,1,1,19
5,2001,84,2,2,19
5,1993,86,1,1,19
5,1990,86,1,1,19
5,1990,79,1,1,19
5,1979,100,2,1,19
5,1998,69,2,1,19
6,1973,128,2,3,19
2,2022,26,1,1,19
2,2010,55,2,1,22
3,2013,54,2,1,3
2,2010,73,2,2,22
2,2014,43,1,1,21
1,1973,72,2,2,21
1,1978,162,5,2,22
1,2009,76,2,2,21
1,2009,64,2,2,21
2,2021,33,1,1,21
2,2012,99,2,2,21
2,2017,51,1,2,21
7,1989,105,2,3,5
2,2017,49,1,1,21
2,2020,47,1,1,21
0,1986,102,2,2,22
7,1995,84,2,2,23
3,1955,208,4,4,23
3,1997,95,2,2,23
1,1946,202,5,4,2
7,1972,149,4,4,2
0,1990,85,2,2,14
2,2010,60,2,2,22
0,2007,81,2,2,2
5,1996,79,2,2,23
2,2018,30,1,1,19
2,2018,38,1,1,19
3,1982,179,3,5,22
2,2018,38,1,1,19
5,2002,48,1,1,23
2,2018,30,1,1,19
7,1982,103,3,4,22
3,1982,172,3,5,22
2,2022,26,1,1,19
4,2022,22,1,1,23
2,2018,31,1,1,19
2,2011,65,2,2,21
7,1999,99,2,2,10
1,1988,95,2,2,21
7,1940,146,3,3,19
7,1940,153,3,3,19
0,2008,66,2,2,1
1,1988,79,2,2,21
7,1975,120,3,3,10
0,1994,87,2,2,22
3,2006,106,2,3,21
6,1985,145,3,5,21
7,1925,205,3,3,10
3,1947,111,2,2,18
3,1947,103,2,2,18
0,1999,46,2,1,12
0,1947,111,2,3,19
0,1940,134,3,3,19
7,1947,140,3,3,19
0,2009,60,2,2,22
4,2009,40,2,1,2
4,1982,123,3,4,23
7,1946,268,3,4,21
0,1987,72,2,3,15
0,1994,63,3,3,12
0,1986,118,3,3,10
6,1961,137,3,3,1
0,1992,70,2,2,12
0,1966,155,3,4,12
4,2002,62,2,2,23
3,2013,47,2,1,3
0,1975,71,2,2,10
6,1960,101,3,2,20
0,1975,78,2,2,10
3,1957,79,2,2,18
3,1982,141,3,4,22
2,2018,37,1,1,19
7,1985,86,2,2,10
1,1950,112,3,2,11
5,1995,121,2,3,22
5,1996,73,2,2,21
0,2007,86,2,1,21
1,1974,164,2,2,21
2,2020,46,2,1,21
0,1980,131,3,3,21
0,1977,82,2,3,19
0,1992,98,2,3,9
2,2015,49,1,1,22
0,1987,110,3,3,9
1,1988,80,2,2,23
0,1990,119,3,3,22
3,1910,141,3,3,16
3,1989,76,2,2,12
5,1998,91,2,3,12
0,1992,76,3,2,22
6,1922,180,3,4,15
6,1922,175,3,4,15
0,1997,87,2,3,15
0,1999,101,2,3,15
0,1992,55,2,2,15
6,1960,89,3,2,20
3,2017,29,1,1,22
2,2018,38,1,1,19
1,2014,37,1,1,10
4,2022,39,1,1,22
4,2022,39,1,1,22
4,2022,38,1,1,22
3,1965,135,2,2,10
3,1935,163,3,3,10
6,1985,113,2,2,21
7,1960,126,3,2,10
3,1935,162,3,3,10
0,1998,91,2,2,12
0,1967,161,4,5,23
0,2010,67,2,2,19
0,2009,67,2,2,22
6,1972,107,3,2,15
5,1928,246,4,5,2
0,1987,66,3,2,15
5,1943,214,5,5,2
5,1968,150,3,5,2
6,1922,186,3,4,15
0,1966,131,3,4,17
2,2017,47,1,2,15
6,1922,177,4,4,15
0,1927,195,4,5,15
1,1959,147,3,3,3
0,1982,76,2,2,15
6,1962,103,3,3,15
0,1975,118,3,4,3
6,1967,84,2,2,15
2,2022,28,1,1,19
3,1957,83,2,2,18
3,1947,103,2,2,18
4,1969,139,2,3,22
7,1960,116,3,2,10
3,1960,163,3,2,10
3,1975,111,3,2,10
7,1935,158,3,2,10
6,2000,94,2,2,21
1,1992,77,2,2,1
7,1935,198,3,3,10
7,1988,128,3,4,22
4,1979,129,3,4,2
0,1990,100,4,3,9
6,1932,161,4,4,15
0,1987,73,2,2,15
6,1972,86,2,2,15
0,1987,62,1,2,15
0,1999,67,2,2,15
5,1992,134,2,2,22
0,1942,155,3,4,15
5,1992,90,2,3,22
5,1992,57,2,2,22
2,2016,57,1,2,15
0,1977,90,2,2,15
0,1999,77,2,3,15
2,2018,40,1,1,19
3,1979,62,2,2,18
3,2003,73,2,2,18
7,1960,142,3,2,10
5,1944,183,3,5,3
7,1994,82,3,3,23
3,1960,156,2,3,10
3,1960,121,3,2,10
3,1940,105,2,2,10
3,1975,107,2,2,10
3,1975,102,2,2,10
5,1940,197,3,5,3
5,2016,51,1,1,2
0,1990,95,3,4,23
0,1957,79,2,1,19
1,2021,25,1,1,2
6,1970,66,2,2,22
0,1982,130,3,4,15
0,1959,163,2,4,12
6,1948,202,3,3,2
4,1984,190,4,5,20
2,2020,43,1,2,15
0,1960,110,2,2,22
0,1990,70,2,2,22
0,1972,140,2,3,22
5,1964,157,4,4,2
2,2024,23,1,1,13
2,2014,27,1,1,22
2,2018,37,1,1,19
2,2018,35,1,1,19
3,1960,125,3,3,10
6,1933,200,4,4,3
7,2003,87,2,1,10
3,1975,125,3,2,10
0,2021,115,3,1,2
7,1975,93,3,2,10
3,2022,27,1,1,2
3,1960,133,3,3,10
3,1960,128,3,2,10
5,1998,92,2,2,23
1,1974,138,3,3,2
7,1988,72,2,3,22
1,2016,43,1,1,2
1,1956,188,4,4,2
7,1988,71,2,2,22
0,1982,95,3,3,23
5,1992,113,3,3,22
5,1964,163,3,4,2
6,1975,213,4,6,11
5,1962,221,3,4,22
0,1950,143,2,3,22
7,1960,153,3,3,10
0,1977,110,2,3,3
3,1994,53,1,1,22
4,2017,65,2,2,10
7,1960,148,3,3,10
0,1972,152,3,4,23
3,1994,52,2,1,22
3,1960,147,3,2,10
7,1978,100,3,2,3
7,1960,148,2,2,10
7,1960,209,3,2,10
0,1994,78,2,2,22
7,1975,119,2,2,10
7,1988,84,2,2,22
1,1911,295,4,4,2
7,1988,109,3,3,22
0,1989,95,3,3,19
0,1940,162,3,3,19
0,2010,48,1,2,22
5,1950,255,4,5,21
0,1929,157,3,4,16
0,2001,62,2,2,23
5,1942,210,4,6,2
5,1970,144,4,4,2
0,2000,73,2,2,23
0,1972,70,2,2,16
5,1976,127,3,2,2
0,1993,88,2,2,22
4,1982,138,3,3,23
4,1980,130,3,4,23
2,2008,113,2,3,2
2,2008,72,2,2,2
0,1997,88,2,2,22
4,2017,71,2,2,10
3,1940,138,2,2,18
3,1957,84,2,2,18
3,1980,91,2,2,10
6,1943,177,3,4,3
0,1973,115,3,5,5
1,1939,242,5,4,23
4,2000,80,2,2,11
4,1964,187,4,5,2
0,1940,136,2,3,18
6,1973,134,2,2,2
1,2022,28,1,1,2
2,1962,180,2,4,2
1,1992,95,2,3,2
3,1974,147,3,3,10
6,1997,72,2,2,22
0,2000,69,2,2,22
0,1994,91,2,2,22
2,2008,70,2,2,2
0,2005,97,2,3,22
0,1997,98,2,2,22
0,1997,84,2,2,22
0,2005,83,2,3,22
0,1991,97,2,3,22
0,1991,105,2,3,22
5,1999,72,2,3,21
1,1948,224,3,4,22
4,2000,136,2,2,11
0,2010,39,1,1,22
1,1953,191,3,4,2
7,1988,80,2,2,22
4,1930,277,5,7,21
7,1988,111,3,4,22
4,2021,37,2,1,22
4,2021,36,2,1,22
4,2021,37,2,1,22
5,1970,143,3,2,18
0,2008,68,2,2,22
0,2008,42,1,1,23
2,2024,19,1,1,13
1,2021,29,1,1,2
1,2002,100,2,2,13
4,2000,91,2,2,11
1,1997,105,2,2,13
4,2000,104,2,2,11
7,1940,155,3,3,19
7,1989,142,3,3,22
7,1984,154,3,3,22
6,1975,119,3,3,10
5,2012,66,2,2,22
7,1998,87,2,2,2
0,1911,193,3,3,19
0,1915,177,3,3,19
5,1978,120,2,3,21
0,1911,185,3,3,19
5,1985,150,2,3,22
3,1985,130,2,3,22
4,1978,118,4,3,5
4,1940,197,5,4,5
5,1970,140,3,2,18
6,1970,122,3,4,3
0,1988,110,3,3,2
5,2021,20,1,1,22
4,1980,145,3,3,22
4,1970,169,3,4,22
4,1985,105,3,4,22
4,1970,196,3,5,22
4,1970,205,4,5,22
4,1970,223,4,5,22
4,1970,181,3,4,22
4,1970,118,3,4,22
4,1970,138,3,4,22
4,1970,151,3,4,22
7,1984,147,3,4,22
4,2000,112,2,2,11
2,2020,25,1,1,11
4,1975,126,4,3,5
5,1978,127,2,4,21
3,1980,144,3,3,22
0,1987,76,2,2,13
3,1940,109,3,3,18
6,1940,119,3,3,20
5,1978,124,2,2,21
0,1991,98,3,2,2
3,1940,133,3,3,18
0,2010,72,2,2,22
0,1993,74,3,3,1
5,1975,140,4,3,2
0,1993,96,2,2,2
1,2011,41,1,1,22
5,1990,88,2,3,21
6,1965,129,3,4,3
1,1968,130,3,3,3
5,1904,207,3,3,18
5,1940,193,3,3,18
0,1989,93,2,3,3
4,1960,221,3,3,11
4,1987,129,3,4,22
4,1970,195,3,5,22
4,1970,190,3,5,22
4,1970,195,3,5,22
4,1970,123,3,4,22
4,1970,142,3,4,22
4,1981,87,2,4,10
4,1970,158,3,4,22
4,1970,170,3,4,22
4,2000,110,2,2,11
0,1985,104,2,2,11
0,1985,82,2,2,11
0,1975,133,3,4,22
3,1950,194,3,3,22
1,1968,162,3,3,21
1,2011,41,1,1,22
1,2011,42,1,1,22
6,1998,88,3,2,2
1,2011,56,1,2,22
1,2011,49,1,2,22
1,2011,52,1,1,22
5,1998,89,2,3,22
5,2003,82,2,2,22
0,1984,89,2,2,1
1,1953,255,5,4,22
5,1973,172,3,2,22
4,1967,145,4,4,5
3,1940,110,3,3,19
3,1985,69,1,2,10
0,2000,80,3,2,22
0,1984,121,2,2,16
0,1986,122,3,2,10
0,1991,73,3,2,3
6,1957,91,2,2,19
4,1970,207,4,5,22
4,1970,160,3,4,22
4,1970,196,3,4,22
4,1970,197,3,5,22
4,1970,198,3,5,22
6,1957,66,2,2,19
0,1998,98,2,2,23
6,1947,94,2,2,19
0,1947,102,2,3,19
5,1950,211,3,4,22
4,1950,230,2,3,22
0,2005,65,2,2,22
0,1999,55,2,2,19
6,1957,93,3,2,19
6,1947,100,3,3,19
0,1957,76,2,3,19
2,2012,73,2,2,4
3,1966,97,2,3,11
2,2019,54,1,2,22
1,1910,155,4,3,2
7,1987,97,2,2,11
4,1942,220,5,5,4
4,1935,247,5,5,4
4,2004,106,2,3,10
4,1955,197,4,5,10
4,1955,196,4,4,4
0,1942,184,4,4,4
2,2020,50,1,3,22
0,1993,89,3,3,2
2,2020,34,1,1,22
6,1969,123,3,3,4
2,2020,34,1,1,22
2,2020,32,1,1,22
2,2020,31,1,1,22
0,1993,108,3,2,2
7,1940,124,3,2,19
2,2020,34,1,1,22
3,1999,89,3,3,2
6,2003,69,2,2,2
3,2001,80,2,2,2
1,1925,277,3,4,23
4,1983,164,5,4,10
1,1972,147,3,2,23
0,1990,101,2,3,23
2,2020,34,1,1,22
0,1976,112,2,4,22
0,1970,131,3,3,10
6,1980,77,2,2,10
1,1981,129,2,3,21
2,2020,33,1,1,10
0,1975,140,3,3,12
0,1928,145,4,4,17
1,1980,131,3,3,21
4,2009,42,2,1,11
0,1915,170,3,4,17
1,1956,190,4,4,12
5,1987,77,4,1,18
5,1977,109,4,2,18
1,2002,52,2,2,12
1,1987,123,3,3,18
1,2000,84,2,2,12
4,1928,251,5,6,2
4,1932,244,5,6,2
4,1927,254,5,6,2
1,1987,143,3,3,18
3,1982,123,2,2,2
0,1976,113,4,4,4
2,2020,35,1,1,22
2,2020,30,1,1,22
0,1985,90,2,3,4
0,1986,112,3,3,3
2,2020,28,1,1,11
2,2020,33,1,1,22
6,1997,65,2,2,12
3,2000,84,2,2,23
2,2020,34,1,1,22
0,1987,107,3,3,18
0,2002,64,2,2,12
3,2002,69,2,3,18
0,2007,40,2,1,12
5,1967,141,3,2,18
2,2009,43,1,1,23
0,1977,98,2,2,18
0,1997,71,2,2,23
6,1991,94,2,2,23
4,1925,268,4,6,4
0,1927,151,2,3,17
0,2005,64,2,2,17
0,2000,62,2,2,23
0,1933,134,2,3,17
5,1999,39,1,1,13
6,1908,184,2,3,17
6,1990,93,2,3,23
3,1988,101,2,2,2
7,1949,199,4,4,2
2,2015,54,1,1,22
1,1984,115,2,2,2
2,2015,78,1,1,22
6,1975,99,3,3,10
6,1975,123,3,4,10
5,1923,245,3,3,16
6,2025,50,3,2,19
6,2025,80,3,2,19
0,1984,100,3,3,4
1,1936,232,4,4,2
1,1931,245,4,4,2
1,1937,230,4,4,2
0,1985,93,3,3,4
2,2022,16,1,1,15
5,1982,112,3,1,18
1,1937,292,4,3,18
2,2017,40,1,1,18
6,1980,131,3,4,12
6,1977,127,2,3,12
0,1984,111,2,4,12
1,1946,213,3,5,12
2,2023,16,1,1,15
1,1941,234,3,4,12
6,2004,76,2,2,17
5,1998,27,2,1,13
0,1940,109,2,3,17
0,1986,115,2,4,23
0,1990,66,3,2,10
6,1975,102,3,3,10
1,1943,214,3,4,2
7,1961,170,3,4,2
4,1964,163,3,5,2
7,1986,120,3,3,23
1,1964,173,3,3,21
4,1929,250,4,5,2
1,1942,203,4,5,2
1,1929,251,3,5,2
7,1965,177,3,4,12
2,2019,40,1,1,10
2,2018,35,1,1,22
0,1985,110,2,2,23
2,2015,47,1,1,22
2,2020,38,1,1,22
2,2012,81,1,1,22
2,2012,88,1,2,22
5,1974,137,3,4,2
2,2012,88,1,2,22
2,2012,51,2,2,2
2,2012,76,1,1,22
2,2012,80,1,2,22
2,2012,76,1,1,22
2,2012,97,1,2,22
2,2022,36,1,1,22
0,1973,148,3,4,3
1,2000,84,3,2,2
4,1949,190,4,3,13
0,1987,100,3,3,21
7,1976,126,2,2,21
2,2015,53,2,1,22
0,1985,96,2,2,11
2,2015,60,1,1,22
0,1978,105,2,2,21
7,1962,167,4,4,2
3,1988,114,3,3,2
0,1967,173,4,4,12
4,1929,248,4,6,4
7,1976,151,4,5,23
7,1983,122,2,2,7
7,1969,100,3,2,10
4,1939,228,4,5,4
6,2001,82,2,3,2
2,2012,82,1,2,22
2,2012,79,1,2,22
2,2023,20,1,1,10
2,2021,41,1,1,10
2,2012,100,1,2,22
2,2012,88,1,2,22
0,2024,27,2,2,10
2,2012,97,1,2,22
2,2015,29,1,1,10
2,2019,32,1,1,2
2,2021,28,1,1,10
2,2012,84,1,1,22
2,2015,85,1,1,22
3,1925,258,4,4,4
4,1975,220,4,6,10
2,2019,52,1,2,22
0,1966,163,3,3,4
4,1975,158,4,5,10
1,1989,106,3,2,2
0,1970,140,3,3,4
0,1957,173,4,3,4
2,2020,32,1,1,22
6,1959,162,3,4,4
4,1975,223,4,6,10
3,1990,115,2,2,22
2,2020,32,1,1,22
3,1985,125,3,2,11
1,1938,248,4,4,10
7,1970,123,2,3,17
2,2015,38,1,1,22
1,1941,241,4,4,3
0,1960,157,4,3,18
0,1985,97,2,2,11
0,1928,211,3,4,19
5,1983,115,4,4,2
0,1992,81,2,2,14
1,1959,186,4,3,10
2,2015,42,1,1,22
5,1991,86,3,3,18
5,1960,172,4,5,2
2,2019,20,1,1,23
1,1950,183,3,3,11
1,1985,90,2,2,11
1,1968,158,3,3,11
2,2015,54,1,1,22
2,2015,61,1,1,22
2,2015,74,1,1,22
2,2015,89,1,1,22
2,2016,67,1,1,22
2,2020,67,1,1,22
2,2024,21,1,1,22
2,2008,59,2,2,2
6,1985,109,2,3,23
2,2015,73,1,1,22
2,2012,53,2,1,2
2,2017,34,1,1,22
6,1983,119,2,3,2
4,1955,165,4,5,10
2,2020,40,1,1,22
4,1975,127,3,3,10
2,2010,87,2,2,11
2,2020,34,1,1,22
4,1955,183,4,5,10
6,1941,212,5,5,4
0,1934,120,2,2,15
1,1993,112,3,2,2
4,1975,153,3,4,10
2,2020,33,1,1,22
1,1925,155,4,3,2
4,1955,173,4,5,10
2,2020,32,1,1,22
4,1970,150,3,3,11
5,1960,151,4,3,18
0,1965,151,4,3,18
7,1967,163,3,3,13
7,1988,142,3,3,13
1,1984,160,3,3,22
1,1968,143,3,3,11
6,1965,126,3,3,19
3,1953,189,4,4,4
7,1915,275,4,5,14
1,1968,121,3,3,11
2,2013,75,2,2,10
2,2020,36,1,1,22
2,1970,157,2,3,2
2,2020,41,1,2,22
2,2020,62,1,2,22
2,2012,77,1,2,22
3,1991,94,3,2,2
6,1948,199,4,5,2
2,2012,117,2,2,22
2,2012,113,1,2,22
1,1991,98,3,2,2
2,2020,37,1,1,22
4,1955,150,3,6,10
4,1975,154,4,6,10
0,1999,65,2,2,15
1,1989,144,3,3,22
7,1962,186,4,4,13
7,2022,32,1,1,23
7,1957,202,4,4,13
5,1984,142,3,4,22
7,1937,261,3,5,13
7,1925,279,4,4,14
3,1971,142,3,3,22
6,1994,86,3,2,22
3,1986,104,3,3,22
1,1959,166,4,3,10
3,2020,30,1,1,22
0,1967,137,2,3,14
2,2012,94,2,2,22
2,2020,36,1,1,22
2,2012,93,1,2,22
2,2012,75,1,2,22
2,2019,44,1,1,22
0,1992,85,2,2,2
2,2020,30,1,1,22
2,2012,93,1,1,22
4,2002,65,2,2,2
2,2012,115,1,2,22
2,2012,111,1,2,22
2,2012,82,1,1,22
2,2012,78,1,1,22
6,1977,126,4,2,2
2,2012,99,1,2,22
0,1962,113,3,3,15
2,2019,63,2,2,22
1,1986,117,3,3,2
7,1968,174,3,5,23
0,1917,199,4,4,15
1,1986,110,2,3,2
2,2020,24,1,1,22
3,1995,88,3,3,21
4,2000,79,2,2,11
7,1937,245,4,4,13
3,2000,77,2,2,23
4,2000,83,2,2,11
3,2006,82,1,2,13
3,2006,81,1,2,13
7,1930,260,3,3,14
3,1996,63,1,2,1
6,1976,131,2,4,22
5,1994,84,2,2,22
0,1979,143,2,4,23
1,1950,186,4,3,10
6,1983,112,2,2,22
1,1965,124,4,3,10
1,1950,227,4,3,10
1,1970,92,4,3,10
1,1970,119,4,2,10
2,2012,86,1,1,22
2,2012,84,1,1,22
2,2012,89,1,1,22
2,2020,36,1,1,22
0,2025,41,2,1,18
2,2020,39,1,1,22
2,2012,86,1,2,22
2,2020,39,1,1,22
6,1938,221,4,4,2
6,1971,118,3,3,4
0,1977,123,3,4,4
3,1990,159,3,5,11
2,2019,65,1,2,22
4,1955,191,4,6,10
4,1955,175,4,7,10
1,1998,73,2,2,2
1,1940,199,3,3,19
4,1966,178,4,5,12
7,1957,204,3,3,13
7,1945,229,4,6,3
3,1986,90,3,2,9
3,1977,119,3,3,9
2,2013,58,1,2,16
0,1992,131,2,2,14
0,1977,101,2,3,14
0,1967,151,2,3,14
5,1988,83,2,2,10
7,1996,77,2,2,10
7,1988,80,2,2,10
7,1996,68,2,2,10
7,1993,78,2,2,10
0,1955,165,4,3,10
2,2020,37,1,1,22
3,1990,138,3,4,11
2,2020,49,1,1,22
6,1983,97,3,3,3
7,1947,282,4,4,13
2,2020,31,1,1,22
7,1957,187,5,4,13
0,1987,79,3,3,3
3,2006,109,2,2,13
3,2006,97,3,2,13
6,1977,127,2,4,13
0,2019,43,1,1,2
0,1979,103,3,4,3
0,1990,74,2,3,3
7,1961,170,4,4,2
1,1945,132,3,3,2
0,1951,167,3,2,15
1,1960,79,3,2,2
1,1955,133,3,3,2
3,1993,250,4,4,3
0,1981,76,2,3,16
3,1990,80,2,3,10
3,1990,31,1,1,10
7,2018,33,1,1,16
0,1980,96,3,3,3
6,1948,199,3,5,2
2,2010,39,1,2,3
6,1979,102,3,3,3
1,1985,111,3,3,12
3,1993,88,2,3,22
4,1975,144,3,4,10
4,1975,166,3,5,10
3,1995,89,2,2,18
3,2007,58,2,2,2
3,1961,167,4,3,3
2,2016,39,1,1,3
6,1987,102,2,3,22
0,1977,116,2,3,14
1,1945,124,3,2,2
0,1977,125,3,3,14
1,1950,155,3,3,2
7,1987,133,2,2,14
0,1982,108,3,3,15
4,1940,244,4,5,23
0,1981,93,2,3,3
0,1969,120,3,4,3
0,1975,109,3,3,3
2,2019,24,1,1,3
1,1918,268,3,5,2
4,1975,202,5,3,10
0,2018,53,2,1,20
2,2019,54,1,2,22
0,1967,141,2,3,14
6,1979,123,2,3,22
0,1991,92,2,3,22
0,1980,120,2,3,22
1,1943,132,4,2,2
0,1987,102,2,2,14
4,2015,25,1,1,22
6,1977,103,3,3,4
3,1978,102,3,4,4
6,1990,72,2,2,4
2,1992,98,2,3,2
2,1982,124,2,3,2
4,1975,174,4,5,10
4,1975,214,4,4,10
3,1947,93,2,2,19
1,1983,120,3,3,12
0,1980,91,3,3,10
7,1942,238,4,6,3
5,1988,95,3,3,5
6,1980,175,2,3,10
5,1994,72,2,2,5
5,1996,62,2,3,5
6,2004,72,2,2,20
1,1945,124,4,2,2
3,1965,154,3,3,4
0,1973,135,3,3,4
0,1978,131,3,3,4
6,1963,163,3,4,14
6,2002,65,2,2,14
2,2020,50,2,2,22
6,1936,223,4,5,2
1,2005,78,2,2,22
0,1983,104,3,3,4
4,1974,99,2,2,10
4,1974,91,2,3,10
3,1993,120,2,3,22
3,1988,133,3,3,22
0,1982,101,3,3,4
1,1933,194,3,4,12
1,1990,119,3,4,12
1,2005,68,2,2,12
1,1939,247,4,5,12
4,1975,103,2,3,10
4,1975,145,5,3,10
4,1955,142,3,4,10
4,1955,190,4,6,10
1,1982,124,3,3,12
4,1955,158,4,5,10
4,1955,163,4,5,10
5,1993,101,2,2,16
5,1993,69,2,2,5
5,1991,102,2,2,16
0,1965,167,3,5,15
1,1926,218,4,4,22
1,1940,195,4,4,22
4,1921,267,5,5,4
1,1910,152,4,3,2
0,1951,195,4,5,4
4,1944,211,4,6,4
0,1989,97,2,3,22
3,1953,184,3,4,4
0,1972,120,2,3,14
2,2019,43,1,1,22
1,1989,118,2,2,21
7,1985,110,3,4,23
1,1952,166,3,4,12
1,2005,40,2,2,12
1,1992,67,2,2,12
4,1974,152,3,3,10
1,1913,236,3,4,12
1,2019,23,1,1,2
2,2019,39,1,1,22
1,1946,227,3,5,12
4,1965,159,3,4,23
2,2019,43,1,1,22
5,2013,39,1,1,9
2,2020,45,1,1,22
2,2019,34,1,1,22
6,2005,71,2,2,2
1,1975,133,3,4,12
2,2019,30,1,1,22
1,1999,100,3,3,12
1,1941,234,3,5,12
0,1973,146,3,3,9
6,1980,111,3,2,10
0,1970,138,3,3,10
0,1975,109,3,4,10
0,1975,113,3,3,10
4,2015,75,2,2,22
0,1980,104,2,3,21
6,1985,97,3,2,10
0,1973,88,2,2,17
0,1931,142,3,3,17
0,1980,112,4,3,10
3,1992,77,1,2,16
1,1950,200,3,4,22
2,2021,36,1,1,22
1,1939,110,3,2,16
2,2019,53,1,2,22
7,1997,82,2,3,23
1,1989,85,3,2,2
0,2000,88,2,2,11
3,1995,84,3,3,23
3,1951,190,5,5,4
7,1966,121,3,4,11
2,2020,46,1,2,22
4,1963,206,4,5,22
5,2003,54,2,1,23
2,2020,48,1,2,22
6,1985,94,3,3,4
2,2020,58,2,1,22
1,1999,110,3,3,12
1,1972,158,3,3,12
1,1985,119,3,3,12
1,2000,101,3,3,12
4,1981,120,3,4,2
2,2020,38,1,1,22
1,1983,121,3,3,12
2,2020,36,1,1,22
3,2003,73,2,2,2
1,1975,146,2,3,23
3,2005,66,2,2,2
1,1952,158,5,5,13
0,1970,107,3,3,2
1,1962,137,5,4,13
1,1969,125,4,4,13
5,2013,43,2,1,13
1,1965,135,4,4,13
1,1953,160,4,5,13
6,1948,170,4,4,13
3,1988,120,2,2,2
1,2003,36,2,2,2
6,2001,78,3,3,2
1,1947,117,2,3,18
1,1930,128,3,3,2
5,1961,185,3,5,3
3,1976,113,3,3,5
3,1985,99,3,3,5
3,1985,105,3,3,5
6,1980,102,3,3,5
0,1966,140,3,3,5
4,1929,218,5,4,5
3,1978,104,2,3,3
1,1935,100,2,2,2
1,1925,130,3,2,2
0,1964,139,3,2,19
2,2021,39,1,1,1
0,1926,257,4,6,3
2,1992,102,2,2,3
2,2013,34,1,1,1
0,1989,78,3,2,19
0,1985,85,3,2,19
5,1923,267,3,5,3
5,1971,150,3,4,3
7,1968,154,3,3,3
0,1976,108,3,2,19
2,2018,56,2,2,1
0,1986,82,3,2,19
0,1976,103,3,2,19
0,1975,94,3,3,2
6,2000,88,1,2,14
0,1980,70,3,2,2
0,1986,83,3,2,2
0,2002,51,3,2,2
1,1943,207,5,3,2
1,1966,113,2,2,14
0,1940,138,3,3,21
1,1940,139,3,3,2
1,1990,98,3,3,2
1,2024,21,1,1,2
5,1995,77,2,2,22
5,2013,39,2,1,21
1,1955,134,3,3,2
1,2021,32,1,1,2
1,1990,104,3,3,2
1,2003,76,2,2,2
2,2023,22,1,1,22
7,1968,124,3,2,3
3,1970,73,2,2,11
7,1970,197,3,4,11
2,2020,38,1,1,1
6,1949,200,3,5,3
2,2015,65,2,2,1
0,1987,77,3,1,19
1,1956,186,4,5,1
0,2002,93,2,2,1
0,1946,175,4,2,19
5,1972,178,3,4,21
2,1992,97,2,2,2
0,2012,58,2,1,13
7,1992,84,2,3,22
5,2013,39,1,1,21
1,2017,36,2,1,2
5,2002,84,2,3,22
1,2006,53,2,2,2
0,2025,45,2,1,19
5,1998,80,2,3,22
1,2014,42,2,2,2
7,1949,106,2,3,22
1,1990,85,3,2,2
5,1970,121,3,4,22
1,1955,109,3,2,2
0,1979,121,2,3,22
1,2019,37,1,1,2
4,2000,157,3,5,22
1,1994,120,3,2,2
6,1962,118,3,4,20
7,1940,141,3,3,19
3,1948,221,4,6,19
6,1985,85,2,2,4
3,1952,197,3,3,3
0,1982,95,3,3,4
6,2006,57,2,2,17
1,1941,197,4,4,17
5,2001,67,2,2,17
6,2007,64,2,2,17
1,1961,151,4,3,17
1,1962,136,2,2,17
1,1966,118,3,3,17
1,1941,193,3,4,17
3,1985,106,2,2,14
0,1978,110,4,3,13
0,2000,85,2,2,22
1,1914,288,5,6,3
1,1970,121,3,4,13
0,1997,62,3,2,2
0,1928,253,4,5,3
5,1964,178,5,6,19
0,1983,120,2,3,3
6,1989,91,2,2,19
3,1974,248,5,5,19
3,1934,260,4,6,19
0,1969,125,4,4,4
1,1964,162,3,3,19
7,1967,74,2,1,19
0,1935,213,5,5,4
6,2000,74,1,2,3
6,1996,86,2,2,3
1,1917,147,2,3,17
5,1970,186,3,4,21
5,1967,183,2,3,21
6,1997,84,2,2,3
0,1973,143,3,4,3
5,1942,289,3,7,21
6,1977,56,2,1,17
4,1957,196,4,4,13
0,2012,33,2,2,13
4,2025,26,1,1,10
0,1999,86,3,2,20
1,1943,184,5,5,13
0,1988,90,3,3,13
1,1946,178,4,4,13
4,2022,31,1,1,22
1,1957,154,4,4,13
1,1959,148,3,3,13
3,1998,75,2,2,13
1,1967,126,3,3,13
1,1941,182,4,4,13
1,1958,144,4,3,13
1,1948,167,4,4,13
1,1994,72,2,2,13
5,1908,270,4,5,13
1,1950,164,4,4,13
1,1977,108,3,3,13
1,1945,175,4,4,13
7,1957,85,2,2,19
3,1940,159,3,2,19
0,1964,175,4,4,19
7,1940,128,3,2,19
3,1957,82,2,2,19
6,1956,187,3,5,3
7,1947,97,3,2,19
1,1920,237,4,4,18
0,2005,55,2,2,17
4,1977,122,4,2,13
4,1952,185,4,4,13
4,1957,162,4,3,13
1,1908,152,4,3,17
0,1973,68,2,2,16
1,1914,142,4,2,17
4,1967,156,4,4,13
4,1977,125,4,3,13
1,1908,150,4,3,17
1,1903,132,3,3,17
4,1977,122,4,3,13
4,1972,143,4,3,13
1,1952,89,3,2,17
4,1967,146,4,4,13
1,2005,43,1,1,11
2,2025,21,1,1,22
6,1990,101,3,3,2
6,1944,176,3,3,13
6,1990,71,3,3,13
1,1953,159,4,3,13
5,1918,248,4,7,13
1,1950,201,4,3,3
0,1970,97,3,3,2
5,2000,90,2,3,18
0,1984,113,3,3,2
3,1991,87,2,2,21
3,1985,95,2,2,21
4,1969,160,4,3,3
7,1947,92,3,2,19
3,1940,138,3,2,19
0,1936,237,4,6,3
3,1947,100,3,2,19
0,1981,96,3,3,4
6,1969,152,4,5,3
0,1991,100,3,3,3
6,1959,151,3,4,4
6,1979,126,3,3,3
6,1975,105,3,4,10
7,1940,134,3,3,19
0,1969,154,4,4,3
7,1947,94,3,2,19
7,1940,134,3,2,19
0,1965,163,4,5,3
1,1973,232,4,5,3
1,1962,76,2,2,17
4,1957,176,4,5,13
4,1942,227,4,5,13
1,1908,147,2,2,17
4,1947,203,4,4,13
2,2022,32,1,1,22
4,1942,215,4,5,13
4,1937,225,4,5,13
0,1997,86,2,3,3
4,1957,241,4,5,13
4,1957,183,4,5,13
4,1967,154,3,4,13
7,2010,51,2,2,3
2,2016,50,1,1,16
1,1950,125,3,3,2
0,2017,37,1,1,12
0,2006,68,2,2,20
5,2008,68,2,2,12
1,1951,199,4,4,3
1,1963,164,4,3,3
7,1946,208,4,4,2
7,1975,134,3,3,2
5,1931,242,4,6,3
0,2018,44,1,1,10
7,1972,142,2,2,2
7,1923,264,4,4,2
3,1940,120,3,2,19
7,1940,149,3,3,19
3,1940,118,3,2,19
1,1924,271,4,6,3
7,1940,155,3,2,19
3,1940,159,3,2,19
7,1940,127,3,2,19
1,1955,204,4,3,3
2,2022,31,1,2,22
0,1994,69,2,2,16
4,2022,41,1,1,22
4,2022,32,1,1,22
3,1986,111,3,2,18
0,2018,40,1,1,10
7,1940,161,3,3,2
7,1956,183,4,4,2
0,2020,38,2,1,10
7,1944,214,4,4,2
0,1989,101,3,3,2
5,1986,108,3,3,2
0,1991,94,3,3,2
7,1995,86,3,2,2
3,2005,29,1,1,19
6,1966,164,4,4,3
3,1940,157,3,2,19
6,2022,27,1,1,3
6,1965,132,3,3,4
7,1947,112,3,2,19
0,1937,237,4,6,3
0,1996,92,2,2,3
7,1940,147,3,2,19
0,1986,85,4,3,13
6,1931,215,5,5,13
0,1985,109,3,3,2
6,1976,85,2,2,15
0,1994,65,2,2,16
7,2014,142,3,3,2
7,1965,118,3,2,12
2,2021,27,1,1,12
5,1942,217,3,4,2
0,1961,172,4,4,3
0,1949,204,4,4,3
7,1978,135,3,4,21
3,1992,89,2,2,19
7,1960,180,3,5,3
7,1940,133,3,2,19
4,1980,214,3,3,10
3,1970,135,3,4,10
0,1999,89,3,2,22
7,1940,160,3,2,19
4,1959,172,4,5,3
7,1940,161,3,3,19
0,1991,84,2,2,16
5,1992,118,2,2,23
3,1947,119,2,3,18
3,1940,142,3,2,18
5,1992,122,2,2,23
0,2014,32,1,1,13
6,1969,153,3,3,3
0,1940,185,4,3,2
1,1970,151,2,3,23
1,1948,188,4,4,2
3,1986,83,2,2,12
0,1963,165,3,3,2
4,1974,95,2,1,10
4,1975,133,3,3,10
6,1999,77,2,3,3
3,1957,96,3,2,19
3,1940,162,3,3,19
7,1947,111,3,2,19
5,1989,130,2,3,22
7,1940,127,3,2,19
7,1947,104,3,2,19
0,1998,81,2,3,23
0,1997,73,2,2,23
0,1998,66,2,2,23
3,1940,121,3,2,18
5,1992,114,2,2,23
3,1940,147,3,2,18
3,1993,97,2,3,23
3,1987,145,2,2,23
0,1960,174,3,3,3
3,1947,103,3,2,18
3,1940,161,3,4,18
1,1933,241,4,5,3
6,1988,89,2,1,19
5,1994,87,3,2,10
0,1957,106,3,3,19
2,1977,117,3,3,3
6,1966,111,3,2,20
0,1997,67,2,2,3
3,1947,102,2,4,18
3,1940,166,3,2,19
3,1940,137,3,3,19
5,1996,111,2,2,23
7,1940,137,3,2,19
0,1963,170,4,4,3
0,1967,162,4,4,3
7,1940,136,3,2,19
3,1940,128,3,2,19
3,1940,131,3,2,19
0,1989,105,3,2,3
3,1940,134,3,2,19
3,1940,115,3,2,19
0,1963,170,3,5,3
3,1947,100,2,2,19
6,1986,108,2,2,3
1,1975,138,2,3,3
2,2022,26,1,1,22
0,1979,117,3,3,5
3,2009,68,2,2,6
1,1958,178,3,4,2
1,1956,175,3,5,2
6,1925,263,4,5,3
3,1967,77,2,2,18
7,1958,224,4,6,20
6,1945,182,3,4,14
7,1970,102,2,3,11
6,1957,80,3,2,18
3,1957,77,2,2,18
4,2022,31,1,1,22
6,1992,77,3,3,5
5,1985,112,4,3,5
5,2007,77,2,2,23
1,1947,200,3,5,2
7,1940,143,3,2,19
0,1966,161,3,4,3
7,1940,153,3,2,19
2,2022,36,1,1,10
7,1940,162,4,2,19
7,1940,149,3,2,19
3,1940,113,3,2,19
6,1954,195,3,4,3
0,1951,190,4,5,5
1,1986,102,3,2,2
5,1949,197,4,5,3
5,1963,160,4,5,3
3,1957,98,2,2,18
0,2008,53,2,2,12
0,1940,148,3,2,19
6,1996,65,2,2,12
4,1965,172,3,4,9
6,1953,189,3,5,3
6,1939,229,4,5,3
4,1925,233,6,5,5
7,1992,88,2,2,5
2,2022,36,1,1,10
2,2021,21,1,1,10
3,2005,75,1,1,19
7,1940,144,3,2,19
3,1940,142,3,3,19
0,1980,126,3,3,3
0,1973,142,3,4,3
1,1978,106,3,3,1
0,1970,109,4,3,2
6,1975,137,2,2,11
3,1929,219,2,4,17
7,1933,211,2,3,17
7,1949,174,3,3,17
7,1969,150,3,4,3
7,1937,199,2,3,17
6,1960,171,3,4,2
4,2024,22,1,1,2
0,2009,44,2,1,3
1,1965,84,3,2,2
1,1985,90,3,2,2
3,1985,107,3,3,5
6,1957,78,1,2,19
3,1986,102,2,2,5
7,1995,70,2,2,5
0,2021,26,1,1,10
7,1940,143,3,3,19
2,2016,40,1,1,1
1,1975,109,3,2,11
2,2018,45,2,1,1
7,1940,157,3,3,19
2,2014,51,2,2,1
4,1968,133,4,4,1
7,1940,151,4,2,19
3,1940,137,3,4,19
4,1999,73,3,2,1
4,2001,60,3,2,1
3,1940,148,3,3,19
4,1957,166,3,4,1
3,1947,121,3,2,19
0,1959,175,4,5,3
0,1968,280,4,8,22
3,1970,137,2,2,11
0,1970,122,4,3,2
0,1996,85,2,3,5
7,1961,137,2,3,17
4,1992,111,3,4,23
0,1992,97,2,3,5
0,1993,92,3,2,2
4,1985,118,3,4,23
1,1930,147,3,3,2
1,2011,37,2,2,2
1,2020,24,1,1,2
1,1995,99,3,2,2
5,1998,90,3,2,22
1,1940,147,3,3,19
1,1995,98,3,2,2
1,1987,75,3,2,2
6,1929,172,3,5,22
7,1987,86,2,2,5
2,2021,22,1,1,8
4,2023,24,2,1,2
7,1997,62,1,2,5
7,1987,107,2,3,5
2,2016,46,2,2,1
0,1966,128,4,3,1
1,1981,137,2,3,14
0,1950,180,3,4,2
6,1975,141,2,3,11
0,1988,110,2,2,22
0,1960,80,3,2,2
7,1957,192,3,4,17
1,1959,181,3,3,17
0,1977,147,2,4,13
0,1997,61,2,2,22
2,2022,39,1,1,22
0,1950,171,3,4,22
1,1930,159,3,3,2
3,1990,80,2,2,20
0,1947,120,3,3,18
3,1990,73,2,2,20
5,1988,111,4,3,22
3,1990,144,3,3,20
1,1970,111,3,3,2
1,2004,34,2,2,2
7,1993,74,2,2,5
3,1991,93,2,3,5
3,1987,96,3,3,5
0,1977,128,4,3,5
0,1985,105,3,3,5
4,1927,214,6,6,5
7,1985,87,2,2,5
6,1970,95,2,2,2
0,2005,59,2,2,5
7,2006,89,2,2,13
7,1967,195,4,4,13
2,2021,45,1,2,22
3,1988,114,3,2,3
6,1971,146,3,3,3
6,1957,147,4,4,13
1,1953,162,5,4,13
6,1998,62,2,2,13
1,1970,119,3,3,2
1,1958,147,4,3,13
1,1954,159,5,3,13
1,1980,100,3,3,13
1,1995,64,2,2,13
1,1953,161,4,4,13
0,2000,89,2,2,22
6,1986,94,2,3,13
1,1948,174,5,4,13
7,1984,106,2,2,21
7,1996,82,2,2,21
1,1974,147,2,2,21
7,1984,101,3,2,21
7,1983,96,3,2,21
4,1989,95,2,2,22
6,1980,80,2,2,20
0,1966,160,4,4,9
0,1991,105,2,3,9
0,1980,127,3,3,23
7,1984,102,2,2,23
0,1973,145,4,3,3
1,1907,168,3,3,17
5,1955,190,3,5,3
3,1960,178,3,3,22
4,2005,120,3,3,11
0,1965,258,3,3,11
3,1959,168,4,4,12
6,1970,121,3,5,10
0,1985,192,3,4,11
6,1975,178,3,2,11
5,1970,150,3,3,11
2,2020,35,1,1,11
1,1957,113,3,2,2
2,2020,32,1,1,11
1,1998,104,3,3,2
7,1984,114,2,2,23
1,1967,158,3,4,23
0,1984,110,2,2,23
7,1984,102,2,2,23
7,1984,139,2,2,23
0,2005,58,2,2,22
0,1970,146,2,3,11
6,1970,143,3,3,11
0,1970,105,3,3,10
2,2015,41,2,1,22
1,1947,133,3,3,2
1,1985,100,3,2,2
1,1997,153,3,3,2
1,1998,116,3,3,2
7,1984,102,2,2,23
0,1984,140,2,2,23
0,1984,115,2,2,23
4,1984,144,2,2,23
4,1984,152,2,2,23
1,1917,148,3,4,2
7,1982,123,3,4,22
3,1960,190,2,3,22
5,1990,95,3,3,22
3,1995,84,2,2,22
5,1979,123,3,3,22
1,1972,113,3,3,2
1,1907,151,2,3,2
3,1957,179,3,4,4
0,1985,114,2,3,4
5,1995,21,2,2,22
5,1969,132,2,3,22
1,1990,118,3,2,2
1,1910,208,3,4,2
5,1975,108,3,3,22
1,1990,96,3,3,2
5,1975,104,3,3,22
1,1994,90,3,2,2
1,1990,96,3,2,2
1,1940,136,3,3,2
5,2003,63,2,2,22
5,1971,143,2,3,22
5,1977,128,2,3,22
0,1995,90,3,3,22
3,1983,124,3,3,7
6,1997,90,2,2,22
0,2000,43,2,2,11
1,1930,141,3,3,2
1,1940,136,3,4,2
6,1937,153,3,4,22
0,2002,43,2,2,9
0,1999,38,1,1,21
2,2020,32,1,1,20
6,2000,64,2,2,22
0,2008,76,2,2,22
7,1975,145,3,3,22
5,1975,148,3,4,22
2,1998,162,3,3,20
1,1987,70,3,2,2
2,1995,174,3,4,20
1,1904,172,4,3,19
3,1942,179,2,4,16
4,1932,242,4,6,8
6,1950,131,3,4,22
5,1990,112,2,3,10
2,2021,23,1,1,2
6,1968,157,3,2,2
6,1956,102,3,4,10
4,2012,83,2,2,22
6,1970,122,3,4,10
6,1985,82,2,3,10
2,2020,35,1,1,20
1,1972,141,2,2,22
1,1976,129,2,3,22
1,1985,111,3,3,2
1,1990,91,3,3,2
2,2015,30,1,1,22
3,1986,104,2,3,22
7,1976,149,3,3,23
1,1967,144,3,3,20
1,1947,199,3,4,20
7,1992,87,2,3,21
0,1926,208,4,4,20
2,2000,134,3,4,20
2,2013,76,2,2,20
7,1945,146,3,2,14
0,1951,195,3,2,2
6,1956,126,3,4,10
1,1922,294,4,5,13
1,1952,189,3,4,13
1,1948,200,3,5,20
3,2019,42,1,1,22
7,2004,60,2,2,22
4,1975,157,4,3,11
1,1994,80,2,2,12
3,1940,139,4,4,11
4,1982,161,3,2,11
2,2014,96,2,2,20
5,1975,140,3,4,20
7,1970,125,2,2,14
5,1987,93,2,2,14
3,2019,35,1,1,22
2,2021,29,1,1,20
2,1995,196,3,5,20
6,1935,124,3,3,20
1,1968,101,3,2,11
7,2019,26,1,1,22
3,2004,59,2,2,22
1,1927,176,4,3,2
3,1940,133,3,3,18
0,2002,72,2,2,20
2,2014,67,1,2,20
0,2010,26,2,1,21
3,1940,141,4,3,18
3,2011,18,1,1,21
3,1957,99,2,2,18
1,1930,192,3,4,11
6,1962,117,3,4,20
0,2001,80,3,3,20
1,1968,119,3,2,11
0,1994,93,2,3,2
1,1968,139,3,3,11
1,1981,90,2,2,11
6,1932,238,5,3,2
1,1968,161,3,3,11
2,2019,60,2,1,20
0,1982,131,3,3,15
1,1968,123,4,3,13
1,1939,222,3,4,22
1,1934,234,3,4,22
1,1922,231,5,4,13
1,1995,94,2,2,18
1,1976,109,3,3,13
5,1970,106,1,2,18
1,1975,96,3,2,11
1,1950,145,3,3,11
1,1930,155,3,3,11
0,1962,104,3,2,20
2,2014,85,1,2,20
4,1960,150,3,3,14
0,1965,137,3,2,14
7,1968,175,3,4,21
3,1968,180,2,3,21
5,1975,132,2,3,22
1,1968,148,3,3,11
7,1968,156,3,3,21
1,1968,141,3,3,11
7,1983,95,3,3,21
1,1968,161,3,3,11
1,1984,117,3,3,11
2,2021,34,1,1,11
7,1983,98,2,2,21
2,2021,34,1,1,11
7,1983,100,2,2,21
7,2001,72,2,2,21
0,1995,81,3,2,2
5,1924,215,3,3,13
1,1996,73,2,3,13
1,1980,74,3,2,11
0,2005,74,2,2,19
1,1980,87,3,2,11
6,1970,127,2,3,3
7,1940,141,3,2,19
7,1967,68,2,2,19
0,1965,150,3,2,14
7,1940,121,2,2,19
0,1990,70,2,2,19
5,1970,146,3,3,19
6,1965,156,3,3,11
7,1986,91,2,3,21
7,1988,89,2,2,21
6,1955,172,3,3,11
7,1993,57,2,2,21
6,1952,140,3,3,15
2,1988,100,3,3,22
2,1996,180,3,4,20
3,1980,156,3,4,22
3,2011,52,2,2,21
2,2014,90,2,2,20
1,1930,164,3,3,11
1,1930,163,3,3,11
0,1996,83,3,3,3
4,1984,226,4,4,10
1,1930,171,3,3,11
4,1990,148,4,4,10
4,1990,108,4,4,10
5,1984,144,2,4,22
5,1990,75,2,2,19
7,1950,189,3,3,11
3,1950,161,3,3,11
7,1950,142,3,3,11
0,1997,64,1,2,13
5,1986,106,2,3,22
5,1986,105,3,3,22
5,1978,124,3,4,22
0,1997,115,2,3,22
5,1991,93,3,3,22
5,1970,144,3,5,22
5,1967,153,4,6,22
0,2000,65,2,2,22
2,2025,23,1,1,22
2,2007,76,2,2,20
1,1985,111,2,2,11
7,1997,107,3,2,11
7,2004,64,1,1,11
4,1990,138,4,4,10
2,2018,44,1,1,20
6,1959,116,3,3,22
3,1989,97,3,2,22
7,1984,111,3,2,21
1,1948,260,3,4,21
0,2000,61,2,2,22
0,2000,91,3,3,22
1,1958,201,3,3,21
5,1980,114,2,2,10
3,1940,121,3,3,18
0,2007,52,2,2,1
0,1940,189,3,3,18
1,1960,169,3,3,19
3,1965,158,3,4,1
6,1972,139,3,4,1
7,1965,120,3,2,14
7,1945,186,3,3,14
0,2010,38,1,1,13
0,1970,122,4,3,10
0,1961,147,3,4,19
0,1979,101,2,4,19
0,1965,140,2,2,14
2,2000,113,3,3,20
2,1993,135,2,3,20
1,1983,107,2,2,21
2,1993,138,2,3,20
7,1986,92,2,2,21
7,1997,85,2,2,21
2,2012,39,2,1,1
0,1993,69,2,1,17
0,1975,108,3,4,3
6,1926,218,3,4,22
0,1977,136,4,4,9
0,1983,122,4,3,9
3,2021,24,1,1,21
3,1975,153,3,3,21
6,1978,112,3,3,21
2,2018,42,1,1,16
2,2016,37,1,1,16
0,1985,116,3,4,21
2,2016,40,1,1,16
2,2018,45,1,1,16
0,1965,196,3,3,14
6,1970,125,3,3,10
6,1970,80,3,2,14
6,1975,163,3,2,14
7,1988,103,2,2,21
1,1948,260,2,2,21
5,1974,135,4,5,22
5,1973,137,3,4,22
7,1984,116,2,2,21
7,1984,123,2,2,21
2,1996,114,3,4,20
6,1958,178,2,5,3
6,1973,147,4,4,9
7,1963,178,3,5,23
6,1996,45,2,2,23
2,1986,129,2,2,9
3,1960,186,3,4,22
0,1969,154,3,3,9
0,1986,125,2,3,23
6,1984,70,2,2,23
6,1984,113,2,2,23
6,1984,89,2,2,23
1,1985,65,3,1,11
1,1930,175,3,3,11
6,1985,114,3,2,11
7,1968,210,3,4,11
4,1984,188,3,4,20
4,1984,150,4,4,20
4,1984,144,4,3,20
4,1984,160,4,4,20
1,1953,186,3,3,21
0,1975,128,3,3,16
4,1984,181,5,5,20
4,1984,154,5,4,20
6,1980,174,2,2,10
4,1987,175,5,4,20
4,1984,194,5,5,20
0,1985,79,3,2,10
3,1985,87,2,2,17
1,1939,184,3,3,17
0,1999,64,3,2,12
3,1925,200,3,4,18
1,1972,102,3,2,17
1,1980,86,2,2,17
1,1987,83,2,1,17
1,1982,84,2,2,17
3,1940,182,3,3,18
3,1996,80,2,2,10
3,1925,177,3,2,18
1,1991,101,3,3,21
3,1996,120,3,3,10
1,1989,103,3,3,2
1,2000,64,3,2,2
0,2006,61,2,1,23
1,2011,52,2,1,2
1,1960,94,3,2,2
1,2016,49,2,1,2
0,1996,29,1,1,23
2,2019,35,1,1,10
0,1964,137,4,4,1
1,2001,83,3,3,2
0,2000,58,1,2,12
1,1997,112,2,3,13
1,1920,167,3,3,16
1,1935,137,3,3,16
6,1975,106,3,3,10
0,2004,102,2,3,11
4,2018,36,2,1,9
6,1994,106,3,3,22
3,1925,189,3,3,18
3,1925,170,3,4,18
0,2000,57,2,2,12
2,2022,27,1,1,10
0,2014,46,2,1,22
4,1933,204,4,4,1
0,2014,86,2,2,22
0,2014,73,2,2,22
7,1942,241,4,5,23
1,1973,153,3,3,23
0,2014,60,2,2,22
1,1996,104,2,2,23
0,2014,44,2,1,22
0,2014,44,2,1,22
1,1985,114,2,2,23
0,1990,129,2,3,22
0,1990,119,2,3,22
0,1995,120,3,4,22
4,1957,179,4,5,3
1,1914,208,3,3,14
5,1995,104,2,2,22
7,1995,100,2,2,22
6,1948,207,3,5,3
7,1960,131,3,3,11
1,1920,212,4,4,11
3,1982,127,3,3,22
3,1960,124,3,3,11
3,1960,100,3,3,11
0,2001,102,3,3,17
6,1975,100,3,2,2
0,2014,61,2,2,22
0,2014,55,2,2,22
6,1986,102,2,3,23
6,1985,101,2,2,23
1,1997,82,2,3,13
1,1967,166,3,3,13
6,1982,113,2,3,23
0,1957,97,2,2,19
6,1975,130,3,4,22
4,1985,111,3,3,23
0,1947,123,2,3,19
4,1983,115,3,4,23
6,1940,180,3,3,19
4,2018,37,2,1,20
4,1984,182,5,5,20
4,1984,201,4,5,20
0,1982,114,2,3,20
0,1982,121,3,4,20
4,1982,142,3,4,23
0,1986,109,4,3,3
3,1960,137,3,3,11
7,1933,123,4,4,17
0,1997,69,3,3,22
4,1962,139,4,4,9
0,1986,112,3,3,23
0,2014,79,2,2,22
0,1996,87,2,2,10
0,2014,63,2,2,22
0,2014,66,2,2,22
0,2014,56,2,2,22
0,2014,57,2,2,22
0,1996,92,2,3,10
0,2014,43,2,1,22
6,1917,272,4,3,5
0,2014,43,2,1,22
2,2017,36,1,1,22
7,2009,63,2,2,22
5,1986,88,3,1,13
5,2009,56,2,2,22
3,1998,103,2,2,23
5,2014,43,2,1,22
0,2005,54,3,1,2
0,2012,61,2,2,22
0,1991,92,3,3,22
6,1953,147,2,3,16
5,1984,116,4,4,3
5,2012,46,2,2,23
5,1970,150,3,4,3
0,2002,71,2,2,20
4,1975,151,3,4,23
5,2010,51,2,2,23
0,1999,70,2,1,20
0,1996,86,3,3,3
5,1999,77,2,2,3
5,1915,289,4,6,3
5,1930,254,5,6,3
5,1945,203,5,3,2
5,1958,174,4,5,2
0,1988,98,2,3,22
5,1956,180,4,5,2
6,1973,120,3,3,5
2,2014,48,1,1,22
6,1966,132,3,4,5
2,2007,92,2,2,22
2,2007,86,2,2,22
2,2007,92,2,2,22
2,2007,77,2,2,22
0,2004,117,2,2,11
2,2007,104,2,2,22
2,2012,50,1,1,22
4,1962,160,3,3,1
2,2012,57,1,2,22
2,2012,59,1,2,22
2,2012,59,1,2,22
2,2012,59,1,2,22
2,2012,48,2,1,22
3,1920,173,3,4,2
6,1975,122,3,3,10
1,1952,224,4,4,13
3,1998,90,2,2,23
1,1957,206,4,3,13
1,1997,77,2,2,13
4,1916,236,5,7,20
4,1916,284,4,6,20
2,2014,79,1,1,23
4,1916,287,6,6,20
4,1987,127,4,4,20
4,1987,136,3,3,20
6,1980,114,3,3,11
6,1982,114,3,2,2
2,2012,62,1,1,22
2,2014,37,1,1,22
1,2017,32,1,1,10
0,2004,90,2,3,11
0,1945,186,3,4,2
2,2021,39,1,1,22
0,1980,133,2,2,11
4,1975,157,3,3,10
2,2021,38,1,1,22
2,2007,112,2,2,22
1,1994,122,2,3,22
6,2004,75,2,3,22
0,2008,75,2,2,13
1,1944,99,2,3,13
1,1999,104,2,3,22
2,2019,55,1,2,10
7,2004,79,2,2,22
0,1957,96,2,2,18
2,2019,48,1,1,10
2,2019,44,1,1,10
6,1940,152,3,4,18
1,1990,139,3,3,22
5,2012,42,2,1,22
4,1916,240,5,6,20
4,1933,220,4,6,4
0,1998,78,2,2,23
4,1986,154,4,4,20
4,1916,233,4,5,20
6,1986,79,2,2,20
0,2001,63,2,2,23
4,1941,198,4,6,4
0,1994,69,2,2,20
0,1980,101,2,3,11
0,1982,123,3,3,20
6,1946,120,2,2,20
7,1977,79,2,2,17
5,2002,102,2,2,17
5,2003,137,2,2,17
6,1982,123,2,2,17
6,1947,201,3,4,2
1,1933,187,3,3,17
6,1961,168,3,4,2
2,1985,123,2,4,2
5,1927,254,5,6,2
7,1972,103,2,2,14
0,1986,109,2,2,9
2,2014,63,1,1,22
0,1970,99,3,3,10
0,1967,122,3,3,18
0,1957,97,2,3,18
5,1910,230,3,3,2
6,1957,77,2,2,18
0,1940,136,3,4,18
6,1940,162,3,3,18
1,1985,114,2,3,10
0,2018,51,2,1,4
6,1947,113,3,2,18
3,1998,101,2,2,23
1,1974,139,3,3,23
1,1985,102,2,2,23
7,1983,116,5,3,2
6,1972,141,3,3,1
7,2022,17,1,1,21
6,1942,214,4,5,1
1,1995,79,2,2,23
7,1970,160,3,4,23
1,1948,196,4,3,2
5,1948,209,5,6,2
5,1979,131,5,3,2
3,2003,69,2,2,23
4,1999,67,2,2,10
2,1981,132,3,3,2
0,2023,21,1,1,2
5,1954,187,5,5,2
0,1984,92,3,3,3
5,1998,95,2,2,21
0,1978,123,4,4,4
0,1996,89,2,3,4
0,1939,127,3,4,18
1,1974,134,2,3,23
3,1969,152,2,5,4
7,1946,175,3,3,17
2,2022,23,1,1,21
2,2022,23,1,1,21
7,1946,149,3,3,2
7,1970,143,5,3,2
7,1970,147,4,4,2
4,1982,145,3,3,23
4,1999,81,2,3,23
6,1940,216,4,3,19
1,1968,153,2,3,23
7,1936,201,4,5,2
6,1940,151,3,3,19
5,1936,234,4,4,2
5,2019,52,2,2,2
5,2022,29,1,1,2
7,1957,78,3,2,19
0,1947,157,3,5,19
0,1990,85,3,3,22
0,1947,118,3,3,19
0,1990,90,2,2,19
0,1963,114,3,4,22
0,1990,95,2,2,10
4,1969,150,3,4,21
3,1987,125,2,2,21
7,1998,83,2,2,23
2,2022,23,1,1,21
2,2022,23,1,1,21
2,2023,18,1,1,21
2,2023,18,1,1,21
2,2023,18,1,1,21
2,2023,18,1,1,21
2,2023,18,1,1,21
3,1987,121,3,3,10
4,1970,165,3,5,23
1,1971,142,2,3,23
6,1940,112,3,2,19
0,1940,150,3,3,19
1,1985,84,3,2,2
0,1982,102,2,3,20
3,1971,126,3,3,10
1,2010,55,2,2,2
0,1967,82,3,2,19
5,1974,136,5,3,2
5,2019,24,1,1,2
5,1953,187,5,3,2
6,1981,92,3,2,3
3,1940,147,4,3,19
0,1957,85,3,2,19
0,1940,127,3,3,19
6,1921,177,3,4,22
6,1935,152,3,3,22
5,2011,30,1,1,18
2,2011,51,1,1,23
3,1940,137,3,3,19
6,1984,85,3,2,21
6,1974,157,3,3,21
3,2022,29,1,1,3
0,1986,122,3,3,21
4,2021,32,2,1,21
1,1995,85,3,2,21
6,1973,172,3,5,10
6,1973,128,3,4,10
6,2016,30,1,1,10
0,1970,147,2,4,21
5,1967,161,3,5,2
3,1971,118,3,3,10
0,1980,163,2,3,21
4,1910,281,5,6,2
0,1990,126,2,4,21
4,1932,257,4,6,2
6,1940,180,3,4,19
4,2021,27,1,1,21
0,1927,152,4,4,2
5,2013,44,2,1,2
2,1981,127,3,4,2
0,2007,38,2,2,9
0,1998,68,2,2,23
4,1910,290,4,4,10
1,1950,198,3,2,19
1,1948,252,4,4,13
1,1948,252,4,3,13
7,1988,123,3,3,12
7,1993,83,3,2,13
0,1927,147,3,3,2
6,2010,46,1,1,21
0,1948,122,3,3,2
0,2005,42,2,1,2
2,1989,128,2,2,2
2,2021,28,1,1,21
7,1953,129,3,6,2
3,1953,156,3,4,2
3,1953,154,3,3,2
3,1988,81,2,2,2
0,1985,105,5,2,2
0,2001,64,2,2,10
0,1969,146,5,3,2
0,2003,66,3,2,2
0,1988,101,4,3,2
5,1974,142,4,4,2
0,1987,104,4,3,2
6,2002,64,4,1,2
0,2001,67,4,1,2
0,2000,68,4,1,2
0,1995,79,5,2,2
3,1997,71,2,2,21
3,1940,158,2,2,19
6,1947,106,3,2,19
0,1957,77,3,2,19
6,1986,89,3,2,13
0,1991,97,2,3,5
3,1973,141,3,3,21
3,1981,103,2,3,15
1,1966,169,3,3,21
3,1971,135,3,3,15
6,1967,129,3,4,15
0,1965,174,3,4,14
5,1956,127,4,3,2
6,1979,100,4,3,3
6,1968,118,3,3,4
6,1987,103,3,3,4
1,1960,175,3,2,10
6,1987,90,3,3,4
0,1996,48,2,1,21
0,1963,152,3,4,4
6,1949,172,4,4,1
4,2004,97,3,3,20
6,1973,134,3,4,10
1,1948,212,4,2,13
0,1990,114,3,3,20
0,1996,87,3,3,10
3,1970,112,3,3,10
4,1966,175,4,5,12
0,1965,144,3,2,14
1,1961,124,2,3,14
1,1920,211,4,4,11
0,1991,86,2,3,23
1,1920,236,4,5,11
0,1988,103,3,2,23
2,2022,27,1,1,10
2,2024,20,1,1,23
2,2024,23,1,1,23
4,2006,123,2,2,10
0,2004,54,2,2,23
1,2016,32,1,1,23
0,1992,74,1,2,20
7,1950,175,4,5,1
1,1920,185,3,3,10
5,1971,143,3,5,5
0,1995,85,2,3,20
4,1977,213,4,4,2
1,2023,23,1,1,23
1,1967,160,5,4,5
0,1989,112,2,2,10
0,1989,70,2,2,10
0,1996,91,3,3,10
0,1989,109,3,3,10
3,1970,109,3,3,10
0,1999,63,3,3,12
2,2022,24,1,1,1
6,1954,102,2,2,17
7,1970,126,3,3,20
2,2021,21,1,1,1
5,1991,58,2,1,21
3,1975,164,3,4,21
4,1989,110,2,3,10
4,1999,68,2,2,10
1,1923,152,3,3,17
1,1964,168,3,3,23
3,1989,120,2,3,23
4,2006,127,2,2,10
0,1970,129,3,3,5
0,1980,106,3,3,5
2,2020,38,1,1,22
2,2020,28,1,1,22
1,2021,35,2,2,2
1,2016,49,2,2,2
2,2020,38,1,1,22
2,2020,34,1,1,22
1,2019,44,2,1,2
1,2019,34,2,2,2
0,1940,216,4,7,5
0,2000,66,2,2,23
4,1987,137,3,3,20
6,2005,52,2,1,17
6,2004,45,2,1,17
6,1924,177,2,4,17
6,2006,65,2,1,17
6,2004,45,1,1,17
0,1980,84,3,2,10
0,1980,112,3,2,10
3,1936,118,3,2,17
0,2000,66,2,2,22
3,1940,155,4,3,18
3,1963,82,2,2,17
1,1968,108,3,2,17
3,2005,68,2,1,17
1,2019,37,2,1,2
1,2018,38,1,1,2
1,2021,32,1,1,2
1,2022,36,1,1,2
1,1975,190,3,3,22
1,2021,36,1,1,2
1,2021,38,2,2,2
1,2019,42,1,1,2
1,2014,62,2,2,2
4,1984,158,3,3,20
4,2004,87,2,2,20
7,1973,118,3,2,16
4,2004,95,3,3,20
4,2004,111,3,3,20
6,1970,104,3,3,11
4,1984,136,3,3,20
4,1989,128,3,3,20
0,1952,134,3,2,15
4,1984,163,4,3,20
0,2004,52,1,2,20
2,2015,77,1,2,16
4,1984,187,4,5,20
1,1937,245,4,4,13
2,2017,56,1,1,18
1,1967,99,2,2,22
7,1972,88,2,2,22
4,1988,98,2,3,22
0,1977,66,2,2,19
3,1947,119,2,2,18
2,2015,60,2,2,22
2,2015,65,2,2,22
2,2015,49,1,1,22
7,1958,172,3,4,21
7,1966,152,3,4,21
2,2020,36,1,1,22
2,2015,60,1,1,22
2,2015,59,2,2,22
5,1990,78,3,3,22
2,2015,53,2,2,22
6,1976,266,2,2,11
2,2020,38,1,1,22
5,1975,69,3,2,22
2,2015,46,2,2,22
5,1993,115,3,2,22
2,2015,40,1,1,22
4,1982,129,3,3,2
0,1994,62,2,1,22
4,1984,156,4,4,2
4,2002,82,2,2,2
0,1957,92,2,2,19
5,1937,256,4,6,13
4,1957,178,4,5,13
4,1977,158,4,5,13
4,1987,154,4,5,2
5,2006,70,2,2,2
5,1994,58,2,2,2
0,2009,67,2,1,2
3,1978,109,2,3,3
6,2005,50,1,1,21
3,1976,113,3,3,3
3,1995,86,2,2,21
0,2005,90,2,2,2
4,1950,155,3,3,10
3,1990,112,2,3,21
0,2006,55,2,2,2
3,1988,77,2,2,3
6,2005,52,2,2,21
7,1980,123,3,3,22
4,2020,32,2,2,22
2,2003,120,3,3,2
4,2020,26,1,1,22
5,1902,275,4,5,4
2,2003,123,3,3,2
3,1959,147,3,3,4
4,1957,211,4,5,13
4,2005,37,2,1,22
2,2003,113,3,3,2
0,2009,53,2,2,12
4,1957,183,4,4,13
4,1957,173,4,4,13
4,1947,210,4,5,13
6,1978,141,3,3,23
2,2020,31,1,1,22
3,1957,95,2,2,18
2,2015,29,1,1,22
1,1940,128,2,3,19
1,1940,125,2,3,19
2,2020,33,1,1,22
2,2020,26,1,1,22
6,1987,144,3,2,12
3,2005,98,2,2,20
4,1984,113,3,4,2
4,1984,147,4,5,2
3,1974,155,3,3,21
5,1994,58,2,2,2
7,1993,68,2,2,21
1,1974,153,3,3,21
7,1993,80,2,2,21
4,1984,142,3,4,2
1,1927,278,4,4,13
7,1984,111,3,2,21
4,2023,26,2,1,2
6,1955,151,3,4,3
4,1978,105,3,3,4
4,1974,119,3,3,4
0,1995,59,2,3,22
4,1970,138,4,3,4
4,1942,207,5,5,4
0,1996,89,2,3,23
0,1989,118,2,3,23
7,1989,110,3,3,2
5,1997,60,2,1,19
6,1967,70,2,2,18
7,1947,208,3,5,13
3,2007,47,1,1,18
3,1979,56,2,1,18
4,1957,165,4,4,13
4,1957,168,4,4,13
4,1982,186,3,4,2
4,1957,174,4,4,13
4,1947,217,4,5,13
4,1985,261,5,6,2
0,1977,80,2,2,19
4,1985,257,5,6,2
4,1985,210,5,5,2
4,1984,124,3,4,2
4,1985,204,5,7,2
4,1985,251,5,5,2
4,2007,65,2,3,13
4,1985,206,5,6,2
4,2005,48,2,2,22
2,2003,124,2,3,2
4,1937,247,4,6,13
4,1937,223,4,5,13
4,1957,179,4,4,13
2,2009,129,3,3,2
2,2003,136,3,3,2
0,1999,94,3,3,22
7,1980,116,2,3,22
0,2003,80,2,2,10
0,1965,129,4,3,10
3,1964,180,4,4,22
2,2020,24,1,1,2
6,1930,154,4,3,10
0,1930,130,4,3,10
0,1974,98,3,3,22
0,2016,68,1,1,23
6,1980,96,2,2,23
2,2022,40,1,2,22
2,2020,47,2,2,22
6,2002,49,1,2,18
2,2023,25,1,1,22
6,1950,74,2,4,11
1,1922,180,4,4,14
4,2022,32,1,1,22
4,2022,30,1,1,22
4,2022,30,1,1,22
4,2022,32,1,1,22
4,2022,32,1,1,22
6,1975,119,3,4,10
4,1999,84,2,2,23
2,2024,20,1,1,12
0,1956,182,3,5,2
4,2024,27,1,1,4
0,1978,137,3,4,22
0,1977,112,3,4,22
2,2020,22,1,1,2
0,1930,176,4,5,10
4,1985,87,4,2,4
4,1982,98,4,2,4
0,1975,101,3,3,10
4,2023,22,1,1,2
2,2008,74,1,2,2
0,1930,141,4,3,10
0,1930,160,4,4,10
0,1975,133,3,3,10
2,2020,50,1,2,22
5,1991,94,2,2,21
2,2020,43,1,2,22
3,1976,225,1,1,21
2,2015,61,1,2,22
0,1957,97,2,3,18
7,1962,98,1,1,15
4,1970,183,3,5,22
2,2020,26,1,1,22
2,2022,32,1,1,22
1,2025,20,1,1,13
4,1976,157,3,4,22
0,1990,99,2,3,2
4,1988,92,2,3,22
0,1950,186,3,3,18
1,1927,277,3,3,17
4,1987,135,3,3,2
2,2020,33,1,1,22
6,1966,79,2,2,18
3,2005,55,2,2,18
3,1967,72,2,2,18
1,1992,109,2,2,13
4,1982,114,2,3,22
6,1967,102,2,3,22
0,1968,124,2,3,18
0,1955,178,3,4,18
0,1968,151,3,3,18
0,1940,159,4,4,18
4,2006,42,2,2,22
4,1974,117,4,3,4
1,1963,153,3,3,16
4,1966,147,4,4,4
4,1962,169,4,3,4
6,1964,160,4,3,2
5,1942,206,3,4,13
2,2022,35,1,1,22
4,1970,118,3,4,22
5,1989,124,2,3,23
1,1980,173,3,3,2
1,1989,150,3,3,2
1,2011,61,2,1,2
1,1933,106,3,3,2
5,2006,55,2,2,2
2,2019,55,1,2,22
2,2020,60,2,2,22
0,2009,52,2,1,19
1,2006,77,1,1,13
5,1977,123,2,3,22
2,2019,46,1,1,18
4,1987,199,4,5,2
1,1988,117,3,2,13
3,1947,118,3,3,18
6,1987,100,2,3,13
0,1940,118,3,2,18
4,1993,105,2,3,23
6,1988,96,2,2,22
4,1975,157,3,5,23
4,1995,89,2,3,23
5,2025,18,1,1,23
4,2006,66,2,2,22
2,2020,29,1,1,2
7,1971,121,3,3,13
7,1968,170,3,4,22
0,1981,79,2,3,21
1,2011,27,1,1,2
1,1980,123,3,3,2
1,1926,106,3,3,2
2,2024,24,1,1,22
3,1940,131,3,4,19
0,2007,58,1,2,22
1,1960,145,3,3,2
6,1994,75,3,2,21
3,1940,155,3,2,18
0,2006,64,2,2,2
0,1947,101,3,2,19
6,1937,224,4,3,13
2,2020,25,1,1,22
1,1940,161,3,2,18
3,1994,106,1,2,22
2,2020,24,1,1,22
0,2005,74,2,2,2
4,1951,261,4,6,22
4,1991,115,3,4,22
4,1990,92,2,3,23
4,1997,80,2,3,22
4,1951,243,4,6,22
4,1997,88,3,3,22
4,1975,154,3,4,22
4,1985,121,3,3,22
0,2001,71,2,3,12
0,1999,75,2,2,12
0,2001,88,2,2,12
2,2019,59,1,2,22
6,1999,63,3,2,21
6,1988,97,3,3,21
4,2024,27,1,1,2
4,2024,27,1,1,2
6,1995,110,2,3,2
2,2019,58,1,2,22
2,2025,22,1,1,22
6,1964,173,4,4,21
0,2009,44,1,1,22
2,2019,53,1,1,22
3,1940,143,3,3,19
3,1947,118,3,3,19
0,1967,66,2,2,19
2,2020,23,1,1,22
4,1984,131,4,4,2
6,2024,22,1,1,3
2,2005,113,2,3,2
2,2009,66,2,2,2
0,2005,66,2,1,19
2,2019,24,1,1,18
6,1963,122,3,3,2
2,2020,45,2,2,22
2,2013,69,2,2,22
2,2008,114,3,3,22
2,2015,42,2,2,22
2,2015,46,2,2,22
2,2020,32,1,1,22
2,2017,51,2,2,22
2,2021,34,2,1,22
6,1984,101,2,3,2
7,1968,153,4,4,22
0,1999,73,2,2,12
0,2001,86,2,2,12
2,2020,41,1,1,2
0,1966,140,3,3,10
0,1982,97,3,4,13
0,1997,37,2,2,13
0,1997,85,2,2,13
0,1996,77,2,3,12
0,2000,58,2,2,12
0,1997,69,2,2,13
2,2022,26,1,1,22
1,1945,210,3,4,2
3,1940,148,3,2,19
3,1940,128,3,3,19
3,1947,105,2,3,19
3,1957,90,2,2,19
3,1951,168,3,3,20
7,1961,145,4,4,20
5,1957,179,3,3,2
5,1941,147,3,3,18
0,1977,64,2,2,19
2,2009,117,2,3,2
0,1977,66,2,2,19
0,1994,126,2,3,22
2,1992,80,3,3,3
2,2020,36,1,1,11
0,1957,80,2,2,19
3,1960,172,2,3,18
3,1994,68,2,2,22
3,2000,44,2,1,18
4,1980,138,3,5,23
2,2018,48,2,2,22
4,2002,62,2,2,23
3,1978,138,3,4,22
2,2021,31,2,2,22
4,2005,50,2,2,23
1,1952,221,3,4,21
2,2021,35,2,2,22
0,1998,102,3,3,12
7,1978,151,3,4,22
0,2000,91,2,2,12
2,2008,87,1,2,2
7,1974,127,2,3,21
0,2009,71,2,2,13
7,1986,89,2,3,21
7,1996,49,2,1,21
7,1978,188,4,5,22
7,1978,178,4,5,22
4,1944,271,5,5,21
0,1997,63,2,3,13
4,1944,237,5,5,21
4,1944,255,5,7,21
3,1984,92,2,3,21
7,1992,83,2,2,21
2,2020,41,1,1,22
7,1956,177,3,5,20
7,1956,143,3,3,20
3,1951,98,2,2,20
2,2018,47,1,1,22
2,2022,26,1,1,22
3,1988,110,3,2,20
3,1956,152,3,3,20
2,1991,88,2,2,3
2,1987,89,3,3,3
2,2003,122,3,3,2
0,1977,57,2,2,19
3,1940,146,3,3,19
7,1982,113,2,2,13
3,1979,60,1,1,13
4,1954,181,3,6,13
0,2006,92,2,2,2
4,2020,58,2,2,2
5,1979,78,2,2,13
7,1972,160,3,4,22
7,1965,163,4,5,22
4,2023,25,1,1,2
0,2019,32,1,1,13
3,1957,160,3,3,21
7,1975,124,2,3,21
0,1997,74,2,2,13
7,1985,111,2,2,21
7,2005,105,2,2,21
0,1977,112,3,4,13
2,2008,61,2,2,2
0,1967,176,3,5,13
2,2022,26,1,1,22
1,1990,92,2,2,23
2,2023,22,1,1,22
2,2017,53,1,1,22
5,1999,80,2,2,3
2,2023,22,1,1,22
6,1980,68,1,2,20
0,1980,94,2,2,20
0,1985,118,3,3,19
0,1980,95,2,2,20
2,2024,22,1,1,22
6,1979,104,3,2,2
0,1985,226,3,3,10
1,1937,254,4,4,13
3,1940,124,3,4,19
0,1987,97,3,2,21
0,1990,106,2,1,13
3,1947,117,3,3,19
1,1957,176,4,3,13
1,1957,178,4,3,13
3,1940,134,3,3,19
3,1940,126,3,3,19
7,1988,102,3,4,22
7,1982,106,3,4,22
7,1975,127,3,4,22
7,1985,113,3,4,22
7,1978,131,3,4,22
5,1969,110,2,2,13
2,2015,30,2,1,22
0,1969,137,2,2,13
0,1950,146,3,4,22
0,1977,105,3,4,13
0,1905,187,4,5,22
6,1967,129,3,4,13
5,1955,181,4,4,2
0,1929,175,3,4,22
0,1997,19,1,1,13
0,1997,25,1,1,13
5,1992,32,2,1,13
0,1992,64,3,2,13
2,2023,22,1,1,22
2,2023,22,1,1,22
2,2023,23,1,1,22
2,2023,23,1,1,22
2,2018,30,1,1,22
3,1995,82,3,3,22
4,1969,154,3,4,22
3,1974,140,3,4,23
2,2023,20,1,1,22
1,1967,166,3,2,13
4,1995,124,3,2,13
3,1940,127,3,3,19
6,1988,81,3,2,23
4,1967,161,3,4,13
4,1987,169,4,5,2
0,1994,77,2,2,22
3,1940,157,3,3,19
4,1947,205,4,4,13
3,1994,75,2,2,22
6,1947,137,3,2,19
4,1987,107,3,2,13
4,1947,207,4,4,13
4,1977,135,4,4,13
4,1977,132,4,3,13
3,1994,80,2,2,22
2,2013,33,1,1,22
7,1999,110,2,3,22
0,2007,49,1,2,22
4,2020,29,1,1,2
2,2020,25,1,1,22
7,1940,157,3,3,19
0,1992,39,2,1,13
5,1928,214,3,4,22
0,1997,25,2,1,13
0,1997,35,2,1,13
5,1992,61,3,2,13
5,1997,34,2,1,13
5,1997,65,2,1,13
5,1997,35,2,1,13
5,1987,60,2,2,13
0,1967,66,2,2,19
5,1997,22,2,1,13
5,1994,66,3,2,13
0,1950,148,3,4,22
0,1947,105,3,3,19
5,1992,42,1,2,13
4,1976,148,4,4,22
7,1981,129,4,3,23
5,2001,51,2,1,22
2,2022,28,1,1,22
0,1983,94,2,3,9
5,2001,53,2,2,22
2,2023,26,1,1,22
2,2015,60,1,1,22
4,2004,128,3,4,2
4,1957,169,4,3,13
6,1957,111,3,2,19
4,1947,193,4,5,13
4,1967,179,4,3,13
4,1947,192,4,5,13
6,1957,83,3,2,19
0,1947,120,3,3,19
4,1957,179,4,4,13
1,1951,258,3,3,21
0,2014,52,2,2,4
6,1924,174,3,4,19
0,1997,72,2,2,19
6,1957,94,3,2,19
7,1977,104,3,2,15
6,1977,72,2,2,19
1,1969,159,2,3,17
7,1960,185,3,3,6
0,1997,28,1,1,13
0,1992,50,3,2,13
4,2014,33,1,1,22
0,1983,103,2,3,22
2,2020,33,1,1,22
2,2020,35,1,1,22
2,2020,40,1,1,22
2,2020,34,1,1,22
1,1967,157,3,4,1
4,1977,189,4,4,13
0,1966,137,3,4,14
0,1995,85,2,1,19
5,2004,65,2,2,23
7,1991,103,3,3,2
5,1935,237,4,4,23
7,1982,126,3,4,2
7,1991,110,2,3,2
0,1997,86,2,1,13
6,1976,106,2,2,4
1,2024,21,1,1,2
3,1995,72,2,3,4
1,1985,96,2,3,4
0,2007,47,1,2,4
0,2009,39,1,2,4
0,1997,56,2,1,13
0,1997,45,2,1,13
0,1992,52,3,2,13
6,1959,130,3,3,22
0,1981,120,3,4,6
0,1957,165,3,3,13
0,1947,200,4,4,13
2,2020,33,1,1,22
6,1988,98,4,2,19
5,1965,145,3,3,22
2,2020,29,1,1,22
2,2003,126,3,3,2
0,2008,55,3,2,23
2,2020,25,1,1,22
7,1987,125,3,3,2
0,1994,68,3,5,23
7,1967,116,3,3,15
5,2003,67,3,2,23
7,1991,111,3,3,2
4,1966,180,3,5,23
7,1985,123,3,3,2
0,1966,104,2,2,14
2,2022,24,1,1,22
0,1988,110,2,4,23
0,1991,70,2,1,17
0,2009,86,2,2,2
0,2005,73,2,2,2
0,1927,215,3,4,16
0,1990,111,2,3,21
0,1980,142,2,3,21
0,1962,164,3,5,1
3,1973,122,3,4,3
0,1955,130,3,4,22
7,1977,134,3,3,15
0,1927,221,5,4,13
1,1992,98,2,3,13
1,1977,149,3,2,13
1,1975,104,2,1,13
0,1977,57,2,1,19
3,1940,141,3,2,18
0,1997,63,2,2,22
3,1947,119,2,2,18
0,1991,79,2,3,1
7,1970,158,3,4,21
3,1980,78,2,2,18
7,1946,191,3,4,21
7,1969,131,3,4,21
2,2003,89,2,2,22
3,1957,109,2,1,18
7,1990,63,2,2,21
2,2020,29,1,1,22
7,1992,111,3,3,2
2,2020,25,1,1,22
2,2003,150,3,3,2
4,2024,26,1,1,2
4,2024,28,1,1,2
0,1975,151,3,4,11
2,2003,138,3,3,2
0,1995,64,2,2,19
0,2000,107,2,2,11
2,2019,65,1,2,22
2,2022,27,1,1,22
1,1952,162,4,3,13
5,1977,108,4,3,13
0,1997,64,2,2,15
5,1968,134,4,4,13
0,2005,88,2,2,11
1,1956,150,4,4,13
1,1952,157,4,4,13
3,2010,81,1,1,11
1,1976,122,3,2,17
1,1971,121,2,2,17
1,1966,103,2,2,17
6,2003,64,2,2,2
1,1992,138,3,4,13
0,2021,33,1,1,11
1,2007,70,2,2,13
1,1987,95,3,2,13
1,1987,120,3,3,13
1,1987,122,3,4,13
1,1987,132,3,2,13
0,1974,137,3,4,2
1,1987,146,3,3,13
1,1964,162,3,3,2
3,2007,63,2,2,13
1,1954,194,3,4,2
2,2020,32,1,1,22
4,1963,196,4,4,22
4,2005,97,3,2,22
1,1947,144,3,3,13
1,1997,213,4,3,13
1,1997,89,2,3,13
1,1992,115,3,3,13
6,1961,170,3,4,2
5,1922,268,4,5,2
1,1976,105,3,2,17
4,2000,84,2,3,23
1,1916,216,3,4,17
0,1999,71,2,3,23
0,2001,73,2,2,23
0,1996,81,3,2,22
1,1958,110,2,3,17
0,1994,105,3,3,23
5,1979,133,3,3,19
5,1958,185,3,6,19
5,1967,166,4,4,19
1,1927,268,4,4,13
5,1999,74,3,2,2
0,2004,62,2,3,2
0,1989,101,3,3,2
0,1994,88,3,3,2
0,2001,80,2,2,1
4,1987,106,3,3,2
0,1981,119,3,4,2
4,1970,148,3,5,2
1,1937,252,4,5,13
1,1990,127,3,3,2
0,1994,65,2,2,12
0,2008,56,2,2,22
1,1990,139,3,3,2
5,1969,150,4,4,2
0,1961,169,3,4,2
0,1975,135,3,4,2
3,2017,48,2,2,2
5,1977,130,3,4,2
0,2017,36,2,1,22
0,1946,208,3,5,2
0,1956,182,3,5,2
6,1964,186,3,6,19
2,1994,146,2,3,1
0,1959,197,3,4,19
0,2001,88,2,2,23
5,1968,157,3,6,19
1,1978,100,2,2,16
5,1989,56,2,2,19
5,1979,128,3,3,19
0,1997,69,3,2,23
7,2001,65,2,2,1
0,2001,88,2,2,23
0,1972,160,2,5,12
4,2022,31,1,1,22
4,2022,31,1,1,22
1,1957,87,2,2,18
4,2022,29,1,1,22
4,2022,28,1,1,22
4,2022,33,1,1,22
0,1980,101,3,3,9
4,2023,23,1,1,22
4,2023,28,1,1,22
2,1987,137,3,3,10
2,2015,73,2,2,10
4,2022,28,1,1,22
4,2022,31,1,1,22
4,2022,27,1,1,22
4,2010,66,2,2,22
2,2013,58,1,2,10
0,2009,42,1,1,22
2,2019,38,1,1,22
2,2010,71,2,2,10
1,2021,32,1,1,2
1,1955,110,3,3,2
0,1962,140,3,4,1
5,1981,121,3,4,2
6,2003,64,2,3,2
6,2004,63,3,2,2
1,1987,97,2,2,13
0,1996,82,2,3,2
6,1986,106,3,4,2
6,2006,58,2,2,2
6,2005,60,2,2,2
6,2007,54,2,2,2
6,1991,96,3,3,2
5,1958,71,3,2,2
1,1992,104,3,2,13
6,2005,61,2,2,2
1,1988,148,3,3,13
6,2005,59,2,2,2
0,1996,83,3,3,2
6,1985,109,3,2,2
6,1992,93,3,3,2
6,2003,65,2,2,2
0,1983,115,3,4,2
0,2014,97,2,2,1
1,1982,97,3,3,13
6,1988,87,3,2,1
2,2024,25,1,1,22
2,2024,26,1,1,22
1,1910,261,5,5,1
0,1994,77,2,3,13
0,1980,127,3,3,10
3,1980,147,3,3,10
3,1980,109,3,3,10
3,1993,88,3,3,13
3,1980,136,3,3,10
0,1980,154,3,3,10
0,1990,100,2,2,10
0,1990,127,2,2,10
2,2024,22,1,1,22
5,2000,38,1,2,22
2,2023,29,1,1,22
5,1987,86,3,3,22
5,1998,45,2,2,22
5,2001,78,2,2,11
2,2018,41,1,1,22
2,2022,26,1,1,22
0,2006,57,2,2,22
0,2008,51,2,2,22
5,1994,86,2,3,22
2,2022,42,1,1,22
0,2006,58,2,2,22
1,1977,146,2,2,19
1,1955,146,2,3,16
2,2020,52,1,2,22
7,1965,149,4,4,12
2,2015,65,3,2,23
6,1998,77,3,3,2
0,2008,53,2,2,2
1,1982,107,3,2,13
1,1937,226,4,4,13
3,2006,89,2,2,13
0,1990,79,2,2,10
0,1990,85,2,2,10
4,1915,250,5,5,1
0,1990,91,2,2,10
5,1990,83,2,2,10
5,1990,88,2,2,10
5,1997,85,4,2,1
7,1967,160,4,4,13
0,1990,91,2,2,10
0,1990,71,2,2,10
0,1990,118,2,2,10
0,1975,108,2,2,10
2,2019,39,1,1,10
2,2019,40,1,1,10
2,2019,31,1,1,10
1,1962,202,3,4,22
2,2019,32,1,1,10
0,1992,101,2,3,13
0,1990,85,2,3,1
0,2019,30,2,1,22
3,1938,225,3,3,21
2,1987,153,3,3,10
2,2023,27,1,1,22
5,2002,39,2,1,11
2,2022,27,1,1,22
2,2018,52,1,1,22
2,2019,63,2,2,22
3,1948,88,3,2,20
2,2021,40,1,1,22
2,2020,55,1,2,22
4,2015,41,2,1,22
7,1940,144,3,4,19
2,2019,57,1,2,22
4,2015,67,2,2,22
2,2021,38,1,1,22
2,2021,38,1,1,22
2,2021,38,1,1,22
0,2012,43,2,2,2
1,2017,25,1,1,1
0,1980,142,3,3,10
3,2005,96,1,2,11
7,1985,147,3,3,10
0,2008,90,1,2,11
7,1985,138,3,2,10
7,1995,101,2,2,10
3,1947,220,5,6,9
7,1967,179,5,4,13
3,2005,77,2,3,11
5,1998,73,2,3,22
2,2018,50,1,1,22
2,2018,41,1,1,22
2,2022,24,1,1,22
2,2018,40,1,1,22
5,1959,176,3,4,3
3,1931,161,1,2,15
6,1962,138,4,4,1
1,1991,93,2,3,22
0,1955,186,3,5,2
0,2001,70,3,3,2
0,1999,75,2,3,2
2,2025,20,1,1,22
5,2015,47,1,1,11
6,1975,62,2,2,11
0,1980,90,3,3,11
2,2018,49,1,2,22
2,2022,25,1,1,22
2,2025,22,1,1,22
0,1990,91,3,2,11
2,2024,25,1,1,22
3,1965,84,3,3,12
5,2007,49,2,2,11
7,1970,134,3,4,1
2,2025,18,1,1,18
0,2008,83,2,2,22
2,2020,42,1,2,22
2,2020,38,1,1,22
2,2022,31,1,1,22
7,1965,145,4,4,12
7,1965,141,4,3,12
7,1940,148,4,3,18
2,2020,37,1,1,22
2,2015,45,1,1,22
2,2021,38,1,2,11
3,1930,125,3,2,17
5,1972,162,3,4,21
2,2021,46,1,2,11
2,2021,45,1,2,11
0,1966,129,3,3,13
2,2021,25,1,1,11
2,2015,60,2,2,22
0,2005,59,2,2,2
0,2000,50,2,2,11
5,2005,59,2,2,2
5,2006,85,2,1,11
5,1944,213,4,5,2
0,1985,80,2,2,11
2,2022,27,1,1,22
3,1934,209,4,3,19
2,2022,27,1,1,22
2,2018,40,1,1,22
2,2018,30,1,1,22
0,1998,111,3,2,11
6,1917,241,3,6,1
5,1975,136,4,3,11
1,1917,239,4,3,1
6,1960,135,2,2,21
7,1980,115,3,2,12
0,2010,74,2,2,22
0,2010,55,2,2,22
0,2010,72,2,2,22
0,1945,211,4,4,3
0,1932,243,4,5,3
0,2010,76,2,2,22
0,2005,94,2,3,22
0,2003,90,3,2,20
2,2025,23,1,1,22
3,1991,73,2,2,13
2,2015,63,2,2,22
6,1981,117,1,2,11
2,2015,37,1,1,22
6,1960,157,4,4,1
0,2004,63,2,2,2
6,1954,160,4,4,1
3,1991,92,3,3,1
0,2000,73,2,3,2
6,1985,94,3,2,11
6,1950,247,4,4,12
3,1957,98,2,2,18
1,1935,198,3,3,1
6,1995,108,2,3,11
0,2007,95,2,2,11
2,2025,22,1,1,22
2,2020,43,1,1,22
0,2013,50,2,1,19
2,2020,44,1,1,22
2,2020,43,1,1,22
7,1950,206,4,4,3
2,2021,38,1,1,22
6,1970,110,3,2,20
1,1983,122,3,3,3
2,2010,58,2,2,23
5,1916,287,5,5,2
3,1975,134,3,3,2
1,1997,147,3,3,13
6,2011,76,2,1,1
0,1999,76,2,3,2
5,2002,38,2,1,11
7,1985,98,2,2,12
0,1967,156,3,4,2
0,1995,70,2,2,11
1,2007,58,2,1,9
0,1987,154,3,3,12
3,1965,118,3,2,12
3,1965,128,3,3,12
7,1965,105,3,3,12
7,1965,109,3,3,12
0,1999,73,2,3,12
7,1965,124,3,4,12
5,1982,108,3,3,1
6,1988,110,4,3,3
5,1999,107,2,3,3
7,1944,190,4,5,1
1,1954,191,3,5,3
2,2019,54,1,2,22
3,1938,239,5,5,3
1,2010,52,2,2,3
4,1969,166,3,5,3
3,2004,90,2,2,13
2,2020,35,1,1,22
0,1940,154,3,3,19
0,2003,86,2,2,11
0,1990,142,3,3,1
2,2020,32,1,1,22
1,1972,140,2,3,23
0,1986,138,3,2,11
7,1981,141,3,2,11
7,1989,150,3,2,11
1,1975,140,2,2,23
0,1995,64,2,2,11
1,2009,55,2,2,9
3,1984,110,3,3,1
0,2003,72,2,2,9
0,2013,50,2,1,9
5,1988,106,3,4,9
0,2007,54,2,2,2
0,2005,68,2,2,9
7,1965,187,3,4,11
3,1957,181,3,4,2
3,1950,198,3,4,2
7,1965,164,4,3,11
3,2017,39,1,1,2
5,2007,59,2,1,11
2,2019,56,1,2,22
0,2008,63,2,2,22
6,1956,189,3,5,3
2,2019,44,1,2,22
6,1949,209,3,5,3
3,1967,86,2,2,18
6,1962,138,4,3,1
3,1968,112,4,2,18
6,1949,202,4,5,3
3,1947,106,3,3,18
2,2019,52,1,2,22
0,1957,185,4,5,3
0,1983,90,2,3,9
6,1963,167,4,5,3
2,2019,48,1,2,22
2,2023,22,1,1,23
1,1970,147,3,3,1
7,1957,163,3,3,13
1,1951,163,4,4,13
6,1986,106,3,4,2
6,1985,113,3,5,9
6,2021,25,1,1,2
6,1979,125,3,6,9
3,2004,53,2,1,18
6,1988,105,2,3,3
2,2020,28,1,1,22
0,1989,82,2,2,12
5,2011,52,1,2,11
2,2025,22,1,1,22
0,1994,41,2,1,12
6,1980,121,3,4,15
0,2007,52,2,2,22
2,2020,58,1,2,22
0,1975,139,4,3,3
6,1961,173,4,4,3
6,1945,214,4,6,3
3,1990,114,2,2,21
6,1964,165,3,5,3
5,2000,101,2,3,21
2,2015,64,2,2,22
2,2015,54,1,1,22
6,2014,55,2,2,2
0,1980,124,1,3,17
5,1990,92,2,3,17
0,2011,107,2,1,17
2,2020,36,1,1,22
6,1975,111,3,3,22
2,2010,80,2,2,1
2,2023,23,1,1,23
2,2020,32,1,1,22
2,2015,44,1,1,22
0,1999,84,2,2,23
1,1940,208,3,3,21
2,2020,30,1,1,22
0,2011,44,2,2,2
0,1979,110,3,3,1
6,1995,84,2,2,22
7,1965,174,3,3,11
6,2013,44,2,2,2
1,1957,200,4,4,13
1,1997,116,3,2,13
6,2002,68,3,3,2
0,2007,55,2,3,2
1,1937,252,3,3,13
1,1947,223,4,4,13
0,1995,84,3,3,2
4,1953,204,4,5,1
6,1970,146,3,3,12
2,2025,22,1,1,22
2,2020,35,1,1,22
0,1975,110,2,2,11
3,1999,77,1,2,10
2,2025,22,1,1,22
0,1987,104,3,2,12
2,2024,23,1,1,22
7,1965,150,4,4,12
0,1985,79,2,2,11
2,2024,23,1,1,22
2,2024,24,1,1,22
0,1999,34,1,1,12
2,2024,22,1,1,22
0,1985,62,2,2,11
2,2024,22,1,1,22
2,2024,22,1,1,22
2,2019,41,1,1,22
2,2018,40,1,1,22
1,1978,92,2,2,13
6,1964,165,3,3,3
1,1973,99,2,2,13
1,1973,110,2,2,13
1,1978,102,2,3,13
0,1947,96,2,3,19
0,1947,120,3,3,19
3,1996,105,2,2,21
2,2023,26,1,1,22
6,1940,113,3,3,19
0,1957,83,3,3,19
2,2019,59,1,1,22
5,1982,110,3,2,1
0,2008,70,2,2,22
5,1918,281,3,6,3
1,1996,111,2,2,23
3,1970,154,4,4,3
7,1975,90,2,3,22
1,1978,115,2,2,21
1,1974,122,2,3,21
2,2015,38,1,1,22
1,1958,162,2,2,21
3,1975,138,3,3,17
6,1988,96,2,2,23
2,2020,27,1,1,22
5,1975,97,2,3,22
3,1978,131,3,3,21
2,2020,31,1,1,22
3,1966,179,2,3,21
1,1947,272,5,4,13
3,2018,38,2,2,2
0,1988,105,2,3,21
1,1992,122,3,2,13
1,1927,292,5,6,13
3,2015,41,2,2,2
6,1956,182,3,4,2
0,1985,111,2,3,21
0,1960,205,3,5,12
0,1970,105,3,3,12
7,1944,212,3,5,3
2,2020,42,1,2,22
2,2021,35,1,1,22
1,1934,203,5,5,13
0,2010,57,2,2,22
2,2019,51,1,2,22
2,2021,37,1,1,22
6,1952,194,3,4,3
6,1959,175,3,3,3
3,1920,251,4,2,18
0,1983,116,3,3,3
1,1998,72,2,2,13
1,1972,157,3,3,12
2,2019,53,1,1,22
1,1949,172,4,4,13
2,2020,27,1,1,22
2,2020,26,1,1,22
5,1985,102,2,2,14
5,2005,98,3,2,11
2,2015,28,1,1,22
2,2020,32,1,1,22
2,2015,34,1,1,22
2,2018,47,1,1,17
5,2016,23,1,1,9
0,1985,126,2,3,21
6,1940,222,4,4,2
5,1945,209,4,5,2
1,1992,113,2,3,13
3,2018,34,1,2,2
1,1957,192,4,4,13
0,1960,108,3,3,12
0,1982,94,2,3,12
1,1926,223,3,3,1
0,1989,84,2,3,12
4,1983,110,3,4,1
0,2018,34,1,1,13
0,1986,88,4,3,13
0,2009,51,2,2,22
1,1935,199,5,4,13
0,2007,55,1,1,22
7,1960,161,5,3,1
1,1947,174,4,4,13
6,1981,102,3,3,13
3,1928,111,3,3,13
6,2008,49,1,1,10
6,1955,153,4,4,13
1,1991,71,2,3,13
6,1995,106,2,2,10
1,1986,92,3,3,13
1,1946,170,3,3,17
2,2020,34,1,1,22
1,1948,214,4,3,23
2,2020,28,1,1,22
3,1940,137,3,3,19
1,1986,72,2,2,17
2,2020,32,1,1,22
1,1956,157,3,3,17
1,1949,113,2,2,17
7,2005,75,2,3,19
1,1936,205,3,4,17
5,2012,48,2,2,2
0,2001,69,2,3,2
6,2021,29,1,1,2
1,1947,215,4,4,13
3,2015,40,2,2,2
6,1951,194,2,1,2
1,2007,80,2,2,13
1,1997,106,3,4,13
6,1952,193,4,4,2
6,1974,139,4,4,2
5,1926,236,5,6,1
6,1961,170,4,3,2
0,2000,38,1,2,22
1,1992,125,3,4,13
1,1997,94,3,3,13
0,1994,53,2,2,12
2,2025,22,1,1,22
5,1943,183,5,4,13
0,1923,229,5,6,13
0,2005,64,2,3,22
0,1990,166,2,2,10
2,2018,60,1,2,22
2,2023,27,1,1,22
1,1955,155,5,4,13
6,1959,145,5,3,13
4,1970,138,3,3,13
0,2017,34,1,1,13
1,2014,45,2,1,2
0,2005,64,3,2,2
1,1949,176,2,3,15
0,1994,102,2,3,15
3,1970,156,3,3,19
6,1986,99,2,3,21
3,1976,130,3,3,21
0,2003,54,2,2,1
2,2019,66,2,1,20
5,1984,110,3,2,21
5,1984,243,3,2,21
4,1961,145,4,4,1
5,1975,132,3,4,20
3,1988,135,2,4,13
3,1972,149,4,4,13
7,1965,118,3,3,11
3,1947,233,4,5,13
3,1977,160,4,4,13
3,1995,90,3,3,3
3,1962,185,4,4,13
2,2005,86,2,2,2
0,2018,51,1,1,19
3,1972,157,3,3,13
3,1977,153,4,4,13
3,1967,179,4,4,13
3,1965,97,3,3,11
3,1988,130,3,4,13
6,1983,119,3,4,3
3,1957,194,4,4,13
3,1947,210,4,5,13
3,1967,168,4,4,13
3,1965,103,3,3,11
4,2018,35,1,1,20
6,1974,139,3,4,3
0,1989,101,2,2,19
1,1953,158,3,3,14
3,1965,133,3,3,11
6,2003,72,2,3,13
0,2003,69,3,3,13
0,1956,181,3,3,2
3,1965,136,3,3,11
1,1961,176,3,4,2
0,2003,80,3,3,13
5,1968,121,3,2,13
0,1975,143,3,3,21
0,1996,54,2,2,21
2,2014,81,2,2,20
0,1998,41,2,2,21
3,2005,73,2,2,20
6,2003,51,1,1,21
1,1934,241,5,4,20
0,2001,55,2,1,21
6,1978,104,2,3,20
7,1970,126,2,3,11
0,1997,88,2,2,13
3,1970,99,2,2,11
5,1995,92,2,3,21
7,1970,147,2,2,11
3,1974,89,2,2,10
4,1974,133,3,3,10
5,1995,127,3,3,21
6,1954,65,2,2,13
0,1976,126,2,4,13
4,1955,198,4,6,10
4,1955,143,3,7,10
4,1955,161,3,6,10
2,2023,21,1,1,19
5,1996,59,3,1,13
3,1965,127,3,3,11
5,1980,95,3,3,13
0,2003,77,3,4,13
4,1974,128,3,2,10
4,1974,94,2,2,10
4,1974,80,2,3,10
3,1997,96,3,3,13
4,1974,146,3,3,10
4,1974,79,2,3,10
3,1965,111,3,3,11
4,1974,82,2,2,10
4,2001,95,2,2,2
0,1983,124,2,4,2
3,1979,134,3,3,2
7,2013,53,1,1,2
7,1977,142,2,3,2
0,1913,289,4,6,2
0,1993,83,2,2,21
5,1914,246,3,6,14
5,1916,292,4,6,2
2,2020,46,1,1,22
0,1967,160,3,4,2
0,2004,67,3,2,2
0,1991,107,3,3,2
1,1949,203,4,4,2
1,1989,111,2,3,2
3,1993,96,2,2,15
3,1989,112,3,4,15
5,1967,146,4,3,17
3,1993,110,3,3,15
0,1968,152,2,4,3
3,2018,38,2,1,15
1,1971,150,4,3,12
2,2023,23,1,1,10
2,2023,26,1,1,10
6,1980,111,3,3,10
5,1946,154,3,4,20
4,1982,190,4,6,20
6,1980,101,3,3,10
4,1938,240,5,7,2
6,1980,126,3,4,10
0,1972,143,2,3,12
0,1972,153,2,3,12
5,2007,42,2,1,3
0,1972,162,3,3,12
3,1999,93,2,2,22
0,2017,22,1,1,16
7,2018,45,1,1,1
1,2018,29,1,1,1
1,1922,268,4,4,2
1,1936,260,4,3,18
1,1930,280,4,3,18
0,1999,95,2,3,2
0,1995,90,2,2,21
5,2004,55,3,2,22
7,1980,172,4,4,10
1,1948,175,3,4,15
1,1971,150,3,3,12
1,2001,72,2,2,12
5,2021,24,2,1,2
0,1963,169,3,4,3
0,1997,88,2,3,3
0,1997,110,3,3,13
0,1988,115,2,3,13
0,1925,259,3,6,3
7,2024,20,1,1,15
1,1983,107,2,3,12
1,1923,266,4,4,2
0,2001,81,2,2,13
6,1921,180,3,4,22
2,1998,118,2,2,13
2,2003,49,2,2,13
2,2008,64,1,1,13
1,2018,35,1,1,1
1,2018,42,1,1,1
7,1958,189,3,3,21
0,1993,131,2,3,12
2,2021,38,1,1,11
3,1990,100,3,3,21
0,1982,85,2,2,13
1,1990,91,2,3,12
1,1978,141,3,3,12
1,1974,140,3,3,12
1,1989,98,3,2,12
5,1973,147,3,3,13
5,1938,273,3,4,13
4,1969,155,3,5,3
1,1915,240,4,5,15
3,1916,236,3,5,15
4,2019,27,1,1,23
0,1911,253,3,4,15
4,1985,57,2,1,10
6,1957,85,3,2,18
0,1980,100,3,3,21
4,1959,184,4,4,13
6,1964,148,2,2,21
6,1991,68,2,2,21
4,1962,197,4,3,13
4,1966,176,4,4,13
3,1998,59,3,2,3
3,2002,112,2,2,13
2,2012,60,1,1,13
6,1958,148,4,3,1
1,2018,21,1,1,1
0,1998,96,2,3,12
0,1991,130,2,4,12
0,1993,114,2,4,12
0,1991,110,2,4,12
0,1982,151,3,5,12
1,1978,131,3,3,12
3,1980,136,3,3,10
1,1980,65,3,2,2
1,2000,64,2,2,2
3,1982,98,2,2,15
3,1977,115,4,3,15
1,2024,26,1,1,23
0,2009,60,3,3,2
4,1996,95,3,3,22
6,1931,247,4,5,3
1,2015,26,1,1,2
0,1992,124,2,2,13
0,1997,36,1,1,13
6,1977,139,4,3,13
2,2003,54,1,1,13
1,2007,63,2,1,13
4,1988,84,2,2,13
2,2015,46,1,1,13
6,1945,130,3,2,21
0,1991,88,3,3,13
0,2003,57,2,2,21
2,2012,59,2,2,13
7,1978,142,4,4,13
3,1983,96,2,3,21
4,2024,25,1,1,22
5,1986,83,1,1,14
7,1960,135,3,4,12
7,1978,142,4,5,13
7,1965,125,3,4,12
4,1980,196,3,2,14
7,1996,71,2,2,21
1,1930,110,3,2,2
1,1968,155,2,3,23
1,1970,147,2,2,23
0,1940,140,3,4,2
2,2020,45,1,1,17
2,2019,27,1,1,23
0,1934,199,3,3,17
2,2019,25,1,1,23
2,2019,28,1,1,23
2,2019,27,1,2,23
0,2014,26,1,1,10
2,2019,25,1,1,23
4,1978,155,3,4,21
4,1977,139,3,4,21
2,2019,24,1,1,13
4,1962,178,3,4,21
4,1967,168,4,5,21
2,2019,27,1,1,13
4,1975,156,3,4,21
0,1968,169,3,3,13
0,1993,159,4,2,13
3,1999,72,2,3,22
0,1989,89,2,2,22
7,1936,193,3,3,15
7,1970,165,3,4,12
3,1965,131,3,4,12
7,1960,125,3,3,12
7,1950,171,3,4,12
3,1960,118,3,3,12
3,1976,159,3,4,15
0,2000,101,2,2,22
0,1994,112,3,2,2
1,1965,75,2,2,16
3,1965,133,3,2,12
4,1920,185,4,5,11
7,1965,150,4,4,12
5,1984,94,2,2,12
5,1939,215,3,4,12
0,1984,114,3,3,21
5,1911,250,3,5,22
3,1976,158,4,4,15
5,1996,90,3,3,15
6,1966,163,4,4,15
7,1993,72,3,2,9
2,2015,30,1,1,23
2,2020,22,1,1,23
1,2021,23,1,1,2
2,2012,43,1,2,13
2,2019,31,1,1,13
2,2021,27,1,1,11
4,1995,84,2,3,12
7,2004,59,2,2,22
7,1992,76,2,3,22
7,1990,90,2,3,22
7,2004,55,2,2,22
2,1981,117,2,2,22
7,1992,71,2,3,22
2,2005,70,1,2,11
0,2011,43,2,1,21
5,2000,81,2,2,15
2,2024,18,1,1,3
3,2024,25,1,1,3
5,1964,141,3,4,22
1,1915,161,4,4,2
3,2024,24,1,1,3
4,1975,130,4,3,10
0,1975,127,3,2,9
0,1972,126,3,4,9
2,2015,27,1,1,23
2,2019,23,1,1,23
2,2019,23,1,1,23
2,2019,28,1,2,23
2,2019,28,1,2,23
1,1971,143,3,4,22
2,2015,41,1,2,23
2,2015,39,2,2,23
2,2024,22,1,1,23
2,2019,30,1,2,23
2,2018,28,1,1,13
0,1985,88,3,3,2
6,1989,83,3,2,1
6,1926,111,3,2,20
2,2015,71,1,1,13
0,1998,67,1,1,13
2,2006,108,2,2,11
3,1986,112,2,3,15
3,1961,200,4,4,15
1,2013,73,2,2,2
6,2001,66,2,2,3
0,2002,70,3,2,2
2,2022,20,1,1,23
5,2005,65,2,1,23
3,1934,227,3,4,22
5,1976,95,2,2,17
5,1994,98,2,2,17
7,1925,205,2,3,17
7,1998,69,2,1,17
1,2003,60,2,2,1
1,1979,113,2,3,1
2,2022,35,1,1,13
2,2015,58,1,1,13
0,1987,106,3,1,13
3,1954,196,5,5,21
0,1950,193,5,5,2
0,1940,144,2,3,19
0,1977,71,2,2,19
2,2019,48,1,1,11
1,1920,123,4,2,2
1,1975,126,3,2,2
0,1947,173,4,5,5
0,2004,60,2,2,13
0,1984,57,2,2,13
3,2011,63,1,1,16
2,2021,25,1,1,11
2,1970,161,4,4,2
0,2004,88,1,1,11
4,1974,87,3,2,10
2,1976,145,4,4,2
6,1975,110,2,2,13
0,2021,20,1,1,3
1,1940,143,2,3,18
5,2007,88,2,2,13
4,1906,230,5,6,20
0,1923,168,4,4,19
5,1977,149,3,4,13
4,1966,156,4,5,22
3,2011,61,1,1,16
2,2016,40,1,1,16
2,2016,39,1,1,16
3,2013,58,1,1,16
3,2013,37,1,1,16
3,2011,55,1,1,16
3,2013,57,1,1,16
1,1987,122,3,2,13
3,2013,48,1,1,16
0,1991,72,2,2,12
4,1960,179,3,4,10
5,1992,112,3,4,2
6,1935,238,5,5,3
6,1990,98,3,3,3
0,1987,104,4,4,3
0,1994,86,3,2,1
0,1950,195,3,4,5
6,1990,85,3,3,1
1,2002,68,3,2,13
0,2019,28,1,1,23
6,1957,199,4,5,13
1,1970,211,2,3,13
6,1994,90,2,3,3
0,2006,61,3,3,13
3,1978,121,3,3,21
0,1968,140,4,3,1
0,1946,137,3,2,12
3,1960,190,3,3,14
1,1978,133,3,4,13
7,1978,155,3,4,13
7,2007,59,2,2,13
3,1963,130,2,2,15
6,2006,55,3,2,2
6,1966,151,5,3,1
3,1945,173,2,4,15
3,1961,241,3,6,15
3,1921,227,3,6,15
4,1975,194,3,3,11
1,1913,235,2,2,14
4,1975,160,3,3,11
3,1954,151,2,3,14
6,1975,131,3,4,2
0,1971,120,3,2,2
4,1998,88,2,2,11
2,2010,84,2,2,21
2,2010,90,2,2,21
2,2010,64,2,2,21
2,2014,49,1,1,20
5,2005,56,2,2,20
7,1968,201,4,4,13
7,1996,62,2,2,1
7,1948,276,4,5,13
7,1997,86,3,1,13
7,1993,118,2,2,13
1,1997,98,2,2,13
6,1972,98,2,2,22
0,2021,21,1,1,15
4,1985,117,4,4,15
1,2020,30,1,1,15
3,1941,186,4,4,15
0,1984,113,4,3,2
7,1910,258,3,4,15
4,2024,29,1,1,22
3,1915,248,3,5,15
3,1947,173,3,2,15
3,2000,62,2,2,15
0,1950,135,3,3,2
3,1952,164,4,3,15
2,2010,64,2,2,21
2,2010,53,2,2,21
2,2010,53,2,2,21
2,2010,80,2,2,21
2,2010,68,2,2,21
2,2010,81,2,2,21
2,2010,71,2,2,21
2,2010,66,2,2,21
2,2010,65,2,2,21
2,2010,66,2,2,21
2,2010,87,2,2,21
0,1990,105,3,3,13
3,1981,130,2,3,21
3,1988,132,2,3,21
5,1975,127,4,3,21
5,1969,253,2,3,21
6,1974,65,2,2,21
1,2014,97,3,2,2
1,1907,137,3,3,2
1,1967,103,3,2,2
1,2023,23,1,1,2
1,2000,65,3,2,2
3,1940,227,2,4,18
1,1994,68,2,2,2
1,1995,95,3,2,2
1,1950,153,3,2,2
0,1993,108,2,3,20
6,1987,86,2,2,13
4,1984,226,3,6,10
4,1984,145,3,4,10
3,2000,69,1,2,21
4,1984,140,2,4,10
4,1984,185,3,5,10
0,1974,134,3,3,10
7,1930,220,3,3,19
7,1966,120,3,2,15
7,1940,150,3,3,19
7,1940,162,3,4,19
1,2003,56,1,1,13
0,1971,137,4,5,1
1,2024,21,1,1,2
7,1920,233,3,4,19
5,1994,90,2,2,21
7,1940,165,3,4,19
1,1999,96,3,3,13
1,2002,48,2,2,13
3,2021,20,1,1,23
4,1984,199,3,6,10
6,1974,134,3,3,10
2,2015,31,1,1,23
4,1984,134,2,2,10
4,1989,90,2,2,10
1,2023,24,1,1,2
2,2023,27,1,1,22
4,1975,136,3,3,10
2,2013,45,1,1,22
1,1916,173,5,3,2
0,1997,60,2,2,13
1,1935,123,3,3,2
0,1974,124,3,3,10
0,1978,112,3,3,21
0,1974,116,3,3,10
0,1974,130,3,3,10
3,1977,150,2,3,13
4,1984,258,4,4,10
0,1974,124,2,3,10
6,1974,111,3,2,10
4,1984,157,3,4,10
1,1969,127,3,3,13
7,1956,145,3,3,15
7,1971,91,3,2,15
6,1999,49,2,2,21
0,1980,119,2,3,22
3,1972,111,2,2,14
0,1987,93,2,2,22
6,1977,122,3,3,1
1,1957,108,3,2,2
5,2007,43,2,1,20
1,1976,137,3,3,20
3,1974,112,3,3,10
1,1927,162,3,3,2
1,1927,157,3,3,2
5,1965,142,3,2,14
7,1966,96,3,2,2
0,1975,124,4,2,10
0,1970,121,4,3,10
0,1975,109,3,2,10
0,1966,146,3,4,20
7,1960,135,3,2,10
0,1970,123,4,3,10
6,1966,114,3,3,20
0,1975,92,3,3,10
0,2002,101,3,2,20
6,1984,90,3,2,20
6,1956,105,3,4,20
3,1993,88,3,3,22
0,1975,99,3,3,10
5,1977,89,3,4,15
3,1982,125,3,3,15
1,2019,39,1,1,2
1,1907,153,3,3,2
3,1970,133,2,2,18
6,1950,177,3,3,18
1,1915,149,3,2,2
1,1915,166,3,2,2
6,1985,91,2,2,10
3,1970,115,3,3,18
3,1960,115,3,3,18
1,1920,150,3,3,2
1,1915,167,3,3,2
3,1930,210,3,3,18
1,1915,184,4,3,2
1,1983,101,3,2,2
5,1990,85,2,2,10
0,1985,75,3,3,10
0,2005,59,2,3,2
0,1970,120,4,4,10
0,1975,97,3,3,10
0,1999,88,3,2,20
6,1975,97,4,2,10
0,2010,61,2,2,10
6,1994,84,2,3,22
0,1978,130,3,4,20
0,1975,110,3,4,10
0,2000,72,2,2,2
6,1966,116,3,2,20
0,1956,150,4,5,20
3,2005,100,2,2,11
4,2022,35,1,1,18
4,2022,38,1,1,18
4,2022,39,1,1,18
1,1995,52,3,2,2
7,2004,32,1,1,18
3,2004,52,1,1,18
1,1974,149,2,2,10
1,1999,78,2,2,2
3,1970,100,2,1,14
0,2000,62,2,1,10
0,1994,82,2,2,22
1,1910,169,4,3,2
1,1910,144,4,3,2
0,1980,98,3,4,20
0,1980,127,3,4,10
6,1966,99,3,3,20
6,1956,123,3,2,20
2,2003,139,3,3,10
2,2003,159,3,3,10
2,2003,135,3,3,10
2,2003,135,3,4,10
6,1993,73,2,2,10
6,1946,136,3,4,20
6,1993,63,2,2,10
0,2008,44,1,1,13
0,1987,101,3,3,21
1,1936,148,3,4,20
4,1959,176,4,5,13
1,2014,33,1,1,2
4,1966,166,4,4,13
0,1970,105,3,2,10
4,1973,157,4,4,13
0,1975,113,3,3,11
7,1965,139,3,4,11
0,1956,191,4,6,20
7,1966,125,2,3,20
2,2003,100,3,3,10
2,2003,116,3,3,10
3,1956,121,3,2,20
4,1977,186,3,3,2
7,1966,176,4,5,20
0,1968,174,4,5,13
1,1967,125,3,3,2
1,1962,120,3,3,2
0,2003,58,3,2,13
6,1968,162,4,5,13
1,2006,72,3,2,2
1,1950,115,4,3,2
0,2007,54,2,2,13
0,1987,84,2,3,16
2,2016,61,2,1,7
2,2016,63,2,1,7
0,1994,73,2,3,9
0,1994,91,2,3,9
6,1963,164,4,4,20
6,1995,75,2,2,10
1,1907,170,3,3,2
2,2022,22,1,1,8
4,1977,194,3,3,2
0,1966,125,2,2,20
2,2022,21,1,1,8
3,1946,123,3,4,20
0,1968,150,3,4,20
0,1950,194,3,4,20
7,1982,100,3,3,20
2,1998,139,3,3,10
2,1998,122,3,3,10
2,1998,132,2,3,10
7,1966,114,3,3,20
2,2021,33,1,1,20
2,1998,154,3,3,10
2,1998,130,3,3,10
2,2020,36,1,2,10
2,1998,104,2,3,10
0,2011,48,2,2,13
1,2000,77,3,2,2
2,2019,48,1,1,10
1,1957,168,4,4,2
0,1999,99,3,3,13
1,1970,184,3,3,2
1,2017,59,2,1,2
0,2003,42,2,2,13
0,1973,156,5,5,13
0,2003,75,3,3,13
0,1977,146,4,5,13
0,2003,74,2,3,13
1,1907,176,4,3,2
0,1975,74,2,2,10
1,2000,84,3,2,2
4,1963,186,4,6,22
4,1969,147,3,4,22
1,2002,77,2,2,2
0,1980,82,2,2,19
6,1980,47,1,2,20
1,1962,101,2,3,2
1,1957,118,3,3,2
5,1928,217,6,6,3
0,1990,50,2,1,19
0,2000,52,2,1,19
0,1974,117,3,4,10
7,1920,267,2,4,19
2,1998,103,2,3,10
2,1998,92,2,3,10
2,1998,105,2,3,10
2,1998,120,2,3,10
0,1935,200,5,7,20
0,1935,179,4,4,20
0,1947,131,4,3,14
0,1960,118,3,3,20
0,1950,164,4,2,18
6,1947,135,4,4,14
0,1968,169,4,4,13
0,1983,112,4,3,13
0,1987,112,3,4,13
0,1988,115,4,4,13
0,1988,112,4,4,13
1,1907,180,4,4,2
2,2019,30,1,1,13
1,2022,37,2,2,2
2,2017,33,1,1,13
4,2011,54,1,1,10
1,1997,103,3,2,2
1,2002,80,2,2,2
4,2011,43,1,1,10
2,1976,140,2,3,9
2,1972,156,3,4,9
2,1969,162,3,4,9
1,1914,211,3,4,14
1,1927,126,3,3,2
6,1984,88,2,2,10
6,1992,78,2,2,10
0,1974,135,3,4,10
1,1947,116,3,2,2
1,1910,154,4,2,2
4,1999,52,2,2,22
3,1996,80,2,2,4
0,1974,112,3,4,10
0,2005,55,2,2,10
6,1984,101,3,2,20
7,1968,147,3,3,2
0,1999,80,3,2,20
0,1950,166,2,3,18
5,2000,109,2,2,22
6,1970,232,4,3,11
0,1995,76,3,2,20
0,1979,103,3,3,3
1,1957,135,3,3,2
2,2017,34,1,1,13
4,2011,65,1,1,10
0,2002,86,2,2,15
5,1985,111,2,2,11
2,2017,40,1,1,13
4,2011,43,1,1,10
4,2011,62,1,1,10
4,2011,46,1,1,10
2,2021,34,1,1,13
0,2003,76,2,3,22
2,2019,26,1,1,13
2,2014,30,1,1,13
4,1955,206,4,6,10
1,1991,95,3,2,2
1,1946,164,3,3,14
4,2004,91,2,2,10
1,1982,108,3,2,2
1,1919,211,4,4,10
4,1975,146,4,4,10
1,2019,48,2,2,2
0,1974,145,3,4,10
2,2019,51,1,2,11
1,1917,136,3,2,2
1,1990,72,3,2,2
1,2008,81,3,2,2
1,1981,127,4,2,13
0,1974,101,2,4,10
6,1974,113,3,4,10
1,1991,101,2,2,2
6,1994,93,2,2,14
0,2016,29,1,1,14
2,2020,25,1,1,13
1,1987,186,4,3,2
1,2003,80,2,2,2
5,1989,107,3,3,22
1,2007,59,2,2,2
3,2001,82,2,2,10
3,1985,113,3,4,10
1,2019,33,1,1,2
0,1976,122,3,4,6
6,1980,107,3,3,6
3,1954,175,3,3,14
1,2019,32,1,1,2
0,1974,100,3,4,10
4,2021,41,2,1,7
7,1957,156,4,4,4
1,1986,64,2,2,2
0,2016,50,1,1,14
6,1945,172,4,4,4
6,1956,151,4,4,4
0,2016,57,1,1,14
0,2016,58,1,1,14
0,1972,114,3,3,4
6,1968,126,4,3,4
1,1907,170,3,3,2
5,2004,64,2,2,15
1,1967,135,2,2,2
6,1973,117,3,3,4
0,1956,160,3,4,20
2,2010,102,2,3,7
2,2010,108,2,3,7
2,2010,90,2,3,7
2,2010,125,2,3,7
2,2010,103,2,2,7
1,1999,57,2,2,2
1,2002,59,2,2,2
6,2003,101,2,3,11
5,1968,132,2,2,13
1,1957,146,3,4,2
5,1984,95,4,3,13
0,2006,43,3,3,13
0,2002,55,2,2,13
1,1987,126,3,3,2
1,1985,121,2,3,15
1,2014,39,2,2,2
0,1974,116,3,4,10
0,2000,61,2,2,13
4,1906,270,5,5,20
6,1956,159,4,5,20
2,2019,49,1,2,11
1,1958,256,3,4,13
1,2003,57,2,2,13
0,1980,140,2,3,5
1,1993,96,3,3,13
1,2009,76,3,2,2
2,2020,29,1,1,19
0,1983,101,2,3,7
2,1996,144,3,3,20
1,1947,153,3,3,15
0,1990,77,4,3,13
1,1987,77,2,2,15
0,2002,53,4,3,13
4,2011,46,1,1,10
1,1972,116,3,2,15
4,2011,47,1,1,10
1,1977,98,3,2,15
1,1927,143,4,3,15
1,1980,120,3,4,13
1,1919,236,4,4,13
1,2022,25,1,1,2
0,1990,104,2,3,18
4,1912,246,2,2,13
0,1960,96,2,2,18
1,2002,122,3,3,2
7,2007,60,2,1,6
7,1977,99,2,2,14
3,1995,94,3,4,21
3,1974,132,3,3,22
2,2025,18,1,1,18
1,1930,166,3,4,2
1,2022,32,1,1,2
6,1974,120,3,4,10
1,2023,27,1,1,2
1,2019,32,1,1,2
1,1998,83,3,2,2
0,1993,78,2,3,7
1,2024,23,1,1,2
6,1972,136,2,4,4
0,1974,120,3,3,10
5,1975,142,3,3,23
6,1993,85,2,2,23
4,2000,127,2,3,11
6,1985,113,2,3,23
4,2000,130,2,2,11
6,1988,83,2,2,22
2,2010,70,2,2,22
3,1949,131,3,4,10
3,1949,129,3,3,10
1,1952,153,3,3,15
1,1957,208,3,3,2
2,2023,28,1,1,22
3,2003,58,2,2,10
3,2003,76,2,2,10
1,1937,174,3,3,15
3,1960,132,3,3,10
1,1946,181,3,5,13
3,1949,148,3,4,10
1,1958,147,3,4,13
3,1949,149,3,4,10
3,1949,127,3,3,10
3,1949,115,3,2,10
7,2005,62,2,2,6
1,1907,166,4,4,2
3,1982,129,3,4,22
6,1946,210,5,6,3
1,1993,87,3,2,2
1,1927,153,3,3,2
1,1947,95,3,2,2
1,1999,61,3,2,2
1,1970,97,3,2,2
1,1957,160,3,3,2
6,2006,42,2,1,11
7,1933,221,4,4,1
1,1962,83,2,2,2
1,1947,147,3,3,2
0,1975,85,2,2,11
1,2024,21,1,1,2
4,1949,210,4,8,19
2,2023,35,1,1,19
1,2010,33,1,1,2
6,1989,110,2,3,22
2,2013,41,1,1,22
0,1993,111,2,2,23
1,1920,214,3,3,10
2,2022,37,1,1,18
1,2009,54,3,2,2
2,2022,36,1,1,18
2,2022,38,1,1,18
3,1949,131,3,4,10
3,1949,160,3,3,10
3,1988,97,2,2,15
3,1960,144,3,3,10
3,1960,190,4,4,10
7,1949,120,3,3,10
1,2000,77,3,2,2
5,1975,127,3,4,13
1,1967,153,3,3,2
0,2010,35,1,2,21
0,2004,79,2,2,13
2,2023,25,1,1,22
6,1977,128,3,3,1
1,1927,155,4,3,2
1,1997,72,3,2,2
1,2000,99,3,3,2
1,2007,65,2,2,2
5,1977,138,2,3,3
1,1993,85,2,2,2
3,1988,87,3,2,1
4,1949,184,4,5,1
0,1984,112,3,4,7
1,2022,34,1,1,2
1,2022,26,1,1,2
0,1983,93,3,3,1
0,1969,120,3,3,1
7,1943,199,3,4,1
0,1987,92,3,3,1
4,1964,180,4,4,1
4,1989,92,2,2,23
2,2022,36,1,1,18
1,1972,106,3,2,2
1,1972,125,3,2,2
0,2001,66,2,2,23
2,2022,39,1,1,18
0,2017,24,1,1,22
2,2022,36,1,1,18
2,2022,38,1,1,18
1,1957,181,4,3,2
1,2006,91,3,2,2
2,2023,26,1,1,22
5,1990,85,4,2,13
5,1973,132,4,3,13
5,1979,115,4,3,13
2,2023,26,1,1,22
1,1967,137,3,3,2
0,1986,86,2,3,13
2,2023,27,1,1,22
6,1994,79,2,2,21
2,2020,33,1,1,9
2,1984,93,2,3,22
2,1990,73,2,2,22
2,2020,31,1,1,9
2,2015,48,1,1,9
1,1967,95,3,2,2
0,1989,80,2,2,16
1,2010,45,2,1,2
1,1994,115,3,3,2
1,1950,213,4,5,2
0,1982,115,2,5,16
1,1977,138,3,3,2
1,1960,98,3,2,2
1,1989,108,3,3,2
2,2024,20,1,1,2
0,1985,87,2,2,11
0,1985,87,2,2,11
0,1974,135,4,3,10
2,2022,37,1,1,18
7,1952,157,3,2,15
1,1907,169,3,3,2
2,2022,35,1,1,18
2,2022,36,1,1,18
7,1972,116,3,2,15
0,1980,128,2,3,21
7,1962,132,3,3,15
7,1967,123,3,3,15
5,1970,154,3,4,21
7,1962,136,3,2,15
0,1957,97,2,3,19
7,1967,107,3,2,15
0,2001,79,2,1,17
0,2008,62,2,2,8
1,1912,162,3,3,17
2,2000,100,2,2,9
0,1960,132,3,3,18
1,1964,134,3,4,13
2,2010,72,2,2,22
1,1985,111,2,2,16
7,2003,95,3,2,11
1,1907,144,3,3,2
1,1985,108,3,3,2
7,1993,124,3,2,11
1,2023,23,1,1,2
1,1907,183,4,4,2
2,2020,29,1,1,10
6,1983,94,2,3,3
1,2019,45,1,1,2
1,1980,116,3,3,2
1,1907,157,3,4,2
7,1988,88,3,3,3
1,1917,152,4,4,2
2,2015,86,2,2,10
1,1972,76,2,3,2
1,1994,101,3,3,2
6,1940,169,3,3,19
0,1993,104,2,3,23
6,1947,111,3,3,19
0,2005,64,2,1,23
0,1994,81,2,2,23
1,1987,139,2,2,2
1,2000,73,2,2,2
1,1995,109,3,3,2
6,2010,50,2,2,3
1,2000,92,3,2,2
1,1960,136,3,3,2
1,1976,143,2,4,21
6,1962,168,4,4,2
0,1956,91,2,2,20
3,2011,34,2,2,3
1,1960,118,3,3,2
1,1993,91,3,2,2
1,1927,173,3,3,2
0,1943,206,5,4,3
1,1917,167,3,4,2
0,1937,146,3,3,17
1,1917,161,4,5,2
0,1936,144,3,4,17
6,1920,231,4,6,3
1,2024,25,1,1,2
0,1997,50,1,2,13
0,1980,87,2,2,11
1,2019,35,1,1,2
1,1947,148,3,3,2
0,1997,56,2,2,22
0,1987,87,2,3,17
1,1947,129,4,2,2
1,2000,71,2,2,2
7,1947,104,3,2,19
0,2021,19,1,1,3
0,1967,154,3,3,21
0,1999,68,2,3,22
5,1991,144,2,3,21
5,1991,128,2,4,21
1,1985,143,2,3,11
6,1956,154,2,3,3
1,1994,96,3,2,2
0,1924,226,3,5,3
2,2022,33,1,1,10
1,1977,112,2,3,3
1,1916,181,4,4,2
1,1927,160,4,3,2
1,1927,180,4,3,2
1,2022,37,1,1,2
0,1949,169,4,4,3
6,1984,93,3,2,3
6,1980,107,2,2,11
0,1987,93,2,2,17
4,1984,180,3,6,10
0,1948,135,3,4,17
3,1998,83,3,3,2
0,1953,123,3,2,17
0,1980,70,2,2,11
5,1978,116,2,3,17
0,1980,58,2,2,11
3,1991,104,3,3,2
0,1966,109,3,3,17
6,1977,94,3,2,17
0,1983,113,3,3,21
0,1965,110,3,3,17
0,1994,71,2,2,17
1,1971,144,3,3,3
0,2003,57,2,1,17
0,1990,70,2,2,17
0,2006,52,2,2,21
5,1998,81,2,3,22
4,2022,24,1,1,19
5,1975,123,3,3,16
6,1988,83,3,2,9
1,1927,187,4,4,2
7,1965,100,3,3,12
0,1980,93,2,2,11
0,1980,127,4,3,11
0,2008,65,1,1,17
0,1958,116,3,2,17
6,1962,167,4,4,2
0,1998,59,2,2,23
6,1940,146,3,4,19
0,1953,114,2,3,17
6,1994,100,3,2,2
6,1940,142,3,3,19
0,2004,63,2,2,3
0,1986,90,3,2,6
6,1915,245,4,7,3
6,1956,116,2,2,17
0,1998,75,2,2,17
2,2010,75,2,2,23
6,1992,91,3,3,21
0,1994,71,2,3,3
1,1988,137,4,3,2
1,1907,128,4,3,2
2,2025,20,1,1,10
1,1907,157,5,4,2
1,1979,126,3,3,2
1,1971,149,2,3,2
6,1972,93,2,2,21
1,2021,23,1,1,2
1,1989,105,2,3,2
1,1927,146,3,3,2
1,2022,28,1,1,2
5,1995,62,2,2,22
1,1986,110,2,3,2
3,1966,106,2,2,11
0,1987,115,3,3,11
0,1995,91,2,2,23
0,1996,84,3,3,23
0,1984,132,3,3,11
0,1999,83,2,2,23
0,1997,62,3,2,23
7,1990,104,2,3,2
1,1953,179,2,2,21
2,2014,80,2,2,10
0,1996,95,2,2,23
3,1975,134,3,5,2
7,2009,64,1,2,19
2,2019,37,1,1,17
0,1999,75,2,3,3
0,1989,82,3,4,3
6,1965,101,2,2,17
0,2005,72,2,2,17
0,2004,83,2,2,17
1,1907,171,5,3,2
1,2019,42,1,1,2
1,1923,267,4,4,2
1,1968,157,3,3,2
1,1967,121,3,3,2
1,1993,95,3,3,2
1,1972,114,3,4,13
0,2012,49,2,2,21
1,1974,118,3,3,12
1,1932,214,4,4,12
2,2012,117,2,2,10
6,1983,91,3,3,12
3,1985,91,2,2,12
2,2013,94,2,2,10
0,1961,180,3,5,23
4,1990,125,4,4,10
4,1990,125,4,4,10
3,1956,157,3,4,3
3,1943,183,4,3,3
4,1990,135,4,4,10
4,1990,139,4,4,10
2,2019,51,1,1,10
2,2019,39,1,1,10
2,2019,45,1,1,10
1,1980,146,3,2,16
1,1990,103,2,2,16
6,1935,151,3,3,17
1,1907,139,4,3,2
1,2009,39,1,1,2
3,1991,115,2,3,22
1,2002,69,2,2,13
5,1990,83,3,3,11
3,1965,113,3,3,11
6,1993,97,2,3,23
0,1988,116,2,2,11
2,2007,56,2,2,11
2,2015,76,1,2,10
0,1944,123,1,3,17
0,1998,73,2,3,3
4,1990,146,4,4,10
0,2001,71,2,2,3
0,1908,176,3,3,17
4,1990,132,4,4,10
0,1992,56,2,2,17
1,1930,156,3,2,10
0,2004,66,2,2,3
4,1990,132,4,4,10
0,1990,97,2,3,3
0,1940,181,3,4,17
0,1990,163,4,3,10
6,1990,71,2,3,10
0,1948,211,3,3,17
0,1991,68,2,2,17
2,2021,29,1,1,10
0,1983,98,2,3,17
1,2000,93,2,2,2
3,1972,160,3,3,12
1,2000,89,2,3,2
0,1979,103,3,4,17
0,1950,205,3,4,17
1,1938,159,3,3,2
1,1938,167,3,3,2
1,1985,100,3,2,2
1,2002,86,2,2,2
1,2000,82,2,2,2
2,2021,34,1,1,10
0,1992,62,2,2,17
1,2002,67,2,2,2
0,1980,95,2,2,17
6,1985,95,2,1,11
2,2015,87,2,2,10
2,2015,56,1,1,10
0,1968,151,3,4,2
2,2015,78,1,2,10
0,1997,74,2,2,23
0,1996,85,2,3,23
2,2015,35,1,1,10
0,1996,96,2,3,23
0,1997,84,2,2,13
1,1980,96,2,2,11
0,1994,83,2,2,23
0,1998,57,2,2,23
5,1986,90,2,2,16
6,1957,115,3,3,14
3,1978,101,2,2,3
2,2015,48,3,1,2
2,2019,42,1,1,10
0,1996,84,2,2,17
1,2000,77,2,2,2
2,2019,45,1,1,10
1,2023,26,1,1,2
2,2013,75,2,2,10
4,1999,106,3,3,18
2,2012,61,2,1,10
0,1986,85,2,2,17
2,2021,28,1,1,10
7,1971,118,3,3,4
2,2005,132,2,3,22
0,2006,95,2,2,11
2,2016,77,1,1,10
2,2020,30,1,1,10
2,2005,88,1,2,11
0,1974,128,3,4,22
2,2020,28,1,1,10
0,1988,83,2,3,22
0,1986,87,3,3,22
2,2017,76,1,2,10
0,1993,111,2,2,11
2,2014,61,2,2,10
0,2018,37,2,1,19
0,1993,90,2,2,3
0,1999,64,2,2,3
0,1999,56,2,2,3
0,1999,55,2,2,3
0,1997,62,2,2,3
0,1998,62,2,2,3
0,2002,49,2,2,3
3,1950,172,4,4,3
0,1994,80,2,3,3
0,1994,79,2,3,3
1,1927,115,3,3,2
1,1998,107,3,2,2
0,1972,106,3,3,17
2,2013,91,2,2,10
0,1999,68,2,2,17
2,2019,51,1,1,10
7,1986,104,2,2,4
4,1975,171,3,4,23
2,2019,45,1,1,10
1,1941,210,3,4,2
1,1997,103,2,2,2
1,1907,161,3,2,2
1,2001,85,2,2,2
6,1989,63,2,2,2
2,2019,43,1,1,10
1,1988,104,3,3,20
1,1960,139,2,3,2
0,1988,57,2,2,13
1,1907,144,4,3,2
1,1997,111,3,2,2
1,1907,145,4,3,2
1,1907,149,3,2,2
1,1907,140,4,3,2
1,2001,95,2,2,2
1,1907,151,2,2,2
0,1995,84,2,2,3
0,1997,71,2,2,3
0,2007,61,2,2,3
2,2022,40,1,1,10
2,2021,37,1,1,10
0,2002,58,2,2,3
0,1995,83,2,3,3
0,2021,20,1,1,3
5,1995,88,2,1,18
2,2019,59,1,1,10
1,1992,80,3,2,2
1,1907,141,3,3,2
1,1907,138,3,3,2
5,1997,61,2,2,16
1,2000,96,3,3,2
2,2017,55,1,1,10
1,1947,105,3,3,2
1,1986,104,3,3,2
5,2005,77,2,2,2
7,1995,75,2,2,22
1,2021,37,1,1,2
1,1989,90,2,2,2
5,1968,147,3,3,21
1,1998,98,2,2,2
1,1998,114,3,3,2
1,1998,106,2,2,2
1,1907,151,3,3,2
1,1989,112,2,2,2
6,1960,171,3,3,19
1,1927,185,3,4,2
1,1927,135,3,3,2
1,1999,94,3,3,2
1,1999,85,3,3,2
1,1942,207,3,4,2
1,2000,72,2,2,2
4,2000,111,2,2,11
1,1927,145,3,3,2
1,2000,79,2,2,2
6,1995,85,2,2,19
4,2002,81,2,2,11
4,2022,40,1,1,19
2,2017,45,1,1,10
0,1997,64,2,3,3
0,2010,58,2,2,2
6,1961,170,3,3,3
5,1990,97,3,4,10
0,1989,101,2,3,3
3,1991,97,2,2,3
0,2002,68,2,2,3
0,2001,70,2,2,3
2,2022,22,1,1,18
1,1927,130,3,3,2
0,1985,91,2,3,17
1,1967,111,3,3,2
1,1970,106,3,2,2
2,2022,48,1,1,10
1,1965,124,3,3,2
6,1935,148,3,3,17
1,1950,124,3,3,2
2,2017,78,1,1,10
1,1991,84,3,2,2
3,1950,170,4,4,3
1,1916,186,5,3,2
1,1960,161,3,3,2
0,1998,84,2,2,23
1,1967,184,2,5,23
1,1998,69,2,2,2
4,1986,118,3,4,2
0,2006,87,2,2,11
1,1961,176,3,5,23
0,1982,126,3,4,23
1,1964,169,3,4,23
1,1964,169,3,4,23
1,1959,187,2,3,23
1,1972,106,3,3,2
7,1970,151,3,3,19
1,1994,98,2,2,2
1,1957,92,3,2,2
0,1980,129,3,3,19
1,1947,126,3,3,2
1,1955,185,3,4,2
1,1970,140,3,3,2
0,1960,158,3,4,19
3,1970,133,3,3,19
1,1947,110,3,2,2
1,1907,142,4,3,2
2,2019,42,1,1,10
1,1907,174,4,3,2
1,1957,123,3,2,2
2,2021,32,1,1,10
0,2018,24,1,1,3
0,2018,46,1,1,3
0,2008,38,2,2,3
0,2019,25,1,1,3
0,1980,114,2,3,21
2,2025,23,1,1,10
0,1998,66,3,2,3
6,1995,80,2,3,3
6,1940,193,5,4,3
0,2009,49,2,2,3
0,1968,123,4,3,3
1,2008,55,1,2,10
1,1995,84,3,2,2
2,2021,34,1,1,10
2,2022,36,1,1,10
1,1999,66,2,2,23
7,2002,53,1,1,4
1,1995,85,2,2,23
1,1964,167,2,3,23
1,1964,171,3,4,23
1,1964,168,3,4,23
1,1990,107,2,2,23
1,2000,64,2,2,2
1,1992,55,2,2,2
0,1993,99,3,3,23
0,1996,94,2,3,23
1,1977,151,3,4,23
0,1990,103,2,4,23
0,1965,142,3,3,11
2,2019,36,1,1,10
1,1980,105,3,2,2
2,2007,74,1,2,11
0,2005,52,2,2,22
1,1917,151,3,3,2
2,2019,36,1,1,10
1,1989,117,3,3,2
2,2019,35,1,1,10
2,2019,31,1,1,10
1,1994,102,2,2,2
0,2003,48,2,2,3
0,1960,142,5,3,3
2,2021,37,1,1,10
0,2018,28,1,1,3
6,1980,105,3,3,3
2,2015,81,2,2,10
0,1996,66,2,2,3
7,1995,76,2,2,22
2,2017,40,1,1,10
1,1950,122,3,2,2
1,1950,153,3,3,2
1,1927,127,3,3,2
1,2004,45,2,2,2
1,1927,146,3,3,2
1,1907,165,3,3,2
1,1925,223,4,5,3
1,2024,24,1,1,2
1,1990,55,2,2,2
1,1967,116,3,2,2
0,1988,104,3,3,23
1,1916,151,3,3,2
6,1993,90,2,3,23
6,2006,45,2,1,11
0,2006,51,2,2,11
1,1930,221,4,4,22
7,2007,58,2,2,22
1,1980,117,2,2,16
1,1957,169,4,4,2
2,2019,36,1,1,10
1,1993,67,2,2,2
0,1988,93,2,2,22
0,1988,103,2,2,22
1,2019,38,1,1,2
1,2019,54,2,2,2
1,2019,43,2,1,2
1,1977,88,2,2,2
2,2008,63,1,2,11
2,2019,45,1,1,10
1,2019,44,2,1,2
0,1989,83,2,2,3
4,2000,92,2,3,13
0,1982,109,3,3,20
2,2025,20,1,1,10
3,1955,154,3,3,3
3,1963,135,5,3,3
2,2020,31,1,1,10
3,1952,162,4,4,3
3,1964,132,5,3,3
1,1977,97,3,2,2
1,1967,110,2,2,2
3,1962,149,3,3,3
5,1962,133,2,1,3
1,1972,123,3,2,2
1,2004,64,2,2,2
0,1998,113,2,2,12
2,2013,93,2,2,10
6,1950,162,3,4,3
0,2008,70,2,2,2
0,1993,84,2,3,23
1,1927,143,3,3,2
0,1977,144,3,4,2
0,1991,126,3,3,23
2,1972,157,3,4,2
0,1966,184,4,5,2
1,1950,187,4,3,22
0,1975,108,4,4,22
0,1995,86,3,2,2
1,1916,146,3,3,2
1,1950,107,3,2,2
0,1979,129,3,4,22
1,1907,127,3,3,2
2,2020,43,1,1,10
5,1954,247,3,3,21
1,1994,81,3,2,2
1,1991,130,3,2,2
1,2019,36,2,1,2
3,1956,156,4,4,3
5,1978,233,4,4,3
1,1927,161,3,3,2
0,1953,161,3,4,3
0,2018,23,1,1,3
6,1974,111,3,2,3
1,1927,159,4,5,2
0,1942,183,4,5,3
1,1927,114,3,2,2
0,1960,134,4,3,3
0,2003,55,2,2,3
6,1962,138,4,3,3
1,1947,159,3,4,2
1,1989,86,3,3,3
3,1960,146,4,3,3
6,1951,204,3,4,18
3,1976,140,2,3,9
1,2011,44,2,2,2
5,1983,118,2,2,2
0,2019,35,1,1,10
2,2021,40,1,1,11
5,1971,130,4,4,12
4,1950,162,3,3,11
4,1950,202,3,3,11
0,1995,94,2,3,11
0,1995,95,2,3,11
2,2019,35,1,1,11
2,2006,72,2,2,11
5,1946,135,4,4,20
2,2018,43,1,1,13
5,1932,117,3,3,17
2,2018,44,1,1,13
2,2018,40,1,1,13
1,1990,137,3,3,2
1,1972,116,3,2,2
1,1947,190,4,4,13
1,1937,217,4,4,13
1,1937,204,3,3,13
1,1940,181,4,4,2
1,2000,121,4,3,2
4,1970,144,3,4,22
1,1957,195,4,3,2
6,1983,98,2,2,17
2,2017,24,1,1,13
0,1983,100,2,2,17
5,1978,102,2,3,17
5,1946,131,2,2,20
0,1995,79,2,3,11
5,1960,97,3,2,20
2,2006,81,1,2,11
5,1968,132,4,4,12
0,1946,123,3,2,20
1,1954,210,4,4,13
0,1977,78,2,2,15
1,1942,223,5,4,20
1,1950,203,3,4,20
0,2018,39,2,1,20
1,1953,190,4,4,20
1,1976,143,3,3,20
2,2018,43,1,1,13
2,2009,56,2,1,1
2,2018,31,1,1,13
5,1982,93,2,3,17
2,2018,30,1,1,13
5,1958,147,3,3,17
2,2017,27,1,1,13
1,1991,115,3,2,13
1,2002,140,3,2,2
1,1989,84,3,2,2
7,1956,220,4,4,13
1,1907,198,4,3,2
1,2013,46,2,2,2
1,1977,169,3,3,2
3,1999,38,1,1,22
7,1970,145,3,3,13
5,1955,174,3,3,17
6,1997,58,2,2,17
6,1969,106,3,2,2
1,1988,108,3,2,20
0,1995,102,2,3,11
1,1976,141,4,4,20
1,1965,162,5,4,20
1,1987,108,3,3,20
0,1936,210,4,5,20
1,1936,235,4,4,20
0,1995,78,2,3,11
0,1967,134,4,4,12
0,1995,82,2,3,11
2,2011,57,1,2,11
2,2011,59,1,2,11
2,2011,53,1,1,11
2,2008,64,1,2,11
1,1959,178,4,4,20
7,1995,89,2,2,21
4,1984,170,4,5,10
6,1986,117,2,3,12
4,1984,182,4,4,10
1,1981,130,3,3,21
4,1984,195,4,5,10
4,1984,200,4,5,10
4,1984,227,4,6,10
1,1948,239,4,3,13
4,1984,217,4,8,10
1,2016,54,2,2,2
1,1927,146,3,3,2
1,2014,64,2,2,2
1,1907,172,3,3,2
1,2000,88,3,2,2
1,2019,28,1,1,2
1,1917,162,3,3,2
3,2018,27,1,1,23
5,1991,90,3,3,15
5,1977,90,3,2,15
0,1977,120,3,3,15
5,1996,84,3,3,15
0,1991,80,2,3,12
1,2001,64,1,1,19
0,2019,37,1,1,10
7,1956,136,4,3,2
2,2014,63,1,1,10
6,1970,147,5,4,2
6,2006,35,1,1,15
7,1976,147,2,1,21
6,2020,28,1,1,23
2,2017,35,2,1,1
0,1926,218,3,3,15
0,1993,90,3,2,11
5,2004,63,2,2,21
5,1995,121,2,3,21
5,1995,96,2,2,21
4,1984,271,4,8,10
5,1991,144,2,3,21
5,1991,152,2,3,21
1,1977,140,3,3,2
1,2000,105,3,3,2
1,1981,149,2,1,22
1,1995,84,3,2,2
1,2021,39,1,1,2
1,1970,139,3,2,2
1,2000,117,3,3,2
1,1993,131,3,2,2
1,1967,137,3,3,2
1,1995,84,2,3,12
1,1988,126,2,3,12
1,1956,201,3,4,12
1,1971,155,3,3,12
1,1940,134,3,2,18
6,1992,83,3,4,14
5,2006,111,3,3,10
3,1963,178,3,5,14
2,2000,82,2,2,21
5,1989,136,2,3,21
1,1977,129,2,2,2
0,1988,103,2,3,21
3,1980,80,2,3,22
1,1957,133,3,3,2
7,1961,187,4,4,13
1,1957,191,4,3,2
1,2000,76,2,2,2
6,1965,134,3,3,12
0,2006,46,1,2,22
0,1980,142,2,3,21
0,1980,140,2,4,21
0,1980,117,2,3,21
1,2024,22,1,1,2
0,1980,129,2,3,21
4,1935,198,4,4,21
0,2003,81,2,1,15
0,1980,130,3,4,21
0,2001,78,2,2,9
0,1995,95,2,2,21
3,1940,163,3,3,19
1,2005,85,3,2,2
1,2005,64,2,2,2
3,2005,65,1,1,19
1,1980,120,3,2,2
3,2005,64,1,1,19
3,1957,93,3,1,19
1,1957,162,3,3,2
1,2009,69,3,2,2
7,1956,181,4,4,13
1,1970,140,3,2,2
1,1962,148,4,3,2
7,1966,170,3,3,13
1,1963,137,2,3,16
0,2005,51,2,2,22
0,2005,59,2,2,22
0,2005,57,2,2,22
0,2005,57,2,2,22
0,2000,86,2,2,22
0,1947,121,2,3,19
0,1957,90,3,3,19
2,2022,25,1,1,11
5,1975,146,3,3,23
6,1995,86,1,2,21
0,1990,116,3,3,21
3,1985,127,2,3,21
7,1981,131,3,4,23
3,1947,122,3,3,19
1,1962,139,3,3,2
1,1976,94,2,2,2
1,1962,165,3,3,2
1,1970,122,3,2,2
1,1967,161,3,3,2
1,2009,46,2,2,2
4,1977,87,3,2,15
1,1962,137,3,3,2
1,1967,150,3,4,2
1,1967,178,3,3,2
5,1991,118,3,3,21
1,2009,64,2,2,2
4,1967,102,3,3,15
1,1967,101,3,2,2
0,2005,53,1,1,22
2,2005,82,2,2,11
5,2013,40,2,1,22
2,2005,73,2,2,11
0,2007,70,2,2,22
0,1994,83,2,3,22
0,1975,106,2,3,11
5,1990,115,2,3,21
4,2009,50,2,2,23
0,1975,148,3,5,11
4,1990,148,4,4,10
0,1993,91,2,2,11
5,1936,204,3,3,22
6,2006,75,2,3,2
5,2007,39,2,1,3
1,1994,81,3,2,2
1,1967,150,4,2,2
1,1957,130,3,3,2
1,2019,53,2,2,2
1,1994,77,2,2,2
1,1927,114,3,3,2
1,1998,107,3,2,2
1,2019,44,2,2,2
5,1995,91,2,3,21
0,2006,68,2,2,12
2,2011,56,1,2,11
2,2006,64,1,2,11
2,2008,38,1,1,11
2,2008,84,2,2,11
2,2006,89,1,2,11
2,2005,76,2,2,11
0,1982,107,2,3,22
3,2007,59,2,1,2
2,2005,83,2,2,11
3,2007,43,1,1,2
3,2007,43,1,1,23
0,2000,63,2,2,15
1,1930,148,3,3,10
3,1960,168,4,5,11
0,1982,71,2,3,21
1,2000,91,3,2,2
1,1989,148,3,3,2
4,1972,76,3,2,15
1,1907,152,4,3,2
1,1927,115,3,2,2
1,1927,136,3,3,2
4,1967,131,3,2,15
0,1995,97,2,2,11
2,2016,57,1,2,11
0,1991,107,3,3,22
0,1975,141,3,5,11
0,1995,71,2,2,11
3,1985,139,3,3,21
2,2006,70,2,2,11
2,2012,48,1,1,11
2,2015,62,1,1,11
2,2006,108,2,2,11
2,2006,116,2,2,11
3,2007,61,2,2,2
2,2006,115,2,2,11
2,2005,117,2,2,11
4,2021,20,1,1,23
7,1976,127,3,2,10
3,2007,76,2,2,2
3,2007,58,2,2,2
7,2010,149,3,2,10
2,2006,104,2,2,11
2,2006,107,2,2,11
2,2010,84,2,2,11
2,2011,105,2,3,11
1,1931,210,4,3,17
3,1960,115,4,4,11
3,1960,142,3,4,11
5,1989,111,2,2,21
0,1980,86,2,3,19
3,1940,143,2,3,19
4,1990,73,3,2,15
0,1982,100,3,3,21
7,1960,104,3,3,11
1,2009,70,2,2,2
1,1948,207,3,4,21
2,2005,72,1,2,11
2,2010,65,1,1,11
6,1982,118,2,3,22
2,2006,77,2,2,11
2,2005,81,1,2,11
2,2015,42,1,1,11
2,2005,66,2,2,11
2,2006,95,2,2,11
6,1988,100,3,3,22
2,2006,67,1,2,11
3,2007,87,2,2,2
3,2007,59,2,2,2
3,1953,165,3,4,2
4,2000,109,2,3,11
7,1960,139,3,4,11
3,1960,137,4,4,11
3,1940,145,4,4,11
3,1940,126,4,3,11
3,1960,110,4,3,11
0,1970,98,3,3,22
3,1960,141,4,3,11
7,2003,43,2,1,23
3,1960,135,3,3,11
1,1991,84,3,2,2
4,1986,103,2,2,21
1,1967,140,3,3,2
1,1993,103,3,2,2
4,1987,109,2,3,21
1,2016,48,2,2,2
1,1917,152,3,2,2
1,2014,48,2,2,2
4,1927,274,5,4,21
1,1999,54,2,2,2
1,2025,21,1,1,2
0,1965,148,3,4,21
0,2005,74,1,1,15
1,1907,142,3,3,2
2,2010,67,1,2,11
0,2010,42,1,1,21
0,1970,128,3,2,11
6,1978,163,3,4,22
2,2021,40,1,1,11
3,2005,83,2,2,19
2,2015,40,1,1,11
2,2006,64,2,2,11
7,1947,112,3,2,19
0,1991,83,3,3,22
2,2005,51,1,1,11
2,2011,64,1,2,11
0,2019,38,1,1,10
4,2000,96,2,3,11
0,1971,123,3,3,3
3,2020,28,1,1,2
0,1979,110,3,3,3
1,1930,150,4,3,2
7,1960,139,4,3,11
6,1977,108,3,3,22
0,1975,144,3,3,11
0,1975,121,3,3,11
0,1978,91,2,3,21
1,2009,80,2,2,2
0,2004,78,1,2,15
1,1967,109,3,2,2
1,2014,47,1,1,2
3,1960,114,3,4,11
5,2006,92,2,2,10
5,2006,96,2,2,10
5,2006,76,2,2,10
5,2006,82,2,2,10
6,1978,98,3,3,21
2,2011,70,1,2,11
2,2008,70,1,2,11
2,2011,46,1,1,11
2,2008,59,1,2,11
0,2007,89,2,3,22
2,2008,64,2,2,11
2,2019,31,1,1,11
0,2005,68,2,2,22
2,2016,45,1,1,11
2,2025,26,1,1,11
2,2015,61,1,2,11
6,1968,173,2,4,22
4,1974,218,3,3,17
4,1974,198,4,3,17
5,1947,90,2,2,19
0,1940,134,3,3,19
3,1960,171,4,4,11
7,1985,58,2,3,22
5,1999,85,2,2,21
0,1975,149,3,3,11
0,1959,106,3,2,17
6,1956,110,2,3,17
0,1945,134,3,4,17
0,1957,130,3,3,15
3,1940,123,4,3,11
4,1929,217,5,5,21
6,1943,138,3,3,17
3,1940,149,4,4,11
3,1940,109,4,3,11
3,1960,102,4,3,11
0,1983,103,2,3,17
2,2014,66,1,1,10
3,2005,79,1,1,17
2,2007,73,1,2,11
2,2006,70,2,2,11
2,2006,88,2,2,11
2,2019,34,1,1,11
2,2008,56,1,2,11
2,2006,66,2,2,11
6,1950,140,3,4,22
2,2005,44,2,1,11
2,2005,50,1,2,11
2,2006,58,1,2,11
2,2019,23,1,1,11
2,2017,46,1,1,11
1,1947,100,2,2,19
1,2008,76,2,2,22
1,2008,85,2,2,22
1,2008,89,2,2,22
1,2008,70,2,2,22
0,1950,168,3,4,22
1,1957,94,2,2,19
1,1925,186,3,4,19
4,1999,83,2,3,23
3,1960,139,4,4,11
4,1999,91,2,3,23
3,1960,148,4,4,11
6,1975,131,3,3,11
3,1960,150,4,3,11
1,1987,100,2,2,13
0,1905,197,3,4,17
3,1968,128,3,3,11
0,1993,67,3,2,16
2,2012,57,1,1,17
4,1923,236,5,4,21
7,1960,141,4,4,11
3,1960,147,4,4,11
2,2012,67,1,1,17
0,1998,92,2,3,17
0,2002,46,2,2,17
6,1980,106,3,4,17
6,1943,183,3,4,17
6,1963,140,3,3,17
2,2019,40,1,1,11
0,2006,23,1,1,18
0,1995,65,2,2,11
2,2007,71,2,2,11
2,2005,85,2,2,11
0,1980,124,3,3,2
6,1981,116,3,3,2
6,1973,138,3,4,2
1,1955,201,3,4,12
1,1987,109,2,3,13
1,2022,28,1,1,2
1,1970,113,3,2,2
1,1987,82,2,2,13
1,1992,125,3,2,2
1,1942,199,4,4,13
1,1987,102,2,2,13
1,1995,58,2,2,2
1,1986,125,3,2,2
1,1937,203,4,4,13
1,2019,29,2,1,2
3,1960,163,4,4,11
5,1974,118,2,3,17
3,1948,136,2,3,17
6,1960,216,4,4,11
1,1945,148,2,3,17
0,2004,30,2,1,1
7,1999,66,2,2,17
3,1999,84,2,2,17
1,1982,135,3,3,23
2,2021,33,1,1,11
2,2016,39,1,1,11
6,1995,57,2,1,11
2,2016,43,1,1,11
2,2015,65,1,2,11
2,2021,41,1,1,11
1,2003,121,3,2,2
1,2003,119,2,2,2
1,2022,30,1,1,2
1,1947,178,3,3,2
1,2009,37,2,2,2
1,1992,89,3,2,2
1,1932,226,4,4,13
2,2019,26,1,1,19
1,2008,47,1,1,13
3,1957,128,3,3,2
1,1914,241,3,6,15
5,1974,158,3,4,21
2,2020,44,1,1,2
0,1986,109,2,3,21
5,1984,126,2,4,21
5,1967,176,3,3,21
5,2000,63,1,1,23
5,1974,130,3,4,21
5,1992,123,2,3,23
4,1963,191,4,4,21
0,1972,143,3,3,20
4,1989,113,2,4,23
5,1928,80,4,3,14
4,1987,121,3,4,23
2,2005,76,1,2,11
2,2011,67,1,2,11
2,2011,64,1,2,11
4,1990,109,2,3,23
0,1958,104,3,3,14
4,1997,89,2,3,23
0,1965,69,2,2,10
4,1984,134,3,4,23
4,1990,124,2,3,23
6,1988,53,2,2,14
0,2001,84,2,2,23
1,1955,198,2,3,23
5,1995,127,3,3,21
3,1946,170,3,2,3
4,1986,129,2,3,23
4,1986,123,2,3,23
1,1953,158,2,4,14
4,1997,81,2,2,23
3,1975,144,3,4,22
5,1922,265,3,5,2
4,1992,88,2,2,23
3,1953,134,3,2,2
3,1998,51,1,2,19
0,1993,42,2,2,16
1,1925,181,4,4,2
0,1961,86,3,3,16
5,1980,131,2,4,10
0,1993,85,2,2,2
0,2003,73,2,2,22
4,1997,84,2,2,23
4,1997,88,2,3,23
4,1993,99,2,3,23
0,1961,146,2,5,16
0,1995,66,2,3,16
0,1980,97,3,4,16
5,2012,33,2,1,2
2,2011,75,2,2,22
6,1947,180,3,3,14
6,1967,130,3,2,14
6,2010,49,2,1,3
0,1959,174,3,5,14
6,1978,130,3,3,21
5,1988,85,2,3,16
0,1989,226,3,5,16
0,1978,125,3,4,22
6,1985,108,3,3,22
0,1983,96,3,3,4
5,1976,109,4,3,16
6,1985,108,2,3,22
5,1998,75,2,2,22
4,2003,63,2,2,22
4,2001,67,2,2,22
4,1984,110,3,4,22
4,2001,69,2,2,23
6,1966,157,3,3,11
2,1988,99,2,2,22
2,2020,25,1,1,23
2,2020,27,1,1,23
0,1999,72,2,1,17
1,1987,103,2,3,2
6,1975,114,2,3,17
0,1998,91,2,2,17
1,1967,152,3,4,2
3,2008,77,2,2,17
0,1976,126,3,4,21
0,1970,130,2,3,17
0,1985,67,2,3,22
0,1994,60,2,2,16
5,1990,57,3,2,16
5,1990,70,2,2,16
5,1967,114,2,3,16
0,1990,74,2,2,21
5,1988,81,2,3,16
5,1975,108,2,4,16
0,1992,54,2,2,16
0,1996,70,2,2,16
0,1989,81,2,2,16
0,1993,75,2,2,16
1,1988,123,3,3,21
1,1950,114,3,3,11
4,1997,77,3,3,22
0,1981,117,3,4,22
1,1950,80,2,2,18
4,1993,95,2,3,23
0,2009,59,2,1,21
1,2018,28,1,1,23
5,1980,133,3,4,17
5,1935,225,3,4,17
0,1995,77,2,3,17
0,1960,96,2,3,22
5,1950,190,4,4,17
6,1969,159,2,2,21
1,1979,134,2,3,2
6,1980,294,2,3,21
0,1989,115,2,3,23
2,1975,207,2,2,21
1,1925,180,3,4,2
3,1947,135,3,3,14
7,2006,42,1,1,14
2,2008,74,1,2,11
7,1960,190,4,5,20
1,1954,189,4,4,20
2,2007,77,1,2,11
1,1937,258,4,4,13
1,1949,205,4,5,20
1,1935,246,4,5,20
7,1985,100,2,2,12
2,2015,55,1,2,11
2,2015,51,1,1,11
0,1961,125,3,2,15
4,1984,106,2,3,22
1,1934,199,3,3,14
5,1970,170,3,3,18
4,1997,84,2,2,23
4,1994,98,2,3,23
4,1997,86,2,3,23
4,1997,96,2,2,23
1,1979,121,2,3,2
1,1985,109,3,3,2
5,2021,26,1,1,2
7,2020,22,1,1,23
0,1940,142,2,2,19
2,2022,32,1,1,2
3,1963,158,3,4,2
0,1947,136,2,3,19
4,1970,163,3,5,23
4,1975,163,3,4,23
5,1983,86,2,2,14
4,1997,85,2,2,23
2,2005,92,2,2,11
2,2005,88,2,2,11
2,2020,36,1,1,21
2,2019,36,1,1,10
6,1934,255,4,4,17
2,2015,51,1,1,10
2,2017,46,1,1,11
0,1947,132,4,3,15
0,2016,52,2,2,23
2,2017,39,1,1,11
0,1942,147,4,3,15
0,1917,204,4,4,15
0,1996,98,3,2,20
0,2002,95,3,2,20
0,2021,35,1,1,2
5,1958,105,4,4,14
5,1928,220,4,3,14
2,2019,39,1,1,21
2,2020,39,1,1,21
6,1958,178,3,3,2
6,1978,72,2,3,14
5,1958,91,3,2,14
5,1948,194,4,4,14
2,2020,38,1,1,21
2,2005,109,2,2,11
2,2024,22,1,1,21
4,1980,169,3,4,23
6,1985,95,2,4,15
0,1970,90,2,2,18
3,1977,69,2,2,18
0,2007,35,2,1,18
3,1940,159,3,3,18
0,1957,94,3,3,18
3,2005,60,1,1,18
1,1968,161,3,3,21
1,1986,126,2,3,14
6,1947,205,5,3,20
1,1988,102,2,2,14
4,2009,47,2,2,3
7,1944,173,4,5,14
7,1994,85,3,2,2
7,1940,224,4,5,2
6,1980,166,2,2,23
0,2017,28,1,1,23
6,1980,111,2,2,23
0,2022,28,1,1,2
6,1980,130,3,2,23
7,1981,112,3,4,2
3,2017,36,1,1,23
2,2022,25,1,1,21
4,1949,205,3,5,22
2,2022,31,1,1,21
5,1961,171,3,3,14
4,1975,155,3,5,23
4,1963,181,3,5,23
3,1940,108,2,3,18
3,1957,82,2,2,18
6,1957,88,3,3,18
0,1940,116,3,4,18
0,1957,90,3,3,18
7,1957,145,4,5,14
0,1969,112,2,2,10
7,1965,126,3,3,14
7,1997,78,2,2,23
0,1969,142,2,2,10
1,1991,89,3,2,2
0,2000,70,2,2,23
4,1997,97,2,2,23
0,2016,43,1,1,23
4,1997,88,2,2,23
7,1926,256,4,6,2
4,1985,132,3,3,23
2,2020,44,1,1,21
4,1980,137,3,4,23
6,1969,153,3,3,9
5,1992,68,2,3,16
2,2020,37,1,1,13
0,1947,100,3,2,18
1,1984,87,2,1,17
0,1995,48,2,1,18
0,1940,110,2,2,18
6,1947,92,2,3,18
0,1940,113,2,3,18
6,1957,87,2,3,18
4,2021,20,1,1,23
4,2021,20,1,1,23
4,2021,20,1,1,23
6,1954,193,4,3,20
1,1985,128,3,3,12
1,1975,125,3,3,12
1,1990,104,2,3,12
4,1958,159,4,4,3
4,1992,102,2,3,23
0,1975,123,4,3,10
4,1976,169,3,5,12
4,1964,238,3,5,12
0,1994,59,2,2,10
4,1956,189,3,4,18
3,1917,250,3,3,19
0,1983,85,2,2,16
3,1990,82,2,2,15
4,1971,165,3,5,23
4,1970,176,3,5,23
4,1965,174,3,4,23
4,1968,141,4,3,4
4,1975,149,3,4,23
0,2004,42,2,1,18
0,1940,152,3,4,18
0,2000,58,2,2,18
0,1940,148,4,3,18
0,1940,177,3,4,18
5,2001,64,2,2,22
0,1947,114,3,3,18
0,1950,134,2,3,18
4,1928,220,3,4,17
0,1980,83,2,2,18
6,1993,70,2,2,21
4,1985,125,3,4,23
4,1990,110,3,3,23
4,1997,104,2,3,23
3,1944,171,3,2,19
0,1997,80,2,2,23
3,1955,149,3,3,19
4,1997,117,2,2,23
4,1990,121,2,3,23
4,1985,134,2,4,23
2,2022,22,1,1,21
4,1950,181,4,4,4
0,1969,116,2,4,15
1,1955,171,3,3,23
0,1995,53,1,2,18
3,1915,295,5,5,23
0,2016,48,1,2,19
0,2009,50,1,1,18
6,1942,225,4,6,20
3,1980,67,2,2,18
2,2005,73,1,2,11
2,2005,79,1,2,11
2,2005,81,1,2,11
7,1940,175,2,4,19
0,1980,98,4,2,12
0,2013,67,2,2,12
0,2020,30,1,1,2
0,1990,122,3,3,2
0,2015,30,1,1,23
2,1991,140,2,2,21
3,1918,241,4,5,4
6,1993,188,2,3,16
0,2002,48,2,2,16
1,1990,74,3,2,2
5,1992,124,2,3,16
6,1957,82,3,3,18
6,1927,134,3,3,18
0,1967,117,3,3,2
6,1940,152,3,3,18
5,2001,47,2,1,22
1,1951,223,3,3,22
2,2005,83,2,2,11
2,2005,85,2,2,11
2,2014,44,1,1,11
2,2005,77,1,2,11
5,1940,194,2,2,18
2,2007,76,1,2,11
2,2010,51,1,1,11
4,1997,81,2,2,23
2,2019,40,1,1,11
2,2007,82,1,2,11
2,2008,62,1,2,11
2,2008,70,2,2,11
0,1989,82,3,3,16
4,2009,53,2,2,21
7,1946,190,4,4,3
4,1997,109,2,2,23
5,1974,179,3,4,16
1,1996,69,3,2,2
2,1989,162,2,2,21
2,1990,143,2,2,21
3,1993,81,2,2,4
1,2003,48,3,2,2
0,1966,160,2,4,2
2,2020,34,1,1,19
3,1998,71,2,2,23
3,2019,34,1,1,23
3,2005,58,1,1,19
7,2000,64,2,2,23
2,2019,47,1,1,19
3,2019,32,1,1,19
7,1959,180,4,5,2
4,2010,80,2,1,23
4,1984,130,2,3,23
1,1948,216,4,5,23
1,1948,213,3,4,23
1,1948,208,3,4,23
1,2006,62,1,1,23
2,2005,80,2,2,11
0,1988,81,2,2,21
5,1918,172,3,4,21
7,1963,133,3,4,3
2,2024,22,1,1,21
1,1971,140,3,3,2
1,1987,100,3,2,2
1,1930,172,3,4,2
0,1965,89,2,2,10
4,2000,110,2,3,11
1,1954,183,4,4,2
6,1959,156,4,5,4
3,2019,36,1,1,19
6,1976,129,3,3,2
2,2014,51,1,2,11
2,2008,91,1,2,11
0,1988,82,2,2,21
2,2005,67,1,2,11
2,2007,71,2,2,11
2,2016,44,1,2,11
5,1974,140,3,3,17
1,1930,219,3,3,11
5,1954,194,3,3,17
2,2019,44,1,1,11
2,2014,67,1,2,11
2,2008,71,1,2,11
2,2007,73,1,2,11
2,2005,70,2,2,11
6,2007,68,2,2,22
0,1985,83,3,2,2
6,1990,102,4,4,21
2,2017,51,1,1,22
3,1974,127,3,4,4
4,1997,81,2,2,23
1,1948,174,2,4,14
6,1917,243,3,4,4
1,1971,140,3,3,2
1,1940,227,3,5,2
1,2022,33,1,1,2
4,1997,85,2,3,23
6,1960,130,3,3,2
2,2019,45,1,1,11
2,2010,67,1,2,11
2,2012,53,1,2,11
2,2021,27,1,1,11
0,1976,136,5,3,20
6,1955,192,3,3,17
2,2014,47,1,1,11
5,1986,192,2,4,16
5,1935,168,2,3,16
2,2008,70,2,2,11
2,2005,66,1,2,11
0,1996,82,1,1,17
6,1974,138,4,3,20
6,1995,93,2,2,17
4,1987,155,3,4,2
7,1966,132,4,4,2
0,1980,103,2,2,10
1,1961,176,3,4,2
1,2003,69,1,2,2
1,1967,148,3,3,2
1,1961,165,3,3,2
1,2000,82,3,2,2
6,1956,148,1,1,14
6,1965,128,4,3,2
5,1956,189,2,3,14
1,1948,226,3,4,23
5,1983,116,3,2,17
2,2013,60,2,1,2
0,1997,71,3,1,17
6,1950,212,5,5,20
0,2005,76,2,2,2
1,1959,167,3,5,2
3,1965,134,3,5,4
4,1938,215,4,6,4
0,1993,89,2,3,2
4,1997,82,2,2,23
4,1997,75,2,3,23
4,1997,108,2,2,23
2,2021,38,1,1,1
0,2007,50,2,2,18
2,2017,30,2,1,1
5,1961,167,3,4,22
3,2002,70,2,2,13
0,1981,98,3,3,1
0,1970,100,2,2,11
0,1998,56,3,2,1
0,1973,124,3,3,1
4,1963,230,4,5,22
4,1963,217,4,5,22
4,1963,207,4,5,22
6,1967,133,3,2,1
6,1954,159,3,3,1
1,1983,110,2,2,23
0,1995,65,3,2,1
0,2001,86,2,3,15
0,2001,76,2,2,15
0,1940,157,3,4,22
6,1980,156,2,2,11
6,1980,111,2,2,11
6,1932,236,4,4,13
6,1980,55,2,2,11
1,2023,24,1,1,2
0,1980,93,2,2,11
0,1987,98,3,3,1
7,1960,140,3,3,3
3,1962,139,3,3,3
4,1963,193,4,7,22
4,1969,140,3,3,22
1,1925,160,3,3,2
4,1963,183,3,4,22
4,1963,176,3,6,22
4,1963,186,3,4,22
0,1965,133,3,3,22
5,1980,140,2,2,11
0,2006,59,1,2,15
7,1977,108,3,3,5
1,2008,66,3,2,2
0,1970,90,3,3,22
0,1980,97,2,2,11
4,1949,208,3,5,3
1,1950,124,3,2,2
0,2004,59,2,2,1
3,1969,121,3,2,3
4,1976,171,3,5,22
4,1976,147,3,4,22
3,1962,108,2,2,14
5,2008,56,2,1,21
4,1988,146,3,5,23
5,2006,56,2,1,14
1,1994,75,3,2,2
1,1995,97,3,2,2
0,2010,27,2,1,11
1,2003,71,3,2,2
0,1989,88,2,3,1
1,1950,137,2,2,2
2,2014,61,3,2,1
0,1988,87,3,3,1
1,1950,126,3,2,2
1,1950,111,2,2,2
4,1983,189,5,5,10
0,1984,96,4,3,1
0,1971,120,3,3,1
0,1973,111,4,3,1
1,1950,114,3,2,2
0,1988,77,2,2,1
0,1980,101,4,3,1
2,2012,35,2,1,1
4,1953,168,3,5,9
4,1911,266,4,6,9
2,2018,61,2,1,9
2,2018,22,2,1,1
6,1997,65,2,2,9
6,2007,24,2,1,1
2,2021,20,1,1,1
6,2001,58,2,2,9
0,2000,62,2,2,9
2,2023,18,1,1,1
6,1995,72,3,3,9
2,2023,20,1,1,1
6,2004,44,2,2,9
5,2005,72,1,2,21
5,2005,67,2,2,21
1,1925,196,4,3,23
5,2004,64,2,1,21
6,1935,207,3,3,14
0,1975,135,3,3,23
5,1982,141,2,3,21
6,2009,48,2,2,11
0,1986,68,2,2,15
6,1961,109,3,2,15
4,1956,164,4,4,3
0,1954,190,3,4,3
6,1966,93,3,3,15
1,1988,97,2,2,13
0,2005,51,2,2,5
0,2005,64,2,2,5
1,1997,61,3,2,2
7,1988,85,2,2,13
7,1988,72,2,2,13
2,2018,28,1,1,13
3,1957,142,3,3,14
0,1970,123,3,3,1
0,1993,71,3,2,1
7,1992,105,2,2,21
0,1974,110,4,3,1
0,1979,95,4,3,1
0,1994,79,4,2,1
0,2007,64,2,2,9
0,2004,54,2,2,9
2,2017,30,2,1,1
6,1991,107,2,3,15
2,2018,24,2,1,1
0,2003,85,2,2,9
0,2001,79,2,2,9
0,2002,75,2,3,9
6,2001,70,2,2,9
0,1952,168,4,4,9
0,2001,63,3,2,9
6,1975,111,4,3,9
6,1965,135,4,3,9
6,1937,203,4,4,9
4,1913,274,4,4,9
4,1955,158,4,3,9
4,1949,171,4,4,9
6,1972,128,2,3,14
6,1974,113,3,3,3
3,2011,50,1,1,12
5,1991,102,2,3,21
6,2015,39,2,1,5
1,1950,123,3,3,2
0,1975,103,2,2,12
0,1940,148,2,2,19
0,1982,52,2,1,16
1,1950,102,3,2,2
7,1977,115,2,1,13
7,1982,105,2,1,13
7,1997,41,1,1,13
7,1962,155,2,2,13
7,1977,127,2,2,13
7,1977,117,2,2,13
0,1992,71,3,2,1
0,1997,63,2,3,1
6,1999,72,2,2,3
1,2011,75,2,2,2
0,1973,115,3,3,1
0,1992,74,3,2,1
5,2007,54,2,2,19
0,1992,96,2,3,11
0,1966,131,3,3,1
0,1972,113,3,3,1
4,1915,254,4,5,9
7,1993,127,3,4,22
2,2009,49,2,1,2
4,1929,218,4,4,9
2,2011,70,2,2,2
4,1995,67,3,2,9
4,1924,233,4,4,9
4,1923,243,5,7,9
7,1987,115,2,3,23
4,1940,188,4,4,9
1,1980,148,2,2,11
1,1977,155,2,3,23
7,1953,156,4,5,3
5,2004,96,2,3,21
0,1988,93,2,4,16
0,1985,88,2,3,16
5,1986,117,2,3,21
1,1945,234,3,5,21
1,1975,127,3,3,21
4,1982,127,3,3,2
7,1984,85,2,3,3
4,1950,215,4,5,21
7,1987,106,2,2,13
2,2021,47,1,2,21
2,2021,51,1,2,21
0,1969,100,2,2,21
0,1958,95,2,2,21
0,1967,103,2,2,21
0,1965,101,2,2,21
4,1949,182,3,4,1
4,1949,185,3,4,1
2,2021,32,1,1,21
1,2023,25,1,1,2
2,2010,39,2,2,1
0,2016,38,1,1,23
0,1970,157,4,4,10
0,1956,143,3,4,10
0,1970,134,3,4,1
0,1981,88,3,2,10
7,2021,24,1,1,22
4,1979,106,3,3,22
3,1964,149,4,4,3
7,1985,97,2,3,3
7,1981,105,2,2,3
7,1987,86,2,2,3
4,1936,203,4,5,9
4,1931,216,3,3,9
4,1929,218,4,4,9
4,1925,225,4,4,9
2,2012,50,2,1,9
0,2016,27,1,1,23
4,1970,157,3,5,21
4,1940,245,4,6,21
5,1990,108,2,2,21
0,1970,155,3,3,21
0,1975,143,3,4,21
5,2000,99,2,2,21
4,2015,42,1,2,12
4,1965,179,3,4,21
3,1965,132,3,3,3
2,1966,145,3,4,3
1,1910,140,3,3,2
1,2003,77,3,2,2
0,1966,137,4,5,3
0,1976,107,3,5,3
1,1925,149,3,2,2
2,1985,122,3,4,5
0,1997,62,2,2,13
4,1976,141,4,5,3
3,1992,95,3,3,3
0,1997,85,2,2,1
0,1956,133,3,4,10
0,1970,108,3,3,10
0,2001,46,3,2,1
0,1970,128,3,4,10
0,1991,74,3,2,1
0,1970,122,3,4,10
0,1980,127,3,4,9
6,1959,182,3,3,9
0,1982,122,4,4,9
6,2000,79,2,3,9
0,2013,45,2,1,9
6,2015,39,1,1,9
0,1995,94,2,3,9
0,1989,108,3,3,9
0,2006,60,2,2,9
0,1948,181,5,5,15
0,1980,139,3,4,21
0,1940,208,5,5,23
3,1980,129,2,3,21
6,1979,108,3,3,6
6,1950,180,4,5,23
7,1980,118,2,2,12
1,1935,227,4,3,23
1,1950,190,3,4,11
7,1971,144,2,2,13
7,1977,111,2,2,13
0,2008,77,2,2,13
0,2009,55,2,1,13
0,2008,66,2,2,13
3,2019,37,2,1,13
7,1982,98,2,2,13
7,1971,148,3,2,13
7,1957,168,1,2,13
1,1953,220,4,4,13
0,1935,186,3,4,2
7,1977,114,2,2,13
7,1992,61,1,2,13
0,1956,126,3,4,10
0,1956,148,3,4,10
1,1999,87,3,2,2
0,1993,80,3,3,1
3,1974,121,3,3,21
1,1999,103,3,2,2
0,1967,122,3,3,13
0,2001,75,3,3,9
0,1988,108,3,3,9
0,1998,84,3,3,9
0,1982,121,3,3,9
7,1952,201,4,5,9
0,1989,108,3,3,9
0,1996,85,3,4,9
0,2006,65,2,2,9
0,2002,70,2,2,9
3,1982,121,3,3,9
0,2000,75,3,3,9
0,1994,92,3,3,9
0,1984,116,3,3,9
6,1979,127,3,3,9
7,1966,147,3,4,2
7,1979,102,2,3,16
3,1974,113,2,3,16
5,1996,77,3,2,19
0,1980,132,3,4,21
0,1965,136,2,4,16
0,1985,109,3,4,21
0,1966,136,2,4,16
0,1991,68,1,2,16
1,2011,39,2,2,2
0,1993,74,2,3,16
6,1927,223,4,4,2
0,1960,161,4,4,2
3,1950,134,3,3,11
1,1950,150,3,3,2
3,1951,131,2,2,14
7,1977,119,2,2,13
7,1982,93,2,2,13
0,1997,24,2,1,13
0,1997,22,1,1,13
7,1977,116,2,2,13
7,1977,114,2,2,13
7,1977,129,2,2,13
0,1987,113,2,2,11
0,1962,171,4,5,9
0,1986,117,3,4,9
5,2016,25,1,1,9
0,1987,83,3,2,1
2,2014,75,1,1,1
5,2002,74,2,2,13
1,1943,230,2,3,23
0,1994,53,2,2,12
0,1978,128,2,2,2
1,1998,83,3,2,2
7,2002,56,1,1,5
3,1982,66,2,2,14
3,1966,166,3,2,14
7,1967,149,3,2,13
3,1987,89,2,2,13
7,1977,123,3,2,13
0,1997,22,1,1,13
7,1967,162,3,3,13
5,1997,24,2,1,13
3,2006,75,2,2,14
4,1980,138,4,3,11
3,1964,185,3,3,21
3,1964,196,3,3,21
1,1980,124,3,3,2
4,1969,163,3,3,21
3,1995,89,3,2,9
3,1973,148,4,4,9
7,1970,151,3,4,9
7,1977,118,3,2,13
3,1986,110,3,3,9
7,1977,180,3,2,13
2,2015,65,2,2,5
5,2012,29,1,1,13
7,1977,114,2,2,13
3,2011,57,2,2,13
7,1992,68,2,2,13
5,1980,144,3,4,22
7,1977,112,2,2,13
7,1947,189,2,4,13
7,1972,138,3,2,13
0,1997,36,2,1,13
7,1977,121,2,2,13
7,1977,161,2,2,13
7,1982,91,2,2,13
1,1998,90,3,2,2
1,1928,269,3,4,12
1,2023,27,1,1,2
3,1983,117,3,3,9
0,2012,51,2,2,6
7,1977,156,2,2,13
3,1981,124,3,3,9
3,1980,130,3,4,9
7,1977,151,3,2,13
6,1952,202,4,5,9
5,2010,23,1,1,13
1,1930,273,5,4,9
5,1972,157,5,4,9
1,1984,144,2,3,12
0,2010,20,1,1,10
0,1957,148,3,2,10
0,1986,84,3,2,10
6,1961,200,4,5,15
7,1982,97,2,1,13
7,1972,158,2,2,13
7,1982,104,2,1,13
0,1992,48,2,2,13
7,1977,141,2,2,13
7,1982,106,2,2,13
1,1947,241,3,5,13
1,1947,215,3,5,13
0,1968,172,3,4,13
1,1947,199,4,3,13
1,2000,119,3,2,2
1,1959,190,4,3,10
7,1984,106,2,2,23
6,1985,124,4,3,9
2,2014,27,1,1,22
1,1916,243,3,5,16
5,2008,39,1,1,21
7,2005,67,1,1,13
0,1958,204,3,3,13
1,1968,150,3,3,13
7,1987,111,2,2,13
7,1987,109,2,3,13
4,1998,99,2,4,13
7,1998,113,1,1,13
7,1992,62,1,1,13
3,1957,79,2,2,18
7,1977,137,2,2,13
7,1957,177,3,3,13
7,1957,181,2,2,13
7,1962,56,2,1,13
7,1957,175,3,2,13
2,2017,58,2,2,1
7,1947,193,2,2,13
1,1999,109,3,2,2
1,1901,280,4,5,13
5,1974,107,3,2,2
1,1986,92,3,3,2
5,2002,48,2,2,13
2,2019,31,1,1,10
4,1984,173,4,6,2
6,1978,101,2,3,16
6,1993,68,2,2,16
6,1968,132,3,3,16
0,1993,204,4,5,16
6,1988,81,2,2,16
2,2008,85,2,2,3
7,1946,131,3,4,2
2,2022,22,1,1,21
4,2005,87,3,2,11
4,2005,78,2,2,11
7,1967,168,3,2,13
7,1947,240,3,3,13
7,1977,157,2,2,13
2,2014,60,3,2,1
7,1977,140,2,2,13
7,1987,125,2,2,13
7,1947,173,3,2,13
7,1977,165,2,2,13
7,1972,178,3,2,13
0,2010,50,2,2,3
7,1977,130,2,2,13
0,2010,75,2,3,3
7,1977,159,2,2,13
1,1930,202,3,3,22
1,1944,232,4,4,3
1,1991,133,3,3,2
1,2001,78,2,2,2
2,2008,74,2,2,3
0,1996,67,3,2,1
2,2008,88,2,2,3
2,2008,64,2,2,3
2,2008,78,1,2,3
0,1985,93,4,3,1
1,1940,108,3,2,16
3,1978,115,4,3,1
5,2004,69,2,2,13
3,1936,186,3,4,22
2,2010,46,2,2,1
0,1970,137,2,3,12
2,2022,29,1,1,1
0,1999,103,3,3,2
2,2022,29,1,1,1
0,1983,106,3,4,1
2,2023,29,1,1,1
7,2001,64,2,2,1
1,1935,140,2,3,2
2,2025,25,1,1,12
6,1994,88,3,3,3
0,1997,93,2,2,13
0,1955,158,4,5,1
0,1989,81,4,3,1
3,1975,112,4,3,1
1,1933,197,5,3,16
7,1977,118,2,2,13
5,2002,73,2,1,13
0,1986,87,4,3,1
7,1988,125,2,2,13
2,2008,59,1,2,3
2,2019,31,1,1,10
0,1965,182,4,5,11
3,1977,106,3,2,2
1,1968,110,3,3,17
3,1971,191,3,3,15
0,2001,98,2,3,15
3,1953,200,4,5,2
6,1980,78,2,2,11
0,2007,66,2,2,3
2,2021,25,1,1,3
2,2022,34,1,1,1
6,1932,153,3,2,15
0,1957,136,4,3,13
0,1983,121,3,4,20
1,2002,72,2,2,13
1,2007,66,2,2,13
1,1967,190,4,4,13
0,1976,148,3,4,22
4,1981,131,4,2,22
5,1980,132,4,4,22
0,1971,127,4,4,22
0,1976,97,3,4,22
6,1987,210,3,4,23
7,1997,107,3,2,13
6,1950,198,4,5,7
6,1979,76,4,2,23
6,1970,114,4,4,10
0,1987,94,3,2,13
6,1936,182,3,5,16
5,1997,19,1,1,13
0,1997,22,1,1,13
0,1997,30,1,1,13
7,1972,135,4,3,13
3,1966,158,4,4,13
0,1977,133,3,4,3
7,1957,160,3,3,1
2,2010,33,1,1,1
2,2013,78,2,2,1
0,1975,109,2,3,1
2,2010,39,1,1,1
0,1991,69,2,2,1
2,2015,32,1,1,1
4,1975,139,3,4,1
0,1987,88,3,3,1
2,2014,55,1,2,1
2,2015,42,2,2,22
0,1997,74,2,3,1
0,2000,81,3,3,22
2,2019,51,1,2,1
0,1975,180,3,5,22
2,2010,64,2,2,1
6,1991,93,3,3,22
6,1977,89,2,2,14
6,1931,242,2,2,22
0,1988,103,3,3,7
5,1993,88,3,3,22
5,1975,114,4,3,23
0,1957,99,2,2,18
7,1996,81,2,2,23
0,1977,52,2,2,18
6,1970,80,3,2,10
3,1990,90,2,2,21
7,1967,140,3,4,1
6,1975,102,3,3,10
0,1985,100,3,3,10
6,1975,164,3,3,10
0,1976,53,2,2,10
7,1936,205,4,5,1
4,1959,190,5,5,1
0,1999,52,3,2,1
0,1967,128,3,4,1
0,1999,55,3,2,1
0,1989,91,3,2,22
0,1981,112,3,3,22
4,2023,28,1,1,13
7,1937,228,2,3,9
0,1997,70,3,3,1
0,1985,96,3,3,1
3,2009,58,2,2,9
0,1978,105,2,3,1
4,1938,213,5,6,1
0,1992,147,3,3,12
6,1957,78,2,1,18
0,1967,82,2,2,18
7,1991,96,2,2,13
2,2024,19,1,1,12
0,1990,44,2,2,18
0,1957,77,2,2,18
0,1981,204,3,3,12
6,1957,83,2,1,18
0,1970,139,3,4,12
0,1989,87,3,2,12
0,1992,86,3,3,1
0,1940,135,3,2,18
0,1982,104,3,2,12
0,1947,103,3,2,18
0,1996,62,3,2,12
0,1989,81,3,3,12
0,1978,121,3,3,12
0,1993,73,3,2,12
0,1998,57,3,2,12
0,1978,145,3,3,20
0,1992,40,2,1,13
7,1955,141,3,3,2
0,1992,58,2,2,13
0,1992,51,2,2,13
7,1965,136,4,3,1
7,1986,136,3,2,21
7,1974,158,3,3,21
7,1934,211,4,3,1
3,1981,144,3,3,21
3,1974,176,4,4,21
3,1974,189,4,4,21
7,1969,120,3,3,1
3,1968,221,3,3,21
3,1973,160,3,3,21
3,1966,187,3,3,21
3,1978,142,2,3,21
7,1978,155,3,3,21
3,1978,175,3,3,21
0,1987,84,3,3,1
2,2023,20,1,1,10
0,1990,76,3,2,1
0,1998,63,2,2,1
5,2013,36,2,1,22
0,1983,89,2,2,1
6,2000,44,2,2,1
2,2010,67,2,2,1
2,2012,57,1,1,1
0,1993,76,3,3,1
0,1985,90,3,3,1
2,2015,45,1,2,1
0,1969,136,3,2,10
0,1995,127,3,3,12
0,1990,75,3,2,12
0,1983,100,3,3,12
2,2019,45,1,1,10
3,1998,160,2,2,12
0,1983,87,3,3,12
0,1915,247,4,7,12
6,1985,90,3,3,1
3,1969,148,3,3,3
7,1965,160,4,3,3
1,1945,209,3,4,3
1,1944,186,3,3,3
6,1929,222,3,4,3
0,1953,172,3,3,3
7,1990,83,2,2,3
1,1991,134,5,2,22
1,1969,159,1,1,22
1,1979,157,5,4,22
6,2002,70,2,2,17
6,1975,185,3,6,10
3,1950,179,5,4,13
6,1975,111,2,4,10
0,1978,137,3,3,17
7,1955,157,4,4,1
1,1994,103,2,1,22
0,1975,156,3,5,10
5,1954,282,2,2,22
2,2015,47,2,2,1
2,2014,60,1,2,1
2,2015,51,1,1,1
0,2000,68,2,2,1
2,2019,48,1,1,10
2,2013,66,2,2,1
2,2019,23,1,1,1
2,2015,39,1,1,1
1,1950,191,3,3,19
1,1992,107,3,3,13
3,1970,144,3,4,10
2,2001,90,2,2,2
0,2005,71,2,2,2
0,1985,123,3,3,2
3,1940,167,3,2,18
3,1952,158,4,3,3
7,1982,95,3,2,3
2,2023,35,1,1,12
2,2023,37,1,1,12
0,1975,136,3,4,2
3,1942,185,3,4,17
3,1981,120,3,3,3
3,1942,187,3,4,17
0,1996,66,3,2,10
5,2012,42,2,2,2
1,1978,139,3,4,13
6,1986,151,3,2,10
2,2019,29,1,1,19
4,1981,131,3,3,1
7,1980,155,3,3,22
2,2015,44,1,1,1
2,2019,54,1,2,10
3,1995,82,2,2,21
2,2019,48,1,1,10
0,2002,56,2,2,1
3,1985,91,3,2,23
2,2019,45,1,1,10
2,2015,39,1,1,1
4,1983,122,4,3,1
0,1983,89,3,3,1
1,1960,161,3,2,19
1,1992,106,3,3,13
3,1970,138,2,2,10
7,1970,153,2,2,10
2,2021,23,1,1,2
0,1922,264,4,4,3
0,1963,163,3,5,3
6,1950,194,4,5,11
0,1980,110,4,3,1
2,2021,44,1,1,18
2,2014,39,1,1,1
2,2014,47,1,1,1
2,2020,44,1,1,1
4,1979,132,3,4,3
4,2021,30,1,1,19
4,1949,213,4,6,3
7,2005,60,1,1,22
0,1969,160,3,5,3
3,1999,88,2,2,22
1,1998,103,3,4,13
0,1990,72,3,3,1
2,2019,38,1,1,10
2,2019,52,1,2,10
2,2019,36,1,1,10
2,2019,52,1,2,10
3,1969,152,2,3,23
6,1978,125,2,2,13
2,2013,35,1,1,1
2,2019,58,1,2,10
6,1947,186,4,4,13
2,2019,54,1,2,10
0,1997,40,1,2,13
0,1997,80,2,2,13
2,1977,177,2,4,13
0,1980,144,4,2,12
2,1957,189,2,4,13
2,2013,36,1,1,1
0,1997,72,1,1,13
6,1927,252,4,5,13
0,1992,87,3,3,1
7,1939,221,4,4,13
2,2015,45,2,2,1
4,1972,138,4,4,1
1,2007,57,1,1,13
5,2002,72,2,2,11
2,2023,30,1,1,2
6,1986,87,3,3,1
6,1986,101,3,4,1
6,1949,200,4,4,3
4,1970,152,3,6,19
5,1970,148,3,3,19
0,2002,62,2,2,1
2,2019,48,1,1,10
0,1989,88,3,3,1
2,2015,33,1,1,1
4,1982,123,4,3,1
0,1957,100,2,3,18
0,1980,98,3,2,1
2,2018,36,1,1,1
2,2019,37,1,1,10
5,1984,124,2,3,2
0,1994,75,3,3,1
4,1980,119,4,4,1
0,1940,136,3,4,18
2,2014,39,1,1,1
2,2015,34,1,1,1
0,2002,50,2,2,1
5,1987,126,3,4,13
4,2020,47,1,1,10
0,1977,128,4,3,3
4,1960,200,3,6,10
2,2022,40,1,1,22
6,1955,127,3,3,20
4,1975,147,4,4,1
0,1995,72,2,2,1
2,2019,42,1,1,10
6,1977,71,2,1,14
0,1969,140,3,3,10
3,1989,136,2,2,23
0,1969,81,2,1,17
0,1972,96,2,3,17
1,2002,88,1,2,13
4,2021,36,1,1,10
4,2021,41,1,1,10
4,2021,38,1,1,10
4,2021,42,1,1,10
0,1957,186,3,6,9
1,1940,156,3,2,19
2,2024,28,1,1,12
5,1990,111,2,5,10
6,1950,195,4,6,3
2,1984,133,3,3,2
2,2006,59,1,1,2
2,2017,40,1,1,22
5,1961,150,4,3,19
0,1932,168,3,3,15
0,1942,186,3,3,19
6,1927,168,3,3,15
0,1999,81,2,2,15
0,2005,60,3,2,2
5,2004,63,2,2,2
0,1969,174,3,3,10
0,1980,79,3,2,17
0,1969,144,3,3,10
0,1997,62,2,2,17
0,1992,67,2,2,17
0,1994,69,3,2,17
6,1950,148,3,3,17
0,1954,122,3,3,17
0,1963,101,3,2,17
3,1985,96,3,2,23
1,1992,164,3,3,13
4,1949,197,3,3,23
1,2007,56,2,2,13
1,1920,190,4,3,10
1,1997,112,2,3,13
2,2024,22,1,1,1
2,2024,27,1,1,1
3,2018,23,1,1,2
0,1959,164,3,4,10
0,2012,44,2,2,2
1,1990,100,2,2,19
6,1963,165,3,3,2
1,1990,100,3,3,19
6,1969,154,3,3,2
2,1984,102,3,2,19
4,1997,92,3,4,2
6,1952,147,3,3,17
0,1987,82,3,2,17
0,1965,122,2,3,17
0,1976,76,2,2,17
2,2023,20,1,1,1
0,1948,136,3,3,17
0,1969,135,3,3,10
0,1991,63,2,2,17
0,1969,101,3,3,17
0,1989,83,3,2,17
0,1969,120,3,2,10
6,1975,89,3,2,17
0,1977,101,3,3,14
0,1998,80,2,2,17
0,1980,71,2,2,17
5,2005,52,2,2,20
3,2011,45,2,2,13
2,2024,22,1,1,1
3,2011,43,2,2,13
1,2007,70,2,2,13
1,1967,148,3,4,13
1,1988,150,2,3,13
0,2008,92,3,3,13
1,1947,135,3,3,13
1,2007,75,2,2,13
4,1984,141,3,4,20
5,1989,125,2,2,11
5,1994,102,2,2,11
0,1983,107,3,3,21
7,1998,80,3,3,3
3,1953,156,2,2,2
0,1990,85,2,3,17
7,2003,68,2,2,1
2,2018,35,1,1,19
5,1973,140,4,5,2
3,1940,139,3,3,19
3,1940,152,3,3,19
4,1995,170,5,4,20
0,1969,124,3,3,10
0,1958,137,2,3,17
0,2004,79,2,2,17
0,2005,52,2,1,17
0,1971,98,3,3,17
0,2009,43,1,2,7
3,1978,169,3,3,21
3,1978,148,3,3,21
0,1969,99,2,2,10
3,1976,181,4,4,21
0,1969,126,3,2,10
0,1977,90,2,3,14
3,1978,145,3,3,21
1,1992,96,3,4,13
0,2002,81,2,3,13
1,1920,199,4,4,10
0,2002,89,2,3,13
7,1977,146,4,4,13
1,1920,154,3,3,10
4,2015,39,2,1,10
0,1959,139,3,4,10
4,2015,47,1,1,10
7,1940,127,3,3,19
1,1973,137,3,4,13
0,1985,90,3,2,1
0,1989,75,3,3,1
0,1985,83,3,2,1
4,1937,214,5,5,1
0,1992,77,3,2,1
0,1992,77,3,2,1
4,1995,175,4,5,20
3,1947,106,2,2,18
4,1995,165,3,5,20
4,1926,246,5,6,20
1,1958,180,4,4,2
4,1926,234,5,6,20
3,1950,187,3,4,18
0,1932,243,4,5,2
7,1978,157,3,3,21
3,1981,176,3,3,21
1,1990,124,2,2,23
3,1968,196,3,3,21
2,1980,117,2,3,12
3,1986,124,2,3,21
0,1976,101,3,3,22
7,1954,217,3,3,21
1,1988,168,3,4,13
1,1988,130,3,4,13
7,1982,107,3,3,13
0,1990,71,2,2,22
1,2007,74,2,2,13
7,1992,89,3,3,13
3,2002,75,2,3,13
7,1977,150,4,5,13
7,1982,143,3,4,13
0,1981,92,4,2,1
0,1988,95,3,3,1
0,2001,59,3,1,1
7,1957,153,4,4,13
0,1990,72,3,2,1
5,1976,120,4,4,13
3,2001,61,2,1,16
4,1926,273,5,6,20
6,1937,143,3,3,15
4,1926,251,5,6,20
5,2007,131,3,3,22
5,2004,151,3,3,22
4,1906,268,5,6,20
7,1973,178,3,3,21
6,1975,140,3,3,21
6,1982,118,3,3,21
0,1976,95,2,2,22
3,1977,146,3,3,21
0,1976,106,3,3,22
7,1978,141,3,3,21
0,1976,103,3,4,22
1,2007,84,2,2,13
1,1962,119,3,4,13
0,2006,46,2,1,10
0,1969,157,3,2,10
0,1972,124,3,3,15
6,1967,133,3,3,15
0,1969,137,3,3,10
0,1969,134,3,3,10
5,1975,133,3,4,22
0,1989,91,3,3,1
3,1944,172,3,4,16
3,1938,176,2,3,16
3,1955,149,3,3,16
3,1943,175,4,4,16
3,1947,161,3,3,16
2,2020,44,1,1,22
5,1936,202,3,4,20
5,1936,233,3,5,20
1,1970,120,2,2,22
1,1985,88,2,2,22
5,1987,209,3,4,2
1,1930,283,2,2,22
6,1973,111,3,4,15
3,1979,122,3,3,21
6,1964,167,2,3,21
6,1979,120,3,4,21
0,1981,113,3,4,22
0,1981,114,3,4,22
0,1981,173,3,3,22
0,1981,108,3,4,22
0,1981,133,3,4,22
3,1959,189,3,4,23
0,1981,75,2,3,22
0,1983,111,2,3,7
0,1980,94,4,2,12
0,1981,108,3,4,22
0,1980,152,4,2,12
6,1994,90,2,2,7
0,1980,89,4,2,12
0,1980,122,4,2,12
7,1973,168,3,4,21
0,1980,82,4,2,12
0,1966,145,3,4,22
0,1980,264,4,2,12
0,1980,57,4,2,12
2,2023,20,1,1,10
0,1979,122,3,4,22
0,1990,74,2,2,10
0,1969,132,3,2,10
2,2015,35,1,1,22
6,1968,137,4,4,1
1,2007,60,2,1,13
0,1970,131,3,4,10
1,1991,85,3,2,2
1,1940,113,2,3,19
1,1940,125,2,3,19
1,1940,129,2,3,19
1,1985,81,2,2,22
1,1950,196,2,2,22
1,1950,198,3,3,22
6,1985,108,2,3,21
5,1982,132,3,3,20
3,1963,169,4,3,3
6,1958,182,3,5,3
1,1975,117,2,2,22
1,1980,85,2,2,22
0,1945,213,4,3,3
6,1999,74,2,3,2
6,1977,133,3,4,3
7,1973,156,3,4,21
0,1946,175,3,4,22
6,1969,149,2,2,7
0,1980,125,4,2,12
0,1980,147,4,2,12
0,1965,183,3,6,22
0,1980,163,4,2,12
0,1980,73,4,2,12
0,1980,124,4,2,12
6,1935,236,2,3,7
7,1973,131,3,3,21
0,1988,112,2,2,13
2,2017,37,1,1,13
6,2000,73,2,2,22
0,1970,101,3,3,10
4,1969,137,3,3,23
1,1997,111,3,3,13
0,1969,124,3,2,10
0,1950,210,4,3,13
2,2024,18,1,1,19
0,1980,119,3,2,13
3,1956,192,4,4,10
0,1981,114,2,3,10
7,1956,136,3,3,10
0,1970,158,4,2,13
0,1950,85,3,2,2
5,1999,82,2,2,23
0,1970,87,3,3,2
0,1985,99,3,3,2
4,2010,64,2,2,22
4,2009,45,2,2,22
4,2022,23,1,1,23
2,2015,46,2,2,1
4,1983,108,3,3,1
6,2001,49,2,2,1
2,2013,48,2,2,1
2,2010,58,2,2,1
4,2023,35,2,1,22
0,2006,61,3,2,1
7,2006,58,2,2,1
2,2022,25,2,1,1
2,2015,45,2,2,1
2,2015,48,2,2,1
2,2015,53,2,2,1
2,2015,49,2,2,1
2,2014,46,2,2,1
4,1962,163,4,5,1
2,2018,36,2,1,1
6,1930,148,2,2,2
6,1966,125,3,4,20
2,2024,19,1,1,1
0,2008,77,2,2,13
5,1997,22,1,1,13
2,2015,57,2,1,2
4,1996,130,2,3,22
7,1993,73,2,2,1
4,1965,115,3,2,10
5,1992,104,2,2,23
5,1992,114,2,3,23
5,1992,113,2,3,23
0,1995,93,3,3,22
2,2015,44,2,1,1
2,2014,54,2,2,1
0,1986,87,3,3,1
4,1977,119,4,4,1
2,2015,41,2,2,1
2,2014,57,2,2,1
2,2015,50,1,2,1
5,1980,122,3,4,2
2,2017,43,1,1,1
2,2014,51,2,2,1
4,1984,106,4,3,1
2,2015,54,2,2,1
2,2010,51,2,2,1
4,1984,108,4,3,1
4,1982,110,4,3,1
2,2012,44,2,1,1
0,1997,25,2,2,13
5,1977,117,3,3,13
5,1992,43,2,1,13
0,1997,41,2,1,13
0,1969,122,4,4,1
0,2016,31,1,1,9
3,1966,98,3,2,20
3,2003,45,2,2,9
3,2015,41,1,1,9
3,2011,48,1,1,9
2,2013,45,2,2,1
0,1946,151,4,5,20
2,1992,191,3,3,17
2,2010,69,2,2,1
2,2014,54,2,2,1
2,2013,45,2,2,1
5,1998,83,2,2,22
2,2013,43,2,1,1
3,2004,49,2,1,16
4,2015,31,1,1,22
0,1985,74,3,2,2
7,1954,188,4,3,2
4,1915,225,4,4,2
0,1973,121,4,4,1
7,1960,130,3,3,22
2,2024,26,1,1,12
7,1978,120,3,4,22
1,1953,125,3,3,16
0,1972,91,1,2,14
1,1953,160,3,3,16
0,1989,79,3,3,1
0,1985,91,2,2,21
0,1957,119,2,3,14
0,1989,75,3,3,1
0,1993,74,3,3,1
3,1967,166,4,3,9
2,2013,39,2,2,1
1,1976,117,3,3,1
7,1970,224,3,4,11
0,1997,28,2,1,13
3,1995,90,3,3,20
0,1994,45,2,2,10
3,1946,104,3,2,20
6,1946,122,3,3,20
0,1992,167,2,2,13
0,2008,65,2,2,13
2,2013,63,2,2,1
6,1989,107,2,4,11
3,1950,207,3,4,19
3,1940,142,2,3,19
1,1960,241,4,5,22
7,1940,125,3,2,19
1,1960,235,4,4,22
6,1925,171,3,4,19
6,1940,137,3,3,19
0,1926,190,3,4,19
3,1956,130,3,3,10
7,1956,178,3,3,10
3,1956,127,3,3,10
3,1976,98,3,3,10
7,1956,186,4,5,10
3,1956,156,4,3,10
3,1930,223,4,5,10
2,2019,44,1,2,10
1,1930,145,3,2,10
1,1930,163,3,4,10
2,2019,45,1,1,10
1,1920,168,4,4,10
0,1980,157,4,2,13
2,2018,45,2,2,1
0,1985,85,1,1,14
3,1988,93,3,3,1
2,2016,39,1,2,1
0,1969,152,3,4,16
2,2011,44,2,1,1
2,2012,45,2,1,1
7,1989,109,2,2,9
0,2001,84,2,3,13
1,1971,139,3,3,12
4,1995,111,2,2,22
4,1990,116,2,3,22
0,2003,52,2,2,22
6,1940,129,3,3,19
6,1957,76,2,2,19
6,1940,117,2,3,19
5,1975,132,4,2,2
0,1947,119,2,4,19
0,1958,101,2,3,22
0,1923,168,2,3,19
3,1940,155,3,4,19
3,1940,153,1,1,19
1,1959,192,3,4,12
2,2010,76,2,1,22
2,2010,47,2,1,22
2,2010,57,2,1,22
0,1940,153,2,3,19
7,1980,144,3,4,13
2,2019,37,1,1,10
2,2019,47,1,1,10
2,2019,52,1,2,10
2,2019,36,1,1,10
2,2019,42,1,1,10
2,2019,54,1,2,10
2,2019,47,1,2,10
2,2019,40,1,1,10
0,1986,83,2,2,16
2,2019,38,1,1,10
2,2019,43,1,1,10
2,2019,47,1,1,10
2,2019,48,1,1,10
6,1987,222,3,4,16
2,2019,35,1,1,10
2,2019,48,1,1,10
2,2019,48,1,1,10
5,2005,61,3,2,21
2,2016,34,2,2,1
2,2019,50,1,1,10
2,2019,43,1,1,10
5,1950,209,4,5,14
5,2000,61,2,2,16
2,2019,35,1,1,10
2,2019,26,1,1,10
2,2019,32,1,1,10
0,2008,54,1,1,13
6,2010,47,2,2,19
3,1978,140,3,3,1
0,1990,73,3,2,1
5,1984,123,3,3,11
2,2020,32,1,1,22
0,1946,157,4,4,20
0,1957,95,3,4,19
0,2002,87,2,3,19
0,1947,99,2,2,19
0,1957,108,2,3,19
0,1940,150,3,4,19
6,1947,103,2,3,19
0,1947,107,2,3,19
6,1940,148,3,4,19
3,1977,100,2,2,19
3,1977,94,1,2,19
3,2000,119,2,3,19
0,2001,70,2,2,11
6,1970,84,2,2,10
2,2019,39,1,1,10
0,1940,186,3,4,16
2,2019,39,1,1,10
2,2019,34,1,1,10
0,1980,53,2,2,10
0,1940,183,3,4,16
2,2019,38,1,1,10
0,1925,220,3,4,16
2,2018,26,1,1,1
5,2008,43,3,1,21
2,2013,51,1,1,1
6,1992,73,2,2,1
5,2003,52,3,2,21
7,2004,52,2,2,1
5,1984,142,3,3,21
5,1999,64,3,3,21
0,1997,71,2,2,13
0,1997,73,2,2,13
2,2017,48,2,1,1
6,1991,81,2,2,21
5,1990,69,3,2,11
5,1950,165,3,3,2
5,2010,43,2,1,2
2,2020,46,2,2,1
7,1947,117,3,3,19
7,1940,142,3,4,19
0,1980,124,4,3,10
7,1940,188,3,5,19
6,1940,137,2,3,19
3,1940,130,3,3,22
6,1946,120,3,3,20
0,1988,83,3,3,10
0,2018,48,2,1,20
0,1946,159,4,5,20
0,1982,90,3,2,10
7,1990,115,4,2,13
0,1988,143,3,3,23
0,1985,111,2,4,23
0,2000,89,3,2,13
1,1965,106,3,3,2
7,1983,87,2,2,16
1,1972,149,3,2,14
2,2019,39,1,2,1
5,1984,154,3,3,21
0,1989,97,3,3,1
7,1997,81,2,2,20
0,1958,177,3,4,6
0,1982,113,3,2,10
6,1975,99,2,2,11
5,1960,119,3,3,22
4,1970,126,3,2,10
4,1965,168,4,3,10
3,1961,113,3,3,22
1,1989,83,2,2,22
5,1986,156,3,4,22
0,1965,110,2,2,10
0,1975,126,3,3,11
0,1989,72,3,2,22
5,1986,127,3,3,22
4,1965,154,4,3,10
3,2000,90,2,2,23
7,1922,231,3,6,16
3,2015,60,1,1,12
0,1973,113,4,4,1
0,1981,102,3,3,1
6,1987,102,3,3,19
0,1992,72,2,2,1
5,1977,131,4,4,14
0,1996,131,3,2,19
6,1978,104,2,3,1
4,1979,137,3,2,10
2,2014,46,2,2,1
4,1959,162,3,2,10
6,1978,106,3,3,1
4,1969,161,3,3,10
0,1989,95,2,3,7
0,1985,92,2,2,11
4,1965,181,4,3,10
4,1970,119,3,2,10
4,1970,110,3,3,10
4,1970,114,3,2,10
0,1995,91,3,1,10
0,1985,104,3,2,10
6,1917,234,3,5,16
6,1964,135,3,4,16
5,1966,181,4,4,12
4,2018,32,1,1,22
0,1972,127,4,4,1
0,1975,115,4,4,1
7,1944,185,3,3,16
5,1977,125,4,4,14
3,1987,130,3,3,14
5,1937,202,3,3,14
4,1959,171,3,3,10
3,2008,128,2,2,18
6,1946,146,4,5,20
6,1946,118,3,3,20
0,1960,133,3,4,2
6,1957,87,3,2,2
6,1992,88,2,2,21
0,1980,123,2,3,21
4,1956,172,4,4,9
0,1976,173,3,5,21
4,1986,107,2,3,9
4,1943,201,4,4,9
4,1970,147,3,4,9
3,2011,99,1,2,21
0,2005,97,3,3,23
6,1973,110,3,4,1
3,1980,111,4,3,1
0,1908,262,3,6,16
1,2024,39,1,1,2
5,1957,173,4,4,14
3,1957,212,4,4,14
5,1967,100,4,2,14
5,1967,195,4,3,14
2,1974,136,2,3,22
1,2024,27,1,1,2
1,2024,20,1,1,2
7,1965,111,2,2,10
5,2010,72,1,1,10
4,1935,237,3,3,10
0,1964,131,3,4,9
0,1993,70,2,2,9
0,1976,104,3,3,9
0,1989,78,2,2,9
4,2010,82,2,2,9
6,1966,197,2,4,22
7,1965,155,4,3,10
2,1949,208,4,4,9
2,1964,163,4,4,9
2,1967,153,4,4,9
0,1986,83,3,2,1
4,1941,194,3,6,16
0,2000,44,2,2,1
7,1959,141,3,3,16
0,1998,76,3,2,1
0,1989,98,3,3,1
0,1975,110,4,4,1
6,1975,78,3,2,10
6,1969,119,3,4,1
6,1996,59,2,2,1
3,1982,103,3,3,1
0,1997,61,2,2,1
0,2001,74,3,3,1
5,1955,107,3,2,14
4,1985,109,2,4,23
0,2011,46,2,2,22
5,2007,52,1,1,22
5,1984,110,3,3,22
2,2012,57,2,2,1
5,1980,120,3,3,22
6,1992,97,2,3,7
6,1946,141,4,4,20
0,1981,112,3,3,10
0,1994,96,3,3,10
0,1994,114,3,3,10
6,1989,113,2,3,22
2,2020,23,1,1,9
2,1977,130,3,3,9
2,1992,87,2,3,9
2,1988,85,2,3,9
5,1965,147,3,4,7
2,2010,42,2,2,9
2,2010,70,2,2,9
2,2010,63,2,2,9
0,1940,180,3,4,2
0,1987,52,3,2,2
7,1965,126,3,3,16
7,1941,186,3,5,16
0,1985,95,4,3,1
0,1978,107,4,3,1
5,1977,128,3,3,22
5,1985,200,2,3,11
0,1985,55,2,2,11
6,1993,84,2,2,11
3,1962,114,2,3,14
3,1952,131,2,2,14
0,1975,129,3,2,11
1,1945,199,3,4,23
0,1994,110,3,4,10
6,1955,229,4,4,23
0,1994,112,3,3,10
0,1950,215,3,3,23
0,1994,95,2,3,10
0,1994,72,2,3,10
0,1997,68,2,2,13
7,2024,19,1,1,16
0,1994,82,2,3,10
0,1994,109,2,4,10
0,1994,104,2,4,10
1,1996,79,2,2,23
0,1994,97,2,3,10
0,1994,101,2,4,10
0,1960,168,4,4,10
2,2020,29,1,1,20
7,1964,163,4,4,7
3,1975,165,3,4,21
3,1985,130,3,3,21
4,2020,41,2,1,22
0,1987,121,2,2,21
3,1980,151,3,4,21
3,1985,135,3,4,21
0,1989,92,3,2,1
3,2014,51,1,1,13
0,1978,110,3,4,1
0,1989,79,3,2,1
3,1981,100,3,3,1
0,1978,104,3,3,1
2,2014,53,1,1,13
0,1989,105,2,2,10
0,1998,55,2,2,1
3,1995,76,2,2,11
0,2005,75,2,2,2
6,1964,130,4,3,1
2,2023,24,1,1,1
0,1996,72,3,2,1
6,1991,77,3,3,1
6,1984,86,3,2,1
3,1952,142,3,3,14
3,1957,128,2,3,14
1,1992,100,2,2,21
2,2017,38,1,2,1
5,1985,86,2,3,11
7,2013,39,1,1,1
0,1985,110,3,2,19
3,1962,125,2,3,14
0,1989,90,3,2,19
0,2004,71,2,2,23
0,1991,91,3,2,19
0,1981,108,3,3,1
0,1996,71,3,2,19
0,1982,104,3,3,1
0,1997,84,3,2,1
6,1967,123,3,3,1
0,1995,75,3,2,19
6,1993,70,3,2,1
6,1981,98,3,3,1
3,1990,85,4,3,1
2,2020,36,1,1,20
0,1970,120,4,3,10
0,1975,120,4,3,10
0,1946,130,4,5,20
0,1975,118,3,4,10
6,1997,93,2,3,13
0,1970,131,3,3,10
0,1980,105,4,3,10
0,1975,144,4,4,10
0,1975,130,4,3,10
1,1978,125,2,3,22
3,1980,120,3,3,3
0,1985,101,3,3,2
2,2015,65,2,2,21
5,1976,122,2,3,22
5,1979,110,2,3,22
2,2015,54,2,2,21
6,1975,169,3,5,21
6,1992,105,2,2,21
5,1981,96,2,3,22
5,1975,133,2,3,22
6,1975,153,3,5,21
6,1975,160,3,4,21
5,1975,129,2,4,22
6,1960,230,3,5,21
6,1985,140,2,4,21
4,1979,117,3,3,10
5,1976,141,2,3,22
0,1986,82,3,3,1
5,1967,147,3,4,19
0,2003,59,2,2,1
1,1950,140,3,2,11
6,1987,86,3,2,1
0,1992,67,3,2,1
7,1965,136,3,3,1
0,1989,85,2,2,1
2,2010,57,2,2,1
0,1995,105,2,7,14
7,1988,90,2,2,1
0,1962,133,2,3,17
0,1990,84,3,3,1
0,1979,104,4,3,1
0,1989,93,3,3,1
0,2001,59,3,2,1
6,1970,120,3,2,1
3,1962,113,3,2,14
0,1971,127,4,4,1
0,1976,109,3,4,1
3,1962,112,2,3,14
3,1952,138,2,3,14
0,1995,66,2,2,1
6,1989,78,2,2,1
0,1985,95,3,3,1
0,1983,102,3,3,1
3,1962,138,4,4,14
4,1939,226,3,4,2
0,1970,145,3,4,2
0,1981,105,4,3,1
0,1977,112,4,3,1
0,1961,181,4,3,20
0,2002,55,2,2,20
0,1997,68,3,2,1
2,2023,23,1,1,14
1,1940,214,3,4,5
4,2020,58,2,2,22
5,1976,121,2,3,22
3,1986,121,2,3,23
5,1972,142,2,3,22
5,1976,134,2,3,22
3,1982,149,2,3,23
5,1975,133,2,3,22
5,1975,127,2,3,22
6,1980,66,3,2,2
0,1960,103,3,3,2
3,1958,178,3,3,7
3,1992,103,2,3,23
3,1992,105,2,3,23
5,1974,149,2,4,22
5,1981,102,2,3,22
3,1988,123,3,3,23
5,1974,150,2,4,22
0,1980,100,3,2,2
5,1967,143,2,3,22
0,1985,57,3,2,2
2,2015,47,2,1,1
2,2015,54,2,1,1
2,2022,19,1,1,1
2,2013,42,2,2,1
2,2011,45,2,2,1
5,1971,111,4,2,14
2,2020,45,2,2,1
2,2015,50,2,2,1
2,2013,51,2,2,1
2,2013,51,2,2,1
0,1926,158,3,4,19
3,1981,109,3,3,1
0,1986,85,3,3,1
0,2006,46,2,2,1
0,1970,125,3,3,2
0,1995,74,3,3,1
2,2022,20,1,1,1
2,2023,20,1,1,1
2,2013,39,1,1,1
0,1950,168,3,4,19
4,1980,177,4,5,2
4,1980,206,4,5,2
7,1992,83,2,2,1
5,1961,182,3,4,22
3,1966,142,2,2,11
5,1986,95,2,3,22
3,2005,43,1,1,11
0,1990,86,3,3,2
3,1998,54,2,1,16
0,2002,63,3,2,2
3,1966,124,3,3,11
5,1974,155,3,4,22
5,1988,106,2,3,22
3,1980,93,2,1,11
0,1995,125,2,4,23
2,2018,39,2,2,5
2,2023,19,1,1,1
0,1997,72,3,2,1
0,1997,62,2,2,1
0,1972,113,3,2,1
0,1999,62,2,2,1
3,1981,107,3,3,1
2,2021,20,1,1,1
0,1946,132,4,3,20
2,2020,22,2,1,1
2,2014,48,2,2,1
2,2013,47,2,2,1
2,2014,45,2,2,1
2,2011,39,1,2,1
2,2024,23,1,1,1
2,2013,39,1,1,1
2,2013,52,1,1,1
2,2013,59,1,1,1
0,1981,99,3,3,1
0,1990,56,3,2,2
0,1982,94,4,3,1
7,2005,61,2,1,1
6,1973,111,3,3,1
2,2013,60,2,2,1
0,2002,47,3,2,8
3,1956,180,3,4,10
3,1976,113,3,3,10
3,1956,176,3,3,10
7,1956,145,3,3,10
7,1956,141,3,3,10
3,2000,91,2,1,10
1,2012,55,1,1,13
4,1993,90,2,3,23
1,1960,236,3,5,21
1,1994,117,3,3,22
2,2019,42,1,1,23
7,1987,106,3,3,23
1,1998,70,3,2,13
7,1998,69,2,2,23
7,2005,49,1,1,23
1,1993,106,3,4,13
0,1940,116,3,2,19
6,1964,165,3,3,8
1,1975,133,2,3,23
1,1945,163,3,2,10
4,1935,256,4,4,10
0,1990,61,3,2,2
6,1960,123,3,3,2
6,1988,94,3,3,2
0,2002,55,3,2,2
6,1994,70,2,3,9
3,1973,171,4,3,22
0,1978,121,3,3,22
0,1993,88,2,2,3
5,1993,88,2,2,3
1,1985,93,2,1,11
5,1995,65,2,2,11
0,1988,90,3,2,11
0,1967,156,4,4,8
5,1990,213,3,4,23
0,1991,85,2,3,2
0,1995,83,3,2,2
0,1985,63,3,2,2
0,1970,111,3,4,2
0,1945,179,3,5,2
6,1986,83,3,2,2
0,1995,61,3,2,2
6,1955,126,3,3,2
6,1995,68,3,2,2
6,1997,62,2,2,23
0,1990,88,3,2,2
3,2000,85,2,2,23
0,2005,65,2,2,22
0,1985,78,3,2,2
0,2007,74,2,2,22
1,1958,109,2,3,16
0,2008,49,2,2,22
4,1911,269,5,6,9
4,2020,50,2,2,22
4,1944,182,5,5,9
1,1974,117,3,3,2
3,1915,237,5,4,10
5,2018,31,1,1,10
3,1945,233,3,3,10
0,1957,173,4,3,2
1,1966,160,4,3,8
0,1981,128,2,4,20
4,2020,27,1,1,22
0,1990,84,2,3,23
2,2012,89,2,2,7
4,2019,24,1,1,22
5,1983,119,3,4,8
0,1990,67,2,2,23
3,1984,117,2,3,23
3,2005,64,2,2,23
6,2003,77,2,2,2
3,2004,72,2,2,23
0,1960,101,3,3,2
2,2007,71,2,2,11
2,2019,45,1,1,11
2,2014,76,1,2,11
2,2007,65,1,2,11
2,2013,58,1,2,11
2,2007,74,1,2,11
3,1994,90,3,2,9
6,1979,125,3,2,10
0,1935,138,4,3,2
4,1927,229,5,6,9
4,2020,42,2,1,22
0,1995,63,3,2,2
0,2007,66,2,2,22
0,1930,144,3,3,2
4,2020,39,2,1,22
4,1933,217,4,4,9
0,1991,73,3,2,2
6,1967,136,2,4,14
0,1993,81,3,2,2
0,1985,77,3,2,2
5,1975,122,3,3,11
0,1980,107,2,2,10
0,1970,125,2,2,10
5,1995,78,3,2,11
0,1915,167,3,3,10
5,1994,88,2,2,11
4,2015,37,2,1,22
0,1990,102,3,3,23
0,2007,68,2,1,8
6,2004,50,3,2,2
1,1945,179,3,3,16
1,1943,182,2,3,16
0,1990,96,2,3,22
6,1990,83,3,2,2
2,2007,100,1,2,11
0,1980,86,3,2,2
7,1945,179,3,3,23
4,2015,50,2,2,22
7,1915,277,4,5,23
7,1915,208,5,5,23
0,1970,105,3,3,2
4,2015,59,2,2,22
0,2005,75,3,2,2
4,2015,72,2,2,22
0,1935,228,3,4,10
0,1960,172,3,3,10
1,1920,290,3,4,11
5,1993,57,2,2,11
3,1965,116,3,2,10
0,1945,207,4,3,10
5,1975,79,3,2,11
5,1960,136,2,2,10
6,1960,103,3,3,2
0,1950,119,3,2,2
6,1957,182,3,3,20
1,1983,120,2,3,23
3,2007,71,2,2,22
0,1905,201,3,3,2
3,1975,153,3,4,22
1,1974,144,2,3,23
3,1975,135,3,4,22
1,1985,113,3,3,23
1,1966,166,3,4,23
3,2004,80,2,2,23
1,1985,124,3,3,23
5,1965,201,3,5,21
1,2013,49,1,1,13
1,1985,120,2,4,23
0,1995,73,2,2,22
3,1966,138,3,2,11
0,1995,87,2,2,22
0,1995,72,2,2,22
0,1995,81,2,3,22
0,2003,60,3,2,2
4,1917,281,3,4,2
0,2001,72,3,2,2
0,1988,81,3,3,2
0,2007,62,2,2,13
6,1985,66,3,2,2
0,1985,80,3,3,2
1,1974,144,2,3,23
4,1935,220,4,4,10
0,1985,145,3,3,13
0,1955,212,3,3,10
1,1980,63,1,2,11
4,1970,237,5,7,22
0,2025,17,2,0,19
5,2013,52,1,1,10
4,2022,24,1,1,19
6,2003,80,3,2,2
4,1998,115,2,3,23
5,1985,118,3,3,20
0,1970,170,3,5,21
1,1963,176,3,4,23
0,1945,169,3,3,2
1,1984,113,2,2,23
3,2007,88,2,2,22
3,1980,136,3,5,21
0,1995,68,3,2,2
1,1933,268,4,5,23
1,1994,89,2,3,23
1,1952,212,2,3,23
1,1967,87,2,2,19
3,1966,94,2,1,11
0,1988,154,3,3,22
1,1967,95,2,2,19
7,1976,133,4,3,2
1,1978,126,2,2,23
5,1940,134,3,3,19
5,1947,95,3,2,19
1,1992,113,2,2,23
6,1965,102,3,2,2
4,2020,23,1,1,22
4,2024,23,1,1,19
4,1999,136,2,3,23
0,1990,84,4,3,2
5,1968,124,4,3,2
0,1994,133,3,4,10
4,2015,41,2,2,22
0,1994,108,2,3,10
1,1955,197,3,5,23
0,1950,151,3,4,2
3,1980,139,3,5,21
6,2002,75,3,3,20
3,1995,91,2,2,11
1,1989,130,5,2,22
4,1945,276,3,3,10
1,1940,142,3,2,19
3,2005,94,2,1,11
1,1940,173,3,2,19
1,1940,142,3,2,19
1,1940,176,3,3,19
6,1993,93,2,3,8
7,1955,152,3,2,10
1,1940,166,3,3,19
5,2010,41,2,2,10
3,1946,190,3,5,23
3,1951,220,4,6,23
6,2003,65,3,2,2
0,1940,210,4,5,13
2,2020,46,1,1,22
6,1980,84,3,2,2
3,1976,193,4,5,23
0,1940,192,3,4,2
3,1976,137,3,4,23
3,1966,223,4,6,23
0,1980,99,3,3,2
6,1977,147,3,3,13
4,2015,56,2,2,22
4,2019,39,2,1,22
0,2020,64,1,1,10
0,1994,99,2,4,10
0,1994,103,3,4,10
0,1994,161,4,5,10
4,2020,22,1,1,22
4,2020,30,2,1,22
6,1994,157,4,5,10
0,1994,116,3,4,10
2,2014,49,1,1,7
6,1993,67,2,2,7
4,2020,27,2,1,22
4,2020,32,2,1,22
0,1997,73,2,2,10
0,1998,74,3,2,2
1,2008,40,2,1,13
2,2010,76,2,2,23
0,1926,222,3,4,19
1,1978,80,2,1,17
6,1940,117,2,3,19
6,1940,141,2,3,19
0,2021,36,1,2,23
0,1945,185,3,3,2
6,1940,121,2,3,19
4,2015,42,1,1,23
6,1940,133,2,2,19
6,1940,143,2,3,19
7,1986,89,3,2,9
0,1987,93,3,3,2
6,1962,149,4,3,3
0,1910,173,3,4,19
6,1963,136,4,5,3
0,1986,76,3,3,2
0,1975,108,3,3,2
0,1981,110,3,3,7
6,1960,99,3,3,10
6,1960,101,2,4,10
1,1976,131,2,2,22
3,1980,120,2,3,22
6,1960,100,2,3,10
3,1984,111,2,3,22
0,2009,64,2,1,22
7,1988,86,2,2,1
0,1983,98,2,2,11
6,1994,127,3,3,10
3,1965,104,3,3,17
3,2006,64,3,2,9
0,1950,131,3,3,2
0,1991,96,3,2,2
0,1985,120,2,3,23
6,1990,83,3,2,2
6,1987,74,3,2,2
6,1973,139,3,3,9
2,2021,30,1,1,23
6,1985,79,3,2,2
7,1980,111,3,3,9
6,1975,55,2,2,2
6,1980,123,4,3,3
1,1967,166,3,4,23
6,1902,195,3,3,19
6,1940,144,2,4,19
0,2006,50,2,1,13
2,2016,59,1,1,21
0,2006,125,2,2,13
0,2001,58,2,2,2
2,2010,84,2,2,21
1,1994,82,2,2,21
4,2008,89,2,1,23
1,1990,73,2,2,21
1,1978,100,3,3,21
0,1997,101,3,2,13
2,2012,87,2,2,7
1,1940,191,3,3,19
6,1960,114,3,3,10
0,1960,112,3,3,10
0,1994,97,2,3,10
6,1994,110,2,3,10
6,1994,116,3,3,10
6,1960,115,2,3,10
0,1999,63,2,2,7
0,1976,113,3,4,22
0,2004,61,2,2,23
6,2003,77,3,2,2
0,2003,69,2,2,23
3,1985,112,2,4,21
0,1999,66,2,1,23
7,2018,35,2,1,22
6,1960,106,3,3,2
0,1980,130,3,4,23
7,1966,151,3,2,11
0,1950,128,4,3,2
2,2025,19,1,1,19
4,2015,31,2,1,22
5,1995,109,2,4,21
5,1990,108,2,3,21
0,2005,63,1,2,13
6,1977,153,3,4,13
0,1995,86,2,2,23
0,2001,68,3,2,2
6,1960,106,3,4,2
3,2020,38,1,1,22
0,1977,172,3,4,13
0,1960,127,3,3,10
0,1960,126,3,4,10
0,1994,78,2,3,7
6,1960,116,3,3,10
0,2001,57,2,2,7
6,1960,116,2,4,10
6,1960,110,2,3,10
4,2010,39,2,1,22
6,1934,209,4,6,7
0,2002,52,2,2,7
0,1976,108,3,2,10
1,2015,41,1,1,13
3,1970,161,3,5,21
6,1920,180,3,4,2
6,1988,97,2,2,23
0,1968,163,3,3,23
1,1938,111,2,3,17
1,1988,143,3,4,13
3,2013,57,1,1,16
0,1990,94,2,3,23
0,1955,112,3,2,2
1,1988,121,3,3,13
6,1978,122,4,3,2
0,1987,136,3,3,2
4,2020,30,2,1,22
4,1917,286,4,5,2
4,2020,32,2,1,22
0,1955,117,3,3,2
3,1985,148,3,4,21
0,1970,108,3,3,2
0,1925,182,3,2,2
1,2000,89,2,2,21
1,1970,193,3,4,21
0,2012,48,1,1,13
0,1975,111,3,3,2
3,2005,80,2,2,13
0,1976,137,3,3,10
6,1975,118,3,2,10
0,1976,110,3,2,10
0,1998,80,2,3,7
6,1976,106,3,2,10
0,1976,100,3,2,10
0,1983,102,3,3,11
0,1976,102,3,3,10
0,1976,113,3,2,10
3,1975,100,2,2,10
6,1975,128,3,2,10
6,1980,90,2,2,10
0,1976,130,3,3,10
0,1976,110,3,2,10
3,1920,186,4,4,2
5,2016,40,1,1,2
7,2018,32,2,1,22
6,1930,153,4,4,2
5,1995,73,1,1,23
5,1997,69,1,1,23
5,1955,232,2,3,21
1,1955,228,3,4,21
5,1995,100,2,3,21
7,1985,137,4,4,21
0,1955,236,3,5,21
6,1985,145,3,4,21
7,2009,71,2,2,22
6,1995,103,2,3,21
1,2005,67,2,1,21
0,1977,149,3,4,13
4,1930,236,3,3,2
6,1987,102,2,2,21
2,2015,67,2,2,8
0,1981,103,3,3,22
0,1955,185,3,5,6
5,2000,85,2,3,23
1,1998,94,3,3,13
7,2006,74,2,2,22
3,1950,160,3,4,11
3,2003,71,2,2,9
6,2019,23,1,7,2
0,1981,120,2,3,23
0,1984,113,2,4,23
1,1983,94,2,2,16
6,1980,78,3,2,2
6,1940,125,3,3,19
2,2020,26,1,1,19
0,2010,43,2,2,22
0,1960,103,3,2,2
0,2010,32,2,2,22
6,1947,102,3,3,19
0,2005,57,2,2,19
4,2015,74,2,2,22
0,2005,53,2,2,19
0,1993,73,2,3,9
3,2016,37,1,1,12
7,2010,74,2,2,22
0,2001,59,3,2,2
0,1960,146,3,3,2
0,1990,58,3,2,2
4,1917,294,3,5,2
7,2010,84,2,2,22
1,1983,105,2,2,23
1,1971,150,3,3,23
0,1986,93,2,2,2
1,1956,194,3,4,23
3,2013,55,2,1,22
0,1975,92,3,3,2
1,1965,163,3,2,23
0,1983,141,3,3,11
5,2000,47,1,1,23
5,2003,25,1,1,23
2,2012,64,2,2,8
0,2004,57,2,2,1
5,1966,161,5,5,2
0,1972,153,3,5,23
4,1996,126,3,4,23
7,2018,34,1,1,22
5,2008,38,2,1,21
0,1984,120,2,4,23
0,1995,110,2,3,23
0,1980,131,2,4,23
0,1980,120,2,4,23
5,1999,69,2,1,13
5,1998,85,2,2,13
5,2000,72,2,1,13
0,2015,43,1,1,19
0,2006,64,2,2,22
4,2015,91,3,2,22
0,1977,104,3,3,9
0,1986,86,3,3,9
0,1982,94,3,3,9
0,1963,135,3,3,9
6,1983,92,3,3,9
0,1981,98,2,3,9
5,1981,217,3,4,13
4,2015,79,2,2,22
2,2023,22,1,1,9
4,2015,70,2,2,22
6,1947,106,3,3,19
0,1993,72,3,2,2
0,1990,107,2,3,23
4,1999,103,2,3,23
4,1985,112,2,4,23
0,2001,61,2,1,23
6,1982,119,3,3,2
1,1976,130,2,3,23
0,2013,43,2,1,13
6,1960,131,3,3,2
4,2008,78,2,1,23
0,1955,144,3,4,2
6,1975,105,3,3,2
4,2020,28,2,1,22
5,1995,60,1,1,23
5,1984,151,3,3,21
0,2000,93,3,2,2
6,1972,122,2,3,23
6,1975,113,3,4,23
0,1976,120,3,3,21
0,1993,70,3,3,2
5,2002,38,2,2,13
2,2010,50,1,1,9
2,1983,146,3,3,9
0,1973,192,3,2,22
2,2020,41,1,1,9
2,1985,114,2,2,9
2,2013,40,1,1,9
2,1992,95,2,2,9
0,2010,59,2,2,22
6,1958,161,4,5,9
6,1936,239,4,5,9
6,1952,176,4,4,9
0,2010,50,2,1,13
6,1985,94,3,3,2
0,1975,103,3,3,2
4,1980,136,3,5,23
7,2010,79,2,2,22
4,1997,75,2,2,23
4,1980,121,2,4,23
0,1991,76,3,2,2
0,1996,86,3,2,13
7,1948,276,4,5,12
4,1999,90,2,3,23
4,1985,125,2,4,23
4,1995,73,2,3,23
4,1998,66,2,2,23
3,1995,93,2,2,11
0,2009,43,2,2,7
2,2012,79,2,2,7
5,1939,268,4,6,21
3,1940,195,4,3,19
0,1998,58,2,2,7
6,1981,117,2,3,23
6,1990,92,2,3,23
7,1985,139,2,2,23
0,1994,91,4,2,2
6,1940,152,3,4,2
7,1978,144,3,4,23
1,1975,121,3,3,23
7,1975,153,3,4,23
5,1982,103,2,2,10
4,1976,172,3,5,5
5,1987,117,3,4,18
0,1996,34,1,1,15
1,1974,88,2,3,10
5,1997,113,2,1,18
6,1985,118,3,2,10
3,1974,123,3,2,10
3,1974,118,3,2,10
5,1997,71,2,3,18
1,1980,65,2,1,10
0,1997,138,2,3,18
1,1922,190,4,4,2
6,1978,64,2,2,10
0,1987,101,2,3,18
3,1940,125,2,4,19
2,2023,27,1,1,22
2,2023,28,1,1,22
3,1940,155,4,3,19
2,2023,26,1,1,22
2,2023,26,1,1,22
1,1981,147,3,3,23
7,1980,182,3,4,22
1,1991,121,2,2,23
7,1997,92,2,3,22
1,1961,188,3,4,23
1,2015,52,2,2,23
1,1947,218,3,3,23
7,1965,160,2,4,23
4,2007,70,2,1,11
0,2002,48,2,1,20
0,1999,84,2,2,20
2,2012,65,2,2,1
1,1996,127,3,3,13
0,2008,63,1,2,13
0,1999,101,2,3,22
0,1985,112,2,2,21
3,1940,147,3,3,19
0,1986,115,2,3,21
0,1992,89,2,2,21
0,1995,82,3,2,23
5,1988,54,3,2,23
0,1983,87,3,3,23
0,1986,72,3,2,23
0,1989,75,3,2,23
0,1994,82,4,2,2
0,2001,64,4,1,2
0,1932,208,4,5,13
5,1989,99,2,4,22
0,2007,42,1,1,21
0,1985,85,2,2,11
0,1999,80,2,2,23
0,1980,104,2,2,21
0,1999,75,2,3,23
6,1980,111,2,3,21
2,2025,23,1,1,22
2,2025,24,1,1,22
2,2025,22,1,1,22
7,1957,93,2,2,19
4,1992,150,4,5,11
4,1999,62,2,2,22
4,1992,168,5,5,11
4,1992,105,3,3,11
0,1985,108,2,3,23
0,1990,89,2,2,23
0,2001,62,2,2,23
4,2009,66,2,2,22
3,1946,104,2,2,20
3,1978,72,3,1,20
3,1920,177,4,4,20
3,1956,98,2,2,20
1,2010,56,2,1,2
3,1961,106,2,2,20
1,1991,145,3,3,13
0,2001,42,2,2,13
5,1938,226,5,5,2
0,2023,27,1,1,2
0,1999,59,1,2,16
5,1976,103,2,3,16
0,2005,45,1,1,23
0,2005,80,1,1,23
2,1998,93,2,2,23
1,1985,107,3,3,2
6,2004,66,2,1,20
0,1997,85,2,2,16
5,1988,167,3,4,16
5,2001,69,2,3,16
1,1922,204,4,5,2
0,2024,27,2,1,16
5,1995,88,3,2,2
5,1985,100,2,2,2
5,1960,128,3,2,2
5,1970,110,3,2,2
5,1995,53,2,2,2
2,2017,49,1,2,11
0,1963,140,3,3,19
0,1979,120,3,2,19
1,1978,103,2,3,16
7,1957,224,4,4,21
5,1980,135,2,3,10
5,1980,93,2,3,10
5,1980,86,2,3,10
5,1980,135,2,4,10
5,1980,119,3,3,10
1,1985,113,3,2,16
6,1967,154,4,3,2
3,1994,115,3,3,23
5,2000,76,2,2,16
5,1964,177,3,4,22
3,1996,104,2,2,23
1,1985,111,2,2,23
4,1986,126,3,2,2
5,1990,78,2,3,10
4,1986,155,4,4,2
1,1917,180,3,4,2
5,1970,95,2,2,2
5,1990,82,2,2,10
4,1986,158,4,3,2
5,1930,178,2,2,2
5,1930,199,3,4,2
5,1990,102,2,3,10
5,1990,86,2,2,10
1,2020,39,1,1,2
1,1955,154,4,4,2
5,1980,101,2,2,2
5,1990,80,2,2,10
5,1940,144,3,2,20
0,2003,78,3,2,23
5,1970,100,3,2,20
0,1996,107,2,2,23
5,1946,162,3,3,20
0,1976,140,3,6,23
0,1970,146,3,4,21
5,1946,192,3,4,20
0,1964,156,4,4,2
5,1918,275,5,5,2
5,1980,134,2,2,10
1,1956,211,3,4,13
1,1999,110,3,3,2
1,1976,160,2,3,23
3,2003,64,2,2,23
2,2006,101,2,1,11
0,1995,64,2,2,11
2,2005,75,2,2,11
2,2015,42,1,1,11
2,2017,59,1,1,11
2,2017,57,1,1,11
0,1995,67,2,2,11
2,2013,47,1,1,11
2,2011,54,1,1,11
0,1980,132,3,3,10
3,2007,94,1,2,13
5,1940,174,4,4,2
5,1950,192,2,4,2
5,1995,95,3,2,2
7,1960,150,3,4,2
5,1970,113,3,3,2
4,2002,132,4,3,2
7,1965,104,3,2,11
3,1960,107,3,2,11
4,1986,173,4,3,2
7,1960,131,3,3,11
1,1999,105,3,2,2
1,2018,16,0,1,14
1,2018,16,0,1,14
5,1992,95,3,3,2
0,1970,151,3,4,21
0,1999,88,2,2,2
0,1970,144,3,5,21
0,2003,69,2,2,2
6,1926,232,4,5,13
6,1936,167,3,5,20
0,2002,70,2,2,20
0,1956,121,3,3,20
0,1996,106,3,3,20
1,2003,69,3,2,2
0,1946,177,3,3,20
1,2000,71,3,2,2
0,2006,76,3,3,13
5,2006,68,2,2,14
5,2015,49,1,1,16
0,2001,65,2,2,13
1,1942,142,4,4,2
0,2001,61,2,1,13
0,2005,53,1,2,16
0,1992,98,2,2,13
1,1981,113,2,2,13
1,1981,108,3,3,13
1,1986,116,3,3,13
5,1993,99,3,2,13
2,2019,32,1,1,11
2,2017,48,2,2,1
4,1986,203,5,5,2
5,1940,161,3,3,2
4,1986,166,4,5,2
5,1986,95,3,2,2
3,2004,40,1,1,18
5,1950,141,4,4,2
5,1950,112,3,3,2
1,1982,138,3,3,2
0,1950,126,2,2,11
5,1986,95,3,3,2
4,1987,115,3,4,2
4,1987,136,3,4,2
2,2009,65,1,2,16
5,1940,177,3,4,2
0,1936,199,3,5,20
6,1946,104,3,2,20
3,1987,157,3,3,20
5,1940,213,3,4,10
0,1956,113,2,2,20
0,1956,116,3,3,20
0,2021,25,1,1,19
1,2018,33,1,1,2
5,1992,130,3,3,20
4,1974,210,4,5,20
1,1993,67,2,2,16
7,1966,98,2,2,11
4,1975,125,4,4,2
0,2001,68,2,2,13
1,1953,119,3,3,16
1,1947,220,4,4,13
1,1953,118,2,3,16
6,1976,149,3,2,13
5,2005,37,2,1,16
5,1993,70,2,2,13
2,2019,34,1,1,2
7,1957,152,3,4,1
5,1937,204,4,4,13
5,2008,77,2,1,13
5,1957,113,3,2,13
1,1947,246,4,3,13
1,1947,245,4,4,13
2,2017,29,1,1,1
4,1986,189,4,4,2
5,1950,157,3,3,2
5,2019,26,1,1,2
2,2021,39,1,1,2
5,1950,128,3,3,2
5,1975,104,3,2,2
0,2014,42,2,1,18
0,1940,203,4,3,18
6,1930,250,2,2,18
5,1956,144,3,4,20
5,1956,156,3,4,20
5,1982,138,4,3,20
0,1997,81,2,2,13
5,1982,155,4,4,20
4,1987,190,5,5,20
2,2018,35,1,1,19
0,1993,100,2,2,20
0,1993,122,2,2,20
0,1993,105,3,3,20
1,1927,269,4,5,13
6,1966,111,2,3,20
0,1993,94,2,2,20
1,1937,252,5,6,13
3,1946,119,2,2,20
1,1947,230,4,5,13
5,2015,44,1,1,16
3,1966,89,2,2,11
1,1986,118,2,3,13
0,1983,114,3,4,21
1,1946,240,4,4,13
1,1946,231,4,4,13
1,1965,178,4,4,13
1,1986,151,2,3,13
0,1960,191,3,4,21
6,1980,97,2,2,21
0,1970,136,2,3,21
1,1951,203,3,3,13
2,2021,23,1,1,1
3,1985,97,3,2,1
1,1966,158,3,3,3
0,1998,61,3,2,1
7,1920,234,4,5,1
7,1965,127,2,3,1
1,2015,35,1,1,12
4,1986,199,4,6,2
2,2024,25,1,1,19
4,2014,60,2,2,2
4,1970,174,3,3,11
0,2004,60,2,2,20
0,1972,116,3,2,19
5,1991,74,3,2,19
0,1998,80,2,2,20
5,1982,142,3,2,19
0,1994,92,2,2,20
0,1998,79,2,2,20
0,1996,79,2,2,20
0,1994,90,2,2,20
0,1994,83,2,3,13
0,2001,52,2,2,13
6,1966,174,4,3,13
0,1976,120,2,3,13
1,1905,297,4,6,16
0,2004,65,1,1,2
5,1989,80,2,3,16
7,2002,76,2,2,2
5,1980,107,3,3,10
1,1973,143,3,4,3
2,2013,37,2,1,1
5,1984,174,3,3,21
2,2013,72,2,2,1
2,2022,31,1,1,21
2,2020,34,1,1,21
7,2000,85,2,2,21
1,1985,88,2,2,16
6,1944,185,4,5,13
4,1975,190,3,3,11
0,1988,76,3,3,13
5,1964,192,3,6,12
0,1994,75,3,3,13
0,1994,74,2,2,13
0,1999,77,2,2,20
0,1996,88,2,2,20
1,1989,114,3,3,2
7,1940,168,3,3,20
3,1926,181,3,3,20
7,2018,50,2,1,20
3,2017,35,1,1,13
0,1997,69,1,7,16
5,1980,104,3,3,10
7,1972,98,2,2,17
5,1980,93,3,3,10
6,1974,71,1,2,10
1,1995,73,3,2,2
1,1995,84,3,3,3
1,1995,82,2,2,3
7,1977,128,3,4,22
0,1997,49,2,1,10
1,1955,236,3,4,21
4,1981,110,3,3,1
5,1910,257,3,6,14
0,1983,100,2,2,14
0,1946,122,3,3,20
6,1966,79,2,2,20
5,1933,230,2,3,5
0,1987,67,2,2,15
5,1980,106,3,3,10
5,1988,64,2,2,16
0,1996,67,2,2,16
0,1992,70,2,2,16
0,1962,177,3,5,5
0,1995,97,2,3,5
6,1954,201,3,5,21
1,1994,90,2,3,3
1,2004,63,2,2,3
0,2011,101,2,3,11
1,2022,21,1,1,3
0,2025,20,1,1,21
1,1991,92,2,3,3
6,1946,131,3,3,20
0,2005,53,2,2,14
0,2002,58,2,2,14
5,1978,124,3,2,17
0,1992,85,4,2,2
0,2010,45,3,1,2
0,1989,101,4,2,2
0,2004,56,3,1,2
0,2002,68,2,2,10
3,1976,113,3,2,21
6,2002,71,2,2,10
6,1961,165,3,5,5
0,1967,112,3,3,15
1,1992,93,2,3,3
7,1960,193,3,4,21
0,2005,58,2,2,22
4,1989,92,2,4,22
2,2018,33,1,1,12
1,1929,222,4,5,12
1,1941,189,4,6,12
4,1948,171,4,4,15
2,2024,20,1,1,12
1,1988,105,3,2,3
1,1990,106,2,3,16
2,1979,162,3,4,12
1,1992,88,2,2,16
1,1936,202,4,5,12
0,1995,79,2,1,2
4,1973,130,4,3,9
7,1966,143,3,3,11
4,1947,195,3,6,15
7,2005,71,2,1,10
4,1985,145,3,3,10
0,1979,123,3,3,5
0,1956,111,3,2,20
6,1953,182,4,5,5
5,2014,58,1,1,5
5,1992,102,2,3,5
7,1953,181,3,4,5
6,1974,68,2,3,10
0,1973,81,2,2,21
0,1969,118,2,2,21
5,2005,100,2,2,12
1,2022,24,1,1,3
0,1985,111,3,3,20
0,1999,70,3,2,2
0,1994,90,3,3,2
0,1945,224,4,6,18
4,1966,143,4,4,9
0,1998,76,3,2,2
1,1937,140,3,2,2
6,1961,97,3,2,20
4,1954,173,4,4,9
0,2001,72,3,1,2
6,2004,58,3,2,2
6,2006,55,3,1,2
0,2006,55,2,2,2
2,2014,53,2,2,9
3,1974,65,3,3,10
7,1957,177,3,2,21
6,1974,155,3,3,10
3,1974,157,3,3,10
3,1974,75,3,3,10
7,1967,284,4,3,11
7,1927,186,3,3,15
3,1994,108,3,3,23
1,1988,107,2,2,3
3,1998,86,2,2,23
2,2015,58,1,2,23
0,2004,60,2,2,2
1,1960,173,4,4,2
0,2004,63,4,2,2
6,1990,100,3,3,20
0,1974,123,3,2,10
0,1993,90,2,3,5
5,1983,100,2,3,16
0,2002,50,2,3,16
1,1961,176,2,3,18
6,1943,220,4,4,20
3,1966,139,3,3,11
6,1970,96,2,2,10
6,1965,127,3,3,11
1,1965,159,3,3,3
3,1947,90,2,2,19
7,1940,188,3,2,19
1,1973,140,3,3,23
1,1954,200,4,3,23
1,1977,140,2,2,23
1,1997,103,2,2,23
7,2000,57,2,2,22
1,1968,154,3,3,23
1,1967,157,2,3,23
3,1975,132,3,3,22
5,1982,133,3,3,20
7,1966,174,4,2,11
4,2018,50,2,1,20
0,2003,38,1,1,13
4,1984,178,4,5,20
0,2018,23,1,1,3
4,1984,161,4,4,20
1,1954,202,3,3,21
5,1997,91,3,2,18
7,1960,226,4,4,21
5,2000,55,2,1,18
4,1957,174,4,5,13
0,1985,92,2,2,2
0,2023,21,1,1,23
3,1956,74,1,1,20
3,1947,116,3,2,18
0,1978,119,2,4,14
6,1934,197,3,3,14
3,1951,99,2,2,20
6,1956,178,4,3,2
6,1981,114,3,2,2
6,1953,190,4,5,2
2,1989,105,2,3,2
6,1970,107,2,2,10
3,1911,161,2,4,19
6,1940,142,4,2,19
2,2019,73,2,2,20
6,1947,115,3,4,19
7,1990,66,2,1,10
0,2008,46,1,1,10
0,1987,123,3,2,20
3,1975,114,2,2,10
7,1960,162,3,2,10
0,2022,36,1,2,19
2,2022,29,1,1,21
0,2022,34,1,2,19
4,1980,133,2,3,18
0,1970,119,2,2,10
0,1970,130,2,3,10
6,1960,120,3,4,20
7,2003,62,1,2,16
3,2001,57,2,2,23
3,1989,104,3,3,23
3,1951,122,3,3,20
3,1974,115,2,2,20
3,1987,138,2,3,20
0,2008,64,1,1,23
3,1950,161,2,3,18
3,1926,177,3,4,15
6,1950,157,3,3,18
1,1910,130,2,3,11
5,1948,80,4,3,14
0,2024,21,1,1,3
7,1956,159,3,3,20
5,2005,36,1,1,10
0,1940,141,3,3,19
7,1996,92,2,3,20
0,1970,111,2,3,18
1,2011,39,1,1,11
7,1956,155,3,3,20
3,1990,157,2,2,12
3,1970,116,2,2,10
0,1971,159,3,4,2
2,1993,100,3,3,2
6,1971,144,4,3,2
6,1990,103,3,2,2
0,1979,125,4,3,2
0,1997,91,4,2,2
4,1977,171,4,3,13
0,1989,111,5,2,2
1,2006,61,2,2,2
4,1987,139,4,4,13
0,1978,130,4,4,2
4,1987,143,4,4,13
0,1990,105,2,2,18
3,1946,178,3,5,20
1,1910,145,3,4,11
0,1950,180,2,3,18
0,1947,117,3,2,19
0,1940,131,3,3,19
0,1967,85,3,2,19
0,1957,78,1,2,19
0,2005,58,2,3,19
6,1940,138,3,2,19
6,1970,72,2,2,10
1,1910,145,3,4,11
4,2018,45,1,1,20
0,2008,57,1,1,23
4,1906,291,6,6,20
7,2000,55,2,2,23
4,1995,144,3,4,20
4,1906,270,4,4,20
4,1984,108,3,3,20
4,1984,120,3,3,20
0,2000,82,3,3,2
4,1982,115,3,4,20
4,1982,132,4,3,20
4,1982,137,3,4,20
0,1963,163,2,4,22
5,1975,118,2,1,10
4,2023,20,1,1,19
0,1996,82,3,2,2
5,1970,130,3,3,18
3,1960,134,2,2,10
5,1960,185,3,3,18
3,1940,138,3,3,18
0,1940,155,3,4,18
0,1996,68,2,3,15
4,1977,161,4,4,13
6,1981,117,2,3,2
4,2016,61,2,2,2
0,1980,122,4,3,2
0,1974,129,4,3,2
0,1996,78,4,2,2
0,1997,75,4,2,2
0,1975,130,4,3,2
0,2004,51,2,1,20
1,1947,122,2,3,18
3,1975,143,3,4,21
3,1988,92,3,1,21
6,1982,100,3,3,19
4,1929,226,5,5,21
3,1970,94,3,2,18
5,1940,160,2,3,18
0,1967,78,3,2,19
0,1940,116,3,3,19
6,1967,87,2,3,19
3,1960,131,2,2,18
5,1950,175,3,3,18
4,1926,225,4,5,20
4,1986,80,3,3,20
4,1982,118,3,3,20
4,1906,252,4,5,20
4,1982,162,3,5,20
4,1910,254,5,6,20
4,2018,38,1,1,20
4,1982,97,3,3,20
3,1979,112,2,4,15
3,1960,126,2,2,10
0,1993,81,2,3,15
6,1940,129,3,3,18
5,2000,50,3,2,13
0,1997,72,2,3,15
4,1956,205,4,5,22
0,2004,52,2,1,20
4,1992,168,3,6,11
4,1992,138,4,4,11
2,2014,49,1,1,22
3,1965,116,3,3,11
3,1935,152,3,4,11
6,1980,114,3,3,22
0,1980,136,3,4,22
5,1946,149,3,4,20
6,1983,76,3,2,21
4,1982,153,3,4,20
5,1966,166,4,4,20
6,1940,136,3,3,2
5,1946,148,3,3,20
1,1944,180,3,5,15
7,1992,72,1,1,15
3,1957,129,3,3,15
7,1993,81,2,2,15
6,1925,221,4,6,18
3,1950,170,3,2,18
6,1925,216,4,7,18
3,1957,122,3,2,15
7,1967,87,2,2,15
3,1940,110,2,2,18
4,1942,167,3,4,15
0,1996,75,2,3,2
1,1953,159,4,5,13
6,1981,115,4,3,2
6,2006,53,2,2,2
7,1970,191,3,2,11
0,1986,105,3,3,2
6,1983,85,2,2,2
4,1975,148,2,5,14
0,1966,159,2,4,2
0,1979,106,3,3,2
1,1971,115,3,2,14
0,1981,114,3,3,2
3,1956,123,3,2,20
5,1967,155,4,4,2
0,1985,106,3,3,11
0,1976,142,3,2,11
6,1959,183,3,4,23
0,1980,112,3,4,22
0,1980,106,3,4,22
6,1980,101,2,3,22
0,1980,115,2,4,22
0,1994,76,2,3,22
6,1985,71,2,2,21
2,2017,50,1,1,22
6,1965,122,3,2,10
0,1940,188,3,3,18
0,1976,144,3,3,2
5,1946,133,3,3,20
0,1950,155,3,4,2
0,1957,91,2,3,18
5,1946,163,3,4,20
0,2005,53,3,2,2
3,1998,76,2,2,23
5,2005,66,3,2,20
5,2000,61,3,2,2
7,1966,166,3,5,23
3,1940,145,3,3,18
0,1990,74,2,1,10
4,1937,160,3,3,15
0,1925,205,3,3,18
4,1957,150,2,4,15
4,1952,137,3,3,15
4,1962,111,3,3,15
0,1985,118,2,2,10
0,1970,130,1,1,18
4,1947,153,3,3,15
4,1942,163,4,4,15
4,1942,155,3,3,15
0,1970,100,2,2,18
4,1957,112,3,3,15
0,1983,129,3,3,2
4,1932,166,3,3,15
0,1985,105,2,2,18
4,1962,103,3,3,15
0,1981,119,3,4,2
0,1988,87,3,3,2
0,1986,82,3,2,2
3,1994,90,2,2,20
0,1982,111,3,4,2
7,1972,175,4,4,12
7,1967,220,4,4,12
1,1943,210,3,4,23
7,1986,95,2,2,21
5,1946,165,4,4,20
6,1983,98,3,2,2
5,1912,297,5,7,2
0,1983,63,2,2,2
3,1996,78,2,2,22
7,1976,93,2,2,15
0,1940,195,3,3,18
3,1996,88,2,3,22
0,1940,121,3,2,18
7,1965,147,3,4,22
6,1994,89,2,3,23
6,1977,136,3,3,23
6,1940,151,3,3,18
6,1985,105,2,3,23
0,1940,155,3,2,18
1,1959,122,4,2,10
5,1988,141,3,4,20
1,1959,174,4,3,10
0,1975,115,2,2,10
5,1964,162,4,5,2
4,1967,99,3,2,15
4,1992,58,2,2,15
0,2013,36,1,1,10
4,1942,150,3,3,15
1,1971,141,4,3,2
5,1956,119,3,3,20
1,2021,26,1,1,2
1,2023,19,1,1,2
1,2018,35,1,1,2
0,1980,99,2,2,18
1,1960,173,5,3,2
1,1922,240,3,4,13
1,1927,217,3,6,13
1,1937,201,4,5,13
5,1946,156,3,4,20
1,1939,192,3,4,14
5,1972,115,3,4,13
5,1977,90,3,4,13
5,1982,92,3,3,13
0,1995,100,2,2,14
6,1919,175,2,4,1
2,2001,122,2,2,23
5,2006,45,2,1,22
4,1970,185,3,4,22
0,1977,135,2,4,1
0,1957,178,3,4,1
0,1995,106,3,3,23
0,1972,144,4,4,1
6,1973,137,3,4,1
6,1953,187,4,4,1
1,1998,65,2,2,18
6,1970,130,3,3,2
0,1978,142,4,4,2
6,1972,132,4,3,2
5,2013,50,2,2,2
0,1940,117,3,3,18
0,1961,163,4,3,2
0,1985,98,3,3,2
0,1937,215,4,3,18
1,1940,117,2,2,18
0,1984,118,3,3,2
5,1998,39,1,1,12
0,2013,45,1,1,10
4,1962,130,3,3,15
0,2013,48,1,1,10
4,1967,95,2,2,15
0,1991,104,2,2,18
4,2010,62,1,1,15
0,1974,155,3,2,18
5,1992,110,2,2,10
4,1952,132,3,3,15
5,1979,138,3,2,18
7,1980,136,3,3,10
5,1992,157,2,2,23
0,2011,46,1,2,14
5,1992,151,2,3,23
5,1975,155,3,3,14
5,1946,119,3,3,20
6,2010,46,2,3,14
5,2007,115,3,3,22
0,1940,135,3,3,18
0,1995,63,2,2,10
0,1983,115,2,3,23
0,1990,108,2,2,23
2,2010,96,2,2,20
6,1979,135,3,4,23
2,2014,45,2,1,20
6,2003,36,1,1,20
1,1981,93,2,2,16
4,1950,238,4,7,20
6,1966,122,3,3,20
6,1984,103,2,3,20
7,2001,49,2,1,23
6,1977,114,2,2,14
7,1966,117,3,3,20
6,1989,86,2,3,3
0,2001,57,1,1,14
1,1984,101,2,3,3
4,1956,182,5,6,3
7,1980,148,3,6,10
4,1947,128,3,3,15
4,1972,99,2,2,15
2,2018,50,1,1,10
4,1957,111,3,3,15
2,2018,48,1,1,10
0,1994,56,2,2,12
4,1962,99,3,3,15
5,1992,69,2,2,10
0,2016,53,1,1,14
0,2016,49,1,1,14
5,1946,129,3,4,20
7,2004,57,2,2,23
0,2016,40,1,1,14
5,1946,149,3,4,20
7,1965,111,2,3,2
5,1980,89,2,2,20
6,1960,100,2,3,20
6,1966,79,2,2,20
6,1968,135,4,3,2
4,1929,169,4,5,2
7,1965,166,2,3,2
7,1935,211,3,3,14
5,1946,124,2,2,20
0,2013,49,2,1,2
2,2019,49,1,2,10
3,1980,153,2,3,14
0,2004,74,2,3,2
3,1940,173,3,4,19
5,1956,101,2,2,20
3,2018,52,2,2,20
3,1946,144,3,3,20
3,2011,76,1,1,23
4,1979,112,3,3,22
5,1986,123,3,2,21
6,1940,126,3,3,18
2,2012,98,2,1,1
7,1960,186,4,4,23
3,1954,118,2,3,20
4,1984,196,4,5,20
7,1965,133,3,3,12
7,1965,164,4,4,12
4,2018,29,2,1,20
1,1958,173,4,4,2
4,2018,56,1,1,20
1,1990,98,3,2,2
6,1940,146,3,3,18
0,1940,156,3,3,18
6,1940,166,4,3,18
1,1999,76,3,2,2
4,1936,198,4,4,20
2,2018,43,1,1,10
7,1980,140,4,3,10
4,1937,156,4,4,15
0,1969,138,2,3,12
3,2012,54,2,2,10
2,1985,112,2,2,2
0,1923,175,3,2,19
7,1945,176,2,3,14
3,1940,175,3,3,19
7,1935,193,3,3,14
7,1935,223,3,3,14
7,1935,229,3,3,14
7,1985,99,2,2,14
6,1947,93,2,2,19
6,1940,132,3,3,19
3,2006,57,1,1,14
3,2006,60,1,1,14
6,1940,116,2,3,19
0,1988,114,2,3,1
0,1994,97,3,3,1
0,1908,259,3,5,15
0,1977,69,2,2,18
7,1976,135,3,3,1
5,2002,88,1,1,23
3,1991,108,2,2,23
6,1952,193,4,4,1
4,1987,146,3,4,20
1,2021,22,1,1,2
5,1975,110,3,2,14
4,1987,95,2,3,20
4,1970,148,4,5,2
7,1976,145,3,4,2
3,2006,66,2,2,2
2,1998,81,2,2,2
5,1964,139,4,4,14
0,1987,120,3,4,2
4,1906,268,4,4,20
4,1976,138,4,5,2
3,1988,103,3,3,2
4,1970,155,4,4,20
4,1952,113,2,2,15
4,2013,64,1,1,22
4,1942,142,3,3,15
0,1999,76,2,2,18
1,1940,177,3,4,2
3,1980,131,3,4,10
7,1999,75,2,2,14
5,1966,240,3,3,14
0,1957,96,2,2,19
5,1943,140,4,3,14
0,1972,106,3,2,14
7,1908,168,3,2,14
6,1957,178,3,4,1
0,1916,158,3,3,18
6,1950,199,4,4,1
5,2007,45,2,1,20
6,1947,91,3,3,18
6,2001,69,2,2,20
2,2014,39,1,1,18
2,2023,26,1,1,18
2,2020,46,1,1,18
1,1925,253,3,5,20
4,1906,271,6,6,20
1,1997,73,2,2,2
4,1970,145,4,4,20
3,1947,151,3,3,2
1,1973,138,3,3,2
4,1984,105,3,3,20
4,1984,104,2,2,20
0,1977,139,4,3,2
4,1987,146,3,4,20
4,1967,98,3,2,15
4,1972,99,3,2,15
4,1972,87,3,2,15
3,1980,98,3,3,10
4,1977,102,3,2,15
4,1977,125,3,3,15
7,1964,141,2,2,15
3,2008,27,1,1,23
5,1977,204,3,3,23
7,1955,165,2,2,15
7,1987,125,3,4,13
7,1980,101,2,2,10
5,1948,132,3,2,14
5,1968,88,4,2,14
1,1982,141,3,3,2
1,1910,171,3,4,11
2,2011,85,2,2,21
5,1943,147,4,2,14
1,1910,150,3,2,14
3,1983,102,2,2,16
2,2011,67,1,1,21
2,2011,63,1,1,21
5,1938,220,4,2,14
5,1973,177,3,3,21
7,1936,215,4,4,20
3,1994,104,3,2,20
1,1980,88,2,2,2
7,1956,150,3,4,20
1,1999,102,2,3,2
0,1977,68,2,3,18
3,1946,124,3,2,20
3,1966,137,3,3,20
7,1946,140,3,3,20
3,1946,127,3,3,20
0,1931,211,3,5,15
1,1940,141,3,3,18
4,2002,103,3,3,20
1,1989,99,2,3,2
4,1906,274,3,5,20
4,1926,174,3,3,20
4,1926,238,3,3,20
0,1990,102,3,3,2
4,1926,227,6,6,20
4,1926,192,5,3,20
0,1977,75,2,2,18
4,1925,243,2,5,15
6,1960,148,2,3,15
1,2022,21,1,1,18
0,1973,114,2,2,15
2,2013,59,1,2,21
1,1910,207,4,4,11
2,2015,58,2,2,21
0,1965,105,4,2,14
1,1910,200,3,4,11
1,1910,166,3,4,11
2,2021,32,1,1,21
3,1988,57,2,2,16
2,2022,37,1,1,21
2,2020,39,1,1,21
6,1961,132,3,4,20
0,1958,149,3,5,15
6,1961,131,3,3,20
1,2000,73,3,2,2
0,2006,43,2,2,15
3,1978,130,3,3,23
1,1927,131,3,3,2
1,1967,133,4,3,2
3,1991,101,2,2,15
0,1922,228,3,5,15
5,1966,119,3,3,20
1,1976,130,3,3,2
0,2016,36,1,1,18
5,1978,99,3,3,20
0,1957,85,2,2,18
1,1940,155,3,2,18
5,1940,175,3,4,20
6,1951,181,3,3,2
6,2001,58,3,2,2
0,1960,167,2,4,14
0,1956,173,3,4,2
6,1985,84,2,2,2
4,1955,230,4,7,10
6,1960,179,3,3,18
7,1980,116,3,3,10
0,1972,135,3,3,15
0,1972,85,3,3,15
0,1972,95,3,3,15
0,1967,110,3,3,15
0,2011,58,1,1,10
1,2000,81,3,2,2
0,1975,114,3,3,4
1,2000,88,3,3,2
7,2011,51,2,1,10
5,1990,79,1,1,14
2,2022,33,1,1,21
2,2020,37,1,1,21
0,1980,83,2,2,18
0,1998,93,2,2,18
3,1993,63,2,2,16
3,1953,137,2,2,16
3,1963,118,2,2,16
2,2022,45,2,1,20
3,1953,160,2,2,16
0,1987,114,3,3,20
2,2014,77,2,2,20
6,1994,68,2,2,20
2,2014,93,2,2,20
6,1989,120,3,3,20
0,1989,115,3,3,20
3,1972,147,3,4,22
1,1968,139,3,4,15
0,1987,100,3,3,15
0,1957,98,3,3,18
0,2011,55,2,2,15
3,1933,199,3,5,15
3,1975,140,3,3,23
0,2005,56,2,2,2
1,1960,167,4,4,2
1,1955,178,4,4,2
3,1983,113,3,3,23
6,1990,97,2,3,2
1,1940,247,4,5,23
0,1979,104,3,3,4
0,1992,74,2,3,4
6,1963,167,3,4,4
1,1997,108,3,2,2
2,2020,45,1,1,21
7,1973,138,3,3,4
1,1982,138,3,3,2
0,1991,90,5,2,2
1,1987,102,3,3,2
7,1968,157,4,4,4
0,1999,76,2,2,20
2,2020,33,1,1,21
0,1946,149,3,5,20
3,1969,113,1,2,16
0,1987,105,3,3,20
1,1973,142,3,3,23
3,1990,110,2,3,21
0,2000,64,2,2,23
6,2019,33,1,1,21
3,1983,109,2,3,23
3,1976,130,2,3,23
3,1975,134,3,4,23
3,2000,61,2,2,23
1,1955,193,3,5,23
1,1970,168,4,3,21
4,1953,194,4,6,2
2,2017,45,1,1,23
3,1998,83,2,3,2
0,1993,93,2,3,2
5,1941,225,4,6,4
5,1933,244,4,5,4
0,1960,169,4,5,2
0,1995,88,3,2,2
0,1999,77,3,2,2
2,2020,38,1,1,21
0,2007,61,3,1,2
1,1980,151,3,3,2
4,1916,224,2,2,20
5,1936,186,2,2,20
5,1978,124,2,3,22
6,1989,93,3,3,20
3,1969,129,2,3,16
3,1973,146,2,2,16
2,2018,65,2,2,20
6,1946,137,3,4,20
0,1946,167,3,5,20
6,1970,106,2,2,10
3,2017,33,1,1,19
3,1936,152,4,2,15
3,1941,142,3,4,15
5,2024,23,1,1,4
4,2020,18,1,1,11
1,1947,99,2,2,19
0,1969,101,2,2,10
0,1970,95,3,3,2
3,1990,102,2,2,12
3,1990,63,2,2,12
0,1985,92,3,2,2
3,1990,78,2,2,12
3,1990,43,2,2,12
3,1990,140,2,2,12
3,1990,102,2,2,12
3,1990,140,2,2,12
3,1990,96,2,2,12
0,1970,114,4,3,2
3,1990,145,2,2,12
7,1964,170,3,3,18
5,1992,89,3,2,18
5,2008,52,1,1,13
3,1937,268,3,3,18
2,2017,42,2,2,1
0,1975,135,3,2,10
2,2013,51,2,1,1
2,2020,42,2,1,1
0,1976,107,3,2,1
2,2017,33,2,1,1
0,1976,129,3,4,22
0,1959,142,4,4,1
0,1976,145,3,4,22
2,2020,37,2,1,1
0,1957,95,3,2,19
6,1940,124,3,2,19
0,1967,72,3,2,19
6,1940,214,4,3,19
6,1997,87,2,2,13
6,1940,157,3,3,19
6,1985,80,3,2,2
2,2019,49,1,1,2
0,1984,82,3,3,2
2,2014,83,2,2,2
0,1969,125,2,2,10
6,1960,138,3,4,2
0,1999,61,3,2,2
0,2010,58,2,2,2
0,2000,71,2,2,2
0,1969,119,2,2,10
6,2002,68,3,2,2
1,1957,193,3,4,18
4,1981,88,2,2,22
0,1966,282,3,4,12
3,1970,131,2,2,11
2,2020,42,2,2,1
0,1963,162,2,2,22
0,1933,156,4,4,16
2,2020,37,2,1,1
3,1994,91,3,3,1
2,2006,78,2,2,12
3,1958,179,3,4,22
0,1950,147,3,3,2
0,1998,74,2,2,23
0,2021,18,1,1,21
0,1945,149,3,4,2
1,1968,156,3,4,23
6,1950,124,4,3,2
6,1950,132,3,3,2
0,1986,90,3,3,2
4,1926,247,4,3,9
0,2000,85,2,2,2
6,1970,71,4,2,2
0,2000,67,2,2,2
0,1987,96,3,3,12
0,1970,109,3,3,2
3,2007,62,2,2,2
2,1993,160,2,3,20
3,2007,46,1,1,2
3,2007,51,2,1,2
2,2005,111,2,2,18
2,1993,187,3,4,20
3,1980,107,2,2,10
0,2004,75,2,1,10
0,1986,98,3,3,10
1,1988,124,2,2,16
4,1958,149,3,3,9
4,1949,162,3,2,9
4,1953,166,4,3,9
1,1963,167,3,4,23
2,2015,36,1,1,13
0,1995,91,2,3,23
4,1959,155,3,4,9
4,1949,193,3,5,9
4,1989,91,3,3,9
0,1970,102,4,3,2
0,1984,74,3,2,2
3,1958,187,3,4,9
1,1940,170,3,4,19
1,1940,168,3,3,19
1,1940,132,3,3,19
1,1940,131,2,2,19
1,1940,145,3,3,19
1,1957,119,2,2,19
3,1969,160,3,3,19
3,1959,197,3,4,19
6,1982,113,3,3,19
0,1960,195,3,4,10
0,1960,211,3,4,10
0,1960,144,3,4,10
0,1986,107,3,3,10
5,2010,34,2,2,11
6,1986,132,3,3,10
0,1990,71,3,2,10
3,1969,188,4,2,15
0,1960,120,3,3,10
6,1986,93,3,3,10
3,1988,87,2,2,1
1,1983,102,3,2,16
6,1981,93,2,2,1
0,1970,141,4,3,2
3,1979,131,3,4,9
7,1980,126,3,4,9
5,1950,206,4,4,9
5,1966,164,4,4,9
0,1970,102,4,2,2
0,1997,57,2,2,1
6,1970,89,3,2,2
0,1970,95,4,3,2
0,1970,105,4,3,2
4,2022,20,2,1,11
1,1940,152,3,3,19
3,1968,165,3,3,22
0,1945,199,4,5,5
4,2020,20,1,1,11
0,1985,99,3,2,10
0,1984,85,2,1,1
0,1929,212,4,5,1
2,2021,29,1,1,1
2,2021,27,1,1,1
4,1969,138,4,4,9
0,1970,95,3,2,2
0,1970,87,3,2,2
0,1980,74,3,2,2
3,1993,105,2,3,23
3,1993,101,2,3,23
0,1997,97,3,3,2
0,1970,113,4,3,2
4,1965,133,4,3,3
4,2020,16,1,1,11
0,2010,52,2,1,11
4,2022,20,2,1,11
2,2011,62,2,2,21
0,1996,131,2,2,15
5,2011,41,1,1,21
1,1990,86,2,2,19
1,1959,174,4,3,10
1,1959,200,4,3,10
1,1959,153,4,3,10
1,1959,160,4,3,10
1,1985,81,4,3,10
4,1970,155,4,5,1
0,1990,82,3,3,1
2,2020,33,1,1,1
0,1980,97,3,4,1
2,2020,34,1,1,1
4,1965,168,4,5,1
4,1982,115,4,3,1
5,1972,98,4,4,15
2,2013,61,2,2,1
2,2018,49,2,2,1
0,1984,105,4,3,1
7,1989,94,2,2,1
6,1984,89,3,2,1
2,2018,43,2,1,1
2,2013,75,2,2,1
2,2013,54,2,2,1
4,2023,20,1,1,11
2,2021,30,1,1,1
0,1970,116,4,3,2
0,1970,135,3,4,2
0,1970,134,3,3,2
5,1978,140,3,3,17
0,1970,145,4,3,2
0,1945,177,3,5,2
0,2022,32,1,1,21
5,1987,101,3,2,17
0,1945,186,3,4,2
6,1988,100,3,3,22
0,1985,120,2,3,21
1,1959,140,4,3,10
1,1959,160,4,3,10
1,1985,94,3,3,10
1,1985,106,4,3,10
5,1982,107,2,3,10
2,2017,48,1,1,1
2,2011,60,2,2,1
2,2011,67,2,2,1
6,1998,54,2,2,1
2,2017,42,2,2,1
1,2019,40,1,1,2
1,1999,129,3,2,13
1,1989,119,3,3,13
5,1992,92,2,2,21
0,1970,147,3,4,2
0,1960,130,3,3,2
6,1950,125,3,4,2
6,1998,82,2,2,13
0,1935,187,4,4,2
6,1940,138,4,3,2
0,1965,131,4,4,3
0,2005,78,2,3,22
0,1982,123,3,3,22
5,2005,38,2,1,20
0,1991,97,3,3,22
0,1994,78,2,3,22
6,1991,90,3,2,22
4,2022,20,1,1,20
4,2022,30,2,1,20
0,2003,88,2,3,22
1,1983,75,2,2,16
1,1959,181,4,3,10
1,1988,82,2,2,16
1,1988,74,2,2,16
1,1959,175,4,2,10
1,1959,196,4,3,10
5,1992,105,2,2,21
0,1993,71,3,3,1
1,2019,24,1,1,2
5,1989,91,2,2,21
1,2018,28,1,1,2
2,2014,50,2,2,1
4,2023,20,1,1,11
1,1981,118,2,2,16
6,1940,140,4,3,2
2,2022,26,1,1,8
1,1985,111,2,2,23
4,2022,40,2,2,20
4,2022,28,1,1,20
4,2022,28,2,1,20
4,2022,31,2,1,20
1,1960,142,3,3,16
4,2022,32,2,1,20
1,1960,148,3,3,16
0,2005,74,2,3,22
0,1991,90,2,3,22
0,1991,90,2,3,22
0,2010,36,1,1,22
4,2024,37,2,1,2
6,1977,118,3,2,22
4,2024,32,2,1,2
5,1995,71,3,2,20
3,1954,231,4,3,15
3,1977,143,4,3,15
0,2008,44,1,1,23
2,2014,46,2,2,1
3,1974,120,3,3,21
1,1996,106,2,2,23
1,1986,119,2,2,23
4,1990,69,3,2,22
4,2024,32,2,1,2
4,2024,34,2,2,2
0,2000,67,2,3,22
0,2000,69,2,3,22
0,2005,72,2,3,22
0,1987,101,2,2,21
0,1962,178,4,5,22
0,1978,112,3,3,22
0,1991,93,3,3,22
6,1997,64,2,2,22
3,1970,85,2,2,11
5,1935,230,5,4,2
5,1970,138,3,3,14
0,1987,101,3,3,21
6,1970,94,3,3,2
4,1940,176,3,5,22
2,2021,30,1,1,8
0,1950,154,4,4,2
6,1950,136,3,4,2
2,2023,20,1,1,20
0,1955,133,3,4,2
0,2000,73,2,2,22
0,1994,85,3,2,22
6,2021,23,1,1,22
5,1967,140,3,4,17
0,2005,51,2,2,22
6,1985,116,3,3,22
0,1985,107,3,3,21
0,2007,38,2,2,22
6,1991,89,3,3,22
4,2024,28,2,1,2
6,1998,57,2,2,1
2,2018,47,2,1,1
1,1960,105,2,3,22
2,2014,39,2,1,1
2,2025,18,1,1,1
0,2000,50,2,2,10
2,2011,69,2,2,1
7,1958,189,5,3,18
2,2014,58,1,2,12
0,1970,92,3,2,2
0,1970,110,4,3,2
1,1996,75,1,2,23
0,1970,135,3,4,2
0,1970,92,3,4,2
0,1970,224,4,4,2
6,1970,112,4,2,2
0,1970,102,4,3,2
0,1970,112,4,3,2
0,1970,120,4,2,2
0,1970,114,4,2,2
0,2000,80,2,3,22
0,2005,75,2,3,22
0,2007,68,2,3,22
6,1951,174,4,4,22
6,1988,97,3,3,22
7,1980,94,2,3,9
4,2020,25,1,1,2
3,1984,116,3,3,9
2,2017,42,1,1,22
0,1990,53,2,2,10
0,1990,112,2,2,10
0,1990,80,2,2,10
6,1983,88,3,3,1
2,2023,30,1,1,1
0,1980,140,2,2,10
1,2018,29,1,1,19
0,2003,64,3,2,2
3,1998,83,2,2,2
6,1945,179,3,4,2
0,1960,140,4,4,2
6,1940,154,4,3,2
0,1973,123,3,2,19
3,1919,250,4,4,19
2,2020,30,1,1,19
6,1943,177,3,3,17
0,1978,107,4,4,1
2,2018,36,2,1,1
6,1976,145,3,4,12
4,2020,18,1,1,11
6,2003,39,2,2,2
0,1969,124,3,2,10
0,1988,76,3,2,2
0,1969,153,3,3,10
0,1965,129,3,3,2
6,1970,102,3,3,2
0,1970,159,4,4,21
0,1970,170,3,4,21
0,1970,153,3,4,21
0,1970,116,2,3,21
2,2014,42,2,2,1
2,2020,39,1,1,1
0,1987,88,3,2,1
3,1983,113,2,3,23
6,1984,85,2,3,1
2,2014,52,2,2,1
3,2011,26,2,2,21
4,2020,18,1,1,11
0,2006,46,2,2,21
7,2011,25,1,1,21
4,2020,16,1,1,11
4,1970,194,3,4,22
4,1970,178,3,5,22
0,1995,114,2,2,10
6,2001,33,2,1,10
0,1970,105,3,3,2
3,1990,109,2,2,12
0,1980,80,3,3,2
0,1999,73,2,2,2
0,1992,38,3,2,2
5,2005,61,2,1,2
3,1960,147,3,4,15
3,1943,130,3,3,16
0,1937,145,3,3,17
0,2005,82,2,3,17
6,1980,91,2,2,21
6,1989,88,2,2,21
3,1953,158,3,4,15
2,2020,37,2,1,1
2,2013,69,2,2,1
2,2020,43,2,1,1
2,2020,42,2,1,1
2,2017,42,1,1,12
7,2017,37,2,2,12
0,2005,46,2,2,11
4,2017,76,1,1,12
0,1970,130,4,4,2
0,1997,67,3,2,2
0,1969,85,2,2,10
6,1980,97,2,2,10
0,1969,140,3,3,10
3,1990,77,2,2,12
6,1958,178,5,4,13
2,2012,50,2,1,1
2,2013,35,2,1,1
5,1976,125,2,2,22
2,2017,41,2,1,1
5,1965,162,3,3,17
3,1986,51,2,1,15
4,2014,49,2,2,3
6,2003,70,2,2,13
5,1991,116,2,3,21
1,1940,150,3,2,2
3,1991,117,2,3,21
2,1984,153,2,3,21
2,1984,152,2,3,21
2,1994,112,2,3,21
5,1944,245,4,3,18
5,1995,53,2,2,23
5,1960,165,3,4,23
5,1985,89,3,3,23
5,1992,70,3,2,23
5,1969,136,3,4,23
0,2010,32,2,2,22
6,1946,226,3,4,19
0,2010,30,2,2,11
2,2000,136,2,3,21
0,2010,27,2,1,11
2,2000,144,2,3,21
2,2000,117,2,3,21
2,2000,107,2,3,21
2,2014,63,1,2,21
7,1965,119,3,4,12
3,1950,150,3,3,12
0,1993,41,2,2,21
3,1959,124,2,2,10
0,1959,139,3,3,10
0,1973,134,3,3,21
3,1947,153,3,2,19
4,1979,107,3,3,3
3,1957,134,3,2,19
3,1977,115,3,4,19
3,1957,184,4,3,19
3,1957,95,2,2,19
3,1947,132,3,3,19
3,1957,101,3,2,19
3,1940,164,3,3,19
3,1937,209,3,4,19
0,1995,81,3,2,2
6,1980,104,3,2,23
0,2007,44,2,2,16
0,1994,104,3,3,10
0,1999,35,2,1,23
0,1998,39,2,1,23
0,1997,42,2,2,23
6,1974,122,3,3,23
6,1998,39,2,1,23
6,1967,143,3,4,23
0,1994,56,3,2,23
3,1980,110,2,3,21
2,2015,55,1,1,21
3,1940,219,3,3,12
5,1988,99,2,2,22
3,2003,62,2,2,12
3,1947,92,2,2,19
3,1940,118,3,3,19
3,1940,134,3,3,19
3,1947,109,3,3,19
3,1940,132,3,3,19
3,1947,112,3,3,19
3,1947,125,3,3,19
3,1947,188,3,4,19
3,2006,104,2,3,21
3,1940,142,3,2,19
3,1947,126,3,2,19
3,1940,137,3,3,19
3,1947,135,3,4,19
7,2004,50,2,2,21
3,1947,173,3,4,19
7,2004,57,2,2,21
3,1947,114,3,3,19
3,1947,224,3,4,19
3,1947,179,3,2,19
2,2023,20,1,1,11
2,2017,76,2,2,22
1,1987,83,3,2,23
5,1994,58,2,2,23
0,2006,55,2,1,12
3,1960,160,3,3,12
0,2000,67,2,2,12
1,1919,273,4,5,3
6,2007,80,1,2,21
4,2023,20,1,1,19
0,1935,190,3,4,17
3,1940,158,3,2,19
7,2001,82,2,2,21
3,1940,168,3,4,19
3,2005,82,2,2,19
3,1947,180,3,3,19
3,1940,155,2,4,19
3,1997,93,2,1,19
1,1958,183,3,4,21
3,1940,150,3,2,19
3,1947,183,3,3,19
0,2000,58,2,2,12
1,1959,174,4,3,2
0,1975,96,3,3,12
6,1975,102,2,2,12
7,1949,188,3,4,15
0,2008,73,2,2,12
0,1975,80,3,2,12
0,1985,146,3,4,10
0,1985,169,4,5,10
6,1997,105,3,3,13
0,1985,97,2,2,10
3,1987,110,3,2,20
3,1987,140,3,3,20
2,2016,31,1,1,10
3,1940,174,3,4,19
7,1988,138,3,3,21
6,1965,132,4,5,3
6,1965,148,3,3,3
2,1984,161,2,3,21
3,2021,26,1,1,21
5,1999,93,2,2,21
1,1984,101,3,3,3
1,1963,138,4,5,3
1,1918,241,5,5,3
6,1989,81,2,3,3
0,1976,142,3,3,13
0,1985,93,2,3,10
6,1976,150,3,3,13
0,1985,81,2,2,10
0,1985,92,2,3,10
0,2001,73,2,2,13
0,1985,120,3,3,10
0,1985,149,3,3,10
0,2006,67,2,2,13
0,2006,63,2,2,13
3,2013,39,1,1,21
0,1980,129,3,3,21
1,1988,103,2,2,23
4,1959,151,3,3,21
5,1996,137,2,2,21
0,1992,92,2,2,20
4,1945,176,3,3,21
3,1957,182,3,3,18
3,1957,147,3,2,18
0,1980,126,3,3,13
5,1972,162,3,4,23
3,1937,213,3,3,18
0,1986,100,3,3,19
0,1991,87,3,2,3
1,1933,212,4,4,3
0,2017,39,2,2,3
0,1977,110,3,4,3
0,1989,80,2,3,3
1,1938,189,3,4,3
1,1939,196,4,4,3
3,1952,168,5,4,13
6,1992,79,3,2,13
0,2008,52,2,2,13
4,1947,290,5,5,21
0,2001,69,2,3,13
0,2001,74,2,2,13
0,1996,68,2,2,13
1,1911,158,4,3,2
1,1936,128,3,4,2
0,2022,24,1,1,15
3,1985,114,2,2,11
0,1991,99,3,3,9
0,2022,23,1,1,15
3,1985,141,3,4,21
3,2005,76,2,2,18
3,1940,157,3,2,18
3,1957,172,3,3,18
5,1989,132,2,3,21
2,1994,114,2,2,21
5,1994,114,2,3,21
6,1970,124,3,4,22
2,2025,20,1,1,14
0,2001,79,2,2,13
0,2000,47,2,2,21
7,1940,156,3,2,19
7,1940,142,3,2,19
7,1940,124,4,3,19
0,2005,65,1,1,20
3,1988,81,2,1,15
0,2022,21,1,1,15
1,1947,208,4,4,13
2,2007,103,1,2,11
3,2004,48,2,2,18
1,1950,269,3,5,21
1,1984,114,3,3,13
3,1937,218,3,3,18
1,1944,150,3,3,13
1,1986,125,3,3,13
1,1942,220,4,4,13
6,1956,178,4,4,13
4,1992,121,2,3,21
3,1957,89,3,2,19
6,1977,141,4,4,13
2,2007,76,2,2,11
0,1982,95,2,3,21
2,2024,23,1,1,21
0,1992,96,3,3,9
4,1999,125,2,3,23
2,2015,28,1,1,22
2,2015,28,1,1,22
2,2015,28,1,1,22
2,2015,30,1,1,22
6,1994,102,2,3,12
0,1985,90,3,3,3
5,1982,116,4,3,5
0,1971,121,3,4,3
3,1970,171,3,3,21
0,1980,62,2,1,19
4,1966,128,2,3,21
0,1996,79,2,2,13
5,1967,124,2,2,20
5,1973,124,3,3,23
0,2004,59,1,1,20
1,1964,159,3,3,21
0,1957,177,3,4,21
5,1980,121,3,4,22
2,2015,27,1,1,22
2,2015,30,1,1,22
2,2015,28,1,1,22
2,2015,40,1,1,22
3,1977,93,3,2,15
4,1981,140,3,4,22
2,2015,43,1,1,22
4,1981,181,3,4,22
2,2015,41,1,1,22
0,1988,94,3,3,3
0,1986,93,2,3,3
6,1993,70,2,3,3
0,1977,133,3,4,3
1,1960,273,4,5,21
7,1986,113,2,3,21
2,2015,30,1,1,22
2,2015,30,1,1,22
6,1977,118,3,2,13
7,1950,162,3,3,12
3,2014,28,1,1,16
4,1995,61,1,1,10
0,2005,64,2,2,21
7,1957,141,3,4,22
6,1975,109,2,3,22
4,1941,244,4,6,13
3,1996,65,2,2,13
3,1991,81,2,2,13
1,1964,151,4,3,10
7,1986,118,2,2,13
2,2018,33,1,1,11
4,1981,143,3,4,22
4,1981,134,2,4,22
0,2005,62,2,1,18
4,1981,110,3,3,22
2,2015,30,1,1,22
2,2015,37,1,1,22
2,2015,32,1,1,22
2,2015,33,1,1,22
2,2015,35,1,1,22
2,2017,63,2,2,12
2,2015,32,1,1,22
2,2015,34,1,1,22
3,1990,55,1,1,10
3,1990,64,2,1,10
3,1990,55,2,1,10
0,1985,102,2,2,21
3,1981,131,3,3,13
5,1946,147,3,2,20
5,1992,83,3,2,20
0,1926,162,3,4,20
1,1999,85,2,3,21
6,1986,99,2,3,23
2,2023,32,1,1,1
6,1989,90,2,3,23
5,1946,124,3,3,20
5,1950,106,3,2,20
5,1955,101,3,3,20
2,2015,43,1,1,22
2,2015,39,1,1,22
6,1947,118,2,4,16
4,1981,183,4,5,22
2,2015,43,1,1,22
4,1981,157,3,5,22
2,2015,40,1,1,22
4,1981,145,3,4,22
4,1981,166,4,5,22
3,1940,122,2,2,18
4,1981,151,4,5,22
2,2015,35,1,1,22
7,1980,109,2,3,21
2,2015,29,1,1,22
7,1980,150,3,3,21
3,2001,83,2,2,21
2,2015,34,1,1,22
7,1980,137,3,3,21
5,1996,79,2,2,3
3,1984,158,3,3,21
0,2010,38,2,1,13
1,1916,244,5,5,12
2,2015,29,1,1,22
3,1990,92,2,2,22
3,1990,99,2,2,22
5,1980,88,2,3,10
3,1990,67,2,2,10
6,1983,109,2,3,23
0,1998,80,2,2,9
2,1965,158,3,4,3
2,1973,144,3,4,3
2,2021,21,2,1,3
4,1981,103,3,3,22
4,1981,112,3,4,22
0,1944,123,3,4,16
4,1981,130,3,4,22
5,1988,284,3,4,16
4,1981,154,3,4,22
3,1947,124,2,3,18
0,2004,80,2,2,23
0,2002,58,2,2,23
7,1960,173,3,4,22
3,1940,294,3,3,19
0,2004,54,1,2,16
6,1940,152,4,4,19
0,1997,84,2,4,23
1,1928,221,5,4,12
1,1938,191,5,4,12
3,1990,110,2,2,22
3,1990,89,2,2,22
3,1990,95,2,2,22
2,2015,27,1,1,22
6,1983,113,4,4,3
3,1990,108,2,2,22
6,1994,85,3,3,3
3,1991,93,2,2,3
1,2025,22,1,1,2
3,1996,80,2,2,3
4,1983,231,5,5,10
4,1983,144,5,4,10
4,1983,156,4,4,10
4,1952,126,4,3,21
4,1983,190,5,4,10
4,1983,160,5,4,10
4,1983,142,5,4,10
3,1944,180,5,4,13
4,1983,134,5,4,10
4,1983,184,5,4,10
0,1984,133,3,3,23
0,1966,107,3,3,20
1,2010,52,1,1,7
2,1997,61,2,2,3
3,2005,73,2,2,18
0,2000,66,2,2,23
0,2008,55,1,1,23
3,1983,63,2,2,18
6,1981,121,3,4,23
3,1990,52,1,1,18
5,1987,137,2,3,22
0,2004,91,2,2,21
5,1987,85,2,2,22
5,1987,106,2,2,22
3,1983,112,3,3,3
5,1987,129,2,2,22
5,1987,80,2,2,22
3,2019,25,1,1,3
6,1952,191,4,7,3
4,1983,137,5,4,10
4,1983,191,5,4,10
6,1985,84,2,2,21
4,1983,133,5,3,10
6,2000,84,3,2,21
3,2021,29,1,1,21
5,1995,36,2,3,19
0,2009,54,2,2,13
6,1936,146,3,2,20
6,1984,80,2,2,20
0,1994,92,2,3,23
7,1963,169,4,4,7
6,2004,87,3,3,20
0,1970,125,4,4,20
7,1940,175,3,2,19
0,1972,153,2,3,23
0,1960,109,3,3,2
1,1916,138,3,4,16
6,1955,100,2,4,16
0,1982,69,2,2,16
0,1921,155,2,4,16
6,1987,108,2,2,22
6,1987,137,2,2,22
6,1987,110,2,2,22
6,2002,66,2,2,3
6,1996,80,2,2,3
6,1986,100,2,2,22
5,1995,65,3,1,19
1,2021,24,1,1,15
7,1950,150,3,3,12
7,1950,157,3,4,12
0,1980,113,3,3,10
3,1950,198,3,3,12
7,1950,154,3,4,12
7,1940,188,3,3,12
7,1950,147,3,3,12
0,1980,124,3,3,10
4,2022,35,1,1,15
3,2004,41,2,2,12
0,1988,128,3,4,13
0,1997,106,2,3,13
4,1959,160,3,4,21
6,1956,113,3,2,20
4,2014,46,2,2,3
0,2001,79,2,3,12
6,1964,88,2,3,16
7,1960,138,2,2,14
1,1970,158,4,2,18
0,1999,79,2,2,23
4,2019,23,1,1,10
0,1996,80,2,3,3
6,1987,121,2,2,22
7,1988,86,2,2,21
7,2001,98,2,3,22
0,2006,50,2,2,23
4,2010,79,2,2,22
3,1960,173,4,4,9
0,1966,160,3,4,9
0,1997,81,3,3,21
3,1985,115,3,2,9
3,1992,93,2,2,9
6,1980,127,3,3,21
0,1978,132,2,2,21
5,1939,255,4,5,9
5,1947,225,4,3,9
5,1967,160,3,4,3
0,1970,155,3,4,9
2,2021,35,2,1,1
6,1997,62,1,1,1
2,2017,44,2,1,1
0,1976,88,2,2,10
0,1997,66,3,2,1
2,2017,63,2,2,1
7,1978,115,2,2,21
2,2010,47,2,1,1
2,2013,59,2,2,1
2,2017,36,2,1,1
2,2017,51,2,2,1
2,2022,32,2,1,1
2,2013,67,2,2,1
7,1974,137,2,3,21
2,2015,51,2,2,1
7,1970,127,3,4,1
2,2017,55,2,2,1
2,2013,77,2,2,1
0,2015,53,1,2,14
7,2002,53,2,1,13
2,2022,37,1,1,10
4,1980,119,2,4,10
7,1986,116,3,2,2
5,2010,38,3,1,21
4,1975,166,4,4,10
5,2000,66,3,2,21
1,1980,81,3,2,16
1,2025,23,1,1,2
3,1984,110,3,2,3
0,1971,101,3,3,22
5,1971,142,4,4,22
5,1981,94,3,3,22
1,1946,227,3,3,21
5,1978,123,3,3,21
2,2018,39,1,1,1
2,2013,62,2,2,1
2,2013,68,2,2,1
2,2011,57,2,2,1
6,1947,153,4,4,14
0,2008,51,2,1,13
7,2008,64,3,3,2
2,2022,36,1,1,1
2,2017,39,2,1,1
2,2013,52,2,2,1
2,2020,39,1,2,14
2,2020,46,1,2,14
6,1978,137,4,2,13
6,1978,104,3,2,13
6,2004,73,2,2,22
7,2005,72,2,2,1
2,2020,36,1,1,1
3,2000,73,3,3,5
2,2021,20,1,1,10
2,2014,66,1,2,1
7,1956,153,4,3,1
0,1913,166,3,3,16
4,1911,258,5,8,1
2,2011,55,2,2,1
2,2011,37,2,1,1
2,2014,59,2,2,1
2,2017,36,1,1,1
0,1993,71,2,2,1
7,1971,124,3,3,1
2,2021,21,1,1,1
0,1986,72,2,2,17
5,2007,47,2,1,21
5,2010,39,2,2,21
0,1986,85,2,3,21
5,2011,34,2,1,21
6,2001,54,2,3,14
2,2018,32,1,1,9
0,1988,118,4,2,13
2,2015,46,1,1,23
0,1994,75,2,2,16
0,1994,79,2,2,16
7,1971,119,3,4,16
7,1966,152,3,4,1
2,2024,24,1,1,1
3,1913,133,3,3,17
4,1924,235,4,5,9
0,2006,65,2,2,13
4,1945,182,4,4,9
4,1956,156,4,4,9
4,1927,232,3,4,9
0,2010,67,2,2,13
2,2020,52,1,1,21
0,1984,105,3,3,9
3,2022,26,1,1,3
2,2019,36,1,1,21
0,1984,128,3,3,21
2,2016,45,1,1,21
2,2014,78,1,1,21
1,1984,105,2,2,21
2,2022,28,1,1,21
6,1947,101,3,3,19
2,2008,101,1,1,23
2,2021,31,1,1,23
4,1948,241,4,5,22
2,2005,88,2,2,23
4,1984,119,3,4,20
7,1956,132,3,3,20
4,1998,70,3,2,1
4,2022,25,1,1,1
0,1959,188,3,3,9
1,1952,216,3,4,9
2,2019,66,2,2,16
6,2001,59,3,2,9
0,2008,57,2,2,9
0,2006,44,2,2,9
2,2020,28,1,1,18
3,1971,150,3,4,9
3,1971,147,4,3,19
0,1998,83,2,2,22
6,1961,136,4,2,1
6,2006,63,2,2,1
0,1986,92,3,3,1
0,2004,70,2,3,1
0,1984,97,3,3,1
0,1992,74,3,2,1
2,2023,22,1,1,1
3,1961,134,2,3,16
1,1978,150,2,3,23
5,1943,218,3,4,10
0,2003,80,2,3,21
0,2008,34,2,2,9
0,1991,88,2,3,9
0,2004,53,2,3,9
1,1968,130,2,2,18
1,1960,147,2,3,18
1,1947,95,2,2,18
0,2005,56,2,2,9
0,1995,90,2,2,22
0,2020,17,1,1,3
0,1988,85,3,2,1
6,1950,167,4,4,1
0,1997,69,2,2,1
6,1977,108,3,3,1
0,1985,92,3,3,1
6,1956,149,4,3,1
0,1976,104,4,3,1
0,2003,59,2,2,1
0,1971,122,4,3,1
6,1989,97,3,2,1
0,1985,79,2,2,1
6,1971,126,4,3,1
0,1941,197,5,5,1
0,1958,148,4,4,1
0,1969,126,4,3,1
0,1971,116,4,3,1
1,1923,238,4,6,13
0,1975,117,4,4,1
0,1948,172,4,3,1
2,2010,59,2,2,1
0,2003,85,2,3,21
2,2011,79,2,2,21
4,2000,79,2,3,12
5,1990,121,3,3,12
5,1975,60,2,2,22
2,1991,98,3,3,16
7,1978,135,3,4,23
0,1997,67,2,2,1
6,1940,167,3,3,19
2,2016,44,2,1,2
0,1969,123,3,3,9
0,1967,71,2,1,19
6,1965,135,4,4,9
4,1924,227,3,3,9
0,1965,150,3,4,12
6,1987,56,2,2,2
1,1971,81,2,2,16
1,1971,92,2,2,16
2,2015,75,1,2,17
7,1957,153,5,5,21
2,2015,45,1,1,22
2,2023,22,1,1,1
0,2001,53,3,2,1
0,1977,106,4,3,1
2,2017,60,1,1,1
0,1960,141,3,4,1
6,1999,64,2,2,1
2,2017,51,1,1,1
5,1975,91,3,3,22
0,1982,91,3,3,1
0,1991,69,2,2,1
2,2019,55,1,1,1
6,2002,51,2,2,1
6,2001,57,2,2,1
4,1994,73,3,2,1
0,2016,51,1,1,23
0,1993,73,2,2,1
6,1971,123,3,4,1
0,1980,96,3,3,1
7,1977,147,4,4,23
4,1964,164,4,5,1
2,2013,70,2,2,1
0,2006,53,2,2,1
2,2014,44,1,1,1
2,2017,55,2,2,1
3,2005,59,1,1,21
0,1987,95,3,3,1
2,2012,84,2,2,1
4,1968,172,4,5,23
0,1985,94,3,3,1
4,1963,194,4,6,23
0,1968,158,3,5,9
4,1954,221,4,6,23
4,1963,189,4,6,23
4,1968,169,4,5,23
4,1969,177,4,6,23
4,1989,110,3,4,23
4,1982,133,4,5,23
4,1972,159,4,5,23
0,1977,105,3,3,1
0,1921,164,3,4,16
6,1927,145,2,3,16
1,1950,167,3,3,19
0,1983,57,2,2,16
2,2013,68,1,2,16
5,1992,73,2,2,17
2,2015,61,1,1,16
0,1940,129,3,3,19
4,1971,157,3,4,9
2,2015,37,1,1,16
2,2015,34,1,1,16
2,2015,43,1,1,22
2,2017,32,2,2,22
5,1996,104,3,5,15
0,1988,80,3,2,1
6,1989,72,2,2,1
4,1980,120,3,3,10
2,2014,67,1,2,1
4,1980,188,3,6,10
0,1978,108,4,3,1
1,1948,168,3,3,1
2,2014,60,1,2,1
2,2017,33,1,1,1
2,2017,33,1,1,1
6,2001,60,2,2,1
6,1987,116,3,2,20
6,1984,93,3,3,1
6,1999,66,3,2,1
0,1981,90,3,3,1
6,1977,107,4,2,1
0,1967,135,4,4,1
4,1970,171,4,6,23
4,1981,159,4,4,23
7,1978,122,3,4,22
7,1978,128,3,4,22
7,1958,182,4,4,22
0,2008,53,2,2,9
0,1909,182,3,4,16
6,1969,70,2,2,16
5,2000,81,2,2,10
5,2006,42,1,1,10
0,1992,100,2,3,12
6,1992,75,2,2,22
1,2005,72,2,2,21
0,1994,49,2,1,17
0,1940,134,2,2,19
1,1986,116,2,3,23
0,1945,187,3,4,22
0,2005,59,2,1,3
0,1960,137,4,3,1
1,1930,248,4,4,23
0,1975,106,3,3,1
2,2017,33,1,1,1
0,1991,94,4,3,1
0,1961,152,4,4,1
0,2004,75,2,2,1
5,2004,66,2,2,21
4,1929,236,4,6,1
6,2001,39,2,2,1
4,1925,222,4,4,1
4,1951,164,2,2,16
2,2008,46,1,1,22
1,1970,121,3,2,12
0,1976,70,2,2,10
3,1958,141,2,3,16
7,1960,173,3,3,2
0,2005,78,2,2,12
0,1980,118,3,3,22
0,1947,109,2,2,19
0,1957,80,3,3,19
0,1940,149,3,3,19
3,1933,128,3,3,16
0,1947,121,3,2,19
6,1902,213,4,5,19
2,2016,48,1,1,22
3,1978,131,3,3,9
1,1987,102,2,2,23
3,1998,75,2,2,3
2,2008,55,2,2,22
1,1956,149,3,3,1
0,1980,108,4,3,1
0,2006,59,2,2,1
2,2012,69,2,2,1
2,2017,36,1,1,1
0,1982,91,3,3,1
2,2014,29,1,1,1
4,1938,201,5,5,1
5,1997,79,1,2,10
2,2012,64,2,2,1
2,2014,53,1,1,1
0,1990,77,3,2,1
2,2017,68,1,1,1
0,1994,62,3,2,16
0,1998,104,2,2,16
0,1990,86,2,2,16
0,1989,93,2,3,19
1,1995,98,3,3,12
0,1962,127,3,3,14
1,1997,108,3,3,12
1,1965,163,3,3,17
5,2000,120,2,2,11
0,1980,145,3,3,10
5,2007,52,2,2,18
0,1957,152,3,5,3
2,1961,190,4,5,3
3,1965,137,3,2,14
5,2009,32,1,1,21
3,1963,168,3,4,22
3,1963,191,3,4,22
3,1973,166,3,4,22
3,2004,70,2,2,22
3,1957,98,3,2,19
3,1973,157,3,4,22
3,1973,146,3,4,22
5,2003,51,2,2,23
3,1973,163,3,4,22
3,1963,172,3,4,22
7,1938,212,4,4,1
7,1957,159,3,4,1
2,2012,38,1,1,1
7,1962,148,3,4,1
7,1961,150,3,4,1
0,1995,64,2,2,16
0,1990,101,2,3,12
0,1998,54,2,2,16
7,1992,75,2,2,3
1,1985,141,3,4,21
7,1997,86,3,2,3
5,1989,102,2,3,9
5,1990,98,2,3,21
3,2008,42,2,2,3
2,1948,223,2,3,17
3,1973,157,3,4,22
3,1963,188,3,4,22
3,1990,97,2,2,22
7,1973,180,3,4,22
3,1973,271,3,4,22
3,2007,71,2,2,23
3,1965,129,3,2,14
3,1965,180,3,3,14
3,2003,83,2,2,23
7,1940,136,3,3,19
3,1963,210,3,4,22
7,1968,126,3,3,1
7,1949,174,3,4,1
7,1949,169,3,4,1
2,2021,37,1,1,1
2,2023,22,1,1,1
2,2012,58,1,1,1
2,2017,31,1,1,1
2,2012,45,1,1,1
3,1982,105,3,3,1
2,2020,24,1,1,1
7,1950,170,4,4,1
5,1975,62,2,1,22
0,1936,168,4,4,20
0,1977,113,2,3,19
6,1935,158,4,4,20
3,2008,39,2,2,3
4,1980,210,4,5,10
5,1996,93,2,2,21
3,1962,145,4,3,3
5,2009,67,2,2,18
0,1959,156,4,5,12
3,1973,165,3,4,22
1,2011,42,1,1,22
1,1989,93,2,2,23
0,2017,36,1,1,18
1,2011,41,1,1,22
1,2011,47,1,1,22
1,2011,38,1,1,22
1,2011,35,1,1,22
3,1975,115,2,2,22
3,1996,73,3,2,1
7,1940,197,3,4,1
2,2014,58,2,1,1
3,1997,77,2,2,23
0,1978,84,2,3,2
4,1970,162,3,4,22
0,1919,230,3,6,16
5,2002,65,2,3,2
0,1935,175,4,4,20
0,1935,140,3,3,20
6,1975,136,3,3,10
6,1975,86,3,3,10
0,1956,187,4,5,19
6,1975,116,3,3,10
3,2003,60,2,2,16
0,1946,105,3,2,20
1,1980,141,2,3,21
0,2000,79,2,3,22
0,1991,102,3,3,22
7,1950,180,3,3,12
7,1950,194,3,3,12
3,1965,112,2,2,12
6,1985,115,3,3,22
7,1982,112,2,3,3
7,2004,43,2,1,12
1,2019,39,1,1,22
1,2011,40,1,1,22
1,2011,42,1,1,22
0,1964,134,3,4,15
5,1996,91,2,2,23
3,1928,218,3,4,15
3,1960,206,3,4,18
0,1940,205,2,3,19
1,1945,149,4,2,2
4,1982,118,4,3,1
0,1971,126,3,4,1
2,2022,22,1,1,1
0,1986,103,3,3,1
0,1971,119,3,3,1
0,1953,164,4,4,1
0,1996,71,3,2,1
0,1989,92,3,2,1
0,1957,175,3,3,1
0,1965,147,3,3,1
0,1972,130,3,3,1
0,1996,70,2,2,1
3,1989,88,3,2,1
0,1987,90,3,2,1
6,1990,80,3,3,1
2,2021,28,1,1,1
0,1979,106,3,3,1
6,1975,197,3,3,10
0,1935,205,5,4,20
6,1953,130,4,3,20
3,1995,69,2,2,11
3,1988,136,3,3,13
0,1936,150,3,3,20
7,1950,196,3,3,12
6,1994,91,2,3,22
7,1950,159,3,3,12
3,2022,25,1,1,3
7,1970,92,2,2,12
7,1986,92,2,2,3
5,2001,68,2,2,22
6,1993,68,2,2,3
0,1971,138,2,4,3
0,1985,101,2,4,3
0,1928,252,4,5,3
2,2015,36,1,1,16
0,1940,131,2,1,19
1,1957,236,3,4,18
3,1981,118,3,3,21
4,1995,87,2,2,1
1,1940,126,2,3,19
1,1950,123,3,2,2
5,2000,79,2,2,23
1,1990,63,2,2,2
7,1978,142,3,4,23
5,1997,57,2,1,18
7,1940,155,3,2,19
6,1983,101,3,3,1
4,1972,142,3,4,1
0,1974,115,3,2,1
0,1989,119,2,3,5
0,1976,135,3,3,10
0,1985,94,3,2,1
0,1977,110,3,3,1
0,1995,68,2,2,1
2,2019,26,2,1,1
3,1940,152,3,4,19
0,1977,107,3,3,1
3,1947,99,3,3,19
0,2006,78,3,2,1
0,1977,118,3,3,1
6,1975,83,3,3,10
6,1975,140,3,3,10
5,1916,271,4,7,11
2,1998,112,2,2,13
0,1995,89,3,3,20
1,1965,143,3,3,10
7,1980,106,3,2,16
2,2018,32,2,1,10
5,1967,172,3,4,13
0,1977,134,3,3,13
0,1935,143,4,3,20
1,1952,175,4,5,13
0,1973,150,4,4,13
1,1982,116,2,3,22
7,2005,56,2,2,12
5,1987,107,2,2,21
5,1985,92,3,3,21
7,1987,129,4,3,2
5,1987,144,3,2,18
1,1990,89,2,2,2
1,1991,98,2,2,9
3,1957,185,3,4,9
0,2001,73,2,2,9
7,1986,131,2,3,23
3,1969,149,3,4,9
7,1977,133,4,4,23
0,1997,77,2,2,22
3,1989,109,3,3,23
7,1998,74,2,2,23
5,1989,106,3,3,9
1,1935,277,4,6,9
7,1970,143,3,3,1
3,1940,156,3,4,19
3,1940,153,2,2,19
4,1954,178,3,6,1
6,1975,170,3,3,10
0,1976,74,2,2,10
2,2013,78,2,2,1
2,2018,54,2,1,1
2,2021,24,1,1,10
2,2021,28,1,1,1
2,2010,58,2,2,1
2,2018,39,2,1,1
2,2017,43,2,2,1
6,1941,190,3,4,16
2,2015,56,2,2,1
2,2015,61,2,2,1
0,1976,101,2,2,10
0,1976,77,2,1,10
4,1977,150,3,3,13
2,2018,27,2,1,10
7,2002,67,2,1,13
5,1992,92,3,2,3
5,1995,85,2,3,3
1,1950,220,4,3,9
0,1985,105,3,3,19
0,2011,48,2,2,9
0,2003,75,2,2,9
0,2006,65,2,2,9
0,2006,63,2,2,9
0,2004,70,2,2,9
1,1993,61,3,2,2
1,1955,123,3,3,2
5,1971,162,2,3,21
1,1990,88,3,2,2
3,1940,167,3,3,19
7,1910,267,4,4,22
0,2007,88,2,2,11
6,1998,65,2,2,13
3,1983,132,3,4,12
3,1977,126,2,3,13
3,1972,163,4,4,12
7,1967,176,4,4,12
7,1992,102,2,3,13
7,1979,146,3,3,12
3,1988,113,2,4,13
3,1992,119,3,3,13
3,1977,158,3,5,13
0,1984,98,2,2,23
0,1980,83,2,2,11
5,1984,113,2,2,23
2,1989,125,2,3,8
6,1984,100,2,2,23
0,1947,188,3,3,13
2,2004,78,2,2,22
2,2010,79,3,2,1
6,1957,180,3,3,13
0,1968,127,3,3,1
7,1954,166,3,4,1
2,2001,87,2,2,22
0,1983,274,4,4,12
0,1970,232,4,4,12
1,1999,88,2,2,21
0,1953,160,4,6,3
1,1988,104,2,2,21
6,2020,30,1,1,19
2,2020,42,2,1,21
2,2011,111,2,2,21
2,2018,51,2,2,13
0,2000,61,2,2,22
0,2000,93,2,2,22
0,2000,65,2,2,22
0,2000,59,2,2,22
0,2000,81,2,2,22
0,2000,35,2,1,22
0,1997,66,2,2,22
0,1997,77,2,2,22
0,1997,102,2,2,22
0,1997,74,2,2,22
0,1997,65,2,2,22
1,2016,38,2,1,2
0,1997,90,2,2,22
2,2011,32,1,1,13
2,1988,129,2,2,13
6,1996,83,3,2,9
3,1975,137,4,3,9
2,2008,65,1,2,13
0,2004,38,2,1,1
0,1996,65,2,2,1
0,1996,69,3,2,1
0,1996,105,3,2,2
2,2014,82,3,2,1
0,1989,89,3,2,12
4,2021,27,1,1,9
2,2018,39,2,1,1
1,1979,109,3,3,13
1,1994,65,2,2,13
0,1980,141,3,2,12
2,2022,26,1,1,1
1,1979,116,3,3,13
2,2011,38,2,1,1
2,2019,36,2,1,1
6,1947,111,2,3,19
1,1989,81,2,2,13
0,1977,142,4,4,13
0,1988,128,4,4,13
3,1987,83,2,3,3
0,1988,115,4,3,13
2,2016,50,1,1,13
2,2023,30,1,1,22
2,2021,34,1,1,22
1,2000,65,2,2,2
3,1972,145,4,3,23
7,1997,81,2,2,22
3,1969,156,4,4,23
0,1976,80,2,2,15
1,1975,94,2,2,22
1,1960,102,2,2,22
1,1975,91,2,2,22
3,1969,166,3,3,23
0,1937,230,4,5,9
0,1971,146,2,4,9
7,1956,187,4,5,9
7,1987,104,3,3,9
7,1995,86,3,2,9
3,1972,148,4,3,9
7,1954,193,4,4,9
7,1965,138,2,2,22
0,1997,142,3,4,9
5,1997,91,2,2,9
1,1979,111,2,2,13
1,1989,83,2,3,13
0,1993,103,2,2,11
2,2019,44,2,1,1
2,2014,52,2,2,1
0,1974,125,3,3,12
2,2021,39,2,1,1
1,1949,175,3,4,13
1,1994,71,1,2,13
1,1939,223,4,5,13
2,2021,35,1,1,1
1,1994,78,1,1,13
2,2014,39,2,1,1
1,1939,218,3,4,13
1,1939,204,3,4,13
2,2024,23,1,1,1
0,1983,88,3,2,1
2,2016,54,1,2,13
3,1970,134,2,2,10
2,2021,34,1,1,13
1,1950,137,2,3,22
3,1974,137,3,3,23
0,1993,96,2,2,22
0,1996,72,2,2,22
3,1975,142,3,3,23
3,1999,71,2,2,14
0,1983,118,3,3,9
0,1980,124,3,3,9
0,1981,123,4,3,9
0,1981,125,3,3,9
0,1975,141,3,3,9
0,2010,53,2,2,9
0,1973,145,4,3,9
6,1974,138,2,3,9
6,1977,132,2,2,9
0,1998,78,2,2,9
0,2020,30,1,1,9
0,1969,151,4,4,9
0,1994,89,3,2,9
0,1982,120,3,3,9
2,2011,63,2,2,1
0,1979,104,3,3,1
7,1989,104,2,2,2
2,2023,23,1,1,10
6,1992,39,2,1,15
3,1993,78,2,2,18
3,1990,80,3,2,18
3,1915,148,3,3,17
3,1922,120,3,2,17
0,1986,50,2,2,22
5,1987,91,2,2,14
5,1982,121,2,3,14
3,1987,102,2,3,4
5,1982,122,3,3,14
0,1994,65,2,2,14
0,2007,55,2,2,9
7,1972,176,3,5,13
6,1989,85,2,2,21
7,1977,150,1,3,13
3,1967,154,3,4,13
7,1947,223,4,4,13
7,1977,160,3,4,12
3,2002,111,2,2,13
7,1977,163,4,3,12
7,1979,140,3,3,12
7,1977,164,3,4,13
3,1977,166,4,5,12
3,1967,183,4,4,13
7,1952,208,4,5,13
7,1974,160,4,3,12
7,1969,127,2,2,15
7,1989,95,2,3,5
7,1965,138,3,3,15
4,2020,39,1,1,14
7,1957,147,3,3,15
1,1989,140,3,3,2
2,2024,20,1,1,12
1,1905,274,4,5,12
6,1987,109,2,2,14
2,2020,42,1,1,12
1,1934,202,4,6,12
0,1965,194,4,4,10
2,2008,35,1,1,13
2,2006,45,2,2,13
0,1947,108,3,3,18
3,1940,132,3,3,18
0,1970,151,4,4,10
3,1977,172,3,4,13
0,1990,110,2,2,12
3,1964,179,3,5,12
0,1980,132,3,3,21
3,1975,137,3,3,12
3,1977,141,2,4,13
0,1986,12,2,3,21
7,1957,198,4,5,13
7,1987,98,3,2,12
3,1965,185,4,5,12
7,1952,180,4,5,13
7,1962,137,3,2,15
7,1965,140,4,3,12
1,1994,78,2,2,2
7,1965,125,4,3,12
3,1965,106,3,2,12
7,1965,152,4,4,12
7,1997,83,2,2,15
1,1990,110,3,3,2
7,1952,150,3,3,15
7,1965,191,4,3,12
7,1952,159,3,3,15
7,1965,85,3,2,12
1,1989,74,1,2,2
6,1981,125,3,4,14
0,1959,165,4,4,14
6,1977,124,3,4,6
3,2000,96,2,2,12
0,1974,156,3,4,10
7,1983,119,3,3,21
7,1973,155,3,3,21
1,1988,100,2,3,23
3,1940,133,2,2,19
7,1973,167,4,2,13
0,1988,147,3,2,13
6,2020,29,1,1,12
7,1977,159,2,5,13
3,2002,104,2,2,13
7,1968,142,3,4,21
7,1968,165,3,3,21
7,1983,136,3,4,12
7,1978,113,3,3,12
7,1980,128,3,4,12
3,1972,172,3,3,12
6,1961,190,3,4,22
7,1974,154,4,3,12
7,1965,104,3,3,12
7,1954,163,3,3,15
7,1965,112,3,2,12
0,1993,79,1,2,15
0,1987,87,1,2,15
7,1965,109,3,2,12
0,1977,123,2,2,15
4,2019,50,1,2,12
1,1988,98,2,2,23
7,1983,122,3,4,21
3,1973,154,3,4,21
2,2017,32,1,1,5
2,2018,38,1,1,5
3,1998,81,2,2,12
5,1951,256,3,6,12
5,1952,232,2,5,12
2,2018,30,1,1,5
2,2018,30,1,1,5
0,1980,108,4,3,10
5,2014,35,2,1,12
0,2005,61,3,2,1
0,1990,65,3,2,10
0,2008,58,2,2,12
6,1984,95,3,2,1
1,1953,123,2,2,22
1,1957,90,2,2,22
1,1917,159,2,2,22
0,1989,111,2,3,22
0,2000,81,2,2,22
3,1985,115,3,3,12
3,2015,50,1,1,12
6,1973,123,3,3,5
5,2009,41,2,1,12
0,2011,48,2,2,22
0,2003,73,2,2,22
0,2008,70,2,2,22
0,2008,51,2,2,22
0,1980,109,4,3,10
0,1947,107,3,3,19
6,1947,100,3,2,19
0,1989,105,3,2,18
1,1982,94,2,3,12
3,1980,136,3,4,12
3,1990,107,2,2,12
6,1972,152,2,3,22
3,1992,102,2,2,12
3,1988,115,2,2,12
6,2020,27,1,1,22
0,2006,65,2,2,22
6,1958,150,3,4,8
3,1965,165,3,4,12
7,1976,148,3,3,2
0,1948,263,4,5,12
6,1978,260,3,4,12
6,1978,287,3,5,12
6,1978,289,3,4,12
1,2021,26,1,1,2
7,1965,116,4,3,12
7,1965,143,4,3,12
3,1914,136,3,3,15
2,2011,54,2,1,23
6,1976,136,4,3,18
5,1943,233,4,4,18
1,1999,80,2,2,13
0,2003,72,2,1,21
0,2022,23,1,1,12
6,1973,137,2,2,21
7,1944,225,3,4,21
0,1965,158,2,3,22
3,1988,115,3,2,12
3,1994,93,2,2,12
0,1970,136,2,2,22
3,1988,103,2,2,12
3,1996,123,2,2,12
3,1960,173,4,5,22
3,1980,139,3,3,12
7,1980,143,3,3,12
0,1996,90,3,3,15
7,1985,132,3,3,12
5,2013,63,2,2,2
4,1969,157,3,4,4
5,2011,54,2,2,2
1,1991,103,3,3,2
7,1965,118,3,3,12
3,1965,91,3,2,12
0,1965,120,3,3,12
7,1965,130,4,3,12
7,1965,129,4,3,12
7,1965,124,4,4,12
3,1925,134,2,3,16
1,1907,149,3,3,2
6,1985,115,3,2,10
4,1974,99,3,2,10
0,1992,68,2,3,13
7,1988,103,3,4,13
5,1963,193,3,4,12
5,1969,170,4,4,12
6,1997,90,2,2,21
0,1988,139,4,2,13
7,2005,37,2,2,1
6,1978,167,4,3,13
3,1990,67,2,2,21
2,2023,23,1,1,13
4,1984,165,4,4,20
2,2010,89,2,2,1
1,1984,101,2,2,13
7,1990,104,3,2,12
3,1985,118,3,3,12
3,1988,115,3,3,12
3,1990,110,2,3,12
0,1985,55,2,2,22
3,1990,99,2,2,12
6,1917,159,3,2,22
3,1988,118,2,3,12
7,1982,128,3,3,12
6,1916,224,4,5,22
3,1943,96,2,2,16
6,1971,82,2,2,15
0,1976,77,3,2,15
0,1999,61,2,2,15
5,1995,111,2,2,10
0,2016,56,2,1,15
0,1966,94,3,3,15
0,1981,78,3,2,15
6,1957,96,3,2,18
0,1976,110,2,2,15
1,2001,89,3,2,2
3,1960,79,2,2,16
6,1946,142,3,3,15
0,1976,118,3,4,10
0,1960,195,3,5,10
3,1976,126,3,3,10
7,1956,205,4,4,10
1,1950,200,3,4,3
7,1956,176,4,4,10
7,1961,192,4,5,12
2,1973,161,3,2,13
2,2016,44,1,1,21
2,2016,45,1,1,21
2,1973,162,3,3,13
0,1974,111,3,3,7
2,2016,38,1,1,21
6,1996,70,3,2,1
2,2012,43,2,2,13
2,2008,45,1,1,13
2,2025,18,1,1,13
2,2012,49,2,2,13
2,2008,31,2,1,13
7,1993,107,2,2,12
3,1988,114,2,2,12
7,1982,144,2,3,12
3,1988,121,3,3,12
2,2018,55,2,2,12
6,1960,171,3,5,22
5,1980,147,3,4,21
7,2000,91,2,2,12
2,2018,28,1,1,12
6,1950,192,3,4,22
2,2023,22,1,1,12
5,1990,128,3,3,12
0,1999,65,2,2,15
6,1957,73,2,2,18
6,1966,101,2,2,15
0,1941,148,3,3,15
3,1972,114,3,2,16
0,1981,100,3,2,15
0,1981,94,2,2,15
3,1972,116,3,2,16
0,1967,165,3,2,17
0,1981,110,3,2,15
1,1992,131,3,3,2
0,1986,84,2,2,15
6,1975,137,2,3,12
1,2010,83,2,2,2
2,1978,130,3,3,3
2,1954,190,3,3,3
0,1981,93,3,3,13
7,1961,193,3,3,12
4,1989,110,2,2,23
7,1970,150,4,5,12
4,1989,99,2,2,23
7,1965,173,4,5,12
7,2010,76,1,1,14
7,1963,181,4,4,12
7,1961,175,3,4,3
0,1955,206,3,5,12
1,1974,141,3,4,13
6,1964,140,4,4,12
2,2022,35,2,1,13
0,2008,51,1,1,13
0,2008,63,1,1,13
1,1989,122,3,3,13
0,1996,49,2,2,13
1,1999,62,2,2,13
0,2008,49,1,1,13
2,2016,72,2,2,21
1,1979,134,3,3,13
0,2008,51,1,1,13
1,1979,118,3,3,13
0,2008,57,1,1,13
1,1959,159,3,3,13
1,1939,178,3,5,13
2,2016,65,2,2,21
6,1960,175,3,4,22
0,1940,201,3,5,22
5,1998,74,1,1,21
6,1999,72,2,2,21
0,1990,72,3,2,22
6,1980,120,2,3,21
0,1998,75,2,2,22
0,1983,125,3,2,12
0,1980,130,2,2,18
0,1981,76,2,2,15
0,1981,92,3,2,15
0,1986,90,3,2,15
7,1918,167,3,3,17
6,1940,159,2,4,18
1,1965,91,3,2,2
0,1940,163,3,3,18
0,1929,159,3,4,17
0,1990,99,2,2,11
0,1976,87,2,2,15
0,2016,62,2,1,15
0,1971,93,3,3,15
6,1920,177,4,4,18
6,1966,91,2,2,15
0,1964,131,3,3,13
7,1961,184,4,5,12
3,1969,172,3,4,12
7,1961,182,4,4,12
3,1966,137,5,4,12
0,2000,94,1,1,12
0,2020,50,2,1,12
0,2020,36,1,1,12
1,1986,149,3,3,12
0,1999,93,2,3,12
0,2003,52,1,1,21
6,1965,187,3,4,12
0,1995,93,2,2,12
0,1989,130,2,4,12
0,1987,154,2,4,12
7,1946,245,4,4,12
0,1960,114,2,3,21
1,1979,120,3,4,13
1,1984,96,2,2,13
1,1979,104,2,3,13
1,1949,173,3,4,13
0,2008,43,1,1,13
6,1978,143,4,2,13
1,1994,60,2,2,13
6,1988,98,3,2,13
1,1979,128,3,3,13
2,2016,75,2,2,21
1,1940,137,3,3,19
0,1992,77,3,2,1
3,1954,184,3,4,21
3,1942,215,3,3,21
3,1960,170,3,3,21
3,1968,151,3,3,21
3,1952,190,2,3,21
3,1950,196,3,4,21
3,2006,54,2,2,21
3,1995,83,2,2,21
5,1984,110,2,2,21
7,1970,163,2,2,10
6,1968,148,3,4,22
6,1990,94,3,3,21
5,1998,70,2,3,22
6,1996,81,2,2,21
1,1907,155,3,3,2
6,1990,95,3,2,21
5,1968,145,3,5,22
6,1983,112,3,3,21
0,1976,92,2,2,15
0,1941,141,3,2,15
0,1961,116,3,4,15
0,1936,172,3,3,15
0,1940,112,1,2,18
0,2003,67,2,2,17
0,1996,90,2,2,15
5,1982,94,3,3,17
6,1957,92,2,2,18
1,1950,126,3,3,2
0,1981,90,2,2,15
3,1950,162,3,4,13
1,1998,87,3,3,2
1,1990,99,3,2,13
7,1966,172,3,5,12
7,1975,109,2,2,12
7,1966,181,3,3,12
7,1962,194,4,3,12
7,1966,183,5,4,12
7,1966,188,5,4,12
3,1967,181,3,4,12
7,1960,214,4,5,12
7,1974,148,3,4,12
5,1911,259,4,7,13
3,1971,143,3,2,21
3,1968,150,3,3,21
2,2016,75,2,2,21
1,1950,194,3,3,21
3,1947,105,2,3,19
4,1997,128,2,3,11
5,2000,110,2,2,11
7,1973,144,2,3,21
7,1957,194,4,4,12
7,1988,113,3,3,2
6,1972,140,2,4,21
3,1997,74,3,3,21
1,1931,270,4,5,12
5,1950,197,3,6,22
3,1961,167,3,3,21
2,2007,142,2,4,12
6,1975,113,2,2,22
6,1976,77,2,2,15
0,1969,136,3,3,10
0,1947,111,3,2,18
6,1956,184,3,6,1
1,1994,69,2,2,2
7,1966,161,3,5,1
0,2000,70,2,2,22
3,1958,180,3,4,1
0,2000,68,2,2,22
7,1960,212,4,3,12
3,1974,150,4,4,12
3,1974,185,4,4,12
0,1927,135,3,3,15
3,1986,116,2,4,12
7,1989,95,3,3,12
3,1996,99,2,3,12
3,1992,99,2,2,12
3,1976,154,4,5,12
3,1985,116,3,3,12
3,1974,146,3,4,12
0,1958,153,3,3,1
0,1998,61,3,2,1
0,1977,107,3,3,1
0,1989,91,3,2,1
0,1980,98,2,2,11
0,1979,101,2,3,1
0,1996,80,3,2,1
2,2011,49,2,2,1
0,1990,102,3,3,1
5,1988,104,2,3,23
0,2004,72,3,2,1
0,1977,106,2,2,1
0,1985,91,3,3,1
0,1996,61,3,2,1
3,1935,236,5,5,2
1,1940,143,2,3,19
6,1989,75,3,2,1
0,1982,100,3,3,1
6,1998,78,3,3,23
0,1984,118,2,2,23
0,1984,107,2,2,23
0,1984,132,2,2,23
1,1956,180,2,2,21
2,2009,86,2,2,12
7,1970,153,3,3,10
1,1978,122,2,2,21
1,1954,221,2,3,21
7,1988,97,2,2,21
7,1981,111,2,2,21
3,1996,109,2,2,23
1,1950,220,3,4,23
1,1955,192,3,4,23
1,1989,108,2,2,23
1,1975,153,2,3,23
1,1985,122,3,2,2
1,1971,163,2,3,23
1,1979,126,2,3,23
5,1965,193,3,3,14
7,1978,145,3,4,22
5,1936,194,3,3,20
5,1969,162,3,5,23
0,1999,53,2,2,21
2,2018,55,1,1,13
5,1966,172,3,3,23
5,1970,162,3,5,23
2,2017,22,1,1,13
4,1969,147,2,2,19
5,2017,32,1,1,13
3,1971,146,3,5,23
7,1944,235,4,4,23
5,2007,80,2,2,23
1,2023,25,1,1,2
1,2000,136,3,3,2
1,1962,166,3,3,2
5,1980,114,2,3,10
1,1957,105,2,3,2
1,1907,149,3,3,2
1,1991,128,3,3,2
1,1940,179,3,3,2
7,1958,188,4,4,23
3,1990,110,3,3,23
5,1960,215,3,3,14
7,1972,147,3,3,23
7,1933,275,4,5,23
0,1982,79,2,2,13
0,1997,70,2,2,13
1,1975,140,2,3,23
4,2000,116,2,3,11
4,2000,98,2,2,11
1,1975,128,2,3,23
1,1981,119,2,3,23
4,1930,262,4,4,11
4,1940,255,4,5,11
4,1985,96,3,2,11
4,1960,145,4,3,11
4,1930,224,4,4,11
1,1960,97,3,2,2
1,1975,72,3,2,2
1,1945,164,4,4,2
1,1945,119,4,3,2
0,1977,121,2,3,13
7,1958,188,3,3,23
0,1967,129,3,4,13
4,1982,146,4,3,21
4,1982,163,3,3,21
3,2000,111,2,2,23
0,1997,77,2,2,13
4,1982,154,4,3,21
3,2000,90,2,2,23
2,2010,43,1,1,22
4,1950,172,4,4,11
4,1960,138,4,4,11
1,1964,172,3,4,23
1,1994,104,2,2,23
4,1930,217,4,4,11
7,1994,69,2,2,21
4,1930,263,4,4,11
0,2004,67,2,3,11
1,1979,139,2,2,23
1,1981,112,2,3,23
0,2005,44,2,2,11
0,2005,65,2,2,11
0,2005,46,2,2,11
7,1981,126,3,2,21
1,1955,130,3,3,2
1,1945,128,3,3,2
7,1982,116,3,3,22
1,1920,162,3,3,2
1,2025,25,1,1,10
0,1972,99,3,3,13
6,1977,136,3,4,13
0,1998,55,2,2,13
0,1967,163,3,4,13
0,1992,74,2,2,13
0,1977,97,3,3,13
6,1982,76,2,2,13
0,2014,31,1,1,11
1,1960,174,3,3,23
1,1970,149,3,3,23
7,1972,177,3,3,11
5,1985,84,3,3,23
1,1920,174,4,4,2
1,1950,107,3,3,2
6,1995,72,2,2,23
4,2019,38,2,2,22
1,1986,37,2,1,2
1,1960,118,3,2,2
5,1980,112,3,2,19
1,1950,138,3,3,2
2,2010,43,1,1,22
4,1984,121,3,3,21
6,1992,64,2,2,13
0,1982,128,3,5,23
4,1984,120,3,3,21
0,1997,52,1,1,13
0,1993,112,3,4,23
0,1962,142,4,4,13
4,1984,115,3,3,21
5,1975,140,3,3,11
6,1990,71,2,2,11
5,1965,152,3,4,11
5,1965,163,3,4,11
5,2001,71,2,1,11
0,1990,67,3,2,11
5,2006,50,2,1,11
0,1975,94,3,3,11
0,1985,86,3,2,11
5,1965,192,4,3,11
6,1985,147,3,4,2
1,1916,169,4,3,2
1,1935,169,4,3,2
1,2015,45,2,1,2
1,1989,85,3,2,2
5,2004,27,2,1,19
5,2016,53,2,1,19
6,2005,36,1,1,22
1,1946,230,4,5,23
1,1946,220,4,6,23
1,1993,62,3,2,2
1,1927,185,5,4,2
5,1980,79,2,2,19
1,1927,159,4,3,2
4,1984,144,3,4,21
0,1987,100,3,3,13
0,1932,237,4,6,13
0,1997,65,2,2,13
0,1982,103,3,3,13
0,1977,103,4,4,13
4,1992,97,2,3,21
0,1957,181,4,4,13
7,1996,97,3,3,23
0,1977,114,2,3,13
4,1992,69,2,3,21
5,1965,173,4,3,11
5,2010,40,1,1,11
0,1998,73,2,1,11
5,2007,36,2,1,11
7,1974,149,3,3,21
7,1980,121,2,3,22
4,1985,98,3,3,11
6,1975,85,2,2,11
0,1998,51,2,1,11
1,1997,98,3,3,2
1,1989,133,3,3,2
1,1950,151,3,4,2
1,1946,222,3,4,23
1,1989,92,3,3,2
1,2007,72,3,2,2
1,2001,108,3,3,2
0,1997,92,3,3,23
1,2023,25,1,1,2
1,1993,106,3,3,2
1,1950,131,3,3,2
1,1927,168,4,3,2
5,1990,103,2,2,19
1,1946,221,4,5,23
1,1986,95,3,2,23
1,1950,145,3,2,2
1,1989,92,3,3,2
7,1990,117,3,2,23
1,1940,187,3,3,2
0,1977,91,2,3,13
4,1992,65,2,2,21
0,1997,66,2,2,13
4,1992,85,2,2,21
4,1979,74,2,2,21
1,1945,139,4,3,2
4,1959,171,3,3,13
1,1925,138,3,2,2
0,1975,106,3,2,11
6,1985,60,2,1,11
5,2008,51,1,1,21
5,2008,63,2,2,11
6,1985,75,2,2,11
6,1985,49,2,1,11
5,1965,218,4,3,11
6,1990,62,2,1,11
1,1951,205,3,3,23
0,2001,47,2,2,23
1,1942,244,4,6,23
1,1965,112,3,2,2
1,1947,173,4,3,2
1,2020,38,1,1,2
1,1925,157,4,3,2
1,2024,25,1,1,2
5,1940,192,4,2,19
5,1990,84,2,2,19
0,1987,84,2,2,13
0,1932,223,4,4,13
4,1961,124,3,3,21
0,1987,86,2,2,13
1,1950,114,3,3,2
0,1992,55,2,2,13
4,1961,132,4,4,21
0,1987,70,2,2,13
0,1972,145,3,4,13
0,1967,136,4,3,13
7,1974,147,3,3,23
2,1996,136,2,2,23
4,1961,124,4,4,21
4,1961,165,5,4,21
2,1991,142,2,3,23
2,1996,131,2,2,23
5,2001,63,2,2,11
0,1985,77,3,2,11
5,1975,119,3,3,11
0,1980,93,3,2,11
7,1946,150,5,4,2
0,1975,114,3,2,11
6,1941,150,3,2,15
0,2001,50,2,2,10
5,1975,150,4,4,11
1,1982,148,3,3,23
5,1960,168,3,4,19
1,1955,126,4,3,2
0,1983,100,3,4,3
1,1950,132,4,3,2
1,1955,114,4,2,2
0,1965,164,3,3,23
1,1976,77,3,2,2
1,1993,93,3,2,2
1,1960,97,3,2,2
1,1910,189,5,3,2
1,1905,169,4,3,2
7,1972,143,3,3,23
2,1990,161,2,3,23
2,1995,128,2,3,23
0,1987,94,3,3,13
2,1988,155,2,3,23
2,1997,94,2,2,23
1,1930,175,4,5,23
0,1967,140,4,5,13
4,1999,117,2,2,13
1,1930,262,4,5,23
3,1998,86,3,3,23
1,1956,200,4,4,23
7,1995,74,2,2,21
4,2017,37,1,1,10
5,2009,45,1,1,11
0,1990,82,3,2,11
5,1975,116,3,2,11
4,2009,32,2,1,10
5,2007,62,2,1,11
5,2007,54,2,1,11
5,1965,168,4,3,11
3,1956,98,3,4,15
0,1995,76,2,2,11
0,1995,90,3,2,11
0,1978,163,3,4,15
6,2021,22,1,1,9
1,1950,124,4,3,2
1,1955,107,3,2,2
1,1916,141,3,3,2
1,1916,159,4,3,2
1,2023,27,1,1,2
1,1927,154,4,3,2
1,1955,100,3,2,2
0,2005,87,2,2,23
1,1988,90,3,2,2
1,1988,80,2,2,2
4,2010,39,2,1,2
7,1990,86,2,2,21
0,1990,102,2,3,21
0,1998,69,2,2,13
0,1998,67,2,2,13
0,1981,107,2,2,21
0,1987,97,3,2,13
6,1977,109,3,3,13
6,1977,93,3,2,13
0,1977,117,4,3,13
3,2014,45,2,1,23
6,1982,123,3,2,13
1,1930,151,4,3,2
1,1959,189,3,4,23
7,1994,85,2,2,21
3,1972,181,4,5,10
0,1986,147,3,3,10
4,2000,155,2,2,11
4,2000,129,2,2,11
4,2000,137,2,2,11
4,2000,90,2,2,11
1,2000,69,2,2,2
7,1994,99,2,2,23
1,1950,112,3,3,2
7,1998,78,2,2,23
1,2002,85,3,2,2
7,1960,185,3,3,23
1,1916,150,3,3,2
7,1960,204,4,4,23
1,1955,108,3,3,2
1,2000,80,2,2,2
1,2001,80,3,3,2
7,1989,128,3,2,23
3,1940,140,3,3,18
1,1994,92,2,3,2
1,1970,148,3,3,2
3,1940,160,3,2,18
0,1987,87,3,2,13
1,1980,125,2,2,19
1,1959,183,3,3,23
1,1938,250,4,5,23
7,1972,158,3,3,19
0,1991,99,2,2,19
1,1967,167,3,3,23
0,1967,145,4,3,13
6,1967,128,4,3,13
0,1977,109,4,3,13
0,1987,85,2,3,19
0,1992,106,2,2,13
0,1962,111,2,3,19
0,1985,69,2,3,19
1,1927,190,3,3,2
1,1916,133,3,3,2
1,1916,173,3,3,2
6,1933,216,4,5,13
7,1960,185,4,4,23
7,1984,118,4,4,23
1,2013,43,1,1,2
1,2007,81,2,2,2
1,2000,98,3,3,2
7,1997,83,2,2,23
1,1930,129,3,3,2
1,1993,94,3,3,2
4,1985,139,3,3,11
3,1998,92,3,2,23
1,2009,69,2,2,2
1,1955,103,3,2,2
7,1960,194,4,4,23
7,2000,69,3,2,23
1,1965,123,3,3,2
1,1970,107,3,3,2
5,1965,151,3,3,10
0,1997,72,2,2,19
6,1971,158,3,4,23
0,1993,85,2,2,23
5,2006,52,2,1,22
0,1993,77,2,2,23
7,1978,121,3,3,21
0,2000,50,2,2,23
0,1972,146,2,4,23
7,1982,108,3,2,23
1,2019,48,2,1,2
2,2017,20,1,1,10
7,1968,155,4,4,23
3,1940,168,3,3,19
1,2009,75,2,2,2
3,2007,76,2,2,23
1,1950,116,3,2,2
1,1920,142,4,3,2
1,1960,137,4,3,2
1,1910,165,4,4,2
1,2002,89,2,2,2
1,1920,150,4,3,2
1,1960,131,4,3,2
7,1978,132,3,3,21
1,1965,104,4,2,2
1,1950,113,4,2,2
1,1950,155,4,3,2
6,1973,79,3,3,22
1,1985,71,3,2,2
7,1987,148,3,3,23
1,1960,122,3,2,2
1,1950,117,4,3,2
1,1980,74,3,2,2
1,1960,124,3,3,2
7,1978,124,3,2,21
0,1994,84,2,2,23
0,1990,109,2,3,23
0,1995,90,2,2,23
1,1975,100,3,2,2
1,1985,51,2,2,2
1,1960,90,3,2,2
1,1975,91,3,2,2
1,2022,37,1,1,2
1,1970,55,3,2,2
1,1975,68,3,2,2
5,1981,159,3,5,12
1,1910,181,5,3,2
1,1935,142,3,2,2
7,1965,174,3,4,22
1,1975,133,3,3,23
1,1965,170,3,3,23
0,1940,168,4,3,2
